"ARRIVAL_TM","AUTOMOBILE_COUNT","BELTED_DEATH_COUNT","BELTED_SUSP_SERIOUS_INJ_COUNT","BICYCLE_COUNT","BICYCLE_DEATH_COUNT","BICYCLE_SUSP_SERIOUS_INJ_COUNT","BUS_COUNT","CHLDPAS_DEATH_COUNT","CHLDPAS_SUSP_SERIOUS_INJ_COUNT","COLLISION_TYPE","COMM_VEH_COUNT","CONS_ZONE_SPD_LIM","COUNTY","CRASH_MONTH","CRASH_YEAR","CRN","DAY_OF_WEEK","DEC_LAT","DEC_LONG","DISPATCH_TM","DISTRICT","DRIVER_COUNT_16YR","DRIVER_COUNT_17YR","DRIVER_COUNT_18YR","DRIVER_COUNT_19YR","DRIVER_COUNT_20YR","DRIVER_COUNT_50_64YR","DRIVER_COUNT_65_74YR","DRIVER_COUNT_75PLUS","EST_HRS_CLOSED","FATAL_COUNT","HEAVY_TRUCK_COUNT","HORSE_BUGGY_COUNT","HOUR_OF_DAY","ILLUMINATION","INJURY_COUNT","INTERSECT_TYPE","LANE_CLOSED","LATITUDE","LN_CLOSE_DIR","LOCATION_TYPE","LONGITUDE","MAX_SEVERITY_LEVEL","MCYCLE_DEATH_COUNT","MCYCLE_SUSP_SERIOUS_INJ_COUNT","MOTORCYCLE_COUNT","MUNICIPALITY","NONMOTR_COUNT","NONMOTR_DEATH_COUNT","NONMOTR_SUSP_SERIOUS_INJ_COUNT","NTFY_HIWY_MAINT","PED_COUNT","PED_DEATH_COUNT","PED_SUSP_SERIOUS_INJ_COUNT","PERSON_COUNT","POLICE_AGCY","POSSIBLE_INJ_COUNT","RDWY_SURF_TYPE_CD","RELATION_TO_ROAD","ROAD_CONDITION","SCH_BUS_IND","SCH_ZONE_IND","SMALL_TRUCK_COUNT","SPEC_JURIS_CD","SUSP_MINOR_INJ_COUNT","SUSP_SERIOUS_INJ_COUNT","SUV_COUNT","TCD_FUNC_CD","TCD_TYPE","TFC_DETOUR_IND","TIME_OF_DAY","TOT_INJ_COUNT","TOTAL_UNITS","UNB_DEATH_COUNT","UNB_SUSP_SERIOUS_INJ_COUNT","UNBELTED_OCC_COUNT","UNK_INJ_DEG_COUNT","UNK_INJ_PER_COUNT","URBAN_RURAL","VAN_COUNT","VEHICLE_COUNT","WORK_ZONE_IND","WORK_ZONE_LOC","WORK_ZONE_TYPE","WORKERS_PRES","WZ_CLOSE_DETOUR","WZ_FLAGGER","WZ_LAW_OFFCR_IND","WZ_LN_CLOSURE","WZ_MOVING","WZ_OTHER","WZ_SHLDER_MDN","ROADWAY_CLEARED","WEATHER1","WEATHER2","WZ_WORKERS_INJ_KILLED","SECONDARY_CRASH","INTERSECTION_RELATED"
"0253","1","0","0","0","0","0","0","0","0","7","0","","36","01","2020","2020004705","2","40.0381","-76.3012","0251","08","0","0","0","0","0","0","0","0","","0","0","0","02","3","0","00","2","40 02:17.008","3","00","76 18:04.499","9","0","0","0","36301","0","0","0","N","0","0","0","1","36301","0","","5","01","N","N","0","","0","0","0","0","0","Y","0247","0","1","0","0","0","0","1","3","0","1","N","","","","","","","","","","","0327","03","  ","","",""
"1509","1","0","1","0","0","0","0","0","0","7","0","","36","01","2020","2020004709","4","40.0751","-76.5385","1503","08","1","0","0","0","0","0","0","0","","0","0","0","15","1","1","00","2","40 04:30.354","5","00","76 32:18.554","2","0","0","0","36211","0","0","0","N","0","0","0","1","36504","0","","4","02","N","N","0","","0","1","0","0","0","Y","1501","1","1","0","0","0","0","0","1","0","1","N","","","","","","","","","","","2300","02","  ","","",""
"1716","1","0","0","0","0","0","0","0","0","1","0","","36","01","2020","2020004720","4","40.1118","-76.5602","1708","08","0","0","0","0","0","1","0","0","","0","0","0","17","2","0","00","2","40 06:42.487","5","00","76 33:36.845","0","0","0","0","36211","0","0","0","N","0","0","0","2","36504","0","","1","02","N","N","0","","0","0","1","0","0","Y","1703","0","2","0","0","0","0","0","1","0","2","N","","","","","","","","","","","1800","02","  ","","",""
"2200","2","0","0","0","0","0","0","0","0","4","0","","36","01","2020","2020004722","2","40.0296","-76.3231","2157","08","0","0","0","0","0","0","0","0","","0","0","0","21","3","3","01","1","40 01:46.727","4","00","76 19:23.150","3","0","0","0","36301","0","0","0","N","0","0","0","4","36301","0","","1","01","N","N","0","","3","0","0","3","2","N","2153","3","2","0","0","0","0","0","3","0","2","N","","","","","","","","","","","2259","03","03","","",""
"1210","1","0","0","0","0","0","0","0","0","4","0","","36","01","2020","2020004742","5","40.043","-76.2879","1209","08","0","0","0","0","0","1","0","0","","0","0","0","12","1","2","01","0","40 02:34.960","","00","76 17:16.322","3","0","0","0","36301","1","0","0","N","0","0","0","3","36301","0","","1","01","N","N","1","","2","0","1","3","2","N","1209","2","3","0","0","0","0","0","3","0","3","N","","","","","","","","","","","","03","03","","",""
"1558","1","0","0","0","0","0","0","0","0","5","0","","36","01","2020","2020004957","7","40.0318","-76.3334","1455","08","0","0","0","1","0","0","0","0","","0","0","0","14","1","0","00","0","40 01:54.420","","00","76 20:00.180","0","0","0","0","36220","0","0","0","N","0","0","0","1","36101","0","","4","09","N","N","0","","0","0","2","0","0","","1454","0","3","0","0","0","0","0","3","0","3","N","","","","","","","","","","","","04","  ","","",""
"0915","2","0","0","0","0","0","0","0","0","1","0","","36","01","2020","2020004958","4","40.0903","-76.2807","0911","08","0","0","1","0","0","0","0","0","","0","0","0","09","1","1","00","0","40 05:25.185","","00","76 16:50.441","3","0","0","0","36101","0","0","0","N","0","0","0","4","36101","0","","1","02","N","N","0","","1","0","0","0","0","","0905","1","2","0","0","0","0","0","3","0","2","N","","","","","","","","","","","","03","  ","","",""
"1711","1","0","0","0","0","0","0","0","0","4","0","","36","01","2020","2020004959","4","40.0561","-76.3056","1707","08","0","0","0","0","0","0","1","0","","0","0","0","17","3","0","01","1","40 03:21.862","5","00","76 18:20.114","0","0","0","0","36101","0","0","0","N","0","0","0","2","36101","0","","1","01","N","N","0","","0","0","1","3","2","Y","1705","0","2","0","0","0","0","0","3","0","2","N","","","","","","","","","","","1725","03","  ","","",""
"1711","1","0","0","0","0","0","0","0","0","4","1","","36","01","2020","2020004961","5","40.0669","-76.287","1703","08","0","0","0","0","0","1","0","0","","0","1","0","17","3","0","00","0","40 04:00.726","","00","76 17:13.326","9","0","0","0","36101","0","0","0","N","0","0","0","2","36101","0","","1","01","N","N","0","","0","0","0","0","0","","1701","0","2","0","0","0","0","1","3","0","2","N","","","","","","","","","","","","03","  ","","",""
"1758","1","0","0","0","0","0","0","0","0","5","0","","36","01","2020","2020004962","2","40.0194","-76.3413","1758","08","0","0","0","0","0","0","0","0","","0","0","0","17","3","1","03","2","40 01:09.994","6","00","76 20:28.522","4","0","0","0","36220","0","0","0","N","0","0","0","5","36101","1","","1","01","N","N","0","","0","0","1","0","0","Y","1751","1","2","0","0","0","0","0","3","0","2","N","","","","","","","","","","","1839","03","  ","","",""
"0820","0","0","0","0","0","0","0","0","0","7","0","","36","01","2020","2020004964","4","40.0444","-76.3586","0807","08","0","0","0","0","0","0","1","0","","0","0","0","08","1","0","02","0","40 02:39.775","","00","76 21:30.851","0","0","0","0","36214","0","0","0","N","0","0","0","1","36214","0","","2","02","N","N","0","","0","0","0","0","0","","0805","0","1","0","0","0","0","0","3","1","1","N","","","","","","","","","","","","03","03","","",""
"0619","0","0","0","0","0","0","0","0","0","1","1","","36","01","2020","2020004965","5","40.0561","-76.3881","0611","08","0","0","0","0","0","0","0","0","","0","1","0","06","2","1","02","1","40 03:21.879","6","00","76 23:17.219","3","0","0","0","36214","0","0","0","N","0","0","0","3","36214","0","","1","01","N","N","1","","1","0","0","0","0","Y","0609","1","2","0","0","1","0","0","3","0","2","N","","","","","","","","","","","0720","02","  ","","",""
"1552","1","0","0","0","0","0","0","0","0","7","0","","36","01","2020","2020004966","5","40.1019","-76.3943","1545","08","0","0","1","0","0","0","0","0","","0","0","0","15","1","0","00","0","40 06:06.720","","00","76 23:39.460","0","0","0","0","36214","0","0","0","N","0","0","0","1","36214","0","","5","02","N","N","0","","0","0","0","0","0","","1542","0","1","0","0","0","0","0","3","0","1","N","","","","","","","","","","","","10","  ","","",""
"0824","1","0","1","0","0","0","0","0","0","1","0","","36","01","2020","2020004967","2","40.0485","-76.3442","0821","08","0","0","0","0","0","1","0","0","","0","0","0","08","1","3","01","2","40 02:54.625","6","00","76 20:39.299","2","0","0","0","36214","0","0","0","N","0","0","0","4","36214","2","","1","01","N","N","0","","0","1","1","0","0","Y","0817","3","3","0","0","0","0","0","3","1","3","N","","","","","","","","","","","0900","04","  ","","",""
"1517","2","0","0","0","0","0","0","0","0","4","0","","36","01","2020","2020004968","2","40.0635","-76.3589","1514","08","0","0","0","0","0","0","0","1","","0","0","0","15","1","1","01","1","40 03:48.686","4","00","76 21:32.100","4","0","0","0","36214","0","0","0","N","0","0","0","3","36214","1","","1","01","N","N","0","","0","0","1","3","2","N","1508","1","3","0","0","0","0","0","3","0","3","N","","","","","","","","","","","1602","04","  ","","",""
"1911","2","0","0","0","0","0","0","0","0","4","0","","36","01","2020","2020004969","2","40.0382","-76.3537","1908","08","0","0","0","0","0","0","1","0","","0","0","0","19","3","2","02","1","40 02:17.395","6","00","76 21:13.417","4","0","0","0","36214","0","0","0","N","0","0","0","3","36214","2","","1","01","N","N","0","","0","0","0","0","0","Y","1907","2","2","0","0","0","0","0","3","0","2","N","","","","","","","","","","","2000","03","  ","","",""
"1350","1","0","0","0","0","0","0","0","0","7","0","","36","01","2020","2020004970","2","39.9905","-76.3683","1341","08","0","1","0","0","0","0","0","0","","0","0","0","13","1","0","02","0","39 59:25.728","","00","76 22:05.817","0","0","0","0","36223","0","0","0","N","0","0","0","1","36223","0","","5","01","N","N","0","","0","0","0","9","3","","1340","0","1","0","0","0","0","0","1","0","1","N","","","","","","","","","","","","04","  ","","",""
"1911","1","0","0","0","0","0","0","0","0","8","0","","36","01","2020","2020004999","4","40.1868","-76.1889","1908","08","0","0","0","0","0","0","1","0","","0","0","0","18","3","1","00","0","40 11:12.406","","00","76 11:19.990","3","0","0","0","36408","1","0","0","N","1","0","0","3","36408","0","","1","01","N","N","0","","1","0","0","0","0","","1831","1","2","0","0","0","0","0","2","0","1","N","","","","","","","","","","","","03","  ","","",""
"1547","0","0","0","0","0","0","0","0","0","7","0","","36","01","2020","2020005177","4","40.1898","-76.2193","1542","08","0","0","0","0","0","0","0","0","","0","0","0","15","1","0","00","0","40 11:23.186","","00","76 13:09.595","0","0","0","0","36218","0","0","0","N","0","0","0","1","36408","0","","5","02","N","N","1","","0","0","0","0","0","","1540","0","1","0","0","0","0","0","1","0","1","N","","","","","","","","","","","","02","  ","","",""
"0628","0","0","0","0","0","0","0","0","0","7","0","","36","01","2020","2020005181","4","40.1906","-76.2125","0623","08","0","0","0","0","0","0","0","0","","0","0","0","06","2","0","02","0","40 11:26.163","","00","76 12:45.049","0","0","0","0","36218","0","0","0","N","0","0","0","1","36408","0","","5","02","N","N","0","","0","0","1","3","3","","0620","0","1","0","0","0","0","0","1","0","1","N","","","","","","","","","","","","05","  ","","",""
"0245","1","0","0","0","0","0","0","0","0","98","0","","36","01","2020","2020005187","4","40.0618","-76.5099","0239","08","0","0","0","0","0","0","0","0","","0","0","0","02","2","0","00","1","40 03:42.640","4","00","76 30:35.515","0","0","0","0","36239","0","0","0","N","0","0","0","1","36239","0","","1","09","N","N","0","","0","0","0","0","0","N","0232","0","1","0","0","0","0","0","3","0","1","N","","","","","","","","","","","0323","05","  ","","",""
"2028","1","0","0","0","0","0","0","0","0","1","0","","36","01","2020","2020005222","6","40.0286","-76.5177","2027","08","0","0","0","0","0","0","0","0","","0","0","0","20","3","4","00","2","40 01:42.878","6","00","76 31:03.892","3","0","0","0","36404","0","0","0","N","0","0","0","4","36404","0","","1","01","N","N","1","","4","0","0","0","0","Y","2024","4","2","0","0","0","0","0","3","0","2","N","","","","","","","","","","","2149","03","03","","",""
"1623","0","0","0","0","0","0","0","0","0","8","0","","36","01","2020","2020005427","5","40.0331","-76.2452","1619","08","0","0","0","0","0","0","0","0","","0","0","0","16","1","1","01","0","40 01:59.353","","00","76 14:42.859","3","0","0","0","36215","1","0","0","N","1","0","0","2","36215","0","","1","01","N","N","0","","1","0","0","3","2","","1617","1","2","0","0","0","0","0","1","1","1","N","","","","","","","","","","","","03","03","","",""
"1731","0","0","0","0","0","0","0","0","0","6","0","","36","01","2020","2020005428","4","40.0754","-76.1528","1720","08","1","0","0","0","0","0","0","1","","0","0","0","17","2","0","00","1","40 04:31.550","3","00","76 09:10.130","0","0","0","0","36234","0","0","0","N","0","0","0","2","36215","0","","1","02","N","N","2","","0","0","0","0","0","N","1716","0","2","0","0","0","0","0","1","0","2","N","","","","","","","","","","","1811","03","02","","",""
"0630","1","0","0","0","0","0","0","0","0","4","1","","36","01","2020","2020005429","6","40.015","-76.155","0622","08","0","0","0","0","0","0","1","0","","0","1","0","06","3","2","01","2","40 00:53.989","4","00","76 09:18.090","8","0","0","0","36215","0","0","0","N","0","0","0","2","36215","0","","1","01","N","N","0","","0","0","0","3","3","N","0619","2","2","0","0","0","2","0","1","0","2","N","","","","","","","","","","","0755","03","  ","","",""
"0943","1","0","0","0","0","0","0","0","0","4","0","","36","01","2020","2020005430","6","40.0331","-76.2452","0939","08","0","0","0","0","0","1","0","0","","0","0","0","09","1","1","01","1","40 01:59.084","3","00","76 14:42.829","3","0","0","0","36215","0","0","0","N","0","0","0","4","36215","0","","1","01","N","N","0","","1","0","2","3","2","N","0936","1","3","0","0","0","0","0","1","0","3","N","","","","","","","","","","","1027","03","  ","","",""
"1036","2","0","0","0","0","0","0","0","0","4","0","","36","01","2020","2020005431","6","40.0846","-76.2208","1033","08","0","0","0","0","0","1","0","0","","0","0","0","10","1","1","00","0","40 05:04.581","","00","76 13:14.833","3","0","0","0","36234","0","0","0","N","0","0","0","1","36215","0","","5","01","N","N","0","","1","0","0","0","0","","1027","1","2","0","0","0","0","0","1","0","2","N","","","","","","","","","","","","03","03","","",""
"2024","2","0","0","0","0","0","0","0","0","1","0","","36","01","2020","2020005432","6","40.0844","-76.2226","2021","08","0","0","0","0","0","0","0","0","","0","0","0","20","3","0","00","1","40 05:04.008","4","00","76 13:21.227","0","0","0","0","36234","0","0","0","N","0","0","0","2","36215","0","","1","01","N","N","0","","0","0","0","0","0","N","2019","0","2","0","0","0","0","0","1","0","2","N","","","","","","","","","","","2140","04","  ","","",""
"0753","0","0","0","0","0","0","0","0","0","7","0","","36","01","2020","2020005433","7","40.0419","-76.2466","0748","08","0","0","0","0","0","0","0","0","","0","0","0","07","5","0","06","1","40 02:32.920","4","02","76 14:48.706","0","0","0","0","36215","0","0","0","N","0","0","0","1","36215","0","","2","09","N","N","1","","0","0","0","0","0","N","0745","0","1","0","0","0","0","0","1","0","1","N","","","","","","","","","","","0823","04","  ","","",""
"2359","1","0","0","0","0","0","0","0","0","7","0","","36","01","2020","2020005542","3","40.1635","-76.1516","2352","08","0","0","0","1","0","0","0","0","","0","0","0","23","2","0","00","0","40 09:48.441","","03","76 09:05.613","0","0","0","0","36218","0","0","0","Y","0","0","0","1","36408","0","","2","02","N","N","0","","0","0","0","0","0","","2345","0","1","0","0","0","0","0","1","0","1","N","","","","","","","","","","","","06","10","","",""
"1723","2","0","0","0","0","0","0","0","0","4","0","","36","01","2020","2020005568","4","40.1672","-76.165","1720","08","0","1","0","0","0","0","0","0","","0","0","0","17","3","3","00","2","40 10:01.983","4","07","76 09:54.065","3","0","0","0","36218","0","0","0","N","0","0","0","3","36408","0","","1","01","N","N","0","","2","0","0","0","0","N","1720","3","2","0","0","0","1","0","1","0","2","N","","","","","","","","","","","1805","03","03","","N","N"
"1231","2","0","0","0","0","0","0","0","0","4","0","","36","01","2020","2020005571","4","39.9873","-76.2819","1227","08","0","0","0","0","0","1","0","0","","0","0","0","12","1","3","00","1","39 59:14.220","1","00","76 16:55.013","3","0","0","0","36240","0","0","0","N","0","0","0","3","36240","0","","1","01","N","N","0","","1","0","0","0","0","N","1225","3","2","0","0","0","2","0","1","0","2","N","","","","","","","","","","","1337","03","03","","",""
"1352","1","0","0","0","0","0","0","0","0","4","0","","36","01","2020","2020005588","4","40.0675","-76.4132","1347","08","0","0","0","0","0","0","1","0","","0","0","0","13","1","0","01","0","40 04:03.070","","00","76 24:47.352","0","0","0","0","36239","0","0","0","N","0","0","0","4","36239","0","","1","01","N","N","0","","0","0","1","3","2","","1347","0","2","0","0","1","0","0","3","0","2","N","","","","","","","","","","","","03","03","","",""
"0216","1","0","0","0","0","0","0","0","0","1","0","","36","01","2020","2020005631","1","40.053","-76.3239","0211","08","0","0","0","0","0","0","0","0","","0","0","0","02","3","1","00","0","40 03:10.832","","00","76 19:26.053","3","0","0","0","36101","0","0","0","N","0","0","0","4","36101","0","","1","09","N","N","0","","1","0","1","3","2","","0208","1","2","0","0","0","0","0","3","0","2","N","","","","","","","","","","","","07","  ","","",""
"1005","2","0","0","0","0","0","0","0","0","1","0","","36","01","2020","2020005632","4","40.0605","-76.2767","0955","08","0","0","0","0","0","0","0","0","","0","0","0","09","1","0","00","0","40 03:37.784","","02","76 16:36.208","0","0","0","0","36101","0","0","0","N","0","0","0","2","36101","0","","1","01","N","N","0","","0","0","0","3","4","","0943","0","2","0","0","0","0","0","3","0","2","N","","","","","","","","","","","","03","03","","",""
"1634","1","0","0","0","0","0","0","0","0","4","0","","36","01","2020","2020005633","4","40.0743","-76.2978","1630","08","0","0","0","0","0","0","0","0","","0","0","0","16","1","3","00","2","40 04:27.494","5","07","76 17:52.086","2","0","0","0","36101","0","0","0","N","0","0","0","4","36101","0","","1","01","N","N","0","","2","1","1","0","0","Y","1628","3","2","0","1","2","0","0","3","0","2","N","","","","","","","","","","","1755","03","03","","N","N"
"1459","1","0","0","0","0","0","0","0","0","4","0","","36","01","2020","2020005634","1","40.0592","-76.069","1454","08","0","0","0","0","0","0","1","0","","0","0","0","14","1","1","02","2","40 03:33.201","7","00","76 04:08.417","8","0","0","0","36209","0","0","0","N","0","0","0","2","36415","0","","1","01","N","N","0","","0","0","1","3","3","Y","1450","1","2","0","0","0","1","0","1","0","2","N","","","","","","","","","","","1530","03","03","","",""
"1703","1","0","0","0","0","0","0","0","0","6","0","","36","01","2020","2020005635","4","40.1423","-76.0949","1656","08","0","0","0","0","0","0","0","0","","0","0","0","16","2","0","00","2","40 08:32.120","5","00","76 05:41.750","0","0","0","0","36209","0","0","0","N","0","0","0","5","36415","0","","1","07","N","N","0","","0","0","0","0","0","Y","1653","0","2","0","0","0","0","0","1","1","2","N","","","","","","","","","","","1730","10","08","","",""
"0928","1","0","0","0","0","0","0","0","0","7","0","","36","01","2020","2020005799","4","40.1432","-76.5962","0924","08","0","0","0","0","0","0","1","0","","0","0","0","09","1","0","02","1","40 08:35.370","3","00","76 35:46.214","0","0","0","0","36407","0","0","0","Y","0","0","0","1","36407","0","","2","01","N","N","0","","0","0","0","3","2","N","0924","0","1","0","0","0","0","0","2","0","1","N","","","","","","","","","","","1000","03","  ","","",""
"0949","1","0","0","0","0","0","0","0","0","4","0","","36","01","2020","2020005803","6","40.077","-76.5541","0948","08","0","0","0","0","0","0","1","0","","0","0","0","09","1","0","01","2","40 04:37.275","5","00","76 33:14.778","0","0","0","0","36211","0","0","0","N","0","0","0","2","36504","0","","1","02","N","N","0","","0","0","1","0","0","Y","0943","0","2","0","0","0","0","0","1","0","2","N","","","","","","","","","","","1021","99","  ","","",""
"1747","2","0","0","0","0","0","0","0","0","1","0","","36","01","2020","2020005821","4","39.9986","-76.2642","1741","08","0","0","0","0","0","0","0","0","","0","0","0","17","2","1","00","0","39 59:55.107","","00","76 15:51.022","4","0","0","0","36240","0","0","0","N","0","0","0","2","36240","1","","1","01","N","N","0","","0","0","0","0","0","","1735","1","2","0","0","0","0","0","1","0","2","N","","","","","","","","","","","","03","03","","",""
"1611","1","0","0","0","0","0","0","0","0","1","0","","36","01","2020","2020005852","4","40.0608","-76.3595","1605","08","0","0","0","0","0","0","0","0","","0","0","0","16","1","0","00","0","40 03:38.934","","00","76 21:34.096","0","0","0","0","36214","0","0","0","N","0","0","0","2","36214","0","","1","01","N","N","1","","0","0","0","0","0","","1600","0","2","0","0","0","0","0","3","0","2","N","","","","","","","","","","","","03","  ","","",""
"1210","1","0","0","0","0","0","0","0","0","7","0","","36","01","2020","2020005853","1","40.105","-76.0763","1209","08","0","0","0","0","0","0","0","0","","0","0","0","01","3","1","00","0","40 06:17.913","","00","76 04:34.574","3","0","0","0","36415","0","0","0","N","0","0","0","1","36415","0","","5","09","N","N","0","","1","0","0","0","0","","0146","1","1","0","0","0","0","0","1","0","1","N","","","","","","","","","","","","07","  ","","",""
"1634","0","0","0","0","0","0","0","0","0","4","0","","36","01","2020","2020005961","5","40.1218","-76.029","1630","08","0","0","0","0","0","1","0","0","","0","0","0","16","1","0","02","0","40 07:18.494","","00","76 01:44.569","0","0","0","0","36213","0","0","0","N","0","0","0","5","36213","0","","1","01","Y","N","1","","0","0","1","3","3","","1625","0","2","0","0","0","0","0","1","0","2","N","","","","","","","","","","","","03","  ","","",""
"2217","1","0","0","0","0","0","0","0","0","7","0","","36","01","2020","2020005978","5","40.0623","-76.4988","2211","08","0","0","1","0","0","0","0","0","","0","0","0","22","2","0","00","1","40 03:44.270","1","00","76 29:55.772","0","0","0","0","36239","0","0","0","N","0","0","0","1","36239","0","","2","01","N","N","0","","0","0","0","0","0","N","2211","0","1","0","0","0","0","0","3","0","1","N","","","","","","","","","","","2240","03","03","","",""
"1930","2","0","0","0","0","0","0","0","0","4","0","","36","01","2020","2020005993","4","40.0264","-76.3137","1920","08","0","0","0","1","0","0","0","0","","0","0","0","19","3","1","01","1","40 01:35.187","1","00","76 18:49.161","4","0","0","0","36301","0","0","0","N","0","0","0","4","36301","1","","1","01","N","N","0","","0","0","0","3","3","Y","1919","1","2","0","0","0","0","0","3","0","2","N","","","","","","","","","","","2000","03","03","","",""
"2307","1","0","0","0","0","0","0","0","0","7","0","","36","01","2020","2020006001","4","40.2045","-76.166","2302","08","0","0","0","0","1","0","0","0","","0","0","0","23","2","0","00","0","40 12:16.270","","00","76 09:57.541","0","0","0","0","36218","0","0","0","N","0","0","0","1","36408","0","","5","09","N","N","0","","0","0","0","0","0","","2300","0","1","0","0","0","0","0","1","0","1","N","","","","","","","","","","","","03","03","","",""
"1659","2","0","0","0","0","0","0","0","0","4","0","","36","01","2020","2020006029","2","40.1788","-76.6007","1654","08","0","0","0","0","0","0","2","0","","0","0","0","16","4","4","01","1","40 10:44.038","2","02","76 36:02.840","8","0","0","0","36225","0","0","0","N","0","0","0","4","36505","0","","1","01","N","N","0","","0","0","0","3","2","N","1652","4","2","0","0","0","4","0","2","0","2","N","","","","","","","","","","","1743","03","  ","","",""
"1625","1","0","0","0","0","0","0","0","0","4","0","","36","01","2020","2020006062","3","40.1432","-76.5954","1622","08","0","0","0","0","0","0","0","1","","0","0","0","16","4","0","01","2","40 08:35.361","5","00","76 35:43.526","0","0","0","0","36407","0","0","0","N","0","0","0","2","36407","0","","1","09","N","N","1","","0","0","0","3","3","Y","1622","0","2","0","0","1","0","0","2","0","2","N","","","","","","","","","","","1726","07","04","","",""
"0753","0","0","0","0","0","0","0","0","0","0","0","","36","01","2020","2020006067","6","39.9911","-76.2603","0753","08","0","0","0","0","0","0","0","0","","0","0","0","07","1","0","02","0","39 59:28.076","","00","76 15:37.017","0","0","0","0","36240","0","0","0","N","0","0","0","1","36240","0","","5","01","N","N","1","","0","0","0","3","3","","0730","0","1","0","0","0","0","0","1","0","1","N","","","","","","","","","","","","03","03","","",""
"1645","2","0","0","0","0","0","0","0","0","4","0","","36","01","2020","2020006121","5","40.0267","-76.3201","1637","08","0","1","0","0","0","0","0","0","","0","0","0","16","1","0","01","1","40 01:35.975","3","00","76 19:12.417","0","0","0","0","36301","0","0","0","N","0","0","0","8","36301","0","","1","01","N","N","1","","0","0","0","3","3","N","1645","0","3","0","0","0","0","0","3","0","3","N","","","","","","","","","","","1715","03","  ","","",""
"1922","1","0","0","0","0","0","0","0","0","7","0","","36","01","2020","2020006132","1","40.0771","-76.2637","1913","08","0","0","0","0","0","0","0","1","","0","0","0","19","2","0","00","0","40 04:37.440","","00","76 15:49.310","0","0","0","0","36101","0","0","0","N","0","0","0","1","36101","0","","5","01","N","N","0","","0","0","0","0","0","","1911","0","1","0","0","0","0","0","3","0","1","N","","","","","","","","","","","","03","03","","",""
"0259","0","0","0","0","0","0","0","0","0","0","0","","36","01","2020","2020006134","5","40.0682","-76.2898","0252","08","0","0","0","0","0","0","0","0","","0","0","0","02","3","1","00","2","40 04:05.538","4","02","76 17:23.190","3","0","0","0","36101","0","0","0","N","0","0","0","1","36101","0","","4","09","N","N","0","","1","0","1","0","0","N","0250","1","1","0","0","0","0","0","3","0","1","N","","","","","","","","","","","0416","07","  ","","",""
"1502","0","0","0","0","0","0","0","0","0","5","1","","36","01","2020","2020006135","5","40.068","-76.2997","1501","08","0","0","0","0","0","1","0","0","","0","1","0","14","1","1","00","2","40 04:04.640","3","00","76 17:58.896","4","0","0","0","36101","0","0","0","N","0","0","0","2","36101","1","","1","01","N","N","0","","0","0","1","0","0","N","1457","1","2","0","0","0","0","0","3","0","2","N","","","","","","","","","","","1545","03","03","","",""
"1738","1","0","0","0","0","0","0","0","0","4","1","","36","01","2020","2020006136","5","40.0583","-76.3175","1732","08","0","0","0","0","0","1","0","1","","0","1","0","17","2","0","01","0","40 03:29.986","","00","76 19:03.048","0","0","0","0","36101","0","0","0","N","0","0","0","2","36101","0","","1","01","N","N","0","","0","0","0","0","0","","1730","0","2","0","0","0","0","0","3","0","2","N","","","","","","","","","","","","03","03","","",""
"2014","2","0","0","0","0","0","0","0","0","4","0","","36","01","2020","2020006137","5","40.0756","-76.3233","2008","08","0","0","0","0","0","2","0","0","","0","0","0","20","3","3","02","1","40 04:32.225","5","00","76 19:23.748","3","0","0","0","36101","0","0","0","N","0","0","0","5","36101","1","","1","01","N","N","0","","2","0","0","3","3","N","2006","3","2","0","0","0","0","0","3","0","2","N","","","","","","","","","","","2057","03","  ","","",""
"0908","2","0","0","0","0","0","0","0","0","4","0","","36","01","2020","2020006138","2","40.0691","-76.3569","0904","08","0","0","0","0","1","0","0","0","","0","0","0","09","1","1","01","1","40 04:08.816","2","00","76 21:24.786","8","0","0","0","36214","0","0","0","N","0","0","0","2","36214","0","","1","01","N","N","0","","0","0","0","3","2","Y","0900","1","2","0","0","0","1","0","3","0","2","N","","","","","","","","","","","0940","03","03","","",""
"0800","2","0","0","0","0","0","0","0","0","1","0","","36","01","2020","2020006139","5","40.0503","-76.3948","0752","08","0","0","0","0","0","1","0","0","","0","0","0","07","1","0","01","0","40 03:01.141","","00","76 23:41.283","0","0","0","0","36214","0","0","0","N","0","0","0","2","36214","0","","1","01","N","N","0","","0","0","0","3","2","","0745","0","2","0","0","0","0","0","3","0","2","N","","","","","","","","","","","","03","  ","","",""
"1711","0","0","0","1","0","0","0","0","0","4","0","","36","01","2020","2020006140","4","40.1018","-76.0964","1708","08","0","0","0","0","0","1","0","0","","0","0","0","17","4","1","02","1","40 06:06.451","5","07","76 05:47.147","3","0","0","0","36415","1","0","0","N","0","0","0","3","36415","0","","1","01","N","N","0","","1","0","0","3","3","N","1706","1","2","0","0","0","0","0","1","1","1","N","","","","","","","","","","","1743","04","04","","",""