"ARRIVAL_TM","AUTOMOBILE_COUNT","BELTED_DEATH_COUNT","BELTED_SUSP_SERIOUS_INJ_COUNT","BICYCLE_COUNT","BICYCLE_DEATH_COUNT","BICYCLE_SUSP_SERIOUS_INJ_COUNT","BUS_COUNT","CHLDPAS_DEATH_COUNT","CHLDPAS_SUSP_SERIOUS_INJ_COUNT","COLLISION_TYPE","COMM_VEH_COUNT","CONS_ZONE_SPD_LIM","COUNTY","CRASH_MONTH","CRASH_YEAR","CRN","DAY_OF_WEEK","DEC_LAT","DEC_LONG","DISPATCH_TM","DISTRICT","DRIVER_COUNT_16YR","DRIVER_COUNT_17YR","DRIVER_COUNT_18YR","DRIVER_COUNT_19YR","DRIVER_COUNT_20YR","DRIVER_COUNT_50_64YR","DRIVER_COUNT_65_74YR","DRIVER_COUNT_75PLUS","EST_HRS_CLOSED","FATAL_COUNT","HEAVY_TRUCK_COUNT","HORSE_BUGGY_COUNT","HOUR_OF_DAY","ILLUMINATION","INJURY_COUNT","INTERSECT_TYPE","LANE_CLOSED","LATITUDE","LN_CLOSE_DIR","LOCATION_TYPE","LONGITUDE","MAX_SEVERITY_LEVEL","MCYCLE_DEATH_COUNT","MCYCLE_SUSP_SERIOUS_INJ_COUNT","MOTORCYCLE_COUNT","MUNICIPALITY","NONMOTR_COUNT","NONMOTR_DEATH_COUNT","NONMOTR_SUSP_SERIOUS_INJ_COUNT","NTFY_HIWY_MAINT","PED_COUNT","PED_DEATH_COUNT","PED_SUSP_SERIOUS_INJ_COUNT","PERSON_COUNT","POLICE_AGCY","POSSIBLE_INJ_COUNT","RDWY_SURF_TYPE_CD","RELATION_TO_ROAD","ROAD_CONDITION","SCH_BUS_IND","SCH_ZONE_IND","SMALL_TRUCK_COUNT","SPEC_JURIS_CD","SUSP_MINOR_INJ_COUNT","SUSP_SERIOUS_INJ_COUNT","SUV_COUNT","TCD_FUNC_CD","TCD_TYPE","TFC_DETOUR_IND","TIME_OF_DAY","TOT_INJ_COUNT","TOTAL_UNITS","UNB_DEATH_COUNT","UNB_SUSP_SERIOUS_INJ_COUNT","UNBELTED_OCC_COUNT","UNK_INJ_DEG_COUNT","UNK_INJ_PER_COUNT","URBAN_RURAL","VAN_COUNT","VEHICLE_COUNT","WORK_ZONE_IND","WORK_ZONE_LOC","WORK_ZONE_TYPE","WORKERS_PRES","WZ_CLOSE_DETOUR","WZ_FLAGGER","WZ_LAW_OFFCR_IND","WZ_LN_CLOSURE","WZ_MOVING","WZ_OTHER","WZ_SHLDER_MDN","ROADWAY_CLEARED","WEATHER1","WEATHER2","WZ_WORKERS_INJ_KILLED","SECONDARY_CRASH","INTERSECTION_RELATED"
"2035","0","0","0","0","0","0","0","0","0","4","1","","36","01","2020","2020006146","6","40.1257","-76.3788","2029","08","0","0","1","0","0","0","0","0","","0","1","0","20","2","0","03","2","40 07:32.431","1","00","76 22:43.785","0","0","0","0","36227","0","0","0","N","0","0","0","2","36506","0","","1","09","N","N","0","","0","0","1","3","3","Y","2027","0","2","0","0","0","0","0","1","0","2","N","","","","","","","","","","","2130","07","07","","",""
"2025","1","0","0","0","0","0","0","0","0","7","0","","36","01","2020","2020006147","7","40.2039","-76.3488","2016","08","0","0","0","0","0","0","0","0","","0","0","0","20","2","1","10","1","40 12:13.879","2","00","76 20:55.622","3","0","0","0","36227","0","0","0","N","0","0","0","1","36506","0","","5","09","N","N","0","","1","0","0","0","0","Y","2015","1","1","0","0","0","0","0","1","0","1","N","","","","","","","","","","","2106","07","  ","","",""
"1617","0","0","0","0","0","0","0","0","0","6","0","","36","01","2020","2020006148","4","40.1677","-76.3191","1609","08","0","0","0","0","0","0","0","0","","0","0","0","16","1","0","00","0","40 10:03.628","","00","76 19:08.580","0","0","0","0","36235","0","0","0","N","0","0","0","2","36506","0","","1","02","N","N","1","","0","0","1","0","0","","1609","0","2","0","0","0","0","0","1","0","2","N","","","","","","","","","","","","10","  ","","",""
"1719","2","0","0","0","0","0","0","0","0","4","0","","36","01","2020","2020006149","4","40.1554","-76.2382","1715","08","0","0","0","1","0","0","0","0","","0","0","0","17","2","0","03","2","40 09:19.362","1","00","76 14:17.456","0","0","0","0","36235","0","0","0","N","0","0","0","4","36506","0","","1","02","N","N","0","","0","0","2","0","0","Y","1712","0","4","0","0","0","0","0","1","0","4","N","","","","","","","","","","","1830","02","08","","",""
"1745","2","0","0","0","0","0","0","0","0","1","0","","36","01","2020","2020006150","4","40.1585","-76.3648","1742","08","0","0","0","0","0","1","0","0","","0","0","0","17","2","0","00","2","40 09:30.750","5","00","76 21:53.400","0","0","0","0","36227","0","0","0","N","0","0","0","3","36506","0","","1","02","N","N","0","","0","0","1","0","0","Y","1741","0","3","0","0","0","0","0","1","0","3","N","","","","","","","","","","","1833","10","  ","","",""
"2000","1","0","0","0","0","0","0","0","0","4","0","","36","01","2020","2020006151","4","40.1378","-76.3033","1955","08","0","0","0","0","0","0","1","0","","0","0","0","19","3","0","01","1","40 08:16.059","7","00","76 18:11.916","0","0","0","0","36235","0","0","0","N","0","0","0","2","36506","0","","1","02","N","N","1","","0","0","0","3","2","N","1955","0","2","0","0","0","0","0","1","0","2","N","","","","","","","","","","","0100","03","  ","","",""
"0647","1","0","0","0","0","0","0","0","0","7","0","","36","01","2020","2020006153","5","40.1288","-76.3798","0642","08","0","0","0","0","0","0","0","0","","0","0","0","06","2","0","00","0","40 07:43.601","","00","76 22:47.160","0","0","0","0","36227","0","0","0","N","0","0","0","1","36506","0","","4","02","N","N","0","","0","0","0","0","0","","0622","0","1","0","0","0","0","0","1","0","1","N","","","","","","","","","","","","10","  ","","",""
"0734","2","0","0","0","0","0","0","0","0","4","0","","36","01","2020","2020006154","5","40.1433","-76.2871","0727","08","0","0","0","0","0","0","1","0","","0","0","0","07","1","0","02","1","40 08:35.811","6","00","76 17:13.523","0","0","0","0","36235","0","0","0","N","0","0","0","2","36506","0","","1","01","N","N","0","","0","0","0","3","3","Y","0727","0","2","0","0","0","0","0","1","0","2","N","","","","","","","","","","","0100","03","03","","",""
"1159","2","0","0","0","0","0","0","0","0","1","0","","36","01","2020","2020006155","6","40.0922","-76.3487","1156","08","0","0","1","0","0","0","0","0","","0","0","0","11","1","1","00","1","40 05:32.053","2","00","76 20:55.446","8","0","0","0","36406","0","0","0","N","0","0","0","2","36506","0","","1","01","N","N","0","","0","0","0","0","0","N","1154","1","2","0","0","0","1","1","3","0","2","N","","","","","","","","","","","1230","03","03","","",""
"1552","0","0","0","0","0","0","0","0","0","4","0","","36","01","2020","2020006156","6","40.1692","-76.3863","1550","08","0","0","0","0","0","0","0","0","","0","0","0","15","1","0","01","1","40 10:09.086","4","00","76 23:10.754","0","0","0","0","36227","0","0","0","N","0","0","0","3","36506","0","","1","01","N","N","1","","0","0","1","3","2","N","1550","0","2","0","0","0","0","0","1","0","2","N","","","","","","","","","","","1610","03","  ","","",""
"1809","1","0","0","0","0","0","0","0","0","4","0","","36","01","2020","2020006157","7","40.106","-76.3518","1806","08","0","0","0","0","0","0","0","0","","0","0","0","18","2","1","02","0","40 06:21.682","","00","76 21:06.393","3","0","0","0","36406","0","0","0","Y","0","0","0","1","36506","0","","1","01","N","N","0","","1","0","0","0","0","","1804","1","2","0","0","0","0","0","3","1","2","N","","","","","","","","","","","","03","  ","","",""
"0555","1","0","0","0","0","0","0","0","0","5","0","","36","01","2020","2020006158","1","40.1503","-76.2507","0554","08","0","0","0","0","0","0","0","0","","0","0","0","05","2","0","00","0","40 09:00.900","","00","76 15:02.500","0","0","0","0","36235","0","0","0","N","0","0","0","1","36506","0","","2","09","N","N","0","","0","0","1","0","0","","0554","0","2","0","0","0","0","0","1","0","2","N","","","","","","","","","","","","07","  ","","",""
"0450","0","0","0","0","0","0","0","0","0","98","0","","36","01","2020","2020006159","2","40.1839","-76.3317","0445","08","0","0","0","0","0","0","0","0","","0","0","0","04","2","0","00","2","40 11:02.040","7","00","76 19:54.020","0","0","0","0","36227","0","0","0","N","0","0","0","1","36506","0","","1","09","N","N","0","","0","0","1","0","0","Y","0442","0","1","0","0","0","0","0","1","0","1","N","","","","","","","","","","","0700","07","07","","",""
"0818","1","0","0","0","0","0","0","0","0","7","0","","36","01","2020","2020006160","4","40.1052","-76.3417","0817","08","0","0","0","0","0","0","0","0","","0","0","0","08","1","1","00","0","40 06:18.740","","00","76 20:30.020","3","0","0","0","36406","0","0","0","N","0","0","0","1","36506","0","","5","09","N","N","0","","1","0","0","0","0","","0813","1","1","0","0","0","0","0","3","0","1","N","","","","","","","","","","","","03","  ","","",""
"1729","2","0","0","0","0","0","0","0","0","4","0","","36","01","2020","2020006161","4","40.2182","-76.2543","1729","08","0","0","0","0","0","1","0","0","","0","0","0","17","3","1","00","1","40 13:05.371","5","00","76 15:15.359","4","0","0","0","36204","0","0","0","N","0","0","0","2","36506","1","","1","01","N","N","0","","0","0","0","0","0","Y","1729","1","2","0","0","0","0","0","1","0","2","N","","","","","","","","","","","1810","03","  ","","",""
"1042","1","0","0","0","0","0","0","0","0","4","0","","36","01","2020","2020006162","5","40.1004","-76.349","1042","08","0","0","0","0","0","0","1","0","","0","0","0","10","1","1","01","2","40 06:01.354","6","00","76 20:56.477","3","0","0","1","36406","0","0","0","N","0","0","0","2","36506","0","","1","01","N","N","0","","1","0","0","3","3","Y","1042","1","2","0","0","0","0","0","3","0","2","N","","","","","","","","","","","1115","03","  ","","",""
"0927","2","0","0","0","0","0","0","0","0","4","0","","36","01","2020","2020006259","6","39.9753","-76.2774","0926","08","0","0","0","0","0","0","1","0","","0","0","0","09","1","0","02","1","39 58:30.943","3","00","76 16:38.722","0","0","0","0","36240","0","0","0","N","0","0","0","2","36240","0","","1","01","N","N","0","","0","0","0","3","3","Y","0911","0","2","0","0","0","0","0","1","0","2","N","","","","","","","","","","","0956","03","03","","",""
"1655","1","0","0","0","0","0","0","0","0","4","0","","36","01","2020","2020006308","3","40.083","-76.269","1652","08","0","0","0","0","0","2","0","0","","0","0","0","16","3","0","01","0","40 04:58.889","","00","76 16:08.446","0","0","0","0","36101","0","0","0","N","0","0","0","2","36101","0","","1","09","N","N","0","","0","0","1","3","3","","1649","0","2","0","0","0","0","0","3","0","2","N","","","","","","","","","","","","04","07","","",""
"0655","1","0","0","0","0","0","0","0","0","1","0","","36","01","2020","2020006309","6","40.0537","-76.3252","0652","08","0","0","0","0","0","2","0","0","","0","0","0","06","5","1","00","1","40 03:13.231","4","00","76 19:30.673","3","0","0","0","36101","0","0","0","N","0","0","0","2","36101","0","","1","01","N","N","0","","1","0","0","0","0","N","0642","1","2","0","0","0","0","0","3","1","2","N","","","","","","","","","","","0657","03","03","","",""
"2036","1","0","0","0","0","0","0","0","0","4","0","","36","01","2020","2020006310","4","40.0759","-76.2058","2035","08","0","0","0","0","1","0","0","0","","0","0","0","20","2","1","00","2","40 04:33.325","5","00","76 12:20.944","4","0","0","0","36234","0","0","0","N","0","0","0","3","36215","1","","1","02","N","N","0","","0","0","1","0","0","Y","2031","1","2","0","0","0","0","0","1","0","2","N","","","","","","","","","","","2148","02","  ","","",""
"1956","1","0","0","0","0","0","0","0","0","4","0","","36","01","2020","2020006311","5","40.0566","-76.215","1952","08","0","0","0","0","0","0","0","0","","0","0","0","19","3","0","01","2","40 03:23.868","7","00","76 12:53.887","0","0","0","0","36215","0","0","0","N","0","0","0","2","36215","0","","1","01","N","N","0","","0","0","1","3","2","N","1950","0","2","0","0","0","0","0","1","0","2","N","","","","","","","","","","","2032","03","  ","","",""
"1851","1","0","0","0","0","0","0","0","0","7","0","","36","01","2020","2020006415","6","40.041","-76.5117","1839","08","0","0","0","0","0","0","0","0","","0","0","0","18","2","1","00","1","40 02:27.421","2","00","76 30:42.190","8","0","0","0","36239","0","0","0","N","0","0","0","2","36239","0","","4","01","","","0","","0","0","0","0","0","N","1837","1","1","0","0","1","1","0","3","0","1","N","","","","","","","","","","","1923","03","03","","",""
"0600","0","0","0","0","0","0","0","0","0","0","0","","36","01","2020","2020006467","6","40.0519","-76.4157","0543","08","0","0","0","0","0","0","0","0","","0","0","0","05","2","0","02","1","40 03:06.663","5","00","76 24:56.436","0","0","0","0","36239","0","0","0","N","0","0","0","0","36239","0","","2","01","N","N","1","","0","0","0","0","0","Y","0540","0","1","0","0","0","0","0","3","0","1","N","","","","","","","","","","","0654","03","03","","",""
"1639","2","0","0","0","0","0","0","0","0","5","0","","36","01","2020","2020006493","6","40.1328","-76.5403","1630","08","0","0","0","0","0","1","0","0","","0","0","0","16","1","1","00","1","40 07:58.099","3","00","76 32:24.932","8","0","0","0","36225","0","0","0","N","0","0","0","2","36505","0","","1","01","N","N","0","","0","0","0","0","0","N","1628","1","2","0","0","0","1","0","2","0","2","N","","","","","","","","","","","1724","03","  ","","",""
"1420","1","0","0","0","0","0","0","0","0","7","0","","36","01","2020","2020006634","7","39.9911","-76.2603","1412","08","0","0","0","0","1","0","0","0","","0","0","0","14","1","0","02","0","39 59:28.076","","00","76 15:37.017","0","0","0","0","36240","0","0","0","Y","0","0","0","4","36240","0","","2","07","N","N","0","","0","0","0","3","3","N","1412","0","1","0","0","0","0","0","1","0","1","N","","","","","","","","","","","","10","  ","","",""
"1356","1","0","0","0","0","0","0","0","0","7","0","","36","01","2020","2020006661","7","40.1279","-76.5142","1346","08","0","0","0","0","0","0","0","1","","0","0","0","13","1","1","00","1","40 07:40.583","4","00","76 30:51.204","8","0","0","0","36225","0","0","0","N","0","0","0","1","36505","0","","4","06","N","N","0","","0","0","0","0","0","N","1344","1","1","0","0","0","1","0","2","0","1","N","","","","","","","","","","","1507","06","  ","","",""
"1814","2","0","0","0","0","0","0","0","0","1","0","","36","01","2020","2020006701","3","40.0695","-76.3102","1802","08","0","0","1","0","0","0","0","0","","0","0","0","18","3","0","00","0","40 04:10.172","","00","76 18:36.855","0","0","0","0","36101","0","0","0","N","0","0","0","2","36101","0","","1","09","N","N","0","","0","0","0","0","0","","1800","0","2","0","0","0","0","0","3","0","2","N","","","","","","","","","","","","07","05","","",""
"2108","0","0","0","0","0","0","0","0","0","1","0","","36","01","2020","2020006702","6","40.0889","-76.3361","2108","08","0","0","0","0","0","0","0","0","","0","0","0","21","2","0","00","0","40 05:20.200","","00","76 20:09.800","0","0","0","0","36101","0","0","0","N","0","0","0","1","36101","0","","1","01","N","N","3","","0","0","0","0","0","","2103","0","3","0","0","0","0","0","3","0","3","N","","","","","","","","","","","","03","03","","",""
"1110","1","0","0","0","0","0","0","0","0","7","0","","36","01","2020","2020006703","6","40.1104","-76.412","1058","08","0","0","0","0","0","0","1","0","","0","0","0","10","1","0","00","0","40 06:37.490","","00","76 24:43.180","0","0","0","0","36214","0","0","0","N","0","0","0","2","36214","0","","4","01","N","N","0","","0","0","0","0","0","","1055","0","1","0","0","0","0","0","3","0","1","N","","","","","","","","","","","","03","03","","",""
"1649","1","0","0","0","0","0","0","0","0","7","0","","36","01","2020","2020006738","7","40.1555","-76.0565","1636","08","0","0","0","0","0","0","0","0","","0","0","0","16","4","0","00","2","40 09:19.712","6","00","76 03:23.247","0","0","0","0","36213","0","0","0","N","0","0","0","1","36213","0","","4","06","N","N","0","","0","0","0","0","0","Y","1634","0","1","0","0","0","0","0","1","0","1","N","","","","","","","","","","","1732","06","  ","","",""
"1700","1","0","0","0","0","0","0","0","0","7","0","","36","01","2020","2020006787","7","40.0027","-76.2137","1655","08","0","0","0","0","0","0","0","0","","0","0","0","16","4","0","00","0","40 00:09.767","","00","76 12:49.206","0","0","0","0","36240","0","0","0","N","0","0","0","2","36240","0","","2","07","N","N","0","","0","0","0","0","0","","1655","0","1","0","0","0","0","0","1","0","1","N","","","","","","","","","","","","10","  ","","",""
"0519","0","0","0","0","0","0","0","0","0","7","0","","36","01","2020","2020006817","3","40.0497","-76.3098","0514","08","0","0","0","0","0","0","0","1","","0","0","0","05","3","1","01","1","40 02:58.765","4","00","76 18:35.458","4","0","0","0","36301","0","0","0","N","0","0","0","1","36301","1","","5","01","N","N","0","","0","0","1","3","3","N","0509","1","1","0","0","0","0","0","3","0","1","N","","","","","","","","","","","0600","03","  ","","",""
"0211","1","0","0","0","0","0","0","0","0","5","0","","36","01","2020","2020006858","1","40.0382","-76.3034","0209","08","0","0","0","0","0","0","0","0","","0","0","0","02","3","1","00","2","40 02:17.566","3","00","76 18:12.195","2","0","0","0","36301","0","0","0","N","0","0","0","1","36301","0","","6","06","N","N","0","","0","1","1","0","0","Y","0208","1","2","0","0","0","0","0","3","0","2","N","","","","","","","","","","","0326","07","  ","","",""
"0209","0","0","0","0","0","0","0","0","0","5","0","","36","01","2020","2020006863","1","40.0378","-76.3075","0207","08","0","0","0","0","0","0","0","0","","0","0","0","02","3","1","00","0","40 02:15.957","","00","76 18:27.014","2","0","0","0","36301","2","0","0","N","0","0","0","3","36301","0","","2","06","N","N","0","","0","1","2","0","0","","0207","1","2","0","0","0","0","0","3","0","2","N","","","","","","","","","","","","07","  ","","",""
"1354","1","0","0","0","0","0","0","0","0","7","0","","36","01","2020","2020006928","7","40.1442","-76.6444","1348","08","0","0","1","0","0","0","0","0","","0","0","0","13","1","0","00","0","40 08:39.047","","00","76 38:39.670","0","0","0","0","36237","0","0","0","N","0","0","0","2","36505","0","","5","06","N","N","0","","0","0","0","0","0","","1338","0","1","0","0","0","0","0","1","0","1","N","","","","","","","","","","","","09","  ","","",""
"1015","1","0","0","0","0","0","0","0","0","1","0","","36","01","2020","2020006952","7","39.9898","-76.2566","1011","08","0","0","0","0","0","1","0","0","","0","0","0","10","1","1","02","1","39 59:23.416","4","00","76 15:23.588","8","0","0","0","36240","0","0","0","N","0","0","0","9","36240","0","","1","02","N","N","0","","0","0","2","3","3","Y","1004","1","3","0","0","0","1","0","1","0","3","N","","","","","","","","","","","1030","02","09","","",""
"1404","0","0","0","0","0","0","0","0","0","7","0","","36","01","2020","2020006973","7","40.1413","-76.5674","1354","08","0","0","0","0","0","0","0","0","","0","0","0","13","1","0","00","0","40 08:28.500","","00","76 34:02.700","0","0","0","0","36225","0","0","0","N","0","0","0","1","36505","0","","4","06","N","N","0","","0","0","1","0","0","N","1337","0","1","0","0","0","0","0","2","0","1","N","","","","","","","","","","","","06","  ","","",""
"1641","1","0","0","0","0","0","0","0","0","7","0","","36","01","2020","2020006980","3","40.1031","-76.5545","1621","08","0","0","1","0","0","0","0","0","","0","0","0","16","1","0","00","1","40 06:11.311","4","00","76 33:16.199","0","0","0","0","36211","0","0","0","N","0","0","0","2","36504","0","","5","07","N","N","0","","0","0","0","0","0","N","1617","0","1","0","0","0","0","0","1","0","1","N","","","","","","","","","","","1708","10","  ","","",""
"1744","2","0","0","0","0","0","0","0","0","1","0","","36","01","2020","2020007052","7","40.0412","-76.4992","1720","08","0","0","0","0","0","0","0","0","","0","0","0","16","4","0","00","1","40 02:28.299","4","00","76 29:57.041","0","0","0","0","36404","1","0","0","N","0","0","0","2","68J01","0","","2","06","N","N","0","","0","0","0","0","0","N","1658","0","2","0","0","1","0","0","3","0","2","N","","","","","","","","","","","1830","06","09","","",""
"1211","1","0","0","0","0","0","0","0","0","4","0","","36","01","2020","2020007054","1","40.0416","-76.3019","1206","08","0","0","0","0","0","2","0","0","","0","0","0","12","1","2","01","1","40 02:29.665","3","00","76 18:06.967","3","0","0","0","36301","0","0","0","N","0","0","0","5","36301","0","","1","06","N","N","0","","2","0","1","3","2","N","1202","2","2","0","0","0","0","0","3","0","2","N","","","","","","","","","","","1305","03","  ","","",""
"1022","1","0","0","0","0","0","0","0","0","6","0","","36","01","2020","2020007083","7","40.1455","-76.5587","1017","08","0","0","0","0","0","1","0","0","","0","0","0","10","1","1","00","0","40 08:43.768","","00","76 33:31.155","4","0","0","0","36225","0","0","0","N","0","0","0","2","36505","1","","1","06","N","N","0","","0","0","1","0","0","N","1014","1","2","0","0","0","0","0","2","0","2","N","","","","","","","","","","","","10","  ","","",""
"1722","2","0","0","0","0","0","0","0","0","1","0","","36","01","2020","2020007110","3","40.0701","-76.3148","1707","08","0","0","0","0","0","0","0","0","","0","0","0","17","3","0","00","1","40 04:12.418","4","00","76 18:53.231","0","0","0","0","36101","0","0","0","N","0","0","0","2","36101","0","","1","09","N","N","0","","0","0","0","0","0","N","1707","0","2","0","0","0","0","0","3","0","2","N","","","","","","","","","","","1710","07","07","","",""
"0810","1","0","0","0","0","0","0","0","0","1","0","","36","01","2020","2020007111","7","40.0787","-76.3464","0800","08","0","0","0","0","0","0","0","0","","0","0","0","07","1","0","03","0","40 04:43.375","","00","76 20:46.899","0","0","0","0","36101","0","0","0","N","0","0","0","2","36101","0","","1","01","N","N","0","","0","0","1","3","3","","0755","0","2","0","0","0","0","0","3","0","2","N","","","","","","","","","","","","04","  ","","",""
"1058","1","0","0","0","0","0","0","0","0","7","0","","36","01","2020","2020007112","7","40.1147","-76.244","1048","08","0","0","0","0","0","0","0","0","","0","0","0","10","1","0","01","1","40 06:52.778","4","00","76 14:38.314","0","0","0","0","36101","0","0","0","N","0","0","0","1","36101","0","","4","07","N","N","0","","0","0","0","0","0","Y","1045","0","1","0","0","0","0","0","3","0","1","N","","","","","","","","","","","1140","10","04","","",""
"1101","1","0","0","0","0","0","0","0","0","4","0","","36","01","2020","2020007113","7","40.1147","-76.244","1055","08","0","0","0","0","0","0","0","0","","0","0","0","10","1","2","02","2","40 06:52.778","4","00","76 14:38.314","3","0","0","0","36101","0","0","0","N","0","0","0","3","36101","0","","1","07","N","N","0","","2","0","1","3","3","N","1053","2","2","0","0","0","0","0","3","0","2","N","","","","","","","","","","","1131","10","  ","","",""
"1111","0","0","0","0","0","0","0","0","0","7","0","","36","01","2020","2020007114","7","40.1129","-76.2429","1105","08","0","0","0","0","0","0","0","0","","0","0","0","10","1","0","00","0","40 06:46.284","","00","76 14:34.540","0","0","0","0","36101","0","0","0","N","0","0","0","1","36101","0","","2","09","N","N","0","","0","0","1","0","0","","1059","0","1","0","0","0","0","0","3","0","1","N","","","","","","","","","","","","10","04","","",""
"1519","0","0","0","0","0","0","0","0","0","7","0","","36","01","2020","2020007115","7","40.0623","-76.28","1519","08","0","0","0","0","0","0","0","0","","0","0","0","15","1","0","00","0","40 03:44.443","","00","76 16:48.126","0","0","0","0","36101","0","0","0","N","0","0","0","2","36101","0","","4","07","N","N","0","","0","0","1","0","0","","1514","0","1","0","0","0","0","0","3","0","1","N","","","","","","","","","","","","06","10","","",""
"1654","1","0","0","0","0","0","0","0","0","7","0","","36","01","2020","2020007116","7","40.0433","-76.2866","1642","08","0","0","0","0","0","0","0","0","","0","0","0","16","3","0","00","0","40 02:35.974","","00","76 17:11.587","0","0","0","0","36220","0","0","0","N","0","0","0","1","36101","0","","2","07","N","N","0","","0","0","0","0","0","","1636","0","1","0","0","0","0","0","3","0","1","N","","","","","","","","","","","","10","  ","","",""
"1945","1","0","0","0","0","0","0","0","0","7","0","","36","01","2020","2020007117","7","40.0709","-76.3234","1930","08","0","0","0","0","1","0","0","0","","0","0","0","19","3","0","00","0","40 04:15.334","","99","76 19:24.321","0","0","0","0","36101","0","0","0","N","0","0","0","1","36101","0","","5","02","N","N","0","","0","0","0","0","0","","1920","0","1","0","0","0","0","0","3","0","1","N","","","","","","","","","","","","09","  ","","",""
"0718","0","0","0","0","0","0","0","0","0","4","0","","36","01","2020","2020007267","6","40.2448","-76.1041","0714","08","0","1","0","0","0","0","0","0","","0","0","0","07","1","1","01","1","40 14:41.207","3","00","76 06:14.899","3","0","0","0","36210","0","0","0","N","0","0","0","3","36210","0","","1","01","N","N","1","","1","0","1","3","3","N","0714","1","2","0","0","0","0","0","1","0","2","N","","","","","","","","","","","0748","04","  ","","",""
"1746","0","0","0","0","0","0","0","0","0","98","0","","36","01","2020","2020007268","2","40.2481","-76.1277","1819","08","1","0","0","0","0","0","0","0","","0","0","0","17","2","0","00","0","40 14:53.304","","00","76 07:39.658","0","0","0","0","36210","0","0","0","N","0","0","0","1","36210","0","","1","01","N","N","0","","0","0","1","0","0","","1739","0","1","0","0","0","0","0","1","0","1","N","","","","","","","","","","","","03","  ","","",""
"1617","1","0","0","0","0","0","0","0","0","4","0","","36","01","2020","2020007269","7","40.2225","-76.0967","1612","08","0","1","0","0","0","0","0","0","","0","0","0","16","1","0","00","1","40 13:21.160","3","00","76 05:48.202","0","0","0","0","36210","0","0","0","N","0","0","0","2","36210","0","","1","07","N","N","0","","0","0","1","3","2","N","1611","0","2","0","0","0","0","0","1","0","2","N","","","","","","","","","","","1656","09","  ","","",""
"0150","1","0","0","0","0","0","0","0","0","4","0","","36","01","2020","2020007275","7","40.0428","-76.3247","0149","08","0","0","0","0","0","0","0","0","","0","0","0","01","3","0","00","0","40 02:34.175","","00","76 19:28.822","9","0","0","0","36301","0","0","0","N","0","0","0","1","36301","0","","2","01","N","N","0","","0","0","0","0","0","","0128","0","2","0","0","0","0","1","3","0","2","N","","","","","","","","","","","","03","  ","","",""
"0715","1","0","0","0","0","0","0","0","0","1","0","","36","01","2020","2020007291","5","40.2302","-76.1787","0713","08","0","1","0","0","0","0","0","0","","0","0","0","06","2","0","00","1","40 13:48.698","2","00","76 10:43.449","0","0","0","0","36236","0","0","0","N","0","0","0","2","36408","0","","1","07","N","N","0","","0","0","1","0","0","N","0632","0","2","0","0","0","0","0","1","0","2","N","","","","","","","","","","","0730","02","  ","","",""
"1440","0","0","0","0","0","0","0","0","0","4","0","","36","01","2020","2020007334","5","40.0384","-76.3013","1435","08","0","0","1","0","0","0","0","0","","0","0","0","14","1","0","01","1","40 02:18.358","3","00","76 18:04.767","0","0","0","0","36301","0","0","0","N","0","0","0","3","36301","0","","1","01","N","N","1","","0","0","1","3","2","N","1435","0","3","0","0","0","0","0","3","1","3","N","","","","","","","","","","","1515","03","03","","",""
"0049","1","0","0","0","0","0","0","0","0","7","0","","36","01","2020","2020007349","4","40.0428","-76.4844","0043","08","0","0","0","0","0","0","0","0","","0","0","0","00","2","0","00","0","40 02:34.122","","00","76 29:04.004","0","0","0","0","36404","0","0","0","N","0","0","0","2","36404","0","","3","02","N","N","0","","0","0","0","0","0","","0038","0","1","0","0","0","0","0","3","0","1","N","","","","","","","","","","","","04","  ","","",""
"0623","1","0","0","0","0","0","0","0","0","4","1","","36","01","2020","2020007463","2","40.1636","-76.1524","0619","08","0","0","0","0","2","0","0","0","","0","1","0","06","3","1","01","0","40 09:48.894","","02","76 09:08.473","3","0","0","0","36218","0","0","0","N","0","0","0","2","36408","0","","1","01","N","N","0","","1","0","0","3","2","","0619","1","2","0","0","0","0","0","1","0","2","N","","","","","","","","","","","","03","  ","","",""
"0854","1","0","0","0","0","0","0","0","0","1","0","","36","01","2020","2020007470","5","40.0389","-76.5105","0846","08","0","0","0","0","0","0","0","0","","0","1","0","08","1","1","06","1","40 02:23.385","1","02","76 30:40.326","3","0","0","0","36404","0","0","0","N","0","0","0","2","36404","0","","7","01","N","N","0","","1","0","0","3","4","N","0846","1","2","0","0","0","0","0","3","0","2","N","","","","","","","","","","","0924","03","  ","","",""
"1142","0","0","0","0","0","0","0","0","0","4","1","","36","01","2020","2020007501","2","40.0608","-76.5367","1137","08","0","0","0","0","0","1","0","0","","0","1","0","11","1","1","01","1","40 03:39.038","2","00","76 32:12.059","3","0","0","0","36211","0","0","0","N","0","0","0","2","36504","0","","1","01","N","N","0","","1","0","1","3","2","N","1130","1","2","0","0","0","0","0","1","0","2","N","","","","","","","","","","","1205","03","03","","",""
"1742","3","0","0","0","0","0","0","0","0","1","0","","36","01","2020","2020007521","4","40.0612","-76.2784","1734","08","0","0","0","0","0","0","0","0","","0","0","0","17","2","0","00","1","40 03:40.235","4","00","76 16:42.069","0","0","0","0","36101","0","0","0","N","0","0","0","3","36101","0","","1","01","N","N","0","","0","0","0","0","0","N","1712","0","3","0","0","0","0","0","3","0","3","N","","","","","","","","","","","1830","03","  ","","",""