"ARRIVAL_TM","AUTOMOBILE_COUNT","BELTED_DEATH_COUNT","BELTED_SUSP_SERIOUS_INJ_COUNT","BICYCLE_COUNT","BICYCLE_DEATH_COUNT","BICYCLE_SUSP_SERIOUS_INJ_COUNT","BUS_COUNT","CHLDPAS_DEATH_COUNT","CHLDPAS_SUSP_SERIOUS_INJ_COUNT","COLLISION_TYPE","COMM_VEH_COUNT","CONS_ZONE_SPD_LIM","COUNTY","CRASH_MONTH","CRASH_YEAR","CRN","DAY_OF_WEEK","DEC_LAT","DEC_LONG","DISPATCH_TM","DISTRICT","DRIVER_COUNT_16YR","DRIVER_COUNT_17YR","DRIVER_COUNT_18YR","DRIVER_COUNT_19YR","DRIVER_COUNT_20YR","DRIVER_COUNT_50_64YR","DRIVER_COUNT_65_74YR","DRIVER_COUNT_75PLUS","EST_HRS_CLOSED","FATAL_COUNT","HEAVY_TRUCK_COUNT","HORSE_BUGGY_COUNT","HOUR_OF_DAY","ILLUMINATION","INJURY_COUNT","INTERSECT_TYPE","LANE_CLOSED","LATITUDE","LN_CLOSE_DIR","LOCATION_TYPE","LONGITUDE","MAX_SEVERITY_LEVEL","MCYCLE_DEATH_COUNT","MCYCLE_SUSP_SERIOUS_INJ_COUNT","MOTORCYCLE_COUNT","MUNICIPALITY","NONMOTR_COUNT","NONMOTR_DEATH_COUNT","NONMOTR_SUSP_SERIOUS_INJ_COUNT","NTFY_HIWY_MAINT","PED_COUNT","PED_DEATH_COUNT","PED_SUSP_SERIOUS_INJ_COUNT","PERSON_COUNT","POLICE_AGCY","POSSIBLE_INJ_COUNT","RDWY_SURF_TYPE_CD","RELATION_TO_ROAD","ROAD_CONDITION","SCH_BUS_IND","SCH_ZONE_IND","SMALL_TRUCK_COUNT","SPEC_JURIS_CD","SUSP_MINOR_INJ_COUNT","SUSP_SERIOUS_INJ_COUNT","SUV_COUNT","TCD_FUNC_CD","TCD_TYPE","TFC_DETOUR_IND","TIME_OF_DAY","TOT_INJ_COUNT","TOTAL_UNITS","UNB_DEATH_COUNT","UNB_SUSP_SERIOUS_INJ_COUNT","UNBELTED_OCC_COUNT","UNK_INJ_DEG_COUNT","UNK_INJ_PER_COUNT","URBAN_RURAL","VAN_COUNT","VEHICLE_COUNT","WORK_ZONE_IND","WORK_ZONE_LOC","WORK_ZONE_TYPE","WORKERS_PRES","WZ_CLOSE_DETOUR","WZ_FLAGGER","WZ_LAW_OFFCR_IND","WZ_LN_CLOSURE","WZ_MOVING","WZ_OTHER","WZ_SHLDER_MDN","ROADWAY_CLEARED","WEATHER1","WEATHER2","WZ_WORKERS_INJ_KILLED","SECONDARY_CRASH","INTERSECTION_RELATED"
"1751","1","0","0","0","0","0","0","0","0","1","0","","36","01","2020","2020007522","5","40.062","-76.2798","1743","08","0","0","0","0","0","1","1","0","","0","0","0","17","3","0","00","0","40 03:43.161","","02","76 16:47.158","0","0","0","0","36101","0","0","0","N","0","0","0","5","36101","0","","1","01","N","N","0","","0","0","1","0","0","","1738","0","3","0","0","0","0","0","3","1","3","N","","","","","","","","","","","","03","  ","","",""
"0956","1","0","0","0","0","0","0","0","0","4","0","","36","01","2020","2020007524","4","40.0315","-76.2382","0948","08","0","0","0","0","0","1","0","0","","0","0","0","09","1","0","01","0","40 01:50.123","","00","76 14:03.641","0","0","0","0","36215","0","0","0","N","0","0","0","3","36215","0","","1","01","N","N","0","","0","0","1","0","0","","0948","0","2","0","0","0","0","0","1","0","2","N","","","","","","","","","","","","03","  ","","",""
"1513","0","0","0","0","0","0","0","0","0","7","0","","36","01","2020","2020007525","7","40.0762","-76.2335","1510","08","0","0","0","0","0","0","0","0","","0","0","0","15","1","0","00","2","40 04:34.170","4","00","76 14:00.690","0","0","0","0","36215","0","0","0","N","0","0","0","2","36215","0","","5","07","N","N","0","","0","0","1","0","0","N","1507","0","1","0","0","0","0","0","1","0","1","N","","","","","","","","","","","1555","10","07","","",""
"2325","1","0","0","0","0","0","0","0","0","4","0","","36","01","2020","2020007526","1","40.0916","-76.1322","2323","08","0","0","0","0","0","0","0","0","","0","0","1","23","2","0","00","0","40 05:29.805","","07","76 07:55.909","9","0","0","0","36209","4","0","0","N","0","0","0","5","36415","0","","1","01","N","N","0","","0","0","0","0","0","","2322","0","2","0","0","0","0","1","1","0","1","N","","","","","","","","","","","","03","03","","",""
"1350","1","0","0","0","0","0","0","0","0","7","0","","36","01","2020","2020007527","4","40.0973","-76.0799","1348","08","0","0","1","0","0","0","0","0","","0","0","0","13","1","0","00","1","40 05:50.402","5","00","76 04:47.567","0","0","0","0","36209","0","0","0","N","0","0","0","1","36415","0","","4","01","N","N","0","","0","0","0","0","0","N","1347","0","1","0","0","0","0","0","1","0","1","N","","","","","","","","","","","1430","03","  ","","",""
"0606","0","0","0","0","0","0","0","0","0","4","0","","36","01","2020","2020007718","2","39.993","-76.2753","0602","08","0","0","0","1","0","0","0","0","","0","1","0","06","5","0","02","2","39 59:34.742","7","00","76 16:31.018","0","0","0","0","36240","0","0","0","N","0","0","0","3","36240","0","","1","01","N","N","1","","0","0","0","0","0","Y","0602","0","2","0","0","0","0","0","1","0","2","N","","","","","","","","","","","0733","03","03","","",""
"0223","1","0","0","0","0","0","0","0","0","7","0","","36","01","2020","2020007731","5","40.0409","-76.3081","0223","08","0","0","0","0","0","0","0","0","","0","0","0","02","3","0","00","0","40 02:27.253","","00","76 18:29.270","0","0","0","0","36301","0","0","0","N","0","0","0","2","36301","0","","5","99","","","0","","0","0","0","0","0","","0222","0","1","0","0","0","0","0","3","0","1","N","","","","","","","","","","","","03","  ","","",""
"0603","2","0","0","0","0","0","0","0","0","4","0","","36","01","2020","2020007737","4","40.1622","-76.6376","0557","08","0","0","0","0","0","0","0","0","","0","0","0","05","3","0","02","0","40 09:43.749","","00","76 38:15.261","0","0","0","0","36237","0","0","0","N","0","0","0","2","36505","0","","1","09","N","N","0","","0","0","0","3","2","","0552","0","2","0","0","0","0","0","1","0","2","N","","","","","","","","","","","","03","03","","",""
"0144","2","0","0","0","0","0","0","0","0","5","0","","36","01","2020","2020007780","7","39.9856","-76.1843","0136","08","0","0","0","0","0","0","0","0","","0","0","0","01","3","0","00","0","39 59:08.100","","00","76 11:03.400","0","0","0","0","36417","0","0","0","N","0","0","0","1","36417","0","","6","01","N","N","0","","0","0","1","0","0","","0120","0","3","0","0","0","0","0","1","0","3","N","","","","","","","","","","","","03","  ","","",""
"1217","2","0","0","0","0","0","0","0","0","4","0","","36","01","2020","2020007857","3","40.04","-76.3177","1217","08","0","0","0","0","0","0","0","0","","0","0","0","11","1","0","01","0","40 02:23.823","","00","76 19:03.806","0","0","0","0","36301","0","0","0","N","0","0","0","2","36301","0","","1","01","N","N","0","","0","0","0","3","3","","1148","0","2","0","0","0","0","0","3","0","2","N","","","","","","","","","","","","03","  ","","",""
"1951","1","0","0","0","0","0","0","0","0","4","1","","36","01","2020","2020007874","4","40.0537","-76.3234","1945","08","0","0","0","0","0","0","0","0","","0","1","0","19","3","1","00","2","40 03:13.302","3","07","76 19:24.367","4","0","0","0","36101","0","0","0","N","0","0","0","2","36101","1","","1","01","N","N","0","","0","0","0","0","0","Y","1943","1","2","0","0","0","0","0","3","0","2","N","","","","","","","","","","","2030","03","03","","",""
"1201","1","0","0","0","0","0","0","0","0","7","0","","36","01","2020","2020007875","2","40.0709","-76.325","1145","08","0","0","0","0","0","0","0","0","","0","0","0","11","1","0","00","1","40 04:15.256","3","00","76 19:30.015","0","0","0","0","36101","0","0","0","N","0","0","0","1","36101","0","","5","01","N","N","0","","0","0","0","0","0","N","1141","0","1","0","0","0","0","0","3","0","1","N","","","","","","","","","","","1220","03","03","","",""
"1715","1","0","0","0","0","0","0","0","0","1","0","","36","01","2020","2020007876","6","40.0999","-76.3501","1705","08","0","0","0","0","0","0","0","0","","0","0","0","17","4","0","00","2","40 05:59.610","5","00","76 21:00.500","0","0","0","0","36406","1","0","0","N","0","0","0","2","36506","0","","4","01","N","N","1","","0","0","0","0","0","N","1705","0","2","0","0","0","0","0","3","0","2","N","","","","","","","","","","","1753","03","03","","N","N"
"0942","0","0","0","0","0","0","0","0","0","5","0","","36","01","2020","2020007877","7","40.1761","-76.3088","0932","08","0","0","0","0","0","0","0","0","","0","0","0","09","1","1","00","0","40 10:34.103","","07","76 18:31.802","3","0","0","0","36235","0","0","0","N","0","0","0","2","36506","0","","1","07","N","N","0","","1","0","2","0","0","","0931","1","2","0","0","0","0","0","1","0","2","N","","","","","","","","","","","","10","  ","","",""
"1550","1","0","0","0","0","0","0","0","0","7","0","","36","01","2020","2020007878","7","40.1941","-76.2213","1540","08","0","0","0","0","0","1","0","0","","0","0","0","15","1","0","00","1","40 11:38.700","5","00","76 13:16.700","0","0","0","0","36204","0","0","0","N","0","0","0","1","36506","0","","4","02","N","N","0","","0","0","0","0","0","N","1539","0","1","0","0","0","0","0","1","0","1","N","","","","","","","","","","","1603","10","  ","","",""
"0428","1","0","0","0","0","0","0","0","0","4","0","","36","01","2020","2020007892","6","40.0388","-76.3129","0428","08","0","0","0","0","0","1","0","0","","0","0","0","04","3","0","01","2","40 02:19.654","4","00","76 18:46.345","0","0","0","0","36301","0","0","0","N","0","0","0","3","36301","0","","1","01","N","N","1","","0","0","0","3","2","N","0425","0","2","0","0","0","0","0","3","0","2","N","","","","","","","","","","","0522","03","  ","","",""
"1409","0","0","0","0","0","0","0","0","0","7","0","","36","01","2020","2020007970","7","40.2315","-76.336","1354","08","0","0","0","0","0","0","0","0","","0","0","0","13","1","1","00","2","40 13:53.492","4","00","76 20:09.685","3","0","0","0","36217","0","0","0","N","0","0","0","2","68T06","0","","2","06","N","N","0","","1","0","1","0","0","N","1354","1","1","0","0","0","0","0","1","0","1","N","","","","","","","","","","","1455","09","06","","",""
"1525","0","0","0","0","0","0","0","0","0","0","0","","36","01","2020","2020007976","7","40.2454","-76.176","1459","08","0","0","0","0","0","0","0","0","","0","0","0","14","1","1","00","0","40 14:43.397","","00","76 10:33.696","3","0","0","0","36236","0","0","0","N","0","0","0","1","68T06","0","","5","06","N","N","0","","1","0","1","0","0","","1457","1","1","0","0","0","0","0","1","0","1","N","","","","","","","","","","","","06","  ","","",""
"1528","0","0","0","0","0","0","0","0","0","7","0","","36","01","2020","2020007977","7","40.2283","-76.3636","1509","08","0","0","0","0","0","0","1","0","","0","0","0","15","1","1","00","0","40 13:41.718","","00","76 21:49.112","3","0","0","0","36227","0","0","0","N","0","0","0","1","68T06","0","","3","06","N","N","0","","1","0","1","0","0","","1509","1","1","0","0","0","0","0","1","0","1","N","","","","","","","","","","","","06","09","","",""
"1625","0","0","0","0","0","0","0","0","0","6","1","","36","01","2020","2020007983","7","40.236","-76.2824","1625","08","0","0","0","0","1","0","0","0","","0","1","0","16","1","0","00","0","40 14:09.550","","00","76 16:56.812","0","0","0","0","36204","0","0","0","N","0","0","0","2","68T06","0","","1","02","N","N","0","","0","0","1","0","0","","1625","0","2","0","0","0","0","0","1","0","2","N","","","","","","","","","","","","10","06","","",""
"1805","0","0","0","0","0","0","0","0","0","7","1","","36","01","2020","2020007988","7","40.2268","-76.1104","1805","08","0","0","0","0","0","0","0","0","","0","1","0","18","1","0","00","0","40 13:36.544","","00","76 06:37.476","0","0","0","0","36210","0","0","0","N","0","0","0","1","68T06","0","","4","06","N","N","0","","0","0","0","0","0","","1805","0","1","0","0","0","0","0","1","0","1","N","","","","","","","","","","","","06","  ","","",""
"1200","1","0","0","0","0","0","0","0","0","1","0","","36","01","2020","2020008032","2","40.0392","-76.4285","1154","08","0","0","0","0","0","0","1","0","","0","0","0","11","1","1","02","0","40 02:21.024","","00","76 25:42.584","3","0","0","0","36414","0","0","0","N","0","0","0","1","36239","0","","2","01","N","N","1","","1","0","0","3","2","","1154","1","2","0","0","0","0","0","3","0","2","N","","","","","","","","","","","","03","03","","",""
"1644","1","0","0","0","0","0","0","0","0","0","0","","36","01","2020","2020008043","2","40.048","-76.3628","1641","08","0","0","0","0","0","0","0","0","","0","0","0","16","1","0","00","0","40 02:52.974","","00","76 21:46.123","0","0","0","0","36214","0","0","0","N","0","0","0","1","36214","0","","1","01","N","N","0","","0","0","0","0","0","","1638","0","1","0","0","0","0","0","3","0","1","N","","","","","","","","","","","","03","03","","",""
"0747","2","0","0","0","0","0","0","0","0","1","0","","36","01","2020","2020008044","2","40.0224","-76.3616","0744","08","0","0","0","1","0","0","0","0","","0","0","0","07","1","1","01","0","40 01:20.679","","00","76 21:41.606","3","0","0","0","36223","0","0","0","N","0","0","0","2","36223","0","","1","01","N","N","0","","1","0","0","3","2","","0743","1","2","0","0","0","0","0","1","0","2","N","","","","","","","","","","","","03","03","","",""
"1715","1","0","0","0","0","0","0","0","0","7","0","","36","01","2020","2020008045","4","40.1791","-76.4602","1709","08","0","0","0","1","0","0","0","0","","0","0","0","17","1","0","00","1","40 10:44.870","1","00","76 27:36.780","0","0","0","0","36230","0","0","0","N","0","0","0","1","36410","0","","2","02","N","N","0","","0","0","0","0","0","N","1709","0","1","0","0","0","0","0","1","0","1","N","","","","","","","","","","","1730","02","  ","","",""
"2241","0","0","0","0","0","0","0","0","0","7","0","","36","01","2020","2020008046","4","40.1633","-76.4392","2236","08","0","1","0","0","0","0","0","0","","0","0","0","22","2","0","00","0","40 09:48.032","","00","76 26:20.949","0","0","0","0","36230","0","0","0","N","0","0","0","1","36410","0","","4","09","N","N","1","","0","0","0","0","0","","2233","0","1","0","0","1","0","0","1","0","1","N","","","","","","","","","","","","10","  ","","",""
"1528","1","0","0","0","0","0","0","0","0","4","0","","36","01","2020","2020008048","3","40.1631","-76.3855","1453","08","0","0","0","0","0","0","0","0","","0","0","0","14","1","0","00","0","40 09:47.100","","07","76 23:07.700","0","0","0","0","36410","0","0","0","N","0","0","0","2","36410","0","","1","09","N","N","0","","0","0","1","0","0","","1450","0","2","0","0","0","0","0","2","0","2","N","","","","","","","","","","","","07","  ","","",""
"0937","0","0","0","0","0","0","0","0","0","7","0","","36","01","2020","2020008050","7","40.2063","-76.3954","0928","08","0","0","0","0","0","1","0","0","","0","0","0","09","1","0","00","1","40 12:22.828","6","00","76 23:43.578","0","0","0","0","36230","0","0","0","N","0","0","0","1","36410","0","","5","07","N","N","0","","0","0","1","0","0","N","0925","0","1","0","0","0","0","0","1","0","1","N","","","","","","","","","","","0010","10","  ","","",""
"1530","0","0","0","0","0","0","0","0","0","7","0","","36","01","2020","2020008225","7","40.228","-76.4651","1516","08","0","0","0","0","0","0","0","0","","0","0","0","15","1","0","00","1","40 13:40.821","4","00","76 27:54.530","0","0","0","0","36230","0","0","0","N","0","0","0","2","68T06","0","","4","06","N","N","0","","0","0","1","0","0","N","1515","0","1","0","0","0","0","0","1","0","1","N","","","","","","","","","","","1616","10","06","","",""
"2359","2","0","0","0","0","0","0","0","0","4","0","","36","01","2020","2020008282","7","40.0441","-76.3025","2358","08","0","0","0","0","0","0","0","0","","0","0","0","23","3","0","00","1","40 02:38.937","1","00","76 18:08.857","0","0","0","0","36301","0","0","0","N","0","0","0","1","36301","0","","1","01","N","N","0","","0","0","0","0","0","Y","2356","0","2","0","0","0","0","0","3","0","2","N","","","","","","","","","","","0022","03","04","","",""
"0614","2","0","0","0","0","0","0","0","0","5","0","","36","01","2020","2020008313","6","40.0289","-76.3178","0609","08","0","0","0","0","0","0","1","0","","0","0","0","06","3","1","00","0","40 01:44.000","","00","76 19:04.000","4","0","0","0","36301","0","0","0","N","0","0","0","1","36301","1","","6","01","N","N","0","","0","0","1","0","0","","0608","1","3","0","0","0","0","0","3","0","3","N","","","","","","","","","","","","03","  ","","",""
"1358","2","0","0","0","0","0","0","0","0","4","0","","36","01","2020","2020008475","7","40.0227","-76.3138","1353","08","0","0","0","0","1","0","0","0","","0","0","0","13","1","0","00","0","40 01:21.809","","00","76 18:49.531","0","0","0","0","36301","0","0","0","N","0","0","0","2","36301","0","","2","07","N","N","0","","0","0","0","0","0","","1353","0","2","0","0","0","0","0","3","0","2","N","","","","","","","","","","","","10","09","","",""
"1753","1","0","0","0","0","0","0","0","0","4","0","","36","01","2020","2020008488","7","40.2406","-76.0585","1850","08","0","0","0","0","0","1","0","0","","0","0","0","17","3","1","02","1","40 14:26.110","2","00","76 03:30.624","8","0","0","0","36401","0","0","0","N","0","0","0","3","36408","0","","1","01","N","N","0","","0","0","1","0","0","N","1744","1","3","0","0","0","1","0","1","1","3","N","","","","","","","","","","","1845","03","  ","","",""
"0736","0","0","0","0","0","0","0","0","0","1","0","","36","01","2020","2020008491","4","40.0475","-76.4837","0732","08","0","0","0","0","0","0","1","0","","0","0","0","07","1","0","01","1","40 02:51.172","1","02","76 29:01.226","0","0","0","0","36239","0","0","0","N","0","0","0","2","36239","0","","1","01","N","N","0","","0","0","2","3","3","Y","0732","0","2","0","0","0","0","0","3","0","2","N","","","","","","","","","","","0800","03","03","","",""
"0852","1","0","0","0","0","0","0","0","0","7","0","","36","01","2020","2020008551","3","40.105","-76.3189","0842","08","0","0","0","0","0","0","0","0","","0","0","0","00","3","0","00","0","40 06:18.080","","00","76 19:07.960","0","0","0","0","36101","0","0","0","N","0","0","0","1","36101","0","","5","01","N","N","0","","0","0","0","0","0","","0030","0","1","0","0","0","0","0","3","0","1","N","","","","","","","","","","","","03","03","","",""
"0820","1","0","1","0","0","0","0","0","0","6","0","","36","01","2020","2020008552","4","40.0454","-76.3581","0820","08","0","0","0","0","0","1","0","0","","0","0","0","08","1","3","00","2","40 02:43.500","5","00","76 21:29.320","2","0","0","0","36214","0","0","0","N","0","0","0","3","36214","0","","1","02","N","N","0","","2","1","1","0","0","Y","0820","3","2","0","0","0","0","0","3","0","2","N","","","","","","","","","","","0915","10","  ","","",""
"1537","1","0","0","0","0","0","0","0","0","1","0","","36","01","2020","2020008553","7","40.0387","-76.3578","1534","08","0","0","0","0","1","0","0","0","","0","0","0","15","1","0","02","1","40 02:19.409","4","00","76 21:27.999","0","0","0","0","36214","0","0","0","N","0","0","0","7","36214","0","","1","01","N","N","0","","0","0","2","3","2","N","1530","0","3","0","0","0","0","0","3","0","3","N","","","","","","","","","","","1555","03","  ","","",""
"1058","1","0","0","0","0","0","0","0","0","7","0","","36","01","2020","2020008554","3","40.0858","-76.4105","1053","08","0","1","0","0","0","0","0","0","","0","0","0","10","1","0","00","1","40 05:08.890","1","00","76 24:37.620","0","0","0","0","36214","0","0","0","N","0","0","0","1","36214","0","","4","02","N","N","0","","0","0","0","0","0","N","1051","0","1","0","0","0","0","0","3","0","1","N","","","","","","","","","","","1130","03","  ","","",""
"0514","0","0","0","0","0","0","0","0","0","1","0","","36","01","2020","2020008587","4","40.1925","-76.1241","0510","08","0","0","0","0","0","0","0","0","","0","1","0","05","3","0","00","0","40 11:33.126","","00","76 07:26.701","0","0","0","0","36210","0","0","0","N","0","0","0","2","36210","0","","1","01","N","N","1","","0","0","0","0","0","","0509","0","2","0","0","0","0","0","1","0","2","N","","","","","","","","","","","","03","  ","","",""
"0128","1","0","0","0","0","0","0","0","0","4","0","","36","01","2020","2020008588","4","40.2197","-76.1303","0124","08","0","0","0","0","0","0","0","0","","0","0","0","01","2","0","00","0","40 13:10.990","","07","76 07:49.110","0","0","0","0","36210","0","0","0","N","0","0","0","1","36210","0","","5","01","N","N","1","","0","0","0","0","0","","0121","0","2","0","0","0","0","0","1","0","2","N","","","","","","","","","","","","03","  ","","",""
"1004","0","0","0","0","0","0","0","0","0","4","0","","36","01","2020","2020008645","3","39.9425","-76.0566","0945","08","0","0","0","0","0","0","0","0","","0","0","0","09","1","0","01","2","39 56:33.146","6","00","76 03:23.678","0","0","0","0","36231","0","0","0","N","0","0","0","2","68J01","0","","1","01","N","N","0","","0","0","1","3","3","Y","0942","0","2","0","0","0","0","0","1","1","2","N","","","","","","","","","","","1056","03","03","","",""
"1924","1","0","0","0","0","0","0","0","0","7","0","","36","01","2020","2020008647","3","40.1784","-76.0021","1911","08","0","0","0","0","0","1","0","0","","0","0","0","19","2","1","00","2","40 10:42.190","6","00","76 00:07.520","4","0","0","0","36202","0","0","0","N","0","0","0","1","68J01","1","","4","07","N","N","0","","0","0","0","0","0","N","1910","1","1","0","0","0","0","0","1","0","1","N","","","","","","","","","","","1939","10","  ","","",""
"0505","0","0","0","0","0","0","0","0","0","7","0","","36","01","2020","2020008648","4","39.9683","-76.1766","0455","08","0","0","0","0","0","0","0","0","","0","0","0","04","2","0","00","0","39 58:05.846","","00","76 10:35.848","0","0","0","0","36233","0","0","0","N","0","0","0","1","68J01","0","","4","02","N","N","1","","0","0","0","0","0","","0454","0","1","0","0","0","0","0","1","0","1","N","","","","","","","","","","","","98","  ","","",""
"0829","0","0","0","0","0","0","0","0","0","2","1","","36","01","2020","2020008653","5","39.922","-76.3486","0804","08","0","0","0","0","0","1","0","0","","0","1","0","08","1","0","00","1","39 55:19.300","1","00","76 20:55.130","0","0","0","0","36206","0","0","0","N","0","0","0","3","68J01","0","","1","01","N","N","1","","0","0","0","0","0","N","0801","0","2","0","0","1","0","0","1","0","2","N","","","","","","","","","","","0045","03","  ","","",""
"1819","1","0","0","0","0","0","0","0","0","4","0","","36","01","2020","2020008667","2","39.9624","-75.9908","1759","08","0","0","0","0","0","0","0","1","","0","0","0","17","2","0","01","0","39 57:44.736","","00","75 59:27.039","0","0","0","0","36231","0","0","0","N","0","0","0","2","68J01","0","","1","01","N","N","1","","0","0","0","3","3","","1739","0","2","0","0","0","0","0","1","0","2","N","","","","","","","","","","","","03","03","","",""
"0614","1","0","0","0","0","0","0","0","0","98","0","","36","01","2020","2020008669","3","39.9206","-76.2503","0557","08","0","0","0","0","0","0","0","0","","0","0","0","05","2","0","00","0","39 55:14.023","","00","76 15:01.105","0","0","0","0","36229","0","0","0","N","0","0","0","1","68J01","0","","1","01","N","N","0","","0","0","0","0","0","","0550","0","1","0","0","0","0","0","1","0","1","N","","","","","","","","","","","","03","  ","","",""
"2240","1","0","0","0","0","0","0","0","0","7","0","","36","01","2020","2020008687","6","40.2004","-76.0768","2220","08","0","0","0","0","0","0","0","0","","0","0","0","22","2","0","00","0","40 12:01.280","","00","76 04:36.570","0","0","0","0","36202","0","0","0","N","0","0","0","1","68J01","0","","4","01","N","N","0","","0","0","0","0","0","","2213","0","1","0","0","1","0","0","1","0","1","N","","","","","","","","","","","","03","  ","","",""
"1239","0","0","0","0","0","0","0","0","0","7","0","","36","01","2020","2020008697","7","39.9373","-75.9885","1233","08","0","0","0","0","0","0","0","0","","0","0","0","12","1","0","03","2","39 56:14.355","6","00","75 59:18.428","0","0","0","0","36231","0","0","0","N","0","0","0","1","68J01","0","","4","07","N","N","0","","0","0","1","0","0","Y","1224","0","1","0","0","0","0","0","1","0","1","N","","","","","","","","","","","1319","10","  ","","",""
"1416","1","0","0","0","0","0","0","0","0","7","0","","36","01","2020","2020008702","7","39.8971","-76.2406","1416","08","0","0","0","0","0","0","0","0","","0","0","0","14","1","0","00","1","39 53:49.729","1","00","76 14:26.095","0","0","0","0","36229","0","0","0","N","0","0","0","1","68J01","0","","4","07","N","N","0","","0","0","0","0","0","N","1413","0","1","0","0","0","0","0","1","0","1","N","","","","","","","","","","","1645","02","06","","",""
"1734","0","0","0","0","0","0","0","0","0","7","0","","36","01","2020","2020008705","7","39.8894","-76.2391","1732","08","0","0","0","0","0","0","0","0","","0","0","0","17","2","0","00","2","39 53:21.853","6","00","76 14:20.742","0","0","0","0","36229","0","0","0","N","0","0","0","2","68J01","0","","4","06","N","N","1","","0","0","0","0","0","Y","1728","0","1","0","0","0","0","0","1","0","1","N","","","","","","","","","","","0030","06","06","","",""
"0652","0","0","0","0","0","0","0","0","0","7","0","","36","01","2020","2020008708","1","39.9812","-76.3547","0621","08","0","0","0","0","0","0","0","0","","0","0","0","06","2","0","00","1","39 58:52.354","1","00","76 21:17.058","0","0","0","0","36206","0","0","0","Y","0","0","0","1","68J01","0","","5","02","N","N","1","","0","0","0","0","0","N","0609","0","1","0","0","0","0","0","1","0","1","N","","","","","","","","","","","0738","05","  ","","",""
"1905","0","0","0","0","0","0","0","0","0","2","0","","36","01","2020","2020008732","4","40.0563","-76.4626","1900","08","0","0","0","0","0","1","0","0","","0","0","0","19","3","0","01","1","40 03:22.745","7","00","76 27:45.285","0","0","0","0","36239","0","0","0","N","0","0","0","5","36239","0","","1","01","N","N","0","","0","0","2","3","3","N","1900","0","2","0","0","0","0","0","3","0","2","N","","","","","","","","","","","2004","03","03","","",""
"1735","2","0","0","0","0","0","0","0","0","1","0","","36","01","2020","2020008773","6","40.2057","-76.1502","1725","08","0","1","0","0","0","1","0","0","","0","0","0","17","3","3","00","0","40 12:20.592","","00","76 09:00.678","3","0","0","0","36210","0","0","0","N","0","0","0","3","36210","0","","1","01","N","N","0","","3","0","0","0","0","","1725","3","3","0","0","0","0","0","1","1","3","N","","","","","","","","","","","","03","  ","","",""
"1731","1","0","0","0","0","0","0","0","0","4","0","","36","01","2020","2020008784","4","40.1509","-76.6074","1728","08","0","0","0","0","0","0","1","0","","0","0","0","17","3","0","01","0","40 09:03.369","","00","76 36:26.811","0","0","0","0","36407","0","0","0","N","0","0","0","2","36407","0","","1","01","N","N","1","","0","0","0","3","3","","1727","0","2","0","0","0","0","0","2","0","2","N","","","","","","","","","","","","03","03","","",""
"1006","1","0","0","0","0","0","0","0","0","7","0","","36","01","2020","2020008795","7","40.1959","-76.1686","1000","08","0","0","0","0","0","1","0","0","","0","0","0","10","1","0","03","0","40 11:45.181","","00","76 10:07.078","0","0","0","0","36218","0","0","0","N","0","0","0","1","36408","0","","2","07","N","N","0","","0","0","0","0","0","","1000","0","1","0","0","0","0","0","1","0","1","N","","","","","","","","","","","","10","09","","",""
"1614","2","0","0","0","0","0","0","0","0","4","0","","36","01","2020","2020008828","7","40.0664","-76.3438","1614","08","0","0","0","0","0","0","1","0","","0","0","0","16","4","1","00","1","40 03:59.179","2","07","76 20:37.504","3","0","0","0","36301","0","0","0","N","0","0","0","2","36301","0","","1","01","N","N","0","","1","0","0","0","0","N","1614","1","2","0","0","0","0","0","3","0","2","N","","","","","","","","","","","1730","03","03","","N","N"
"1440","1","0","0","0","0","0","0","0","0","5","0","","36","01","2020","2020008837","4","40.1583","-76.5912","1440","08","0","0","0","0","0","1","0","0","","0","0","0","14","1","3","00","2","40 09:29.871","6","00","76 35:28.290","4","0","0","0","36407","0","0","0","N","0","0","0","3","36407","3","","6","01","N","N","0","","0","0","1","0","0","Y","1440","3","2","0","0","0","0","0","2","0","2","N","","","","","","","","","","","1530","03","  ","","",""
"1409","0","0","0","0","0","0","0","0","0","7","0","","36","01","2020","2020008863","2","39.9745","-76.2795","1405","08","0","0","1","0","0","0","0","0","","0","0","0","12","1","1","00","1","39 58:28.269","2","00","76 16:46.033","3","0","0","0","36228","0","0","0","N","0","0","0","1","36228","0","","4","01","N","N","0","","1","0","1","3","3","N","1246","1","1","0","0","1","0","0","1","0","1","N","","","","","","","","","","","1430","04","  ","","",""
"1740","1","0","0","0","0","0","0","0","0","98","0","","36","01","2020","2020008897","4","40.2404","-76.2527","1727","08","0","0","0","0","0","0","0","0","","0","0","0","99","2","0","00","1","40 14:25.517","4","00","76 15:09.845","0","0","0","0","36204","0","0","0","N","0","0","0","1","68T06","0","","1","01","N","N","0","","0","0","0","0","0","N","9999","0","1","0","0","0","0","0","1","0","1","N","","","","","","","","","","","0020","03","  ","","",""