"ARRIVAL_TM","AUTOMOBILE_COUNT","BELTED_DEATH_COUNT","BELTED_SUSP_SERIOUS_INJ_COUNT","BICYCLE_COUNT","BICYCLE_DEATH_COUNT","BICYCLE_SUSP_SERIOUS_INJ_COUNT","BUS_COUNT","CHLDPAS_DEATH_COUNT","CHLDPAS_SUSP_SERIOUS_INJ_COUNT","COLLISION_TYPE","COMM_VEH_COUNT","CONS_ZONE_SPD_LIM","COUNTY","CRASH_MONTH","CRASH_YEAR","CRN","DAY_OF_WEEK","DEC_LAT","DEC_LONG","DISPATCH_TM","DISTRICT","DRIVER_COUNT_16YR","DRIVER_COUNT_17YR","DRIVER_COUNT_18YR","DRIVER_COUNT_19YR","DRIVER_COUNT_20YR","DRIVER_COUNT_50_64YR","DRIVER_COUNT_65_74YR","DRIVER_COUNT_75PLUS","EST_HRS_CLOSED","FATAL_COUNT","HEAVY_TRUCK_COUNT","HORSE_BUGGY_COUNT","HOUR_OF_DAY","ILLUMINATION","INJURY_COUNT","INTERSECT_TYPE","LANE_CLOSED","LATITUDE","LN_CLOSE_DIR","LOCATION_TYPE","LONGITUDE","MAX_SEVERITY_LEVEL","MCYCLE_DEATH_COUNT","MCYCLE_SUSP_SERIOUS_INJ_COUNT","MOTORCYCLE_COUNT","MUNICIPALITY","NONMOTR_COUNT","NONMOTR_DEATH_COUNT","NONMOTR_SUSP_SERIOUS_INJ_COUNT","NTFY_HIWY_MAINT","PED_COUNT","PED_DEATH_COUNT","PED_SUSP_SERIOUS_INJ_COUNT","PERSON_COUNT","POLICE_AGCY","POSSIBLE_INJ_COUNT","RDWY_SURF_TYPE_CD","RELATION_TO_ROAD","ROAD_CONDITION","SCH_BUS_IND","SCH_ZONE_IND","SMALL_TRUCK_COUNT","SPEC_JURIS_CD","SUSP_MINOR_INJ_COUNT","SUSP_SERIOUS_INJ_COUNT","SUV_COUNT","TCD_FUNC_CD","TCD_TYPE","TFC_DETOUR_IND","TIME_OF_DAY","TOT_INJ_COUNT","TOTAL_UNITS","UNB_DEATH_COUNT","UNB_SUSP_SERIOUS_INJ_COUNT","UNBELTED_OCC_COUNT","UNK_INJ_DEG_COUNT","UNK_INJ_PER_COUNT","URBAN_RURAL","VAN_COUNT","VEHICLE_COUNT","WORK_ZONE_IND","WORK_ZONE_LOC","WORK_ZONE_TYPE","WORKERS_PRES","WZ_CLOSE_DETOUR","WZ_FLAGGER","WZ_LAW_OFFCR_IND","WZ_LN_CLOSURE","WZ_MOVING","WZ_OTHER","WZ_SHLDER_MDN","ROADWAY_CLEARED","WEATHER1","WEATHER2","WZ_WORKERS_INJ_KILLED","SECONDARY_CRASH","INTERSECTION_RELATED"
"1947","1","0","0","0","0","0","0","0","0","7","1","","36","01","2020","2020009038","7","40.0709","-76.3247","1933","08","0","0","0","0","0","0","0","0","","0","1","0","19","3","0","00","0","40 04:15.364","","03","76 19:28.755","0","0","0","0","36101","0","0","0","N","0","0","0","2","36101","0","","5","02","N","N","0","","0","0","0","0","0","","1930","0","2","0","0","0","0","0","3","0","2","N","","","","","","","","","","","","10","06","","",""
"0505","1","0","0","0","0","0","0","0","0","7","0","","36","01","2020","2020009039","5","40.0144","-76.3332","0455","08","0","0","0","0","0","0","0","0","","0","0","0","04","2","0","00","2","40 00:51.720","1","00","76 19:59.510","0","0","0","0","36220","0","0","0","N","0","0","0","1","36101","0","","3","01","N","N","0","","0","0","0","0","0","Y","0430","0","1","0","0","0","0","0","3","0","1","N","","","","","","","","","","","0555","03","03","","",""
"1057","1","0","0","0","0","0","0","0","0","4","0","","36","01","2020","2020009040","5","40.0876","-76.3361","1053","08","0","0","0","0","0","1","1","0","","0","0","0","10","1","1","01","0","40 05:15.241","","00","76 20:09.931","3","0","0","0","36101","0","0","0","N","0","0","0","2","36101","0","","1","01","N","N","0","","1","0","1","3","3","","1050","1","2","0","0","0","0","0","3","0","2","N","","","","","","","","","","","","03","  ","","",""
"1054","2","0","0","0","0","0","0","0","0","1","0","","36","01","2020","2020009041","2","40.0444","-76.3634","1045","08","0","0","0","0","0","0","0","1","","0","0","0","10","1","1","01","1","40 02:39.964","1","00","76 21:48.087","4","0","0","0","36214","0","0","0","N","0","0","0","4","36214","1","","1","01","N","N","0","","0","0","1","3","2","N","1045","1","3","0","0","0","0","0","3","0","3","N","","","","","","","","","","","0030","04","  ","","",""
"0912","1","0","0","0","0","0","0","0","0","7","0","","36","01","2020","2020009042","7","40.1052","-76.2374","0909","08","0","0","0","1","0","0","0","0","","0","0","0","09","1","0","00","2","40 06:18.860","1","03","76 14:14.665","0","0","0","0","36234","0","0","0","N","0","0","0","2","36215","0","","2","07","N","N","0","","0","0","0","0","0","N","0906","0","1","0","0","0","0","0","1","0","1","N","","","","","","","","","","","0955","10","  ","","",""
"1031","0","0","0","0","0","0","0","0","0","7","0","","36","01","2020","2020009043","7","40.0697","-76.1699","1027","08","0","0","0","0","0","1","0","0","","0","0","0","10","1","0","03","1","40 04:11.026","2","00","76 10:11.592","0","0","0","0","36234","0","0","0","N","0","0","0","2","36215","0","","5","07","N","N","0","","0","0","1","0","0","N","1025","0","2","0","0","0","0","0","1","0","1","N","","","","","","","","","","","1127","10","  ","","",""
"1553","0","0","0","0","0","0","0","0","0","7","0","","36","01","2020","2020009113","7","40.1908","-76.0322","1530","08","0","0","0","0","0","0","0","1","","0","0","0","15","1","1","00","2","40 11:26.736","5","00","76 01:56.024","3","0","0","0","36202","0","0","0","N","0","0","0","1","68J01","0","","4","09","N","N","0","","1","0","1","0","0","Y","1510","1","1","0","0","0","0","0","1","0","1","N","","","","","","","","","","","0045","03","03","","",""
"1754","0","0","0","0","0","0","0","0","0","4","0","","36","01","2020","2020009115","2","40.021","-75.9796","1732","08","0","0","0","0","0","0","1","0","","0","0","0","17","2","1","01","2","40 01:15.560","7","00","75 58:46.686","3","0","0","0","36232","0","0","0","N","0","0","0","2","68J01","0","","1","01","N","N","1","","1","0","0","3","3","Y","1725","1","2","0","0","0","0","0","1","1","2","N","","","","","","","","","","","0635","03","03","","",""
"1739","0","0","0","0","0","0","0","0","0","7","0","","36","01","2020","2020009116","3","39.8403","-76.1456","1713","08","0","0","0","0","0","0","0","0","","0","0","0","17","2","0","00","1","39 50:25.100","4","00","76 08:44.100","0","0","0","0","36212","0","0","0","N","0","0","0","1","68J01","0","","4","07","N","N","0","","0","0","0","0","0","N","1705","0","1","0","0","0","0","0","1","1","1","N","","","","","","","","","","","2100","02","10","","",""
"0440","0","0","0","0","0","0","0","0","0","7","0","","36","01","2020","2020009118","4","39.8163","-76.0377","0413","08","0","0","0","0","0","0","0","0","","0","0","0","04","2","0","00","1","39 48:58.516","1","00","76 02:15.653","0","0","0","0","36205","0","0","0","N","0","0","0","1","68J01","0","","4","02","N","N","1","","0","0","0","0","0","N","0412","0","1","0","0","0","0","0","1","0","1","N","","","","","","","","","","","0556","98","  ","","",""
"0906","0","0","0","0","0","0","0","0","0","7","0","","36","01","2020","2020009119","4","40.231","-76.3365","0813","08","0","0","0","0","0","0","0","0","","0","0","0","08","1","0","02","0","40 13:51.576","","00","76 20:11.562","0","0","0","0","36217","0","0","0","Y","0","0","0","1","68J01","0","","4","06","N","N","0","","0","0","1","3","3","","0813","0","1","0","0","0","0","0","1","0","1","N","","","","","","","","","","","","10","08","","",""
"1639","1","0","0","0","0","0","0","0","0","7","0","","36","01","2020","2020009120","4","40.2074","-76.0179","1621","08","0","0","0","0","0","0","0","0","","0","0","0","16","1","0","00","0","40 12:26.613","","00","76 01:04.563","0","0","0","0","36202","0","0","0","N","0","0","0","2","68J01","0","","4","01","N","N","0","","0","0","0","0","0","","1612","0","1","0","0","0","0","0","1","0","1","N","","","","","","","","","","","","04","  ","","",""
"1459","1","0","0","0","0","0","0","0","0","4","0","","36","01","2020","2020009121","5","40.0008","-76.0797","1446","08","0","0","0","0","0","0","1","0","","0","0","0","14","1","0","01","0","40 00:02.735","","00","76 04:47.090","0","0","0","0","36226","0","0","0","N","0","0","0","2","68J01","0","","1","01","N","N","0","","0","0","0","3","3","","1441","0","2","0","0","0","0","0","1","1","2","N","","","","","","","","","","","","03","  ","","",""
"1625","2","0","0","0","0","0","0","0","0","4","0","","36","01","2020","2020009125","6","40.0388","-76.0971","1611","08","1","0","0","0","0","0","0","0","","0","0","0","16","1","1","02","2","40 02:19.829","6","00","76 05:49.729","4","0","0","0","36221","0","0","0","N","0","0","0","2","68J01","1","","1","01","N","N","0","","0","0","0","3","3","Y","1611","1","2","0","0","0","0","0","1","0","2","N","","","","","","","","","","","1645","03","  ","","",""
"1802","0","0","0","0","0","0","0","0","0","4","0","","36","01","2020","2020009129","1","40.0412","-76.0138","1745","08","0","0","0","1","0","0","0","0","","0","0","1","17","2","0","02","2","40 02:28.160","5","00","76 00:49.500","0","0","0","1","36232","2","0","0","N","0","0","0","3","68J01","0","","1","01","N","N","0","","0","0","0","0","0","Y","1742","0","2","0","0","0","0","0","1","0","1","N","","","","","","","","","","","1830","03","  ","","",""
"0535","2","0","0","0","0","0","0","0","0","4","0","","36","01","2020","2020009130","3","40.0407","-75.9547","0520","08","0","0","0","0","0","0","0","0","","0","0","0","05","2","0","03","0","40 02:26.667","","00","75 57:16.876","0","0","0","0","36232","0","0","0","N","0","0","0","2","68J01","0","","1","01","N","N","0","","0","0","0","3","3","","0516","0","2","0","0","0","0","0","1","0","2","N","","","","","","","","","","","","03","  ","","",""
"2352","1","0","0","0","0","0","0","0","0","7","0","","36","01","2020","2020009141","5","39.8773","-76.2182","2335","08","0","0","0","0","0","0","0","0","","0","0","0","23","2","1","00","2","39 52:38.324","3","00","76 13:05.456","8","0","0","0","36212","0","0","0","N","0","0","0","1","68J01","0","","4","01","N","N","0","","0","0","0","0","0","N","2329","1","1","0","0","1","1","0","1","0","1","N","","","","","","","","","","","0045","03","  ","","",""
"1800","0","0","0","0","0","0","0","0","0","7","0","","36","01","2020","2020009144","7","40.0571","-76.1029","1707","08","0","0","0","0","0","0","0","0","","0","0","0","17","2","0","00","1","40 03:25.600","2","00","76 06:10.500","0","0","0","0","36221","0","0","0","N","0","0","0","2","68J01","0","","4","06","N","N","0","","0","0","1","0","0","N","1705","0","1","0","0","0","0","0","1","0","1","N","","","","","","","","","","","1745","06","  ","","",""
"1139","1","0","0","0","0","0","0","0","0","6","1","","36","01","2020","2020009147","5","39.9834","-76.1681","1134","08","0","0","0","0","0","0","0","1","","0","1","0","11","1","0","00","0","39 59:00.102","","00","76 10:05.156","0","0","0","0","36233","0","0","0","N","0","0","0","3","68J01","0","","1","01","N","N","0","","0","0","0","0","0","","1132","0","2","0","0","0","0","0","1","0","2","N","","","","","","","","","","","","03","  ","","",""
"2155","1","0","0","0","0","0","0","0","0","4","0","","36","01","2020","2020009152","3","40.0689","-76.3305","2144","08","0","0","0","0","0","0","0","0","","0","0","0","21","3","0","02","1","40 04:08.215","1","02","76 19:49.760","0","0","0","0","36101","0","0","0","N","0","0","0","2","68J01","0","","1","01","N","N","0","","0","0","1","3","2","N","2140","0","2","0","0","0","0","0","3","0","2","N","","","","","","","","","","","2257","98","98","","",""
"1642","2","0","0","0","0","0","0","0","0","5","0","","36","01","2020","2020009167","7","40.0406","-76.5012","1642","08","0","0","1","0","0","0","0","0","","0","0","0","16","4","1","00","1","40 02:26.231","4","00","76 30:04.475","4","0","0","0","36404","0","0","0","N","0","0","0","3","36404","1","","1","06","N","N","0","","0","0","0","0","0","N","1642","1","2","0","0","0","0","0","3","0","2","N","","","","","","","","","","","1818","09","10","","N","N"
"1842","1","0","0","0","0","0","0","0","0","8","0","","36","01","2020","2020009189","5","40.0431","-76.3198","1841","08","0","0","0","0","0","0","0","0","","0","0","0","18","6","1","01","0","40 02:35.131","","00","76 19:11.233","3","0","0","0","36301","1","0","0","N","1","0","0","2","36301","0","","1","01","N","N","0","","1","0","0","3","2","","1840","1","2","0","0","0","0","0","3","0","1","N","","","","","","","","","","","","03","  ","","",""
"2101","2","0","0","0","0","0","0","0","0","4","0","","36","01","2020","2020009193","3","40.0451","-76.2903","2057","08","0","0","0","0","0","0","0","0","","0","0","0","20","3","2","01","2","40 02:42.385","1","00","76 17:25.141","4","0","0","0","36301","0","0","0","N","0","0","0","4","36301","2","","1","09","N","N","0","","0","0","0","0","0","Y","2055","2","2","0","0","0","0","1","3","0","2","N","","","","","","","","","","","2210","07","98","","",""
"1000","0","0","0","0","0","0","0","0","0","8","0","","36","01","2020","2020009223","6","40.0415","-76.3019","1000","08","0","0","0","0","0","1","0","0","","0","0","0","10","1","1","00","0","40 02:29.273","","00","76 18:06.892","3","0","0","0","36301","1","0","0","N","1","0","0","2","36301","0","","1","01","N","N","0","","1","0","1","3","2","","1000","1","2","0","0","0","0","0","3","0","1","N","","","","","","","","","","","","03","03","","",""
"0813","0","0","0","0","0","0","0","0","0","5","0","","36","01","2020","2020009224","6","40.0412","-76.2895","0807","08","0","0","0","0","0","0","0","0","","0","0","0","08","1","0","00","0","40 02:28.473","","00","76 17:22.037","0","0","0","0","36301","0","0","0","N","0","0","0","2","36301","0","","1","01","N","N","0","","0","0","2","0","0","","0805","0","2","0","0","0","0","0","3","0","2","N","","","","","","","","","","","","03","03","","",""
"0612","1","0","0","0","0","0","0","0","0","98","0","","36","01","2020","2020009281","6","39.9658","-76.2732","0602","08","0","0","0","0","0","0","0","0","","0","0","0","06","2","0","00","0","39 57:56.978","","00","76 16:23.417","0","0","0","0","36228","0","0","0","N","0","0","0","1","36228","0","","1","01","N","N","0","","0","0","0","0","0","","0602","0","1","0","0","0","0","0","1","0","1","N","","","","","","","","","","","","03","03","","",""
"1300","0","0","0","0","0","0","0","0","0","1","0","","36","01","2020","2020009321","6","40.0414","-76.3019","1255","08","0","0","0","0","0","2","0","0","","0","0","0","12","1","1","00","0","40 02:28.929","","00","76 18:06.828","4","0","0","0","36301","0","0","0","N","0","0","0","2","36301","1","","1","01","N","N","0","","0","0","1","0","0","","1255","1","2","0","0","0","0","0","3","1","2","N","","","","","","","","","","","","03","03","","",""
"1746","2","1","0","0","0","0","0","0","0","2","0","","36","01","2020","2020009326","5","40.0103","-76.131","1737","08","0","0","0","0","0","0","0","1","","1","0","0","17","3","2","00","1","40 00:36.901","6","00","76 07:51.689","1","0","0","0","36226","0","0","0","N","0","0","0","3","68J01","0","2","1","01","N","N","0","0","0","0","0","0","0","Y","1726","2","2","0","0","0","2","0","1","0","2","N","","","","","","","","","","","1820","03","  ","","N","N"
"0758","0","0","0","0","0","0","0","0","0","1","2","","36","01","2020","2020009393","5","40.1079","-76.4344","0751","08","0","0","0","0","0","0","0","0","","0","2","0","07","1","0","00","2","40 06:28.275","3","00","76 26:03.709","0","0","0","0","36214","0","0","0","N","0","0","0","4","36214","0","","1","01","N","N","0","","0","0","1","0","0","N","0745","0","3","0","0","0","0","0","3","0","3","N","","","","","","","","","","","0120","03","03","","",""
"0509","1","0","1","0","0","0","0","0","0","7","0","","36","01","2020","2020009395","1","39.9599","-76.2451","0501","08","0","0","0","0","0","0","0","0","1","0","0","0","05","2","1","00","2","39 57:35.602","5","00","76 14:42.418","2","0","0","0","36240","0","0","0","N","0","0","0","1","36240","0","","4","01","N","N","0","","0","1","0","0","0","Y","0501","1","1","0","0","0","0","0","1","0","1","N","","","","","","","","","","","9999","03","  ","","N","N"
"0640","1","0","0","0","0","0","0","0","0","8","0","","36","01","2020","2020009396","3","40.0052","-76.2954","0630","08","0","0","0","0","0","0","0","0","","0","0","0","06","2","1","00","2","40 00:18.768","5","00","76 17:43.271","2","0","0","0","36240","1","0","1","N","1","0","1","4","36240","0","","1","01","N","N","0","","0","1","0","0","0","Y","0628","1","2","0","0","0","0","0","1","0","1","N","","","","","","","","","","","0658","03","  ","","",""
"0427","0","0","0","0","0","0","0","0","0","4","1","","36","01","2020","2020009480","4","40.1133","-76.03","0426","08","0","0","0","0","0","2","0","0","","0","1","0","04","3","1","02","2","40 06:47.782","5","00","76 01:48.032","4","0","0","0","36213","0","0","0","N","0","0","0","3","36213","1","","1","01","N","N","0","","0","0","0","0","0","Y","0420","1","2","0","0","0","0","0","1","1","2","N","","","","","","","","","","","0509","03","03","","",""
"2317","1","0","0","0","0","0","0","0","0","7","0","","36","01","2020","2020009556","3","40.0426","-76.4958","2317","08","0","0","0","0","0","0","0","0","","0","0","0","23","2","0","00","0","40 02:33.456","","00","76 29:44.880","0","0","0","0","36404","0","0","0","N","0","0","0","1","36404","0","","2","02","N","N","0","","0","0","0","0","0","","2317","0","1","0","0","0","0","0","3","0","1","N","","","","","","","","","","","","06","09","","",""
"1050","1","0","0","0","0","0","0","0","0","4","0","","36","01","2020","2020009557","6","40.0331","-76.3059","1049","08","0","0","0","0","0","2","0","0","","0","0","0","10","1","1","01","1","40 01:59.250","3","00","76 18:21.229","3","0","0","0","36301","0","0","0","N","0","0","0","3","36301","0","","1","01","N","N","0","","1","0","1","3","3","N","1049","1","2","0","0","0","0","1","3","0","2","N","","","","","","","","","","","1110","03","03","","",""
"1752","0","0","0","0","0","0","0","0","0","1","0","","36","01","2020","2020009639","6","40.1787","-76.6009","1746","08","0","0","0","0","0","1","0","0","","0","0","0","17","3","2","00","1","40 10:43.484","2","00","76 36:03.077","8","0","0","0","36225","0","0","0","N","0","0","0","4","36505","0","","1","01","N","N","1","","0","0","2","0","0","N","1746","2","3","0","0","0","2","0","2","0","3","N","","","","","","","","","","","1832","03","  ","","",""
"0600","1","0","0","0","0","0","0","0","0","0","0","","36","01","2020","2020009677","7","40.0741","-76.3329","0556","08","0","0","0","0","0","0","0","0","","0","0","0","05","2","0","00","1","40 04:26.738","3","00","76 19:58.313","0","0","0","0","36101","0","0","0","N","0","0","0","1","36101","0","","4","08","N","N","0","","0","0","0","0","0","N","0554","0","1","0","0","0","0","0","3","0","1","N","","","","","","","","","","","0630","07","  ","","",""
"0624","1","0","0","0","0","0","0","0","0","7","0","","36","01","2020","2020009678","7","40.0736","-76.3317","0624","08","0","0","0","0","0","0","0","0","","0","0","0","06","2","0","00","1","40 04:24.803","3","00","76 19:54.098","0","0","0","0","36101","0","0","0","N","0","0","0","1","36101","0","","3","08","N","N","0","","0","0","0","0","0","N","0624","0","1","0","0","0","0","0","3","0","1","N","","","","","","","","","","","0811","07","07","","",""
"1757","0","0","0","0","0","0","0","0","0","8","0","","36","01","2020","2020009679","6","40.0411","-76.3821","1755","08","0","0","0","0","0","1","0","0","","0","0","0","17","3","1","00","2","40 02:27.952","6","00","76 22:55.592","2","0","0","0","36214","1","0","1","N","1","0","1","2","36214","0","","1","09","N","N","0","","0","1","0","0","0","Y","1755","1","2","0","0","0","0","0","3","1","1","N","","","","","","","","","","","1830","07","05","","",""
"1746","3","0","0","0","0","0","0","0","0","1","0","","36","01","2020","2020009694","6","40.1781","-76.6012","1739","08","0","0","0","0","1","2","0","0","","0","0","0","17","2","1","00","1","40 10:41.152","3","03","76 36:04.187","8","0","0","0","36225","0","0","0","N","0","0","0","3","36505","0","","1","01","N","N","0","","0","0","0","0","0","N","1737","1","3","0","0","0","1","0","2","0","3","N","","","","","","","","","","","1834","03","  ","","",""
"2049","0","0","0","0","0","0","0","0","0","7","0","","36","01","2020","2020009807","7","40.1006","-76.4374","2049","08","0","0","0","0","0","1","0","0","","0","0","0","20","2","0","00","2","40 06:02.005","5","01","76 26:14.719","0","0","0","0","36239","0","0","0","N","0","0","0","1","36239","0","","1","09","N","N","0","","0","0","1","0","0","Y","2049","0","1","0","0","0","0","0","3","0","1","N","","","","","","","","","","","2153","03","03","","",""
"0734","0","0","0","0","0","0","0","0","0","7","1","","36","01","2020","2020009831","7","40.2086","-76.1772","0731","08","0","0","0","0","0","1","0","0","","0","1","0","07","1","0","00","2","40 12:31.010","5","00","76 10:38.011","0","0","0","0","36236","0","0","0","N","0","0","0","1","36408","0","","2","09","N","N","0","","0","0","0","3","8","Y","0731","0","1","0","0","0","0","0","1","0","1","N","","","","","","","","","","","0915","07","07","","",""
"1840","1","0","0","0","0","0","0","0","0","4","0","","36","01","2020","2020009841","1","40.0389","-76.5105","1840","08","0","0","0","1","1","0","0","0","","0","0","0","18","3","0","01","1","40 02:20.202","5","02","76 30:37.819","0","0","0","0","36404","0","0","0","N","0","0","0","5","36404","0","","1","01","N","N","0","","0","0","1","3","2","N","1840","0","2","0","0","0","0","0","3","0","2","N","","","","","","","","","","","0300","03","  ","","",""
"0842","1","0","0","0","0","0","0","0","0","2","0","","36","01","2020","2020009844","1","40.1351","-76.1741","0831","08","0","0","0","0","0","0","0","1","","0","0","0","08","1","0","02","0","40 08:06.310","","03","76 10:26.778","0","0","0","0","36238","0","0","0","N","0","0","0","2","36238","0","","1","02","N","N","0","","0","0","1","0","0","","0831","0","2","0","0","0","0","0","3","0","2","N","","","","","","","","","","","","04","  ","","",""
"0433","1","0","0","0","0","0","0","0","0","98","0","","36","01","2020","2020009961","1","40.062","-76.4969","0426","08","0","0","0","0","0","0","0","0","","0","0","0","04","2","0","00","1","40 03:43.022","3","00","76 29:48.807","0","0","0","0","36239","0","0","0","N","0","0","0","1","36239","0","","1","01","N","N","0","","0","0","0","0","0","N","0426","0","1","0","0","0","0","0","3","0","1","N","","","","","","","","","","","0510","03","03","","",""
"0039","1","0","0","0","0","0","0","0","0","7","0","","36","01","2020","2020010066","7","40.0231","-76.2753","0037","08","0","0","0","0","0","1","0","0","","0","0","0","00","2","0","00","0","40 01:23.183","","00","76 16:31.212","0","0","0","0","36240","0","0","0","N","0","0","0","1","36240","0","","2","01","N","N","0","","0","0","0","0","0","","0030","0","1","0","0","0","0","0","1","0","1","N","","","","","","","","","","","","03","  ","","",""
"0916","1","0","0","0","0","0","1","0","0","1","1","","36","01","2020","2020010126","5","40.0241","-76.316","0908","08","0","0","0","0","0","0","0","0","","0","0","0","09","1","0","01","1","40 01:26.922","1","00","76 18:57.776","0","0","0","0","36301","0","0","0","N","0","0","0","2","36301","0","","1","02","Y","N","0","","0","0","0","3","2","N","0904","0","2","0","0","0","0","0","3","0","2","N","","","","","","","","","","","1009","03","03","","",""
"1758","1","0","0","0","0","0","0","0","0","6","0","","36","01","2020","2020010160","7","40.0399","-76.5063","1756","08","0","0","0","0","0","1","0","0","","0","0","0","17","2","2","00","2","40 02:23.500","5","00","76 30:22.500","3","0","0","0","36239","0","0","0","N","0","0","0","2","36404","0","","1","07","N","N","0","","2","0","1","0","0","N","1750","2","2","0","0","0","0","0","3","0","2","N","","","","","","","","","","","1835","03","  ","","",""
"1041","0","0","0","0","0","0","0","0","0","1","1","","36","01","2020","2020010199","2","40.0435","-76.4316","1037","08","0","0","0","0","0","1","0","0","","0","1","0","10","1","1","00","1","40 02:36.603","3","00","76 25:53.805","8","0","0","0","36239","0","0","0","N","0","0","0","5","36239","0","","1","01","N","N","0","","0","0","2","0","0","N","1035","1","3","0","0","0","1","0","3","0","3","N","","","","","","","","","","","1153","03","03","","",""
"1521","1","0","0","0","0","0","0","0","0","8","0","","36","01","2020","2020010273","5","40.0391","-76.2953","1518","08","0","0","0","0","0","0","0","0","","0","0","0","15","1","1","00","2","40 02:20.863","7","00","76 17:43.115","2","0","0","0","36301","1","0","1","N","1","0","1","3","36301","0","","1","98","N","N","0","","0","1","0","3","2","Y","1518","1","2","0","0","0","0","0","3","0","1","N","","","","","","","","","","","1915","03","  ","","",""
"1944","2","0","0","0","0","0","0","0","0","1","0","","36","01","2020","2020010326","4","40.0587","-76.3059","1944","08","0","0","0","0","0","0","1","0","","0","0","0","19","2","2","00","0","40 03:31.186","","00","76 18:21.214","4","0","0","0","36101","0","0","0","N","0","0","0","3","36101","2","","1","01","N","N","0","","0","0","1","0","0","","1944","2","3","0","0","0","0","0","3","0","3","N","","","","","","","","","","","","03","  ","","",""
"0740","1","0","0","0","0","0","0","0","0","1","0","","36","01","2020","2020010328","6","40.0392","-76.2816","0727","08","0","0","0","0","0","0","0","0","","0","0","0","07","1","0","00","2","40 02:21.298","3","00","76 16:53.752","0","0","0","0","36220","0","0","0","N","0","0","0","2","36101","0","","1","01","N","N","0","","0","0","1","0","0","N","0724","0","2","0","0","0","0","0","3","0","2","N","","","","","","","","","","","0749","03","03","","",""
"1334","0","0","0","0","0","0","0","0","0","7","0","","36","01","2020","2020010329","7","40.0166","-76.3239","1328","08","0","0","0","0","0","0","0","0","","0","0","0","13","1","1","00","2","40 00:59.839","6","00","76 19:25.861","4","0","0","0","36220","0","0","0","N","0","0","0","1","36101","1","","4","09","N","N","0","","0","0","1","0","0","Y","1327","1","1","0","0","0","0","0","3","0","1","N","","","","","","","","","","","1417","03","03","","",""
"1736","1","0","0","0","0","0","0","0","1","4","0","","36","01","2020","2020010330","7","40.0665","-76.3024","1734","08","0","0","0","0","0","0","0","0","","0","0","0","17","3","2","02","0","40 03:59.248","","00","76 18:08.668","2","0","0","0","36101","0","0","0","N","0","0","0","5","36101","0","","1","01","N","N","0","","1","1","1","3","3","","1732","2","2","0","0","2","0","0","3","0","2","N","","","","","","","","","","","","03","03","","",""
"2030","1","0","0","0","0","0","0","0","0","4","0","","36","01","2020","2020010331","7","40.028","-76.3258","2030","08","0","0","0","0","1","0","0","0","","0","0","0","20","3","0","00","0","40 01:40.915","","07","76 19:32.738","0","0","0","0","36220","0","0","0","N","0","0","0","3","36101","0","","1","09","N","N","0","","0","0","1","0","0","","2030","0","2","0","0","0","0","0","3","0","2","N","","","","","","","","","","","","04","03","","",""
"1635","1","0","0","0","0","0","0","0","0","5","0","","36","01","2020","2020010332","5","39.9989","-76.47","1623","08","0","0","0","0","0","0","0","0","","0","0","0","16","4","0","00","0","39 59:56.200","","00","76 28:12.060","0","0","0","0","36223","0","0","0","N","0","0","0","4","36223","0","","1","01","N","N","0","","0","0","1","0","0","","1620","0","2","0","0","1","0","0","1","0","2","N","","","","","","","","","","","","04","  ","","",""
"2038","0","0","0","0","0","0","0","0","0","7","0","","36","01","2020","2020010527","2","40.0216","-76.27","2029","08","0","0","0","0","0","1","0","0","","0","0","0","20","2","0","00","0","40 01:17.855","","00","76 16:11.960","0","0","0","0","36240","0","0","0","N","0","0","0","1","36240","0","","5","01","N","N","0","","0","0","1","0","0","","2020","0","1","0","0","0","0","0","1","0","1","N","","","","","","","","","","","","03","03","","",""
"1005","1","0","0","0","0","0","0","0","0","7","0","","36","01","2020","2020010528","7","40.1198","-76.2253","0956","08","0","0","0","0","0","0","0","0","","0","0","0","09","1","1","00","1","40 07:11.288","1","00","76 13:31.190","3","0","0","0","36238","0","0","0","Y","0","0","0","1","36238","0","","3","07","N","N","0","","1","0","0","0","0","N","0956","1","1","0","0","0","0","0","3","0","1","N","","","","","","","","","","","1031","10","10","","",""
"0842","1","0","0","0","0","0","0","0","0","7","0","","36","01","2020","2020010530","1","40.1499","-76.173","0828","08","0","0","0","0","0","0","0","0","","0","0","0","08","1","1","00","1","40 08:59.624","1","00","76 10:22.911","3","0","0","0","36238","0","0","0","Y","0","0","0","1","36238","0","","3","02","N","N","0","","1","0","0","0","0","N","0828","1","1","0","0","0","0","0","3","0","1","N","","","","","","","","","","","0924","03","98","","",""
"2002","0","0","0","0","0","0","0","0","0","7","0","","36","01","2020","2020010554","7","39.9767","-76.3194","1957","08","0","0","0","0","0","1","0","0","","0","0","0","19","2","1","00","0","39 58:36.264","","00","76 19:09.909","8","0","0","0","36228","0","0","0","N","0","0","0","1","36228","0","","4","02","N","N","0","","0","0","1","0","0","","1957","1","1","0","0","1","1","0","1","0","1","N","","","","","","","","","","","","03","  ","","",""
"1301","1","0","0","0","0","0","0","0","0","1","0","","36","01","2020","2020010804","2","40.0754","-76.3367","1256","08","0","0","0","1","0","0","0","0","","0","0","0","12","1","0","00","1","40 04:31.294","1","00","76 20:12.226","0","0","0","0","36101","0","0","0","N","0","0","0","2","36101","0","","1","01","N","N","0","","0","0","1","3","2","N","1249","0","2","0","0","0","0","0","3","0","2","N","","","","","","","","","","","1301","03","03","","",""