"ARRIVAL_TM","AUTOMOBILE_COUNT","BELTED_DEATH_COUNT","BELTED_SUSP_SERIOUS_INJ_COUNT","BICYCLE_COUNT","BICYCLE_DEATH_COUNT","BICYCLE_SUSP_SERIOUS_INJ_COUNT","BUS_COUNT","CHLDPAS_DEATH_COUNT","CHLDPAS_SUSP_SERIOUS_INJ_COUNT","COLLISION_TYPE","COMM_VEH_COUNT","CONS_ZONE_SPD_LIM","COUNTY","CRASH_MONTH","CRASH_YEAR","CRN","DAY_OF_WEEK","DEC_LAT","DEC_LONG","DISPATCH_TM","DISTRICT","DRIVER_COUNT_16YR","DRIVER_COUNT_17YR","DRIVER_COUNT_18YR","DRIVER_COUNT_19YR","DRIVER_COUNT_20YR","DRIVER_COUNT_50_64YR","DRIVER_COUNT_65_74YR","DRIVER_COUNT_75PLUS","EST_HRS_CLOSED","FATAL_COUNT","HEAVY_TRUCK_COUNT","HORSE_BUGGY_COUNT","HOUR_OF_DAY","ILLUMINATION","INJURY_COUNT","INTERSECT_TYPE","LANE_CLOSED","LATITUDE","LN_CLOSE_DIR","LOCATION_TYPE","LONGITUDE","MAX_SEVERITY_LEVEL","MCYCLE_DEATH_COUNT","MCYCLE_SUSP_SERIOUS_INJ_COUNT","MOTORCYCLE_COUNT","MUNICIPALITY","NONMOTR_COUNT","NONMOTR_DEATH_COUNT","NONMOTR_SUSP_SERIOUS_INJ_COUNT","NTFY_HIWY_MAINT","PED_COUNT","PED_DEATH_COUNT","PED_SUSP_SERIOUS_INJ_COUNT","PERSON_COUNT","POLICE_AGCY","POSSIBLE_INJ_COUNT","RDWY_SURF_TYPE_CD","RELATION_TO_ROAD","ROAD_CONDITION","SCH_BUS_IND","SCH_ZONE_IND","SMALL_TRUCK_COUNT","SPEC_JURIS_CD","SUSP_MINOR_INJ_COUNT","SUSP_SERIOUS_INJ_COUNT","SUV_COUNT","TCD_FUNC_CD","TCD_TYPE","TFC_DETOUR_IND","TIME_OF_DAY","TOT_INJ_COUNT","TOTAL_UNITS","UNB_DEATH_COUNT","UNB_SUSP_SERIOUS_INJ_COUNT","UNBELTED_OCC_COUNT","UNK_INJ_DEG_COUNT","UNK_INJ_PER_COUNT","URBAN_RURAL","VAN_COUNT","VEHICLE_COUNT","WORK_ZONE_IND","WORK_ZONE_LOC","WORK_ZONE_TYPE","WORKERS_PRES","WZ_CLOSE_DETOUR","WZ_FLAGGER","WZ_LAW_OFFCR_IND","WZ_LN_CLOSURE","WZ_MOVING","WZ_OTHER","WZ_SHLDER_MDN","ROADWAY_CLEARED","WEATHER1","WEATHER2","WZ_WORKERS_INJ_KILLED","SECONDARY_CRASH","INTERSECTION_RELATED"
"1609","4","0","0","0","0","0","0","0","0","1","0","","36","01","2020","2020010805","2","40.0744","-76.3332","1559","08","0","0","0","1","0","2","0","0","","0","0","0","15","1","1","00","9","40 04:27.740","","99","76 19:59.492","3","0","0","0","36101","0","0","0","N","0","0","0","4","36101","0","","1","01","N","N","0","","1","0","0","0","0","U","1556","1","4","0","0","0","0","0","3","0","4","N","","","","","","","","","","","","03","03","","",""
"1928","1","0","0","0","0","0","0","0","0","4","0","","36","01","2020","2020010806","2","40.0762","-76.3477","1924","08","1","0","0","0","0","0","0","0","","0","0","0","19","3","0","02","1","40 04:34.187","3","00","76 20:51.755","0","0","0","0","36101","0","0","0","N","0","0","0","2","36101","0","","1","01","N","N","0","","0","0","1","3","3","N","1920","0","2","0","0","0","0","0","3","0","2","N","","","","","","","","","","","2006","03","  ","","",""
"0641","0","0","0","0","0","0","0","0","0","1","0","","36","01","2020","2020010807","3","40.1044","-76.3054","0637","08","0","0","0","0","0","2","1","0","","0","0","0","06","3","1","00","2","40 06:15.797","5","07","76 18:19.507","3","0","0","0","36101","0","0","0","N","0","0","0","3","36101","0","","1","01","N","N","0","","1","0","3","0","0","N","0634","1","3","0","0","0","0","0","3","0","3","N","","","","","","","","","","","0701","03","03","","",""
"1343","1","0","0","0","0","0","0","0","0","2","0","","36","01","2020","2020010808","7","40.1017","-76.4273","1338","08","0","0","0","0","0","0","0","0","","0","0","0","13","1","0","02","2","40 06:06.283","5","00","76 25:38.263","0","0","0","0","36214","0","0","0","N","0","0","0","2","36214","0","","1","06","N","N","0","","0","0","1","0","0","Y","1335","0","2","0","0","0","0","0","3","0","2","N","","","","","","","","","","","1450","09","  ","","",""
"1425","1","0","0","0","0","0","0","0","0","7","0","","36","01","2020","2020010809","7","40.0968","-76.3994","1425","08","0","0","1","0","0","0","0","0","","0","0","0","14","1","0","00","0","40 05:48.469","","00","76 23:57.866","0","0","0","0","36214","0","0","0","N","0","0","0","1","36214","0","","4","06","N","N","0","","0","0","0","0","0","","1400","0","1","0","0","0","0","0","3","0","1","N","","","","","","","","","","","","06","09","","",""
"1413","0","0","0","0","0","0","0","0","0","4","0","","36","01","2020","2020010810","6","40.0761","-76.2059","1410","08","0","0","0","0","0","1","0","0","","0","0","1","14","1","0","01","1","40 04:34.113","7","00","76 12:21.249","0","0","0","0","36234","1","0","0","N","0","0","0","2","36215","0","","1","01","N","N","0","","0","0","1","3","3","N","1407","0","2","0","0","0","0","0","1","0","1","N","","","","","","","","","","","1500","03","03","","",""
"1447","1","0","0","0","0","0","0","0","0","4","0","","36","01","2020","2020010811","5","40.0257","-76.2092","1444","08","0","0","0","0","0","1","1","0","","0","0","0","14","1","2","01","1","40 01:32.833","3","00","76 12:32.895","2","0","0","0","36215","0","0","0","N","0","0","0","3","36215","0","","1","01","N","N","0","","1","1","1","3","2","N","1444","2","2","0","1","1","0","0","1","0","2","N","","","","","","","","","","","0030","03","03","","",""
"0741","0","0","0","0","0","0","0","0","0","4","0","","36","01","2020","2020010813","2","40.0301","-76.2317","0732","08","0","0","0","0","0","0","0","0","","0","0","0","07","1","0","00","1","40 01:48.264","3","07","76 13:54.184","0","0","0","0","36215","0","0","0","N","0","0","0","2","36215","0","","1","01","N","N","1","","0","0","1","0","0","N","0730","0","2","0","0","0","0","0","1","0","2","N","","","","","","","","","","","0745","04","  ","","",""
"1450","2","0","0","0","0","0","0","0","0","4","0","","36","01","2020","2020011207","5","40.0842","-76.3435","1446","08","0","0","0","0","0","0","1","0","","0","0","0","14","1","0","02","0","40 05:03.282","","00","76 20:36.575","0","0","0","0","36101","0","0","0","N","0","0","0","2","36101","0","","1","01","N","N","0","","0","0","0","3","2","","1444","0","2","0","0","0","0","0","3","0","2","N","","","","","","","","","","","","03","03","","",""
"1340","1","0","0","0","0","0","0","0","0","7","0","","36","01","2020","2020011208","7","40.1024","-76.4206","1334","08","0","0","0","0","0","0","0","0","","0","0","0","13","1","0","00","0","40 06:08.747","","00","76 25:14.304","0","0","0","0","36214","0","0","0","N","0","0","0","2","36214","0","","3","02","N","N","0","","0","0","0","0","0","","1330","0","1","0","0","0","0","0","3","0","1","N","","","","","","","","","","","","06","10","","",""
"1415","1","0","0","0","0","0","0","0","0","7","0","","36","01","2020","2020011209","7","40.1044","-76.4259","1413","08","0","0","0","0","1","0","0","0","","0","0","0","14","1","0","00","0","40 06:15.972","","00","76 25:33.185","0","0","0","0","36214","0","0","0","N","0","0","0","1","36214","0","","2","06","N","N","0","","0","0","0","0","0","","1410","0","1","0","0","0","0","0","3","0","1","N","","","","","","","","","","","","06","10","","",""
"2150","1","0","0","0","0","0","0","0","0","4","0","","36","01","2020","2020011210","2","40.0884","-76.3796","2141","08","0","0","0","0","0","0","0","0","","0","0","0","21","2","1","00","0","40 05:18.132","","00","76 22:46.553","4","0","0","0","36214","0","0","0","N","0","0","0","3","36214","1","","3","01","N","N","0","","0","0","0","0","0","","2135","1","1","0","0","1","0","0","3","0","1","N","","","","","","","","","","","","03","03","","",""
"0640","1","0","0","0","0","0","0","0","0","1","0","","36","01","2020","2020011211","3","40.0475","-76.3629","0619","08","0","0","0","0","0","0","0","0","","0","0","0","06","3","0","01","0","40 02:50.996","","00","76 21:46.341","0","0","0","0","36214","0","0","0","N","0","0","0","2","36214","0","","1","01","N","N","0","","0","0","1","3","2","","0618","0","2","0","0","0","0","0","3","0","2","N","","","","","","","","","","","","03","03","","",""
"1005","0","0","0","0","0","0","0","0","0","1","1","","36","01","2020","2020011212","3","40.0615","-76.3519","0946","08","0","0","0","0","0","1","0","0","","0","1","0","09","1","2","00","2","40 03:41.231","4","00","76 21:06.865","3","0","0","0","36214","0","0","0","N","0","0","0","3","36214","0","","1","01","N","N","0","","2","0","2","0","0","N","0940","2","3","0","0","0","0","0","3","0","3","N","","","","","","","","","","","0100","04","  ","","",""
"0713","1","0","0","0","0","0","0","0","0","1","0","","36","01","2020","2020011213","3","40.0089","-76.3836","0708","08","0","1","0","0","0","0","0","0","","0","0","0","07","1","0","00","2","40 00:31.998","3","00","76 23:01.077","0","0","0","0","36223","0","0","0","N","0","0","0","4","36223","0","","1","01","N","N","1","","0","0","0","0","0","N","0706","0","2","0","0","0","0","0","1","0","2","N","","","","","","","","","","","0730","04","  ","","",""
"0905","1","0","0","0","0","0","0","0","0","7","0","","36","01","2020","2020011214","1","40.2646","-76.2384","0856","08","1","0","0","0","0","0","0","0","","0","0","0","08","1","0","00","1","40 15:52.387","5","03","76 14:18.225","0","0","0","0","36204","0","0","0","N","0","0","0","1","36506","0","","2","02","N","N","0","","0","0","0","0","0","N","0856","0","1","0","0","0","0","0","1","0","1","N","","","","","","","","","","","0943","03","03","","",""
"1620","1","0","0","0","0","0","0","0","0","4","0","","36","01","2020","2020011215","4","40.1663","-76.3686","1620","08","0","0","0","0","0","0","0","0","","0","0","0","16","1","0","02","0","40 09:58.759","","00","76 22:06.938","0","0","0","0","36227","0","0","0","N","0","0","0","2","36506","0","","1","01","N","N","0","","0","0","0","3","3","","1618","0","2","0","0","0","0","0","1","1","2","N","","","","","","","","","","","","03","  ","","",""
"2233","1","0","0","0","0","0","0","0","0","7","0","","36","01","2020","2020011216","6","40.2338","-76.2369","2224","08","0","0","0","1","0","0","0","0","","0","0","0","22","2","0","00","1","40 14:01.500","4","00","76 14:13.000","0","0","0","0","36204","0","0","0","N","0","0","0","1","36506","0","","4","01","N","N","1","","0","0","0","3","3","N","2222","0","2","0","0","1","0","0","1","0","2","N","","","","","","","","","","","0200","03","03","","",""
"0930","0","0","0","0","0","0","0","0","0","4","0","","36","01","2020","2020011217","2","40.1478","-76.3829","0922","08","0","0","0","0","0","1","0","0","","0","0","0","09","1","1","01","1","40 08:52.241","7","00","76 22:58.339","8","0","0","0","36227","0","0","0","N","0","0","0","2","36506","0","","1","01","N","N","2","","0","0","0","3","3","N","0920","1","2","0","0","0","1","0","1","0","2","N","","","","","","","","","","","0030","03","03","","",""
"1300","2","0","0","0","0","0","0","0","0","4","0","","36","01","2020","2020011257","1","40.0267","-76.3201","1259","08","0","0","0","0","0","2","1","0","","0","0","0","12","1","3","01","2","40 01:35.975","7","00","76 19:12.417","2","0","0","0","36301","0","0","0","N","0","0","0","4","36301","1","","1","01","N","N","0","","0","2","2","3","3","Y","1258","3","4","0","0","0","0","0","3","0","4","N","","","","","","","","","","","1444","03","03","","",""
"0819","1","0","0","0","0","0","0","0","0","1","0","","36","01","2020","2020011276","3","40.0695","-76.3076","0819","08","0","0","0","0","0","0","0","0","","0","0","0","08","1","0","01","0","40 04:10.226","","00","76 18:28.241","0","0","0","0","36101","0","0","0","N","0","0","0","2","36101","0","","1","01","N","N","0","","0","0","1","3","4","","0819","0","2","0","0","0","0","0","3","0","2","N","","","","","","","","","","","","03","03","","",""
"1919","2","0","0","0","0","0","0","0","0","4","0","","36","01","2020","2020011277","2","40.172","-76.3961","1916","08","0","0","0","0","0","0","0","1","","0","0","0","19","3","0","00","0","40 10:19.040","","00","76 23:46.070","0","0","0","0","36410","0","0","0","N","0","0","0","1","36410","0","","1","01","N","N","0","","0","0","0","0","0","","1913","0","2","0","0","0","0","0","2","0","2","N","","","","","","","","","","","","03","03","","",""
"1833","1","0","0","0","0","0","0","0","0","2","0","","36","01","2020","2020011409","4","40.0393","-76.4284","1827","08","0","0","0","0","0","1","0","0","","0","0","0","18","3","0","00","0","40 02:21.611","","07","76 25:42.367","0","0","0","0","36239","0","0","0","N","0","0","0","2","36239","0","","1","01","N","N","0","","0","0","1","0","0","","1827","0","2","0","0","0","0","0","3","0","2","N","","","","","","","","","","","","03","03","","",""
"0605","0","0","0","0","0","0","0","0","0","4","0","","36","01","2020","2020011444","5","40.041","-76.3083","0543","08","0","0","0","0","0","0","1","0","","0","0","0","05","3","0","01","1","40 02:27.420","2","00","76 18:30.009","0","0","0","0","36301","0","0","0","N","0","0","0","2","36301","0","","1","01","N","N","0","","0","0","2","3","2","N","0543","0","2","0","0","0","0","0","3","0","2","N","","","","","","","","","","","0543","03","03","","",""
"1748","5","0","0","0","0","0","0","0","0","1","0","","36","01","2020","2020011451","6","40.0522","-76.2608","1735","08","0","0","0","0","0","1","0","0","","0","0","0","17","4","0","00","1","40 03:07.913","4","00","76 15:38.919","0","0","0","0","36301","0","0","0","N","0","0","0","14","36301","0","","1","01","N","N","0","","0","0","0","0","0","N","1724","0","6","0","0","0","0","0","3","0","5","N","","","","","","","","","","","1840","03","03","","",""
"1000","0","0","0","0","0","0","0","0","0","4","0","","36","01","2020","2020011459","1","40.2798","-76.1402","0850","08","0","0","0","0","0","1","1","0","","0","0","0","08","1","0","02","1","40 16:47.205","3","00","76 08:24.651","0","0","0","0","36236","0","0","0","N","0","0","0","4","36408","0","","1","01","N","N","0","","0","0","0","3","3","N","0850","0","2","0","0","0","0","0","1","2","2","N","","","","","","","","","","","0930","03","  ","","",""
"1347","2","0","0","0","0","0","0","0","0","5","0","","36","01","2020","2020011508","6","40.0711","-76.2722","1333","08","0","0","0","0","0","0","1","0","","0","0","0","13","1","0","02","0","40 04:15.913","","00","76 16:20.013","0","0","0","0","36101","0","0","0","N","0","0","0","1","36101","0","","1","01","N","N","0","","0","0","0","0","0","","1332","0","2","0","0","0","0","0","3","0","2","N","","","","","","","","","","","","03","03","","",""
"1830","1","0","0","0","0","0","0","0","0","7","0","","36","01","2020","2020011509","1","40.0926","-76.3298","1830","08","0","0","0","0","0","1","0","0","","0","0","0","18","2","1","00","2","40 05:33.486","5","00","76 19:47.177","3","0","0","0","36101","0","0","0","N","0","0","0","2","36101","0","","2","01","N","N","0","","1","0","1","0","0","Y","1829","1","2","0","0","0","0","0","3","0","2","N","","","","","","","","","","","2000","03","  ","","",""
"2116","2","0","0","0","0","0","0","0","0","1","0","","36","01","2020","2020011510","1","40.0868","-76.2684","2110","08","0","0","0","0","0","0","0","0","","0","0","0","21","2","0","00","1","40 05:12.323","2","00","76 16:06.060","0","0","0","0","36101","0","0","0","N","0","0","0","4","36101","0","","1","01","N","N","0","","0","0","0","0","0","N","2108","0","2","0","0","0","0","0","3","0","2","N","","","","","","","","","","","0030","03","03","","",""
"0652","1","0","0","0","0","0","0","0","0","7","0","","36","01","2020","2020011511","7","40.061","-76.3579","0633","08","0","0","0","0","0","1","0","0","","0","0","0","06","2","0","00","2","40 03:39.426","4","00","76 21:28.407","0","0","0","0","36214","0","0","0","N","0","0","0","2","36214","0","","2","08","N","N","0","","0","0","0","0","0","N","0632","0","1","0","0","0","0","0","3","0","1","N","","","","","","","","","","","0745","07","  ","","",""
"1906","1","0","0","0","0","0","0","0","0","7","0","","36","01","2020","2020011512","7","40.0369","-76.2437","1859","08","0","0","0","0","0","0","0","0","","0","0","0","18","3","0","00","0","40 02:12.903","","00","76 14:37.436","0","0","0","0","36215","0","0","0","N","0","0","0","1","36215","0","","3","02","N","N","0","","0","0","0","0","0","","1858","0","1","0","0","0","0","0","1","0","1","N","","","","","","","","","","","","10","06","","",""
"1041","1","0","0","0","0","0","0","0","0","1","0","","36","01","2020","2020011513","4","40.0393","-76.1994","1035","08","0","0","0","0","0","1","0","0","","0","0","0","10","1","1","02","0","40 02:21.602","","00","76 11:57.689","4","0","0","0","36215","0","0","0","N","0","0","0","2","36215","1","","1","01","N","N","1","","0","0","0","3","2","","1034","1","2","0","0","0","0","0","1","0","2","N","","","","","","","","","","","","03","03","","",""
"0802","1","0","0","0","0","0","0","0","0","6","0","","36","01","2020","2020011514","5","40.0371","-76.4104","0753","08","0","0","0","0","0","0","0","0","","0","0","0","07","1","1","00","1","40 02:13.710","3","00","76 24:37.477","3","0","0","0","36223","0","0","0","N","0","0","0","3","36223","0","","1","01","N","N","0","","1","0","2","0","0","Y","0746","1","3","0","0","0","0","0","1","0","3","N","","","","","","","","","","","0830","04","  ","","",""
"0847","1","0","0","0","0","0","0","0","0","4","0","","36","01","2020","2020011649","5","40.0774","-76.3088","0847","08","0","0","0","0","0","0","1","0","","0","0","0","08","1","0","00","2","40 04:38.691","6","07","76 18:31.794","0","0","0","0","36101","0","0","0","N","0","0","0","2","36101","0","","1","01","N","N","0","","0","0","1","0","0","N","0847","0","2","0","0","0","0","0","3","0","2","N","","","","","","","","","","","0920","03","03","","N","N"
"1831","1","0","0","0","0","0","0","0","0","7","0","","36","01","2020","2020011650","6","40.2147","-76.4318","1825","08","0","0","0","0","0","0","1","0","","0","0","0","18","2","0","00","0","40 12:52.922","","00","76 25:54.511","0","0","0","0","36230","0","0","0","N","0","0","0","1","36410","0","","5","01","N","N","0","","0","0","0","0","0","","1823","0","1","0","0","0","0","0","1","0","1","N","","","","","","","","","","","","03","03","","",""
"1326","2","0","0","0","0","0","0","0","0","4","1","","36","01","2020","2020011651","3","40.1123","-76.447","1321","08","0","0","0","0","0","0","0","0","","0","0","0","13","1","0","03","0","40 06:44.240","","00","76 26:49.090","0","0","0","0","36230","0","0","0","N","0","0","0","2","36410","0","","1","09","N","N","0","","0","0","0","0","0","","1313","0","2","0","0","0","0","0","1","0","2","N","","","","","","","","","","","","07","  ","","",""
"1506","0","0","0","0","0","0","0","0","0","98","1","","36","01","2020","2020011652","4","40.1306","-76.4864","1453","08","0","0","0","0","0","0","0","0","","0","1","0","14","1","0","00","2","40 07:50.060","6","00","76 29:10.871","0","0","0","0","36230","0","0","0","N","0","0","0","2","36410","0","","1","01","N","N","0","","0","0","1","0","0","Y","1450","0","2","0","0","0","0","0","1","0","2","N","","","","","","","","","","","1558","03","03","","",""
"2021","1","0","0","0","0","0","0","0","0","8","0","","36","01","2020","2020011768","5","40.0358","-76.3142","2018","08","0","0","0","0","0","0","0","0","","0","0","0","20","3","1","01","1","40 02:08.725","4","00","76 18:51.113","2","0","0","0","36301","1","0","1","N","1","0","1","2","36301","0","","1","01","N","N","0","","0","1","0","0","0","N","2017","1","2","0","0","0","0","0","3","0","1","N","","","","","","","","","","","2035","03","  ","","",""
"1126","1","0","0","0","0","0","0","0","0","7","0","","36","01","2020","2020011783","6","40.1497","-76.1752","1116","08","0","0","0","0","0","1","0","0","","0","0","0","11","1","0","00","1","40 08:59.049","1","00","76 10:30.816","0","0","0","0","36238","0","0","0","Y","0","0","0","1","36238","0","","3","01","N","N","0","","0","0","0","0","0","N","1112","0","1","0","0","0","0","0","3","0","1","N","","","","","","","","","","","1155","03","  ","","",""
"0534","0","0","0","0","0","0","0","0","0","7","0","","36","01","2020","2020011803","6","40.1478","-76.6297","0524","08","0","0","0","0","0","1","0","0","","0","0","0","05","2","1","00","0","40 08:52.179","","00","76 37:46.795","8","0","0","0","36237","0","0","0","N","0","0","0","1","36505","0","","4","01","N","N","1","","0","0","0","0","0","","0525","1","1","0","0","0","1","0","1","0","1","N","","","","","","","","","","","","03","03","","",""
"1015","1","0","0","0","0","0","0","0","0","1","0","","36","01","2020","2020011854","5","40.0345","-76.3156","1009","08","0","0","0","0","0","0","1","0","","0","0","0","10","1","0","00","1","40 02:04.277","3","00","76 18:56.029","9","0","0","0","36301","0","0","0","N","0","0","0","2","36301","0","","1","01","N","N","1","","0","0","0","0","0","N","1009","0","2","0","0","0","0","1","3","0","2","N","","","","","","","","","","","1030","03","03","","",""
"1240","3","0","0","0","0","0","0","0","0","1","0","","36","01","2020","2020011858","2","40.0415","-76.2916","1233","08","0","0","0","0","1","0","1","1","","0","0","0","12","1","4","00","0","40 02:29.374","","00","76 17:29.886","3","0","0","0","36301","0","0","0","N","0","0","0","5","36301","0","","1","01","N","N","0","","4","0","0","0","0","N","1227","4","3","0","0","0","0","0","3","0","3","N","","","","","","","","","","","","03","  ","","",""
"1139","0","0","0","0","0","0","0","0","0","4","0","","36","01","2020","2020011860","6","40.0348","-76.5033","1135","08","0","0","0","0","0","1","0","0","","0","0","0","11","1","0","01","2","40 02:05.449","5","00","76 30:11.780","0","0","0","0","36404","0","0","0","N","0","0","0","2","36404","0","","1","01","N","N","0","","0","0","1","3","3","Y","1135","0","2","0","0","0","0","0","3","1","2","N","","","","","","","","","","","1210","03","  ","","",""
"1204","1","0","0","0","0","0","0","0","0","8","0","","36","01","2020","2020011871","3","40.0433","-76.317","1020","08","0","0","0","0","0","0","0","0","","0","0","0","10","1","2","01","0","40 02:35.926","","00","76 19:01.023","4","0","0","0","36301","2","0","0","N","2","0","0","3","36301","2","","4","01","N","N","0","","0","0","0","3","3","","1020","2","3","0","0","0","0","0","3","0","1","N","","","","","","","","","","","","03","03","","",""
"1720","0","0","0","0","0","0","0","0","0","4","0","","36","01","2020","2020011881","3","40.051","-76.3081","1715","08","0","0","0","0","0","0","0","0","","0","0","0","17","4","3","01","1","40 03:03.570","1","00","76 18:29.319","4","0","0","0","36301","0","0","0","N","0","0","0","4","36301","3","","1","01","N","N","0","","0","0","2","3","3","N","1715","3","2","0","0","0","0","0","3","0","2","N","","","","","","","","","","","1745","03","03","","",""
"1638","1","0","0","0","0","0","0","0","0","1","0","","36","01","2020","2020011998","4","40.0389","-76.359","1632","08","0","0","0","0","0","1","0","0","","0","0","0","16","1","0","00","1","40 02:20.043","4","00","76 21:32.550","0","0","0","0","36214","0","0","0","N","0","0","0","3","36214","0","","1","01","N","N","0","","0","0","1","0","0","N","1628","0","2","0","0","0","0","0","3","0","2","N","","","","","","","","","","","1710","03","  ","","",""
"1545","2","0","0","0","0","0","0","0","0","4","0","","36","01","2020","2020011999","6","40.0761","-76.2059","1540","08","0","0","0","0","0","1","0","0","","0","0","0","15","1","2","01","1","40 04:34.113","3","00","76 12:21.249","3","0","0","0","36234","0","0","0","N","0","0","0","3","36215","0","","1","01","N","N","0","","2","0","0","3","3","N","1537","2","2","0","0","0","0","0","1","0","2","N","","","","","","","","","","","1633","04","03","","",""
"0836","0","0","0","0","0","0","0","0","0","1","0","","36","01","2020","2020012000","6","39.987","-76.2385","0830","08","0","0","0","0","0","0","1","0","","0","0","0","08","1","0","00","0","39 59:13.135","","00","76 14:18.676","0","0","0","0","36240","0","0","0","N","0","0","0","2","36240","0","","1","01","N","N","1","","0","0","0","0","0","","0830","0","2","0","0","1","0","0","1","1","2","N","","","","","","","","","","","","03","  ","","",""
"1742","3","0","0","0","0","0","0","0","0","4","0","","36","01","2020","2020012001","3","40.1495","-76.3067","1742","08","0","1","0","0","0","1","0","0","","0","0","0","17","3","1","00","2","40 08:58.112","5","00","76 18:24.151","4","0","0","0","36409","0","0","0","N","0","0","0","3","36409","1","","1","01","N","N","0","","0","0","0","0","0","Y","1740","1","3","0","0","0","0","0","3","0","3","N","","","","","","","","","","","1834","03","03","","",""
"1800","2","0","0","0","0","0","0","0","0","4","0","","36","01","2020","2020012025","6","40.1896","-76.1619","1756","08","0","1","0","0","0","1","0","0","","0","0","0","17","2","0","01","0","40 11:22.416","","00","76 09:42.861","0","0","0","0","36218","0","0","0","N","0","0","0","6","36408","0","","1","09","N","N","0","","0","0","0","3","3","","1755","0","2","0","0","0","0","0","1","0","2","N","","","","","","","","","","","","07","  ","","",""
"1815","1","0","0","0","0","0","0","0","0","8","0","","36","01","2020","2020012082","2","40.1567","-76.6015","1814","08","0","0","0","0","0","0","1","0","","0","0","0","18","3","1","01","0","40 09:24.299","","00","76 36:05.223","2","0","0","0","36407","1","0","1","N","1","0","1","2","36407","0","","1","01","N","N","0","","0","1","0","3","3","","1811","1","2","0","0","0","0","0","2","0","1","N","","","","","","","","","","","","03","03","","",""
"0735","1","0","0","0","0","0","0","0","0","7","0","","36","01","2020","2020012145","7","40.2055","-76.1166","0731","08","0","0","0","0","0","0","0","0","","0","0","0","07","1","0","00","0","40 12:19.909","","00","76 06:59.615","0","0","0","0","36210","0","0","0","Y","0","0","0","1","36210","0","","5","09","N","N","0","","0","0","0","0","0","","0728","0","1","0","0","0","0","0","1","0","1","N","","","","","","","","","","","","07","  ","","",""
"0753","0","0","0","0","0","0","0","0","0","4","0","","36","01","2020","2020012147","3","40.2225","-76.0968","0753","08","0","0","0","0","0","1","1","0","","0","0","0","07","1","0","00","0","40 13:20.979","","00","76 05:48.427","0","0","0","0","36210","0","0","0","N","0","0","0","2","36210","0","","1","01","N","N","1","","0","0","1","3","2","","0749","0","2","0","0","0","0","0","1","0","2","N","","","","","","","","","","","","03","  ","","",""
"1645","0","0","0","0","0","0","0","0","0","7","0","","36","01","2020","2020012174","6","40.1636","-76.1524","1641","08","0","0","0","0","0","1","0","0","","0","0","0","16","1","0","01","0","40 09:48.894","","02","76 09:08.473","0","0","0","0","36218","0","0","0","Y","0","0","0","1","36408","0","","2","01","N","N","0","","0","0","1","3","2","","1641","0","1","0","0","0","0","0","1","0","1","N","","","","","","","","","","","","03","03","","",""
"0825","1","0","0","0","0","0","0","0","0","2","1","","36","01","2020","2020012178","5","40.1324","-76.5675","0824","08","0","0","0","0","0","0","1","0","","0","1","0","08","1","1","00","2","40 07:56.736","5","00","76 34:02.946","8","0","0","0","36225","0","0","0","N","0","0","0","2","36505","0","","1","01","N","N","0","","0","0","0","0","0","Y","0825","1","2","0","0","0","1","0","2","0","2","N","","","","","","","","","","","0932","03","03","","",""
"1739","0","0","0","0","0","0","0","0","0","0","0","","36","01","2020","2020012191","3","40.1572","-76.5206","1640","08","0","0","0","0","0","0","1","0","","0","0","0","16","1","0","00","2","40 09:25.883","5","00","76 31:14.036","0","0","0","0","36225","0","0","0","N","0","0","0","2","36505","0","","2","07","N","N","1","","0","0","0","0","0","Y","1640","0","1","0","0","0","0","0","2","0","1","N","","","","","","","","","","","1739","10","  ","","",""
"1601","0","0","0","0","0","0","0","0","0","7","0","","36","01","2020","2020012277","2","40.1061","-76.2933","1553","08","0","0","0","0","0","0","0","0","","0","0","0","15","1","0","00","0","40 06:21.846","","00","76 17:35.730","0","0","0","0","36101","0","0","0","N","0","0","0","1","36101","0","","5","01","N","N","1","","0","0","0","0","0","","1551","0","1","0","0","0","0","0","3","0","1","N","","","","","","","","","","","","04","  ","","",""
"1821","0","0","0","0","0","0","0","0","0","4","0","","36","01","2020","2020012278","6","40.0695","-76.3076","1820","08","0","0","0","0","0","1","0","0","","0","0","0","18","3","0","01","0","40 04:10.082","","00","76 18:27.453","0","0","0","0","36101","0","0","0","N","0","0","0","2","36101","0","","1","09","N","N","0","","0","0","2","3","2","","1819","0","2","0","0","0","0","0","3","0","2","N","","","","","","","","","","","","07","  ","","",""
"1435","0","0","0","0","0","0","0","0","0","7","0","","36","01","2020","2020012279","3","40.0534","-76.3908","1432","08","0","0","0","0","0","0","0","0","","0","0","0","14","1","0","00","2","40 03:12.067","4","00","76 23:26.710","0","0","0","0","36214","0","0","0","N","0","0","0","1","36214","0","","3","09","N","N","0","","0","0","1","0","0","N","1430","0","1","0","0","1","0","0","3","0","1","N","","","","","","","","","","","1540","04","  ","","N","N"