"ARRIVAL_TM","AUTOMOBILE_COUNT","BELTED_DEATH_COUNT","BELTED_SUSP_SERIOUS_INJ_COUNT","BICYCLE_COUNT","BICYCLE_DEATH_COUNT","BICYCLE_SUSP_SERIOUS_INJ_COUNT","BUS_COUNT","CHLDPAS_DEATH_COUNT","CHLDPAS_SUSP_SERIOUS_INJ_COUNT","COLLISION_TYPE","COMM_VEH_COUNT","CONS_ZONE_SPD_LIM","COUNTY","CRASH_MONTH","CRASH_YEAR","CRN","DAY_OF_WEEK","DEC_LAT","DEC_LONG","DISPATCH_TM","DISTRICT","DRIVER_COUNT_16YR","DRIVER_COUNT_17YR","DRIVER_COUNT_18YR","DRIVER_COUNT_19YR","DRIVER_COUNT_20YR","DRIVER_COUNT_50_64YR","DRIVER_COUNT_65_74YR","DRIVER_COUNT_75PLUS","EST_HRS_CLOSED","FATAL_COUNT","HEAVY_TRUCK_COUNT","HORSE_BUGGY_COUNT","HOUR_OF_DAY","ILLUMINATION","INJURY_COUNT","INTERSECT_TYPE","LANE_CLOSED","LATITUDE","LN_CLOSE_DIR","LOCATION_TYPE","LONGITUDE","MAX_SEVERITY_LEVEL","MCYCLE_DEATH_COUNT","MCYCLE_SUSP_SERIOUS_INJ_COUNT","MOTORCYCLE_COUNT","MUNICIPALITY","NONMOTR_COUNT","NONMOTR_DEATH_COUNT","NONMOTR_SUSP_SERIOUS_INJ_COUNT","NTFY_HIWY_MAINT","PED_COUNT","PED_DEATH_COUNT","PED_SUSP_SERIOUS_INJ_COUNT","PERSON_COUNT","POLICE_AGCY","POSSIBLE_INJ_COUNT","RDWY_SURF_TYPE_CD","RELATION_TO_ROAD","ROAD_CONDITION","SCH_BUS_IND","SCH_ZONE_IND","SMALL_TRUCK_COUNT","SPEC_JURIS_CD","SUSP_MINOR_INJ_COUNT","SUSP_SERIOUS_INJ_COUNT","SUV_COUNT","TCD_FUNC_CD","TCD_TYPE","TFC_DETOUR_IND","TIME_OF_DAY","TOT_INJ_COUNT","TOTAL_UNITS","UNB_DEATH_COUNT","UNB_SUSP_SERIOUS_INJ_COUNT","UNBELTED_OCC_COUNT","UNK_INJ_DEG_COUNT","UNK_INJ_PER_COUNT","URBAN_RURAL","VAN_COUNT","VEHICLE_COUNT","WORK_ZONE_IND","WORK_ZONE_LOC","WORK_ZONE_TYPE","WORKERS_PRES","WZ_CLOSE_DETOUR","WZ_FLAGGER","WZ_LAW_OFFCR_IND","WZ_LN_CLOSURE","WZ_MOVING","WZ_OTHER","WZ_SHLDER_MDN","ROADWAY_CLEARED","WEATHER1","WEATHER2","WZ_WORKERS_INJ_KILLED","SECONDARY_CRASH","INTERSECTION_RELATED"
"2121","1","0","0","0","0","0","0","0","0","5","1","","36","01","2020","2020012346","4","39.987","-76.2817","2119","08","0","0","0","0","0","0","0","0","","0","1","0","21","3","1","00","0","39 59:13.144","","00","76 16:53.959","8","0","0","0","36240","0","0","0","N","0","0","0","2","36240","0","","1","01","N","N","0","","0","0","0","0","0","","2117","1","2","0","0","0","1","0","1","0","2","N","","","","","","","","","","","","03","03","","",""
"1230","1","0","0","0","0","0","0","0","0","4","0","","36","01","2020","2020012370","5","40.1713","-76.1238","1224","08","0","0","0","0","0","2","0","0","","0","0","0","12","1","2","01","1","40 10:16.685","1","00","76 07:25.353","3","0","0","0","36218","0","0","0","N","0","0","0","4","36408","1","","1","01","N","N","0","","1","0","1","3","3","N","1224","2","2","0","0","0","0","0","1","0","2","N","","","","","","","","","","","1245","03","  ","","",""
"2306","2","0","0","0","0","0","0","0","0","1","0","","36","02","2020","2020012373","7","40.1949","-76.1873","2303","08","0","0","0","0","0","0","0","0","","0","0","0","23","3","1","00","2","40 11:41.700","7","00","76 11:14.300","2","0","0","0","36218","0","0","0","N","0","0","0","1","36408","0","","1","01","N","N","1","","0","1","0","0","0","Y","2301","1","3","0","1","1","0","0","1","0","3","N","","","","","","","","","","","0015","03","03","","",""
"0835","1","0","0","0","0","0","0","0","0","7","0","","36","02","2020","2020012383","7","40.1974","-76.1099","0826","08","0","0","0","0","0","0","0","0","","0","0","0","03","2","0","00","0","40 11:50.464","","00","76 06:35.719","0","0","0","0","36210","0","0","0","N","0","0","0","1","36210","0","","4","02","N","N","0","","0","0","0","0","0","","0300","0","1","0","0","0","0","0","1","0","1","N","","","","","","","","","","","","06","  ","","",""
"0713","1","0","0","0","0","0","0","0","0","5","0","","36","01","2020","2020012384","2","40.2218","-76.0724","0709","08","0","0","0","0","0","0","0","0","","0","0","0","07","5","0","00","1","40 13:18.505","1","00","76 04:20.603","0","0","0","0","36210","0","0","0","Y","0","0","0","5","36210","0","","1","01","N","N","1","","0","0","0","0","0","N","0705","0","2","0","0","0","0","0","1","0","2","N","","","","","","","","","","","0815","03","  ","","",""
"0520","0","0","0","0","0","0","0","0","0","4","0","","36","01","2020","2020012481","7","39.884","-76.1609","0457","08","0","0","0","0","0","0","0","0","","0","0","0","04","3","0","02","1","39 53:02.562","1","07","76 09:39.179","9","0","0","0","36212","0","0","0","N","0","0","0","7","68J01","0","","4","09","N","N","1","","0","0","1","3","3","N","0455","0","2","0","0","0","0","1","1","0","2","N","","","","","","","","","","","0630","05","07","","N","N"
"1940","2","0","0","0","0","0","0","0","0","1","0","","36","01","2020","2020012487","3","39.9914","-76.0166","1929","08","0","0","0","0","0","0","0","0","","0","0","0","18","3","0","00","0","39 59:29.169","","00","76 00:59.893","0","0","0","0","36232","0","0","0","N","0","0","0","2","68J01","0","","1","09","N","N","0","","0","0","0","3","2","","1821","0","2","0","0","0","0","0","1","0","2","N","","","","","","","","","","","","07","07","","",""
"1801","1","0","0","0","0","0","0","0","0","1","0","","36","01","2020","2020012541","2","40.0768","-76.3384","1756","08","0","0","0","0","0","2","0","0","","0","0","0","17","2","0","00","1","40 04:36.321","4","00","76 20:18.152","0","0","0","0","36101","0","0","0","N","0","0","0","6","36101","0","","1","01","N","N","0","","0","0","2","0","0","N","1737","0","3","0","0","0","0","0","3","0","3","N","","","","","","","","","","","1843","03","03","","",""
"1552","2","0","0","0","0","0","0","0","0","4","0","","36","01","2020","2020012542","3","40.1155","-76.2427","1545","08","0","0","0","0","0","1","1","0","","0","0","0","15","1","0","02","0","40 06:55.751","","00","76 14:33.696","0","0","0","0","36101","0","0","0","N","0","0","0","2","36101","0","","1","01","N","N","0","","0","0","0","3","3","","1540","0","2","0","0","0","0","0","3","0","2","N","","","","","","","","","","","","03","  ","","",""
"0348","1","0","0","0","0","0","0","0","0","4","0","","36","02","2020","2020012543","7","40.0622","-76.3692","0341","08","0","0","0","0","0","0","0","0","","0","0","0","03","2","1","00","2","40 03:43.800","3","00","76 22:08.950","4","0","0","0","36214","0","0","0","N","0","0","0","2","36214","1","","1","02","N","N","1","","0","0","0","0","0","N","0335","1","2","0","0","0","0","0","3","0","2","N","","","","","","","","","","","0040","05","  ","","",""
"0728","2","0","0","0","0","0","0","0","0","4","0","","36","01","2020","2020012688","3","40.108","-76.5243","0722","08","0","1","0","1","0","0","0","0","","0","0","0","07","1","2","00","1","40 06:28.732","7","00","76 31:27.496","8","0","0","0","36413","0","0","0","N","0","0","0","3","36413","0","","1","01","N","N","0","","0","0","0","3","2","N","0724","2","2","0","0","0","2","0","2","0","2","N","","","","","","","","","","","0800","04","  ","","",""
"0649","0","0","0","0","0","0","0","0","0","4","0","","36","02","2020","2020012747","2","40.1732","-76.5598","0649","08","0","0","0","0","0","0","0","0","","0","0","0","06","1","0","02","1","40 10:23.585","7","00","76 33:35.167","0","0","0","0","36225","0","0","0","N","0","0","0","2","36505","0","","1","01","N","N","1","","0","0","1","3","3","N","0648","0","2","0","0","0","0","0","2","0","2","N","","","","","","","","","","","0730","03","03","","",""
"1629","0","0","0","0","0","0","0","0","0","1","0","","36","01","2020","2020012763","5","40.0524","-76.3064","1625","08","0","0","0","0","0","2","0","0","","0","0","0","16","1","0","01","1","40 03:08.600","3","00","76 18:22.873","0","0","0","0","36301","0","0","0","N","0","0","0","2","36301","0","","1","01","N","N","0","","0","0","1","3","2","N","1625","0","3","0","0","0","0","0","3","1","2","N","","","","","","","","","","","1710","03","03","","",""
"1851","1","0","0","0","0","0","0","0","0","4","1","","36","01","2020","2020012838","6","39.9102","-76.1137","1826","08","0","0","0","0","0","1","0","0","","0","1","0","18","2","1","00","2","39 54:36.706","6","00","76 06:49.306","8","0","0","0","36216","0","0","0","N","0","0","0","2","68J01","0","","1","01","N","N","0","","0","0","0","0","0","Y","1824","1","2","0","0","0","1","0","1","0","2","N","","","","","","","","","","","2004","03","03","","",""
"1458","0","0","0","0","0","0","0","0","0","4","0","","36","01","2020","2020012842","2","39.8517","-76.3057","1435","08","0","0","0","0","0","0","1","0","","0","0","0","14","1","2","01","0","39 51:06.178","","00","76 18:20.426","3","0","0","0","36224","0","0","0","N","0","0","0","3","68J01","0","","1","01","N","N","1","","2","0","0","3","3","","1428","2","2","0","0","0","0","0","1","1","2","N","","","","","","","","","","","","03","03","","",""
"1730","1","0","0","0","0","0","0","0","0","4","0","","36","01","2020","2020012843","2","39.7846","-76.1153","1652","08","0","0","0","0","0","1","0","1","","0","0","0","16","2","2","01","0","39 47:04.715","","00","76 06:55.146","3","0","0","0","36222","0","0","0","N","0","0","0","4","68J01","1","","1","01","N","N","1","","1","0","1","3","3","","1645","2","3","0","0","0","0","0","1","0","3","N","","","","","","","","","","","","03","03","","",""
"0330","1","0","1","0","0","0","0","0","0","7","0","","36","02","2020","2020012922","7","40.1253","-76.3371","0323","08","0","0","0","0","0","0","0","0","","0","0","0","03","2","1","00","1","40 07:31.040","4","00","76 20:13.640","2","0","0","0","36101","0","0","0","N","0","0","0","1","36101","0","","5","02","N","N","0","","0","1","0","0","0","N","0321","1","1","0","0","0","0","0","3","0","1","N","","","","","","","","","","","0400","06","06","","",""
"2253","1","0","0","0","0","0","0","0","0","4","0","","36","02","2020","2020012923","7","40.0249","-76.3319","2252","08","0","0","0","0","0","1","0","0","","0","0","0","22","3","1","02","2","40 01:29.549","7","00","76 19:54.836","3","0","0","0","36220","0","0","0","N","0","0","0","3","36101","0","","1","01","N","N","0","","1","0","0","3","3","Y","2250","1","2","0","0","0","0","0","3","1","2","N","","","","","","","","","","","2322","03","03","","",""
"2028","2","0","0","0","0","0","0","0","0","1","0","","36","01","2020","2020012925","6","40.006","-76.3709","2020","08","0","0","0","0","0","1","0","1","","0","0","0","20","3","0","00","2","40 00:21.505","6","00","76 22:15.099","0","0","0","0","36223","0","0","0","N","0","0","0","4","36223","0","","1","01","N","N","0","","0","0","0","0","0","Y","2020","0","2","0","0","0","0","0","1","0","2","N","","","","","","","","","","","2108","03","  ","","",""
"1711","0","0","0","0","0","0","0","0","0","7","0","","36","02","2020","2020012926","7","40.0265","-76.3945","1706","08","0","0","0","0","0","1","0","0","","0","0","0","17","1","1","00","2","40 01:35.307","5","00","76 23:40.081","4","0","0","0","36223","0","0","0","Y","0","0","0","1","36223","1","","5","09","N","N","0","","0","0","1","0","0","Y","1704","1","1","0","0","0","0","0","1","0","1","N","","","","","","","","","","","0100","07","04","","",""
"2333","1","0","0","0","0","0","0","0","0","7","0","","36","02","2020","2020012927","7","40.0157","-76.3821","2331","08","0","0","0","0","0","0","0","0","","0","0","0","23","2","1","00","2","40 00:56.500","5","00","76 22:55.700","3","0","0","0","36223","0","0","0","N","0","0","0","1","36223","0","","4","09","N","N","0","","1","0","0","0","0","Y","2330","1","1","0","0","0","0","0","1","0","1","N","","","","","","","","","","","0100","07","  ","","",""
"1854","1","0","0","0","0","0","0","0","0","1","0","","36","01","2020","2020012928","5","40.1009","-76.0795","1852","08","0","0","0","0","0","0","1","0","","0","0","0","18","3","0","00","1","40 06:03.080","4","00","76 04:46.150","0","0","0","0","36415","0","0","0","N","0","0","0","1","36415","0","","2","01","N","N","1","","0","0","0","0","0","N","1850","0","2","0","0","0","0","0","1","0","2","N","","","","","","","","","","","1920","03","03","","",""
"0829","0","0","0","0","0","0","0","0","0","7","0","","36","02","2020","2020013025","7","39.9062","-76.3224","0823","08","0","0","0","0","0","0","0","0","","0","0","0","08","1","0","00","0","39 54:22.461","","00","76 19:20.695","0","0","0","0","36224","0","0","0","N","0","0","0","2","68J01","0","","5","02","N","N","0","","0","0","1","0","0","","0811","0","1","0","0","0","0","0","1","0","1","N","","","","","","","","","","","","04","  ","","",""
"0855","0","0","0","0","0","0","0","0","0","4","0","","36","01","2020","2020013063","3","40.2095","-76.3","0829","08","0","1","0","0","0","1","0","0","","0","0","0","08","1","1","01","0","40 12:34.020","","00","76 17:59.942","3","0","0","0","36217","0","0","0","N","0","0","0","4","68J01","0","","1","01","N","N","0","","1","0","2","0","0","","0825","1","2","0","0","0","0","0","1","0","2","N","","","","","","","","","","","","03","03","","",""
"1917","0","0","0","0","0","0","0","0","0","1","0","","36","02","2020","2020013146","7","40.116","-76.5155","1914","08","0","0","1","0","0","0","0","0","","0","0","0","19","3","0","00","0","40 06:57.700","","00","76 30:55.800","0","0","0","0","36225","1","0","0","N","0","0","0","2","36505","0","","6","09","N","N","1","","0","0","1","0","0","","1914","0","2","0","0","0","0","0","2","0","2","N","","","","","","","","","","","","07","07","","",""
"0859","1","0","0","0","0","0","0","0","0","4","1","","36","01","2020","2020013150","5","40.1282","-76.6115","0853","08","0","0","0","0","0","0","0","0","","0","0","0","08","1","4","01","1","40 07:41.663","7","00","76 36:41.536","3","0","0","0","36237","0","0","0","N","0","0","0","4","36505","0","","1","01","N","N","1","","4","0","0","3","3","N","0850","4","2","0","0","1","0","0","1","0","2","N","","","","","","","","","","","1000","03","  ","","",""
"1742","1","0","0","0","0","0","0","0","0","1","0","","36","01","2020","2020013173","4","40.0766","-76.2843","1740","08","0","0","0","0","0","0","0","0","","0","0","0","17","2","0","00","2","40 04:35.877","2","00","76 17:03.631","0","0","0","0","36101","0","0","0","N","0","0","0","2","36101","0","","1","01","N","N","0","","0","0","1","0","0","N","1735","0","2","0","0","0","0","0","3","0","2","N","","","","","","","","","","","1830","03","03","","",""
"2240","0","0","0","0","0","0","0","0","0","7","0","","36","01","2020","2020013174","4","40.2659","-76.2374","2220","08","0","0","0","1","0","0","0","0","","0","0","0","22","2","0","00","0","40 15:57.170","","00","76 14:14.530","0","0","0","0","36204","0","0","0","N","0","0","0","1","36506","0","","4","01","N","N","1","","0","0","0","0","0","","2214","0","1","0","0","0","0","0","1","0","1","N","","","","","","","","","","","","03","  ","","",""
"1124","1","0","0","0","0","0","0","0","0","1","0","","36","02","2020","2020013175","7","40.1381","-76.3825","1120","08","0","1","0","0","0","1","0","0","","0","0","0","11","1","2","00","0","40 08:17.143","","00","76 22:56.985","8","0","0","0","36227","0","0","0","N","0","0","0","6","36506","0","","1","01","N","N","0","","0","0","1","0","0","","1113","2","2","0","0","1","2","0","1","0","2","N","","","","","","","","","","","","04","  ","","",""
"0835","1","0","1","0","0","0","0","0","0","4","0","","36","02","2020","2020013192","3","40.0632","-76.3238","0829","08","0","0","0","0","0","0","0","1","","0","0","0","08","1","2","00","1","40 03:47.406","3","07","76 19:25.589","2","0","0","0","36301","0","0","0","N","0","0","0","2","36301","0","","1","08","N","N","0","","1","1","1","0","0","Y","0826","2","2","0","0","0","0","0","3","0","2","N","","","","","","","","","","","0935","07","  ","","",""
"1235","1","0","0","0","0","0","0","0","0","4","0","","36","01","2020","2020013388","7","40.0885","-76.3293","1228","08","0","0","0","0","0","2","0","0","","0","0","0","12","1","0","00","2","40 05:18.531","1","07","76 19:45.435","0","0","0","0","36101","0","0","0","N","0","0","0","4","36101","0","","1","01","N","N","0","","0","0","1","0","0","Y","1226","0","2","0","0","0","0","0","3","0","2","N","","","","","","","","","","","1309","03","03","","",""
"1540","1","0","0","0","0","0","0","0","0","7","0","","36","01","2020","2020013389","4","40.0901","-76.3559","1537","08","0","1","0","0","0","0","0","0","","0","0","0","15","1","1","02","1","40 05:24.288","3","00","76 21:21.380","4","0","0","0","36214","0","0","0","N","0","0","0","1","36214","1","","2","01","N","N","0","","0","0","0","0","0","N","1533","1","1","0","0","0","0","0","3","0","1","N","","","","","","","","","","","1600","03","03","","",""
"2226","0","0","0","0","0","0","0","0","0","2","0","","36","01","2020","2020013391","6","40.143","-76.4527","2220","08","0","0","0","0","0","0","0","0","","0","1","0","22","2","1","00","2","40 08:34.720","5","00","76 27:09.890","2","0","0","0","36230","0","0","0","N","0","0","0","2","36410","0","","1","09","N","N","1","","0","1","0","0","0","Y","2218","1","2","0","1","2","0","0","1","0","2","N","","","","","","","","","","","2230","03","  ","","",""
"1257","0","0","0","0","0","0","0","0","0","4","0","","36","01","2020","2020013392","4","40.1483","-76.1215","1232","08","0","0","0","0","0","0","0","1","","0","0","0","12","1","1","02","2","40 08:54.032","7","00","76 07:17.516","8","0","0","0","36209","0","0","0","N","0","0","0","2","36415","0","","1","01","N","N","1","","0","0","1","3","3","Y","1229","1","2","0","0","0","1","0","1","0","2","N","","","","","","","","","","","1321","03","05","","",""
"0536","1","0","0","0","0","0","0","0","0","7","0","","36","02","2020","2020013394","7","40.1095","-76.1103","0531","08","0","0","0","0","0","0","0","0","","0","0","0","05","2","0","00","0","40 06:34.300","","00","76 06:37.000","0","0","0","0","36209","0","0","0","N","0","0","0","1","36415","0","","4","02","N","N","0","","0","0","0","0","0","","0528","0","1","0","0","0","0","0","1","0","1","N","","","","","","","","","","","","05","98","","",""
"0908","1","0","0","0","0","0","0","0","0","1","0","","36","02","2020","2020013424","3","40.1097","-76.4813","0908","08","0","0","1","0","0","0","1","0","","0","0","0","09","1","0","00","1","40 06:34.764","3","00","76 28:52.604","0","0","0","0","36413","0","0","0","N","0","0","0","2","36413","0","","1","09","N","N","0","","0","0","1","0","0","N","0902","0","2","0","0","0","0","0","2","0","2","N","","","","","","","","","","","0929","07","  ","","",""
"0655","1","0","0","0","0","0","0","0","0","4","0","","36","01","2020","2020013443","5","40.0186","-76.0638","0634","08","0","0","1","0","1","0","0","0","","0","0","0","05","2","0","02","0","40 01:07.020","","00","76 03:49.852","0","0","0","0","36221","0","0","0","N","0","0","0","2","68J01","0","","1","01","N","N","0","","0","0","1","3","3","","0559","0","2","0","0","0","0","0","1","0","2","N","","","","","","","","","","","","03","03","","",""
"1450","1","0","0","0","0","0","0","0","0","4","0","","36","01","2020","2020013445","5","40.0386","-76.0496","1431","08","0","0","0","0","0","0","0","0","","0","0","0","14","1","0","01","1","40 02:18.820","3","00","76 02:58.717","0","0","0","0","36232","0","0","0","N","0","0","0","5","68J01","0","","1","01","N","N","0","","0","0","1","3","3","N","1424","0","2","0","0","0","0","0","1","0","2","N","","","","","","","","","","","1535","04","04","","",""
"2150","1","0","0","0","0","0","0","0","0","4","0","","36","01","2020","2020013447","5","40.1684","-76.0078","2150","08","0","1","0","0","0","0","0","0","","0","0","0","20","2","1","00","1","40 10:06.415","5","00","76 00:27.986","3","0","0","0","36202","0","0","0","N","0","0","0","2","68J01","0","","1","01","N","N","0","","1","0","1","0","0","Y","2055","1","2","0","0","0","0","0","1","0","2","N","","","","","","","","","","","0100","03","03","","",""
"1119","1","0","0","0","0","0","0","0","0","7","0","","36","01","2020","2020013452","7","39.9481","-76.1917","1104","08","0","1","0","0","0","0","0","0","","0","0","0","10","1","0","00","0","39 56:53.189","","00","76 11:30.216","0","0","0","0","36233","0","0","0","N","0","0","0","1","68J01","0","","4","08","N","N","0","","0","0","0","0","0","","1059","0","1","0","0","0","0","0","1","0","1","N","","","","","","","","","","","","07","  ","","",""
"1552","1","0","0","0","0","0","0","0","0","2","0","","36","01","2020","2020013508","4","39.889","-76.1385","1533","08","0","0","0","0","1","1","0","0","","0","0","0","15","1","1","01","2","39 53:20.254","5","00","76 08:18.744","8","0","0","0","36216","0","0","0","N","0","0","0","2","68J01","0","","1","01","N","N","1","","0","0","0","3","3","Y","1525","1","2","0","0","1","1","0","1","0","2","N","","","","","","","","","","","1645","03","  ","","",""
"2007","0","0","0","0","0","0","0","0","0","7","0","","36","01","2020","2020013509","4","39.9771","-75.9976","1943","08","0","0","0","0","0","1","0","0","","0","0","0","19","2","1","00","1","39 58:37.537","3","00","75 59:51.216","3","0","0","0","36231","0","0","0","N","0","0","0","1","68J01","0","","4","01","N","N","0","","1","0","0","0","0","N","1938","1","1","0","0","0","0","0","1","1","1","N","","","","","","","","","","","2216","03","  ","","N","N"
"1501","1","0","0","0","0","0","0","0","0","7","0","","36","01","2020","2020013519","2","39.7641","-76.1786","1450","08","0","0","0","0","0","0","0","0","","0","0","0","14","1","0","00","0","39 45:50.759","","00","76 10:43.126","0","0","0","0","36219","0","0","0","N","0","0","0","1","68J01","0","","4","01","N","N","0","","0","0","0","0","0","","1441","0","1","0","0","1","0","0","1","0","1","N","","","","","","","","","","","","03","03","","",""
"1811","1","0","0","0","0","0","0","0","0","4","0","","36","02","2020","2020013523","3","40.0563","-76.4626","1806","08","0","0","0","0","0","0","0","1","","0","0","0","18","2","1","01","1","40 03:22.745","1","00","76 27:45.285","3","0","0","0","36239","0","0","0","N","0","0","0","2","36239","0","","1","09","N","N","1","","1","0","0","3","3","N","1806","1","2","0","0","0","0","0","3","0","2","N","","","","","","","","","","","1820","07","07","","",""
"2252","3","0","0","0","0","0","0","0","0","5","0","","36","02","2020","2020013571","2","40.0423","-76.3135","2252","08","0","0","0","0","1","0","0","0","","0","0","0","22","3","0","00","0","40 02:32.357","","00","76 18:48.490","0","0","0","0","36301","0","0","0","N","0","0","0","1","36301","0","","6","01","N","N","0","","0","0","1","0","0","","2249","0","4","0","0","0","0","0","3","0","4","N","","","","","","","","","","","","03","03","","",""
"0607","1","0","0","0","0","0","0","0","0","4","0","","36","02","2020","2020013592","4","40.1636","-76.1524","0603","08","0","0","0","0","0","0","0","0","","0","1","0","06","5","0","01","0","40 09:48.894","","02","76 09:08.473","0","0","0","0","36218","0","0","0","N","0","0","0","2","36408","0","","1","09","N","N","0","","0","0","0","3","2","","0603","0","2","0","0","0","0","0","1","0","2","N","","","","","","","","","","","","03","  ","","",""
"1150","1","0","0","0","0","0","0","0","0","4","0","","36","01","2020","2020013597","3","40.0428","-76.2899","1147","08","0","0","1","0","0","0","0","0","","0","0","0","11","1","1","01","2","40 02:34.216","3","00","76 17:23.632","8","0","0","0","36301","0","0","0","N","0","0","0","3","36301","0","","1","01","N","N","0","","0","0","1","3","3","Y","1145","1","2","0","0","0","1","0","3","0","2","N","","","","","","","","","","","1251","04","  ","","",""
"1720","1","0","0","0","0","0","0","0","0","7","0","","36","01","2020","2020013634","3","40.2278","-76.0886","1717","08","0","0","0","0","0","1","0","0","","0","0","0","17","4","0","00","0","40 13:39.968","","00","76 05:18.793","0","0","0","0","36210","0","0","0","N","0","0","0","1","36210","0","","4","09","N","N","0","","0","0","0","0","0","","1717","0","2","0","0","0","0","0","1","0","1","N","","","","","","","","","","","","07","  ","","",""
"1120","1","0","0","0","0","0","0","0","0","1","0","","36","01","2020","2020013706","5","40.0561","-76.33","1120","08","0","0","0","0","0","1","0","0","","0","0","0","11","1","1","00","0","40 03:22.054","","00","76 19:47.897","3","0","0","0","36101","0","0","0","N","0","0","0","2","36101","0","","1","01","N","N","0","","1","0","0","0","0","","1117","1","2","0","0","1","0","0","3","1","2","N","","","","","","","","","","","","03","  ","","",""
"0532","1","0","0","0","0","0","0","0","0","7","0","","36","02","2020","2020013709","3","40.0108","-76.3749","0527","08","0","0","0","0","0","0","0","0","","0","0","0","05","3","1","00","0","40 00:38.780","","00","76 22:29.780","3","0","0","0","36223","0","0","0","N","0","0","0","1","36223","0","","4","09","N","N","0","","1","0","0","0","0","","0525","1","1","0","0","0","0","0","1","0","1","N","","","","","","","","","","","","04","07","","",""
"1302","0","0","0","0","0","0","0","0","0","1","0","","36","02","2020","2020013806","4","40.1666","-76.1639","1259","08","0","0","0","0","0","0","0","0","","0","0","0","12","1","0","00","1","40 09:59.934","3","07","76 09:49.866","0","0","0","0","36218","0","0","0","N","0","0","0","2","36408","0","","1","01","N","N","0","","0","0","1","0","0","N","1256","0","2","0","0","0","0","0","1","1","2","N","","","","","","","","","","","1400","03","03","","",""
"0750","0","0","0","0","0","0","0","0","0","7","0","","36","01","2020","2020013825","1","40.0473","-76.2675","0743","08","0","0","0","0","0","0","0","0","","0","0","0","07","1","0","00","1","40 02:50.423","1","03","76 16:02.972","0","0","0","0","36215","0","0","0","N","0","0","0","2","36215","0","","5","02","N","N","0","","0","0","1","0","0","N","0742","0","1","0","0","0","0","0","1","0","1","N","","","","","","","","","","","0844","03","  ","","",""
"0809","1","0","0","0","0","0","0","0","0","1","0","","36","02","2020","2020013826","2","40.0894","-76.1777","0754","08","1","0","0","0","0","1","0","0","","0","0","0","07","1","0","00","1","40 05:21.897","4","07","76 10:39.810","0","0","0","0","36234","0","0","0","N","0","0","0","2","36215","0","","1","01","N","N","1","","0","0","0","0","0","N","0754","0","2","0","0","0","0","0","1","0","2","N","","","","","","","","","","","0838","03","  ","","",""
"1515","1","0","0","0","0","0","0","0","0","7","0","","36","02","2020","2020013827","3","40.0726","-76.4213","1515","08","0","1","0","0","0","0","0","0","","0","0","0","15","1","0","00","1","40 04:21.390","2","00","76 25:16.850","0","0","0","0","36239","0","0","0","N","0","0","0","1","36239","0","","4","01","N","N","0","","0","0","0","0","0","N","1515","0","1","0","0","0","0","0","3","0","1","N","","","","","","","","","","","1600","04","  ","","",""
"0415","1","0","0","0","0","0","0","0","0","1","0","","36","02","2020","2020013897","1","40.2273","-76.3801","0353","08","0","0","0","0","0","1","0","0","","0","0","0","03","2","0","00","1","40 13:38.386","4","00","76 22:48.189","0","0","0","0","36217","0","0","0","N","0","0","0","2","68T06","0","","1","09","N","N","0","","0","0","1","0","0","N","0350","0","2","0","0","0","0","0","1","0","2","N","","","","","","","","","","","0500","07","05","","",""
"1531","1","0","0","0","0","0","0","0","0","2","0","","36","01","2020","2020013980","7","40.066","-76.5759","1524","08","0","0","0","0","0","0","0","0","","0","0","0","15","1","0","00","0","40 03:57.699","","00","76 34:33.293","0","0","0","0","36211","0","0","0","N","0","0","0","2","36504","0","","1","06","N","N","0","","0","0","1","0","0","N","1520","0","2","0","0","0","0","0","1","0","2","N","","","","","","","","","","","","10","  ","","",""
"1542","1","0","0","0","0","0","0","0","0","4","0","","36","01","2020","2020013995","1","40.214","-76.1583","1539","08","0","0","0","0","0","0","0","1","","0","0","0","15","1","0","01","0","40 12:50.259","","00","76 09:29.735","0","0","0","0","36210","0","0","0","N","0","0","0","2","36210","0","","1","01","N","N","1","","0","0","0","3","3","","1537","0","2","0","0","0","0","0","1","0","2","N","","","","","","","","","","","","03","  ","","",""
"0612","0","0","0","0","0","0","0","0","0","2","0","","36","02","2020","2020014006","7","40.1752","-76.1776","0610","08","0","0","0","0","0","1","0","1","","0","0","0","06","3","1","00","2","40 10:30.825","6","00","76 10:39.231","3","0","0","0","36408","0","0","0","N","0","0","0","2","36408","0","","1","02","N","N","0","","1","0","2","0","0","Y","0610","1","2","0","0","0","0","0","2","0","2","N","","","","","","","","","","","0655","98","98","","",""
"1811","1","0","0","0","0","0","0","0","0","4","0","","36","02","2020","2020014046","4","40.0723","-76.2681","1804","08","0","0","0","0","1","0","0","0","","0","0","0","18","3","0","02","1","40 04:20.400","3","00","76 16:05.210","0","0","0","0","36101","0","0","0","N","0","0","0","2","36101","0","","1","01","N","N","0","","0","0","1","3","2","N","1800","0","2","0","0","0","0","0","3","0","2","N","","","","","","","","","","","1845","03","  ","","",""