"ARRIVAL_TM","AUTOMOBILE_COUNT","BELTED_DEATH_COUNT","BELTED_SUSP_SERIOUS_INJ_COUNT","BICYCLE_COUNT","BICYCLE_DEATH_COUNT","BICYCLE_SUSP_SERIOUS_INJ_COUNT","BUS_COUNT","CHLDPAS_DEATH_COUNT","CHLDPAS_SUSP_SERIOUS_INJ_COUNT","COLLISION_TYPE","COMM_VEH_COUNT","CONS_ZONE_SPD_LIM","COUNTY","CRASH_MONTH","CRASH_YEAR","CRN","DAY_OF_WEEK","DEC_LAT","DEC_LONG","DISPATCH_TM","DISTRICT","DRIVER_COUNT_16YR","DRIVER_COUNT_17YR","DRIVER_COUNT_18YR","DRIVER_COUNT_19YR","DRIVER_COUNT_20YR","DRIVER_COUNT_50_64YR","DRIVER_COUNT_65_74YR","DRIVER_COUNT_75PLUS","EST_HRS_CLOSED","FATAL_COUNT","HEAVY_TRUCK_COUNT","HORSE_BUGGY_COUNT","HOUR_OF_DAY","ILLUMINATION","INJURY_COUNT","INTERSECT_TYPE","LANE_CLOSED","LATITUDE","LN_CLOSE_DIR","LOCATION_TYPE","LONGITUDE","MAX_SEVERITY_LEVEL","MCYCLE_DEATH_COUNT","MCYCLE_SUSP_SERIOUS_INJ_COUNT","MOTORCYCLE_COUNT","MUNICIPALITY","NONMOTR_COUNT","NONMOTR_DEATH_COUNT","NONMOTR_SUSP_SERIOUS_INJ_COUNT","NTFY_HIWY_MAINT","PED_COUNT","PED_DEATH_COUNT","PED_SUSP_SERIOUS_INJ_COUNT","PERSON_COUNT","POLICE_AGCY","POSSIBLE_INJ_COUNT","RDWY_SURF_TYPE_CD","RELATION_TO_ROAD","ROAD_CONDITION","SCH_BUS_IND","SCH_ZONE_IND","SMALL_TRUCK_COUNT","SPEC_JURIS_CD","SUSP_MINOR_INJ_COUNT","SUSP_SERIOUS_INJ_COUNT","SUV_COUNT","TCD_FUNC_CD","TCD_TYPE","TFC_DETOUR_IND","TIME_OF_DAY","TOT_INJ_COUNT","TOTAL_UNITS","UNB_DEATH_COUNT","UNB_SUSP_SERIOUS_INJ_COUNT","UNBELTED_OCC_COUNT","UNK_INJ_DEG_COUNT","UNK_INJ_PER_COUNT","URBAN_RURAL","VAN_COUNT","VEHICLE_COUNT","WORK_ZONE_IND","WORK_ZONE_LOC","WORK_ZONE_TYPE","WORKERS_PRES","WZ_CLOSE_DETOUR","WZ_FLAGGER","WZ_LAW_OFFCR_IND","WZ_LN_CLOSURE","WZ_MOVING","WZ_OTHER","WZ_SHLDER_MDN","ROADWAY_CLEARED","WEATHER1","WEATHER2","WZ_WORKERS_INJ_KILLED","SECONDARY_CRASH","INTERSECTION_RELATED"
"0927","1","0","0","0","0","0","0","0","0","7","0","","36","02","2020","2020014047","1","40.0038","-76.3884","0914","08","0","0","0","0","0","0","0","0","","0","0","0","09","1","0","00","0","40 00:13.680","","00","76 23:18.350","0","0","0","0","36223","0","0","0","N","0","0","0","1","36223","0","","5","09","N","N","0","","0","0","0","0","0","","0911","0","1","0","0","0","0","0","1","0","1","N","","","","","","","","","","","","04","  ","","",""
"0851","1","0","0","0","0","0","0","0","0","1","0","","36","01","2020","2020014111","6","40.1524","-76.5674","0845","08","0","0","0","0","0","2","0","0","","0","0","0","08","1","0","00","0","40 09:08.575","","00","76 34:02.535","0","0","0","0","36225","0","0","0","N","0","0","0","2","36505","0","","1","01","N","N","0","","0","0","0","0","0","N","0840","0","2","0","0","0","0","0","2","1","2","N","","","","","","","","","","","","03","03","","",""
"1123","0","0","0","0","0","0","0","0","0","7","1","","36","02","2020","2020014192","4","40.2328","-76.1378","1116","08","0","0","0","0","0","1","0","0","","0","1","0","11","1","0","11","2","40 13:57.979","5","00","76 08:16.013","0","0","0","0","36405","0","0","0","N","0","0","0","1","36210","0","","4","01","N","N","0","","0","0","0","0","0","Y","1115","0","1","0","0","0","0","0","1","0","1","N","","","","","","","","","","","1229","03","  ","","",""
"1454","0","0","0","0","0","0","0","0","0","6","0","","36","01","2020","2020014229","5","40.0077","-76.3459","1450","08","1","1","0","0","0","0","0","0","","0","0","0","14","1","0","00","0","40 00:27.800","","00","76 20:45.200","0","0","0","0","36412","0","0","0","N","0","0","0","2","36412","0","","1","01","N","N","1","","0","0","1","0","0","","1451","0","2","0","0","0","0","0","3","0","2","N","","","","","","","","","","","","03","  ","","",""
"1628","0","0","0","0","0","0","0","0","0","1","0","","36","02","2020","2020014236","4","40.0834","-76.3516","1625","08","0","0","0","0","0","1","0","0","","0","0","0","16","1","1","02","0","40 05:00.164","","00","76 21:05.727","3","0","0","0","36214","0","0","0","N","0","0","0","3","36214","0","","1","01","N","N","1","","1","0","1","0","0","","1620","1","3","0","0","0","0","0","3","1","3","N","","","","","","","","","","","","03","03","","",""
"1943","2","0","0","0","0","0","0","0","0","4","0","","36","01","2020","2020014254","3","40.0383","-76.2969","1942","08","0","0","0","0","0","1","0","0","","0","0","0","19","2","0","02","1","40 02:17.962","1","00","76 17:48.984","9","0","0","0","36301","0","0","0","N","0","0","0","2","36301","0","","1","01","N","N","0","","0","0","0","3","3","N","1940","0","2","0","0","0","0","1","3","0","2","N","","","","","","","","","","","2033","03","03","","",""
"2137","3","0","0","0","0","0","0","0","0","4","0","","36","02","2020","2020014340","5","40.0406","-76.3111","2134","08","0","0","0","0","0","0","0","1","","0","0","0","21","3","1","01","1","40 02:26.239","4","00","76 18:39.805","3","0","0","0","36301","0","0","0","N","0","0","0","2","36301","0","","1","09","N","N","0","","1","0","0","3","2","N","2130","1","3","0","0","0","0","0","3","0","3","N","","","","","","","","","","","2234","07","  ","","",""
"1834","2","0","0","0","0","0","0","0","0","1","0","","36","02","2020","2020014361","5","40.0349","-76.3029","1831","08","0","0","0","1","0","0","0","0","","0","0","0","18","3","1","00","1","40 02:05.798","1","00","76 18:10.408","8","0","0","0","36301","0","0","0","N","0","0","0","2","36301","0","","1","09","N","N","0","","0","0","0","3","2","N","1828","1","2","0","0","0","1","0","3","0","2","N","","","","","","","","","","","1851","07","  ","","",""
"0751","2","0","0","0","0","0","0","0","0","1","0","","36","02","2020","2020014392","3","40.0376","-76.3174","0738","08","0","0","0","0","1","0","0","0","","0","0","0","07","1","1","00","2","40 02:15.248","3","00","76 19:02.746","8","0","0","0","36301","0","0","0","N","0","0","0","2","36301","0","","1","01","N","N","0","","0","0","0","0","0","N","0737","1","2","0","0","0","1","0","3","0","2","N","","","","","","","","","","","0815","03","03","","",""
"0635","0","0","0","0","0","0","0","0","0","8","0","","36","01","2020","2020014396","4","40.0296","-76.3231","0628","08","0","0","0","0","0","0","1","0","","0","0","0","06","3","1","01","1","40 01:46.727","2","00","76 19:23.150","4","0","0","0","36301","1","0","0","N","1","0","0","2","36301","1","","1","01","N","N","1","","0","0","0","3","8","Y","0625","1","2","0","0","0","0","0","3","0","1","N","","","","","","","","","","","0645","03","03","","",""
"0702","1","0","0","0","0","0","0","0","0","7","0","","36","02","2020","2020014406","6","40.0544","-76.2699","0652","08","0","0","0","0","0","0","0","0","","0","0","0","06","6","1","00","2","40 03:15.717","4","00","76 16:11.614","4","0","0","0","36301","0","0","0","N","0","0","0","1","36301","1","","3","09","N","N","0","","0","0","0","0","0","N","0649","1","1","0","0","0","0","0","3","0","1","N","","","","","","","","","","","0715","07","  ","","",""
"1548","1","0","0","0","0","0","0","0","0","4","0","","36","01","2020","2020014424","5","40.0316","-76.3045","1544","08","0","0","0","0","0","0","0","0","","0","0","0","15","1","0","01","2","40 01:53.832","1","00","76 18:16.263","0","0","0","0","36301","0","0","0","N","0","0","0","4","36301","0","","1","01","N","N","0","","0","0","1","3","3","Y","1540","0","2","0","0","0","0","0","3","0","2","N","","","","","","","","","","","1644","03","03","","",""
"1611","0","0","0","0","0","0","0","0","0","1","0","","36","02","2020","2020014459","5","40.2225","-76.0968","1608","08","0","0","0","1","0","0","0","0","","0","0","0","16","1","0","01","0","40 13:20.882","","00","76 05:48.548","0","0","0","0","36210","0","0","0","N","0","0","0","2","36210","0","","1","09","N","N","1","","0","0","1","3","4","","1607","0","2","0","0","1","0","0","1","0","2","N","","","","","","","","","","","","07","  ","","",""
"0421","2","0","0","0","0","0","0","0","0","5","0","","36","02","2020","2020014663","2","40.032","-76.3246","0417","08","0","0","0","0","0","0","0","0","","0","0","0","04","3","0","00","0","40 01:55.200","","00","76 19:28.700","0","0","0","0","36220","0","0","0","N","0","0","0","1","36101","0","","1","01","N","N","0","","0","0","0","0","0","","0417","0","2","0","0","0","0","0","3","0","2","N","","","","","","","","","","","","03","03","","",""
"1749","2","0","0","0","0","0","0","0","0","4","0","","36","02","2020","2020014664","5","40.0245","-76.3309","1739","08","0","0","0","0","0","0","0","0","","0","0","0","17","3","1","01","1","40 01:28.028","3","00","76 19:51.268","3","0","0","0","36220","0","0","0","N","0","0","0","2","36101","0","","1","09","N","N","0","","1","0","0","3","2","N","1737","1","2","0","0","0","0","0","3","0","2","N","","","","","","","","","","","1818","07","07","","",""
"1725","0","0","0","0","0","0","0","0","0","98","0","","36","02","2020","2020014665","3","40.076","-76.4013","1716","08","0","0","0","0","0","0","1","0","","0","0","0","17","1","0","00","0","40 04:33.750","","00","76 24:04.770","0","0","0","0","36214","0","0","0","N","0","0","0","1","36214","0","","1","09","N","N","0","","0","0","1","0","0","","1710","0","1","0","0","0","0","0","3","0","1","N","","","","","","","","","","","","03","  ","","",""
"0625","0","0","0","0","0","0","0","0","0","7","0","","36","02","2020","2020014666","7","40.0925","-76.119","0618","08","0","0","0","0","0","1","0","0","","0","0","0","06","3","0","00","0","40 05:33.111","","00","76 07:08.338","0","0","0","0","36209","0","0","0","N","0","0","0","1","36415","0","","5","02","N","N","1","","0","0","0","0","0","","0615","0","1","0","0","0","0","0","1","0","1","N","","","","","","","","","","","","06","  ","","",""
"1623","0","0","0","0","0","0","0","0","0","4","0","","36","02","2020","2020014667","4","40.1558","-76.1077","1616","08","0","0","1","0","0","0","1","0","","0","0","0","16","1","0","01","0","40 09:20.808","","00","76 06:27.691","0","0","0","0","36209","0","0","0","N","0","0","0","2","36415","0","","1","01","N","N","0","","0","0","2","3","3","","1614","0","2","0","0","0","0","0","1","0","2","N","","","","","","","","","","","","03","03","","",""
"1555","1","0","0","0","0","0","0","0","0","7","0","","36","01","2020","2020014741","3","40.2334","-76.3209","1555","08","0","0","0","1","0","0","0","0","","0","0","0","15","1","0","00","0","40 14:00.086","","00","76 19:15.118","0","0","0","0","36217","0","0","0","N","0","0","0","2","68T06","0","","3","07","N","N","0","","0","0","0","0","0","","1555","0","1","0","0","0","0","0","1","0","1","N","","","","","","","","","","","","10","  ","","",""
"1244","1","0","0","0","0","0","0","0","0","7","0","","36","01","2020","2020015000","5","40.0422","-76.3266","1241","08","0","0","0","0","0","0","0","0","","0","0","0","12","1","1","00","2","40 02:31.883","6","00","76 19:35.880","3","0","0","0","36220","0","0","0","N","0","0","0","1","36101","0","","2","01","N","N","0","","1","0","0","0","0","Y","1240","1","1","0","0","0","0","0","3","0","1","N","","","","","","","","","","","1333","03","  ","","",""
"1013","1","0","0","0","0","0","0","0","0","1","0","","36","02","2020","2020015001","3","40.0797","-76.2945","1002","08","1","0","0","0","0","0","0","0","","0","0","0","09","1","0","00","0","40 04:47.030","","00","76 17:40.084","0","0","0","0","36101","0","0","0","N","0","0","0","2","36101","0","","1","09","N","N","0","","0","0","1","0","0","","0959","0","2","0","0","0","0","0","3","0","2","N","","","","","","","","","","","","07","04","","",""
"1625","1","0","0","0","0","0","0","0","0","4","0","","36","02","2020","2020015135","2","40.0392","-76.3088","1618","08","0","0","0","0","0","1","0","0","","0","0","0","16","1","0","01","0","40 02:21.252","","00","76 18:31.657","0","0","0","0","36301","0","0","0","N","0","0","0","3","36301","0","","1","01","N","N","0","","0","0","1","3","3","","1615","0","2","0","0","0","0","0","3","0","2","N","","","","","","","","","","","","03","  ","","",""
"1234","1","0","0","0","0","0","0","0","0","1","0","","36","02","2020","2020015284","7","40.0574","-76.3319","1225","08","0","0","0","0","0","0","0","0","","0","0","0","12","1","0","00","1","40 03:26.522","4","00","76 19:54.942","0","0","0","0","36101","0","0","0","N","0","0","0","2","36101","0","","1","01","N","N","1","","0","0","0","0","0","N","1215","0","2","0","0","0","0","0","3","0","2","N","","","","","","","","","","","1335","03","  ","","",""
"1410","1","0","0","0","0","0","0","0","0","4","0","","36","02","2020","2020015285","7","40.0706","-76.318","1405","08","0","0","0","0","0","1","0","0","","0","0","0","13","1","0","00","0","40 04:14.088","","03","76 19:04.749","0","0","0","0","36101","0","0","0","N","0","0","0","5","36101","0","","1","01","N","N","0","","0","0","1","0","0","","1358","0","2","0","0","0","0","0","3","0","2","N","","","","","","","","","","","","03","  ","","",""
"1314","0","0","0","0","0","0","0","0","0","1","1","","36","02","2020","2020015286","2","40.0949","-76.1113","1309","08","0","0","0","0","0","0","0","1","","0","1","0","13","1","0","00","0","40 05:41.535","","00","76 06:40.592","0","0","0","0","36209","0","0","0","N","0","0","0","2","36415","0","","1","01","N","N","0","","0","0","0","3","2","","1306","0","2","0","0","0","0","0","1","1","2","N","","","","","","","","","","","","03","  ","","",""
"1133","0","0","0","0","0","0","0","0","0","1","0","","36","02","2020","2020015287","3","40.1557","-76.1313","1126","08","0","0","0","0","0","1","0","0","","0","0","0","11","1","0","00","1","40 09:20.691","6","00","76 07:52.520","0","0","0","0","36209","0","0","0","N","0","0","0","4","36415","0","","1","09","N","N","0","","0","0","1","0","0","N","1111","0","2","0","0","0","0","0","1","1","2","N","","","","","","","","","","","1154","04","04","","",""
"0416","1","0","0","0","0","0","0","0","0","4","1","","36","02","2020","2020015360","7","40.0395","-76.306","0412","08","0","0","0","0","0","1","0","0","","0","1","0","04","3","0","01","1","40 02:22.325","4","00","76 18:21.503","0","0","0","0","36301","0","0","0","N","0","0","0","2","36301","0","","1","01","N","N","0","","0","0","0","3","2","Y","0410","0","2","0","0","0","0","0","3","0","2","N","","","","","","","","","","","0437","03","03","","",""
"2100","2","0","0","0","0","0","0","0","0","4","0","","36","02","2020","2020015394","1","40.0458","-76.2904","2100","08","0","0","0","0","0","0","0","0","","0","0","0","20","3","2","01","1","40 02:44.876","4","00","76 17:25.573","3","0","0","0","36301","0","0","0","N","0","0","0","5","36301","0","","1","01","N","N","0","","2","0","0","3","3","N","2048","2","2","0","0","0","0","0","3","0","2","N","","","","","","","","","","","2129","03","03","","",""
"1840","2","0","0","0","0","0","0","0","0","5","0","","36","02","2020","2020015397","1","40.0349","-76.2873","1836","08","0","0","0","0","0","1","0","0","","0","0","0","18","3","1","00","1","40 02:05.500","1","00","76 17:14.400","4","0","0","0","36301","0","0","0","N","0","0","0","3","36301","1","","1","01","N","N","0","","0","0","0","0","0","N","1832","1","2","0","0","0","0","0","3","0","2","N","","","","","","","","","","","1908","03","  ","","",""
"0440","1","0","0","0","0","0","0","0","0","4","0","","36","02","2020","2020015401","7","40.0217","-76.3212","0435","08","0","0","0","0","0","0","0","0","","0","0","0","04","3","0","01","2","40 01:18.260","4","00","76 19:16.244","9","0","0","0","36301","0","0","0","N","0","0","0","1","36301","0","","1","01","N","N","0","","0","0","1","0","0","Y","0431","0","2","0","0","0","0","1","3","0","2","N","","","","","","","","","","","0530","03","  ","","",""
"1941","1","0","0","0","0","0","0","0","0","8","0","","36","02","2020","2020015404","1","40.0395","-76.306","1940","08","0","0","0","0","0","0","0","0","","0","0","0","19","3","1","01","0","40 02:22.325","","00","76 18:21.503","4","0","0","0","36301","1","0","0","N","1","0","0","2","36301","1","","1","01","N","N","0","","0","0","0","3","2","","1932","1","2","0","0","0","0","0","3","0","1","N","","","","","","","","","","","","03","03","","",""
"0540","0","0","0","0","0","0","0","0","0","7","0","","36","01","2020","2020015414","7","40.2116","-76.1799","0537","08","0","0","0","0","0","0","0","0","","0","0","0","05","2","0","00","2","40 12:41.670","5","00","76 10:47.490","0","0","0","0","36236","0","0","0","Y","0","0","0","1","36408","0","","4","09","N","N","0","","0","0","1","0","0","Y","0533","0","1","0","0","0","0","0","1","0","1","N","","","","","","","","","","","0930","07","  ","","",""
"1638","2","0","0","0","0","0","0","0","0","5","0","","36","01","2020","2020015415","3","40.1791","-76.1371","1633","08","0","0","0","0","0","0","1","0","","0","0","0","16","1","0","00","1","40 10:44.717","1","00","76 08:13.397","0","0","0","0","36218","0","0","0","Y","0","0","0","4","36408","0","","1","01","N","N","0","","0","0","0","0","0","N","1633","0","2","0","0","0","0","0","1","0","2","N","","","","","","","","","","","1720","03","  ","","",""
"1530","0","0","0","0","0","0","0","0","0","7","0","","36","02","2020","2020015418","6","40.241","-76.1734","1521","08","0","0","0","0","0","0","0","0","","0","0","0","15","1","0","00","2","40 14:27.489","6","00","76 10:24.115","0","0","0","0","36236","0","0","0","N","0","0","0","1","36408","0","","4","01","N","N","1","","0","0","0","0","0","Y","1521","0","1","0","0","0","0","0","1","0","1","N","","","","","","","","","","","1900","03","  ","","",""
"0659","1","0","0","0","0","0","0","0","0","4","0","","36","02","2020","2020015423","5","40.042","-76.2977","0655","08","0","0","0","0","0","1","0","0","","0","0","0","06","5","0","01","1","40 02:31.214","5","00","76 17:51.648","0","0","0","0","36301","0","0","0","N","0","0","0","2","36301","0","","1","09","N","N","0","","0","0","1","3","2","N","0653","0","2","0","0","0","0","0","3","0","2","N","","","","","","","","","","","0710","07","  ","","",""
"1413","0","0","0","0","0","0","0","0","0","5","0","","36","02","2020","2020015436","2","40.039","-76.3882","1408","08","0","0","0","0","0","0","1","0","","0","0","0","14","1","0","02","0","40 02:20.461","","00","76 23:17.473","0","0","0","0","36223","0","0","0","N","0","0","0","2","36223","0","","1","01","N","N","1","","0","0","1","0","0","","1406","0","2","0","0","0","0","0","1","0","2","N","","","","","","","","","","","","03","  ","","",""
"1132","1","0","0","0","0","0","0","0","0","0","0","","36","02","2020","2020015471","7","40.1556","-76.1562","1130","08","0","0","0","0","0","1","0","0","","0","0","0","11","1","0","00","1","40 09:20.112","2","00","76 09:22.472","0","0","0","0","36238","0","0","0","N","0","0","0","1","36238","0","","3","01","N","N","0","","0","0","0","0","0","N","1123","0","1","0","0","0","0","0","3","0","1","N","","","","","","","","","","","1253","04","  ","","",""
"1438","1","0","0","0","0","0","0","0","0","7","0","","36","02","2020","2020015477","3","40.1574","-76.1538","1433","08","0","0","0","0","0","0","0","0","","0","0","0","14","1","0","00","1","40 09:26.529","1","03","76 09:13.779","0","0","0","0","36238","0","0","0","Y","0","0","0","2","36238","0","","3","01","N","N","0","","0","0","0","0","0","N","1433","0","1","0","0","0","0","0","3","0","1","N","","","","","","","","","","","1549","03","  ","","",""
"1544","2","0","0","0","0","0","0","0","0","1","0","","36","02","2020","2020015496","1","39.9865","-76.2812","1539","08","0","0","0","0","0","1","0","0","","0","0","0","15","1","0","01","0","39 59:11.342","","00","76 16:52.253","0","0","0","0","36240","0","0","0","N","0","0","0","3","36240","0","","1","01","N","N","0","","0","0","0","3","2","","1539","0","2","0","0","0","0","0","1","0","2","N","","","","","","","","","","","","03","03","","",""
"1055","1","0","0","0","0","0","0","0","0","7","0","","36","02","2020","2020015596","2","39.9823","-76.196","1050","08","0","0","1","0","0","0","0","0","","0","0","0","02","3","0","00","0","39 58:56.150","","00","76 11:45.650","0","0","0","0","36417","0","0","0","N","0","0","0","1","36417","0","","4","99","N","N","0","","0","0","0","0","0","","0230","0","1","0","0","0","0","0","1","0","1","N","","","","","","","","","","","","99","  ","","",""
"1159","0","0","0","0","0","0","0","0","0","4","0","","36","01","2020","2020015627","6","40.0939","-76.3042","1155","08","0","0","0","0","0","0","0","1","","0","0","0","11","1","0","02","0","40 05:37.998","","00","76 18:15.207","0","0","0","0","36101","0","0","0","N","0","0","0","2","36101","0","","1","01","N","N","0","","0","0","2","3","3","","1153","0","2","0","0","0","0","0","3","0","2","N","","","","","","","","","","","","03","  ","","",""
"1814","1","0","0","0","0","0","0","0","0","4","0","","36","02","2020","2020015628","5","40.0921","-76.401","1812","08","1","0","0","0","0","0","0","0","","0","0","0","18","2","0","02","0","40 05:31.646","","00","76 24:03.470","0","0","0","0","36214","0","0","0","N","0","0","0","4","36214","0","","1","09","N","N","0","","0","0","0","3","3","","1805","0","2","0","0","0","0","0","3","1","2","N","","","","","","","","","","","","07","  ","","",""
"1637","2","0","0","0","0","0","0","0","0","1","0","","36","02","2020","2020015629","1","40.1576","-76.3073","1636","08","0","0","0","0","0","0","0","1","","0","0","0","16","1","1","00","0","40 09:27.257","","00","76 18:26.393","4","0","0","0","36409","0","0","0","N","0","0","0","3","36409","1","","1","01","N","N","0","","0","0","0","0","0","","1634","1","2","0","0","0","0","0","3","0","2","N","","","","","","","","","","","","03","  ","","",""
"0712","1","0","0","0","0","0","0","0","0","7","0","","36","01","2020","2020015661","4","40.1797","-76.2162","0708","08","0","0","0","0","0","1","0","0","","0","0","0","06","2","0","00","0","40 10:46.761","","00","76 12:58.183","0","0","0","0","36218","0","0","0","N","0","0","0","1","36408","0","","4","07","N","N","0","","0","0","0","0","0","","0625","0","1","0","0","0","0","0","1","0","1","N","","","","","","","","","","","","02","  ","","",""
"1850","2","0","0","0","0","0","0","0","0","4","0","","36","02","2020","2020015788","4","40.0506","-76.3014","1847","08","0","1","0","0","0","1","0","0","","0","0","0","18","3","1","01","1","40 03:02.073","2","00","76 18:05.147","3","0","0","0","36301","0","0","0","N","0","0","0","7","36301","0","","1","09","N","N","0","","1","0","0","3","3","N","1833","1","2","0","0","0","0","0","3","0","2","N","","","","","","","","","","","1850","04","  ","","",""
"0043","1","0","0","0","0","0","0","0","0","7","0","","36","02","2020","2020015789","2","40.0381","-76.3013","0041","08","0","0","0","0","0","1","0","0","","0","0","0","00","3","0","00","2","40 02:17.241","3","00","76 18:04.545","0","0","0","0","36301","0","0","0","N","0","0","0","1","36301","0","","5","01","N","N","0","","0","0","0","0","0","Y","0036","0","1","0","0","0","0","0","3","0","1","N","","","","","","","","","","","0117","03","03","","",""
"0151","1","0","0","0","0","0","0","0","0","3","0","","36","02","2020","2020015801","5","40.167","-76.6101","0128","08","0","0","0","0","0","0","0","0","","0","0","0","01","3","1","00","0","40 10:01.100","","00","76 36:36.400","3","0","0","0","36225","0","0","0","N","0","0","0","1","36505","0","","4","09","N","N","1","","1","0","0","0","0","","0110","1","2","0","0","1","0","0","2","0","2","N","","","","","","","","","","","","07","07","","",""
"2124","1","0","0","0","0","0","0","0","0","7","0","","36","02","2020","2020015803","2","40.1179","-76.0302","2119","08","0","1","0","0","0","0","0","0","","0","0","0","21","3","0","02","0","40 07:04.453","","00","76 01:48.670","0","0","0","0","36213","0","0","0","N","0","0","0","1","36213","0","","5","09","N","N","0","","0","0","0","3","3","","2117","0","1","0","0","0","0","0","1","0","1","N","","","","","","","","","","","","07","  ","","",""
"1608","3","0","0","0","0","0","0","0","0","4","0","","36","02","2020","2020015859","6","40.0435","-76.298","1603","08","0","0","0","0","0","0","1","0","","0","0","0","16","1","2","01","0","40 02:36.541","","00","76 17:52.639","3","0","0","0","36301","0","0","0","N","0","0","0","3","36301","1","","1","01","N","N","0","","1","0","0","3","2","N","1603","2","3","0","0","0","0","0","3","0","3","N","","","","","","","","","","","","03","03","","",""
"1720","1","0","0","0","0","0","0","0","0","1","0","","36","02","2020","2020015876","4","40.0669","-76.3531","1717","08","0","0","0","0","0","2","0","0","","0","0","0","17","4","0","00","0","40 04:01.009","","00","76 21:11.018","0","0","0","0","36214","0","0","0","N","0","0","0","2","36214","0","","1","01","N","N","0","","0","0","1","0","0","","1715","0","2","0","0","0","0","0","3","0","2","N","","","","","","","","","","","","03","03","","",""
"1502","1","0","0","0","0","0","0","0","0","4","0","","36","02","2020","2020016028","3","39.9876","-76.2766","1454","08","0","0","0","0","0","0","1","0","","0","0","0","14","1","0","01","1","39 59:15.198","4","00","76 16:35.769","0","0","0","0","36240","0","0","0","N","0","0","0","2","36240","0","","1","01","N","N","0","","0","0","1","3","2","N","1454","0","2","0","0","1","0","0","1","0","2","N","","","","","","","","","","","1507","03","03","","",""
"1405","2","0","0","0","0","0","0","0","0","1","0","","36","02","2020","2020016082","5","40.0627","-76.3139","1358","08","0","0","0","0","0","1","1","0","","0","0","0","13","1","0","00","0","40 03:45.843","","00","76 18:50.087","0","0","0","0","36101","0","0","0","N","0","0","0","2","36101","0","","1","09","N","N","0","","0","0","0","3","2","","1355","0","2","0","0","0","0","0","3","0","2","N","","","","","","","","","","","","07","  ","","",""
"0730","1","0","0","0","0","0","0","0","0","1","0","","36","02","2020","2020016083","2","40.0599","-76.2776","0720","08","0","0","0","0","0","0","0","0","","0","0","0","07","1","1","00","0","40 03:35.749","","02","76 16:39.355","3","0","0","0","36101","0","0","0","N","0","0","0","2","36101","0","","1","09","N","N","0","","1","0","1","3","4","","0717","1","2","0","0","0","0","0","3","0","2","N","","","","","","","","","","","","07","07","","",""
"1543","1","0","0","0","0","0","0","0","0","5","0","","36","02","2020","2020016084","2","40.068","-76.2915","1530","08","1","0","0","0","0","1","0","0","","0","0","0","15","1","0","06","0","40 04:04.922","","02","76 17:29.471","0","0","0","0","36101","0","0","0","N","0","0","0","3","36101","0","","1","09","N","N","0","","0","0","2","0","0","","1527","0","3","0","0","0","0","0","3","0","3","N","","","","","","","","","","","","04","07","","",""
"0603","1","0","0","0","0","0","0","0","0","98","0","","36","02","2020","2020016085","7","40.0501","-76.226","0559","08","0","0","0","1","0","0","0","0","","0","0","0","05","2","1","00","2","40 03:00.370","5","00","76 13:33.428","3","0","0","0","36215","0","0","0","N","0","0","0","1","36215","0","","1","01","N","N","0","","1","0","0","0","0","Y","0549","1","1","0","0","0","0","0","1","0","1","N","","","","","","","","","","","0630","03","  ","","",""
"1825","0","0","0","0","0","0","0","0","0","98","0","","36","02","2020","2020016235","3","40.0086","-76.2216","1817","08","0","0","0","0","0","1","0","0","","0","0","0","18","2","0","00","2","40 00:30.813","5","00","76 13:17.869","0","0","0","0","36240","0","0","0","N","0","0","0","1","36240","0","","1","01","N","N","1","","0","0","0","0","0","Y","1815","0","1","0","0","0","0","0","1","0","1","N","","","","","","","","","","","1919","03","  ","","",""
"2111","1","0","0","0","0","0","0","0","0","8","0","","36","02","2020","2020016273","5","40.0402","-76.2996","2110","08","0","0","0","0","0","0","0","0","","0","0","0","21","3","1","01","0","40 02:24.765","","00","76 17:58.504","4","0","0","0","36301","1","0","0","N","1","0","0","2","36301","1","","1","01","N","N","0","","0","0","0","0","0","","2109","1","2","0","0","0","0","0","3","0","1","N","","","","","","","","","","","","99","  ","","",""
"1140","1","0","0","0","0","0","0","0","0","0","1","","36","01","2020","2020016351","2","40.1315","-76.5343","1120","08","0","0","0","0","0","1","0","0","","0","1","0","11","1","1","00","0","40 07:53.317","","00","76 32:03.570","3","0","0","0","36225","0","0","0","N","0","0","0","3","36505","0","","1","01","N","N","0","","1","0","0","0","0","","1120","1","2","0","0","0","0","0","2","0","2","N","","","","","","","","","","","","03","03","","",""
"1529","1","0","0","0","0","0","0","0","0","1","0","","36","02","2020","2020016357","3","39.9819","-76.3017","1522","08","0","0","0","0","0","1","0","0","","0","0","0","15","1","1","00","0","39 58:54.989","","00","76 18:06.283","3","0","0","0","36228","0","0","0","N","0","0","0","3","36228","0","","1","01","N","N","0","","1","0","1","0","0","","1521","1","2","0","0","0","0","0","1","0","2","N","","","","","","","","","","","","04","  ","","",""
"1207","1","0","0","0","0","0","0","0","0","7","0","","36","02","2020","2020016473","3","40.0689","-76.2877","1202","08","0","0","0","0","0","0","0","0","","0","0","0","11","1","0","00","0","40 04:07.871","","00","76 17:15.794","0","0","0","0","36101","0","0","0","N","0","0","0","1","36101","0","","5","09","N","N","0","","0","0","0","0","0","","1159","0","1","0","0","0","0","0","3","0","1","N","","","","","","","","","","","","07","04","","",""