"ARRIVAL_TM","AUTOMOBILE_COUNT","BELTED_DEATH_COUNT","BELTED_SUSP_SERIOUS_INJ_COUNT","BICYCLE_COUNT","BICYCLE_DEATH_COUNT","BICYCLE_SUSP_SERIOUS_INJ_COUNT","BUS_COUNT","CHLDPAS_DEATH_COUNT","CHLDPAS_SUSP_SERIOUS_INJ_COUNT","COLLISION_TYPE","COMM_VEH_COUNT","CONS_ZONE_SPD_LIM","COUNTY","CRASH_MONTH","CRASH_YEAR","CRN","DAY_OF_WEEK","DEC_LAT","DEC_LONG","DISPATCH_TM","DISTRICT","DRIVER_COUNT_16YR","DRIVER_COUNT_17YR","DRIVER_COUNT_18YR","DRIVER_COUNT_19YR","DRIVER_COUNT_20YR","DRIVER_COUNT_50_64YR","DRIVER_COUNT_65_74YR","DRIVER_COUNT_75PLUS","EST_HRS_CLOSED","FATAL_COUNT","HEAVY_TRUCK_COUNT","HORSE_BUGGY_COUNT","HOUR_OF_DAY","ILLUMINATION","INJURY_COUNT","INTERSECT_TYPE","LANE_CLOSED","LATITUDE","LN_CLOSE_DIR","LOCATION_TYPE","LONGITUDE","MAX_SEVERITY_LEVEL","MCYCLE_DEATH_COUNT","MCYCLE_SUSP_SERIOUS_INJ_COUNT","MOTORCYCLE_COUNT","MUNICIPALITY","NONMOTR_COUNT","NONMOTR_DEATH_COUNT","NONMOTR_SUSP_SERIOUS_INJ_COUNT","NTFY_HIWY_MAINT","PED_COUNT","PED_DEATH_COUNT","PED_SUSP_SERIOUS_INJ_COUNT","PERSON_COUNT","POLICE_AGCY","POSSIBLE_INJ_COUNT","RDWY_SURF_TYPE_CD","RELATION_TO_ROAD","ROAD_CONDITION","SCH_BUS_IND","SCH_ZONE_IND","SMALL_TRUCK_COUNT","SPEC_JURIS_CD","SUSP_MINOR_INJ_COUNT","SUSP_SERIOUS_INJ_COUNT","SUV_COUNT","TCD_FUNC_CD","TCD_TYPE","TFC_DETOUR_IND","TIME_OF_DAY","TOT_INJ_COUNT","TOTAL_UNITS","UNB_DEATH_COUNT","UNB_SUSP_SERIOUS_INJ_COUNT","UNBELTED_OCC_COUNT","UNK_INJ_DEG_COUNT","UNK_INJ_PER_COUNT","URBAN_RURAL","VAN_COUNT","VEHICLE_COUNT","WORK_ZONE_IND","WORK_ZONE_LOC","WORK_ZONE_TYPE","WORKERS_PRES","WZ_CLOSE_DETOUR","WZ_FLAGGER","WZ_LAW_OFFCR_IND","WZ_LN_CLOSURE","WZ_MOVING","WZ_OTHER","WZ_SHLDER_MDN","ROADWAY_CLEARED","WEATHER1","WEATHER2","WZ_WORKERS_INJ_KILLED","SECONDARY_CRASH","INTERSECTION_RELATED"
"1329","1","0","0","0","0","0","0","0","0","1","0","","36","02","2020","2020016474","3","40.0699","-76.3172","1318","08","0","0","0","0","0","1","0","0","","0","1","0","13","1","1","00","0","40 04:11.475","","00","76 19:02.085","3","0","0","0","36101","0","0","0","N","0","0","0","2","36101","0","","1","01","N","N","0","","1","0","0","3","2","","1315","1","2","0","0","0","0","0","3","0","2","N","","","","","","","","","","","","03","03","","",""
"1542","2","0","0","0","0","0","0","0","0","4","0","","36","02","2020","2020016475","2","40.0585","-76.4037","1534","08","0","0","0","0","0","0","0","1","","0","0","0","15","1","0","01","1","40 03:30.579","5","00","76 24:13.346","0","0","0","0","36214","0","0","0","N","0","0","0","2","36214","0","","1","09","N","N","0","","0","0","0","3","2","N","1520","0","2","0","0","0","0","0","3","0","2","N","","","","","","","","","","","1602","04","07","","",""
"1350","0","0","0","0","0","0","0","0","0","7","0","","36","02","2020","2020016476","3","40.063","-76.3562","1347","08","0","0","0","0","0","0","0","0","","0","0","0","13","1","1","00","1","40 03:46.900","1","07","76 21:22.300","3","0","0","0","36214","0","0","0","N","0","0","0","1","36214","0","","2","09","N","N","0","","1","0","1","0","0","Y","1345","1","1","0","0","0","0","0","3","0","1","N","","","","","","","","","","","1430","04","04","","",""
"1312","1","0","0","0","0","0","0","0","0","1","1","","36","02","2020","2020016477","2","40.0378","-76.3637","1307","08","0","0","0","0","0","1","0","0","","0","1","0","13","1","1","02","1","40 02:16.155","2","00","76 21:49.258","4","0","0","0","36223","0","0","0","N","0","0","0","5","36223","1","","1","09","N","N","0","","0","0","0","0","0","Y","1305","1","2","0","0","0","0","0","1","0","2","N","","","","","","","","","","","1325","07","  ","","",""
"0925","0","0","0","0","0","0","0","0","0","7","0","","36","02","2020","2020016478","4","40.1562","-76.395","0920","08","0","0","0","0","0","1","0","0","","0","0","0","09","1","0","00","2","40 09:22.180","5","00","76 23:42.160","0","0","0","0","36410","0","0","0","N","0","0","0","1","36410","0","","5","01","N","N","1","","0","0","0","0","0","Y","0915","0","1","0","0","0","0","0","2","0","1","N","","","","","","","","","","","1130","03","  ","","",""
"1542","2","0","0","0","0","0","0","0","0","4","0","","36","02","2020","2020016479","1","40.2203","-76.4404","1532","08","0","0","0","0","0","0","0","0","","0","0","0","15","1","0","01","0","40 13:12.958","","00","76 26:25.539","0","0","0","0","36230","0","0","0","N","0","0","0","2","36410","0","","1","01","N","N","0","","0","0","0","3","3","","1532","0","2","0","0","0","0","0","1","0","2","N","","","","","","","","","","","","03","03","","",""
"1951","0","0","0","0","0","0","0","0","0","7","0","","36","02","2020","2020016565","1","40.223","-76.4171","1931","08","0","0","0","0","0","1","0","0","","0","0","0","19","2","0","00","1","40 13:22.632","3","00","76 25:01.616","0","0","0","0","36230","0","0","0","N","0","0","0","1","68T06","0","","1","01","N","N","0","","0","0","1","0","0","N","1931","0","1","0","0","0","0","0","1","0","1","N","","","","","","","","","","","0054","03","03","","",""
"2045","2","0","0","0","0","0","0","0","0","2","0","","36","01","2020","2020016646","6","40.0609","-76.568","2042","08","0","0","1","0","0","1","0","0","","0","0","0","20","3","0","01","0","40 03:39.357","","00","76 34:04.694","0","0","0","0","36211","0","0","0","N","0","0","0","5","36504","0","","1","01","N","N","0","","0","0","0","3","2","","2035","0","2","0","0","0","0","0","1","0","2","N","","","","","","","","","","","","03","  ","","",""
"1305","1","0","0","0","0","0","0","0","0","4","0","","36","02","2020","2020016690","3","40.0394","-76.2932","1257","08","0","0","0","0","1","0","0","0","","0","0","0","12","1","1","01","0","40 02:21.970","","00","76 17:35.658","4","0","0","0","36301","0","0","0","N","0","0","0","3","36301","1","","1","01","N","N","0","","0","0","1","3","3","","1254","1","2","0","0","0","0","0","3","0","2","N","","","","","","","","","","","","03","03","","",""
"0731","2","0","0","0","0","0","0","0","0","1","0","","36","02","2020","2020016695","5","39.9835","-76.2371","0731","08","0","2","0","0","0","0","0","0","","0","0","0","07","1","0","00","1","39 59:00.662","1","00","76 14:13.651","0","0","0","0","36240","0","0","0","N","0","0","0","4","36240","0","","1","09","N","N","0","","0","0","0","0","0","N","0725","0","2","0","0","0","0","0","1","0","2","N","","","","","","","","","","","0901","07","  ","","",""
"1255","0","0","0","0","0","0","0","0","0","8","0","","36","02","2020","2020016764","5","40.04","-76.3177","1255","08","0","0","0","0","0","0","0","0","","0","0","0","07","5","1","01","0","40 02:23.823","","00","76 19:03.806","8","0","0","0","36301","1","0","0","N","1","0","0","2","36301","0","","1","01","N","N","0","","0","0","1","0","0","","0720","1","2","0","0","0","1","1","3","0","1","N","","","","","","","","","","","","03","  ","","",""
"0826","1","0","0","0","0","0","0","0","0","1","0","","36","02","2020","2020016784","3","40.0049","-76.1051","0826","08","0","0","1","0","0","0","0","0","","0","0","0","08","1","0","00","2","40 00:17.506","5","00","76 06:18.451","0","0","0","0","36226","0","0","0","N","0","0","0","2","68J01","0","","1","09","N","N","0","","0","0","1","3","2","Y","0804","0","2","0","0","0","0","0","1","0","2","N","","","","","","","","","","","0858","07","04","","",""
"1314","1","0","0","0","0","0","0","0","0","1","0","","36","02","2020","2020016872","1","40.0411","-76.364","1313","08","0","0","0","0","0","3","0","0","","0","0","0","13","1","1","00","0","40 02:27.802","","00","76 21:50.315","4","0","0","0","36214","0","0","0","N","0","0","0","5","36214","1","","1","01","N","N","1","","0","0","2","0","0","","1310","1","4","0","0","0","0","0","3","0","4","N","","","","","","","","","","","","03","03","","",""
"1142","2","0","0","0","0","0","0","0","0","4","0","","36","01","2020","2020016873","4","40.1109","-76.0663","1138","08","0","0","0","0","1","0","0","1","","0","0","0","11","1","0","00","0","40 06:39.306","","07","76 03:58.714","0","0","0","0","36415","0","0","0","N","0","0","0","3","36415","0","","1","01","N","N","0","","0","0","0","0","0","","1130","0","2","0","0","0","0","0","1","0","2","N","","","","","","","","","","","","03","03","","",""
"1520","2","0","0","0","0","0","0","0","0","1","0","","36","01","2020","2020016874","4","40.0966","-76.1062","1511","08","0","1","0","0","0","0","0","1","","0","0","0","15","1","0","00","0","40 05:47.833","","00","76 06:22.443","0","0","0","0","36415","0","0","0","N","0","0","0","2","36415","0","","1","01","N","N","0","","0","0","0","0","0","","1510","0","2","0","0","0","0","0","1","0","2","N","","","","","","","","","","","","03","  ","","",""
"1939","1","0","0","0","0","0","0","0","0","7","0","","36","02","2020","2020016949","5","40.1397","-76.5509","1931","08","0","0","0","0","0","0","0","0","","0","0","0","19","2","0","00","0","40 08:23.074","","00","76 33:03.215","0","0","0","0","36225","0","0","0","N","0","0","0","1","36505","0","","3","01","N","N","0","","0","0","0","0","0","","1924","0","1","0","0","0","0","0","2","0","1","N","","","","","","","","","","","","03","03","","",""
"2024","2","0","0","0","0","0","0","0","0","4","0","","36","02","2020","2020017001","4","40.043","-76.2879","2021","08","0","0","0","0","0","1","0","0","","0","0","0","20","3","0","01","1","40 02:34.960","3","00","76 17:16.322","0","0","0","0","36301","0","0","0","N","0","0","0","2","36301","0","","1","09","N","N","0","","0","0","0","3","2","N","2021","0","2","0","0","0","0","0","3","0","2","N","","","","","","","","","","","2130","07","  ","","",""
"1643","0","0","0","0","0","0","0","0","0","4","0","","36","02","2020","2020017156","6","39.9876","-76.2766","1636","08","0","0","1","0","0","0","0","0","","0","0","0","16","1","0","01","0","39 59:15.198","","00","76 16:35.769","0","0","0","0","36240","0","0","0","N","0","0","0","2","36240","0","","1","01","N","N","0","","0","0","2","3","2","","1636","0","2","0","0","0","0","0","1","0","2","N","","","","","","","","","","","","03","  ","","",""
"1720","1","0","0","0","0","0","0","0","0","4","0","","36","02","2020","2020017173","2","40.1093","-76.2501","1716","08","0","0","0","0","0","1","1","0","","0","0","0","17","1","0","01","0","40 06:33.403","","00","76 15:00.444","0","0","0","0","36101","0","0","0","N","0","0","0","2","36101","0","","1","09","N","N","1","","0","0","0","3","3","","1713","0","2","0","0","0","0","0","3","0","2","N","","","","","","","","","","","","07","  ","","",""
"2005","0","0","0","0","0","0","0","0","0","8","0","","36","02","2020","2020017174","2","40.0384","-76.2688","2001","08","0","0","0","0","0","0","0","0","","0","0","0","20","3","1","00","2","40 02:18.375","6","00","76 16:07.616","2","0","0","0","36215","1","0","1","N","1","0","1","4","36215","0","","1","01","N","N","0","","0","1","0","0","0","N","2000","1","2","0","0","0","0","0","1","1","1","N","","","","","","","","","","","2045","03","03","","",""
"0532","1","0","0","0","0","0","0","0","0","1","0","","36","02","2020","2020017175","3","40.0897","-76.1764","0530","08","0","0","0","0","0","1","0","0","","0","0","0","05","3","1","00","1","40 05:22.791","3","07","76 10:35.191","3","0","0","0","36234","0","0","0","N","0","0","0","2","36215","0","","1","09","N","N","0","","1","0","1","3","2","N","0528","1","2","0","0","0","0","0","1","0","2","N","","","","","","","","","","","0015","07","  ","","",""
"1111","1","0","0","0","0","0","0","0","0","1","1","","36","02","2020","2020017176","3","40.021","-76.1854","1102","08","0","0","0","1","0","0","0","0","","0","1","0","11","1","0","00","1","40 01:15.628","3","00","76 11:07.420","0","0","0","0","36215","0","0","0","N","0","0","0","3","36215","0","","1","09","N","N","0","","0","0","1","0","0","N","1100","0","3","0","0","0","0","0","1","0","3","N","","","","","","","","","","","1140","04","  ","","",""
"0845","2","0","0","0","0","0","0","0","0","4","0","","36","02","2020","2020017177","4","40.0918","-76.1596","0841","08","0","0","0","0","0","0","0","1","","0","0","0","08","1","0","01","1","40 05:30.461","4","00","76 09:34.657","0","0","0","0","36234","0","0","0","N","0","0","0","2","36215","0","","1","01","N","N","0","","0","0","0","3","3","N","0839","0","2","0","0","0","0","0","1","0","2","N","","","","","","","","","","","0850","04","04","","",""
"1701","2","0","0","0","0","0","0","0","0","4","0","","36","02","2020","2020017178","4","40.0393","-76.2648","1655","08","0","0","0","0","1","1","0","0","","0","0","0","16","1","1","02","1","40 02:21.449","3","00","76 15:53.257","3","0","0","0","36215","0","0","0","N","0","0","0","3","36215","0","","1","01","N","N","0","","1","0","0","0","0","N","1600","1","2","0","0","0","0","0","1","0","2","N","","","","","","","","","","","1803","03","  ","","",""
"1325","1","0","0","0","0","0","0","0","0","1","1","","36","02","2020","2020017179","5","40.0395","-76.2058","1322","08","0","0","0","0","1","0","1","0","","0","1","0","13","1","1","00","1","40 02:22.144","4","00","76 12:20.856","3","0","0","0","36215","0","0","0","N","0","0","0","2","36215","0","","1","01","N","N","0","","1","0","0","0","0","N","1319","1","2","0","0","0","0","0","1","0","2","N","","","","","","","","","","","1415","04","  ","","",""
"1612","1","0","0","0","0","0","0","0","0","1","0","","36","02","2020","2020017180","6","40.0905","-76.1716","1611","08","0","1","0","0","0","0","1","0","","0","0","0","16","1","0","02","1","40 05:25.911","3","00","76 10:17.863","0","0","0","0","36234","0","0","0","N","0","0","0","2","36215","0","","1","01","N","N","0","","0","0","1","0","0","N","1610","0","2","0","0","0","0","0","1","0","2","N","","","","","","","","","","","0010","04","04","","",""
"1913","1","0","0","0","0","0","0","0","0","1","0","","36","02","2020","2020017181","2","40.0262","-76.2117","1904","08","0","0","0","0","0","0","0","0","","0","0","0","19","3","0","00","1","40 01:34.202","4","00","76 12:42.006","0","0","0","0","36215","0","0","0","N","0","0","0","2","36215","0","","1","09","N","N","0","","0","0","1","0","0","N","1900","0","2","0","0","0","0","0","1","0","2","N","","","","","","","","","","","2000","07","  ","","",""
"0824","0","0","0","0","0","0","0","0","0","7","0","","36","02","2020","2020017182","5","40.081","-76.1514","0819","08","0","0","0","0","0","1","0","0","","0","0","0","08","1","0","00","0","40 04:51.500","","00","76 09:05.120","0","0","0","0","36234","0","0","0","N","0","0","0","1","36215","0","","4","09","N","N","1","","0","0","0","0","0","","0815","0","1","0","0","0","0","0","1","0","1","N","","","","","","","","","","","","07","07","","",""
"1505","0","0","0","0","0","0","0","0","0","7","0","","36","02","2020","2020017183","4","40.0517","-76.4575","1501","08","0","0","0","0","0","1","0","0","","0","0","0","15","1","0","00","2","40 03:06.289","5","00","76 27:26.931","0","0","0","0","36239","0","0","0","N","0","0","0","1","36239","0","","5","01","N","N","1","","0","0","0","0","0","Y","1501","0","1","0","0","0","0","0","3","0","1","N","","","","","","","","","","","0030","03","  ","","",""
"1712","2","0","0","0","0","0","0","0","0","1","0","","36","02","2020","2020017184","5","40.0499","-76.3178","1709","08","0","0","0","0","0","1","0","0","","0","0","0","17","4","0","00","0","40 02:59.687","","00","76 19:04.096","0","0","0","0","36301","0","0","0","N","0","0","0","3","36301","0","","1","09","N","N","0","","0","0","1","3","2","","1701","0","3","0","0","0","0","0","3","0","3","N","","","","","","","","","","","","07","  ","","",""
"2227","1","0","0","0","0","0","0","0","0","7","0","","36","01","2020","2020017317","5","40.2513","-76.1019","2221","08","0","0","0","0","0","0","0","0","","0","0","0","22","2","1","00","1","40 15:04.705","6","00","76 06:06.909","3","0","0","0","36210","0","0","0","N","0","0","0","1","36210","0","","5","01","N","N","0","","1","0","0","0","0","N","2219","1","1","0","0","0","0","0","1","0","1","N","","","","","","","","","","","2300","03","  ","","",""
"1824","2","0","0","0","0","0","0","0","0","1","0","","36","02","2020","2020017320","6","40.1653","-76.159","1821","08","1","0","0","0","0","0","1","0","","0","0","0","18","3","2","00","1","40 09:55.092","3","00","76 09:32.414","8","0","0","0","36218","0","0","0","N","0","0","0","12","36408","0","","1","01","N","N","1","","0","0","1","0","0","N","1820","2","4","0","0","0","2","0","1","0","4","N","","","","","","","","","","","1905","03","03","","",""
"0529","1","0","0","0","0","0","0","0","0","7","0","","36","02","2020","2020017374","6","40.0402","-76.503","0529","08","0","0","0","0","0","0","0","0","","0","0","0","05","5","0","00","0","40 02:24.574","","00","76 30:10.721","0","0","0","0","36404","0","0","0","N","0","0","0","1","36404","0","","4","01","N","N","0","","0","0","0","0","0","N","0529","0","1","0","0","0","0","0","3","0","1","N","","","","","","","","","","","","03","  ","","N","N"
"0512","0","0","0","0","0","0","0","0","0","1","0","","36","02","2020","2020017420","6","40.2403","-76.1247","0506","08","0","0","0","0","0","1","0","0","","0","0","0","05","2","0","00","0","40 14:25.046","","00","76 07:28.857","0","0","0","0","36210","0","0","0","N","0","0","0","2","36210","0","","1","01","N","N","0","","0","0","2","0","0","","0506","0","2","0","0","0","0","0","1","0","2","N","","","","","","","","","","","","04","04","","",""
"1510","1","0","0","0","0","0","0","0","0","1","0","","36","02","2020","2020017512","4","40.0703","-76.3145","1459","08","0","0","0","0","1","0","0","0","","0","0","0","14","1","0","00","0","40 04:12.991","","00","76 18:52.282","0","0","0","0","36101","0","0","0","N","0","0","0","2","36101","0","","1","01","N","N","0","","0","0","1","0","0","","1453","0","2","0","0","0","0","0","3","0","2","N","","","","","","","","","","","","03","  ","","",""
"1549","0","0","0","0","0","0","0","0","0","1","0","","36","02","2020","2020017513","6","40.099","-76.2585","1549","08","0","0","0","0","0","1","1","0","","0","0","0","15","1","0","00","0","40 05:56.345","","00","76 15:30.676","0","0","0","0","36101","0","0","0","N","0","0","0","2","36101","0","","1","01","N","N","1","","0","0","1","0","0","","1549","0","2","0","0","0","0","0","3","0","2","N","","","","","","","","","","","","03","03","","",""
"1750","3","0","0","0","0","0","0","0","0","1","0","","36","02","2020","2020017514","6","40.0703","-76.2875","1739","08","0","0","0","0","0","0","0","0","","0","0","0","17","4","1","00","1","40 04:13.003","2","00","76 17:15.011","3","0","0","0","36101","0","0","0","N","0","0","0","5","36101","0","","1","01","N","N","0","","1","0","0","0","0","N","1725","1","3","0","0","0","0","0","3","0","3","N","","","","","","","","","","","1820","03","03","","",""
"1942","2","0","0","0","0","0","0","0","0","4","0","","36","02","2020","2020017515","6","40.044","-76.3587","1933","08","0","0","0","0","0","1","0","0","","0","0","0","19","3","0","00","1","40 02:38.400","1","07","76 21:31.400","0","0","0","0","36214","0","0","0","N","0","0","0","3","36214","0","","1","01","N","N","0","","0","0","0","0","0","Y","1930","0","2","0","0","0","0","0","3","0","2","N","","","","","","","","","","","2010","03","  ","","",""
"2017","0","0","0","0","0","0","0","0","0","7","0","","36","02","2020","2020017516","6","40.0619","-76.3445","2009","08","0","0","0","0","0","0","0","0","","0","0","0","20","3","3","00","2","40 03:42.842","3","00","76 20:40.276","3","0","0","0","36214","0","0","0","N","0","0","0","4","36214","0","","2","01","N","N","0","","3","0","1","0","0","N","2000","3","1","0","0","0","0","0","3","0","1","N","","","","","","","","","","","0045","03","03","","",""
"1055","1","0","0","0","0","0","0","0","0","7","0","","36","02","2020","2020017517","7","39.9518","-76.4332","1045","08","0","0","0","1","0","0","0","0","","0","0","0","10","1","0","00","2","39 57:06.324","5","00","76 25:59.581","0","0","0","0","36223","0","0","0","N","0","0","0","1","36223","0","","4","01","N","N","0","","0","0","0","0","0","Y","1045","0","1","0","0","0","0","0","1","0","1","N","","","","","","","","","","","1115","04","04","","",""
"1624","1","0","0","0","0","0","0","0","0","1","0","","36","02","2020","2020017518","6","40.0296","-76.361","1618","08","0","0","0","1","0","1","0","0","","0","0","0","16","1","0","02","1","40 01:46.414","2","00","76 21:39.558","0","0","0","0","36223","0","0","0","N","0","0","0","2","36223","0","","1","01","N","N","0","","0","0","1","0","0","N","1615","0","2","0","0","0","0","0","1","0","2","N","","","","","","","","","","","1700","03","03","","",""
"2344","3","0","0","0","0","0","0","0","0","5","0","","36","02","2020","2020017583","6","40.0383","-76.2949","2342","08","0","0","0","0","0","0","0","0","","0","0","0","23","3","0","00","0","40 02:17.900","","00","76 17:41.700","0","0","0","0","36301","0","0","0","N","0","0","0","1","36301","0","","6","01","N","N","0","","0","0","0","0","0","","2340","0","3","0","0","0","0","0","3","0","3","N","","","","","","","","","","","","03","03","","",""
"0453","2","0","0","0","0","0","0","0","0","5","0","","36","02","2020","2020017613","3","40.1876","-76.1901","0452","08","0","0","0","0","0","0","0","0","","0","0","0","04","3","0","01","0","40 11:15.409","","00","76 11:24.309","0","0","0","0","36408","0","0","0","N","0","0","0","2","36408","0","","1","09","N","N","0","","0","0","0","3","2","","0450","0","2","0","0","0","0","0","2","0","2","N","","","","","","","","","","","","07","07","","",""
"1045","1","0","0","0","0","0","0","0","0","1","0","","36","01","2020","2020017672","7","40.1218","-76.029","1015","08","0","0","0","0","0","0","0","0","","0","0","0","10","1","1","02","1","40 07:18.494","1","00","76 01:44.569","3","0","0","0","36213","0","0","0","N","0","0","0","4","36213","0","","1","09","N","N","0","","1","0","1","3","3","N","1012","1","2","0","0","0","0","0","1","0","2","N","","","","","","","","","","","1100","10","10","","",""
"1114","2","0","0","0","0","0","0","0","0","4","0","","36","02","2020","2020017682","1","39.9738","-76.2557","1108","08","0","0","0","0","0","1","1","0","","0","0","0","11","1","1","02","1","39 58:25.794","3","00","76 15:20.386","3","0","0","0","36240","0","0","0","N","0","0","0","4","36240","0","","1","01","N","N","0","","1","0","0","3","3","N","1100","1","2","0","0","0","0","0","1","0","2","N","","","","","","","","","","","1130","03","03","","",""
"1327","1","0","0","0","0","0","0","0","0","2","0","","36","02","2020","2020017685","6","40.2695","-76.1869","1322","08","0","0","0","0","0","1","0","0","","0","0","0","13","1","2","00","2","40 16:10.258","5","00","76 11:12.769","3","0","0","0","36236","0","0","0","N","0","0","0","2","36408","0","","1","01","N","N","1","","1","0","0","0","0","Y","1321","2","2","0","0","0","1","0","1","0","2","N","","","","","","","","","","","1425","03","03","","",""
"0804","1","0","0","0","0","0","0","0","0","1","0","","36","02","2020","2020017721","2","40.0742","-76.333","0758","08","0","0","0","0","0","0","0","0","","0","0","0","07","1","0","00","0","40 04:27.016","","00","76 19:58.922","0","0","0","0","36101","0","0","0","N","0","0","0","3","36101","0","","1","09","N","N","0","","0","0","1","0","0","","0754","0","2","0","0","0","0","0","3","0","2","N","","","","","","","","","","","","07","04","","",""
"1402","2","0","0","0","0","0","0","0","0","1","0","","36","02","2020","2020017722","6","40.068","-76.2941","1357","08","0","0","1","1","0","0","0","0","","0","0","0","13","1","0","00","0","40 04:04.624","","02","76 17:38.797","0","0","0","0","36101","0","0","0","N","0","0","0","3","36101","0","","1","01","N","N","1","","0","0","0","0","0","","1355","0","3","0","0","0","0","0","3","0","3","N","","","","","","","","","","","","03","  ","","",""
"1402","1","0","0","0","0","0","0","0","0","1","1","","36","02","2020","2020017723","6","40.068","-76.2936","1357","08","0","0","0","0","0","0","0","0","","0","1","0","13","1","0","07","0","40 04:04.686","","02","76 17:39.118","0","0","0","0","36101","0","0","0","N","0","0","0","3","36101","0","","1","01","N","N","1","","0","0","0","0","0","","1355","0","3","0","0","0","0","0","3","0","3","N","","","","","","","","","","","","03","  ","","",""
"1603","2","0","0","0","0","0","0","0","0","4","0","","36","02","2020","2020017724","6","40.0517","-76.3248","1552","08","0","0","0","1","0","0","0","1","","0","0","0","15","1","0","01","0","40 03:06.080","","00","76 19:29.315","0","0","0","0","36101","0","0","0","N","0","0","0","2","36101","0","","1","01","N","N","0","","0","0","0","3","3","","1550","0","2","0","0","0","0","0","3","0","2","N","","","","","","","","","","","","03","  ","","",""
"1534","1","0","0","0","0","0","0","0","0","7","0","","36","02","2020","2020017725","7","40.0564","-76.3056","1533","08","0","0","0","0","0","0","0","0","","0","0","0","15","1","0","01","0","40 03:22.924","","00","76 18:20.469","0","0","0","0","36101","0","0","0","N","0","0","0","1","36101","0","","5","01","N","N","0","","0","0","0","0","0","","1526","0","1","0","0","0","0","0","3","0","1","N","","","","","","","","","","","","03","  ","","",""
"1120","2","0","0","0","0","0","0","0","0","4","0","","36","02","2020","2020017726","7","40.0546","-76.3808","1118","08","0","0","0","0","0","0","1","1","","0","0","0","11","1","0","02","1","40 03:16.545","1","00","76 22:50.711","0","0","0","0","36214","0","0","0","N","0","0","0","3","36214","0","","1","01","N","N","0","","0","0","1","3","2","N","1112","0","3","0","0","0","0","0","3","0","3","N","","","","","","","","","","","0045","03","  ","","",""
"1300","1","0","0","0","0","0","0","0","0","4","0","","36","02","2020","2020017909","4","40.0356","-76.2899","1257","08","0","0","0","0","0","0","0","0","","0","0","0","12","1","1","02","2","40 02:08.077","7","00","76 17:23.524","4","0","0","0","36301","0","0","0","N","0","0","0","3","36301","1","","1","01","N","N","0","","0","0","1","3","3","Y","1257","1","2","0","0","0","0","0","3","0","2","N","","","","","","","","","","","1400","03","03","","",""
"1952","1","0","0","0","0","0","0","0","0","7","0","","36","02","2020","2020017918","5","40.1386","-76.2107","1949","08","0","1","0","0","0","0","0","0","","0","0","0","19","3","0","00","0","40 08:19.085","","00","76 12:38.453","0","0","0","0","36238","0","0","0","N","0","0","0","1","36238","0","","4","01","N","N","0","","0","0","0","0","0","","1949","0","1","0","0","0","0","0","3","0","1","N","","","","","","","","","","","","03","  ","","",""
"0833","0","0","0","0","0","0","0","0","0","4","0","","36","02","2020","2020017919","5","40.1389","-76.2223","0827","08","0","0","0","0","0","0","1","0","","0","0","0","08","1","0","01","0","40 08:20.182","","00","76 13:20.414","0","0","0","0","36238","0","0","0","N","0","0","0","2","36238","0","","1","09","N","N","1","","0","0","1","3","3","","0827","0","2","0","0","0","0","0","3","0","2","N","","","","","","","","","","","","04","  ","","",""
"2030","2","0","0","0","0","0","0","0","0","1","0","","36","02","2020","2020017929","5","40.1617","-76.1516","2013","08","0","0","0","0","0","0","0","0","","0","0","0","20","2","1","00","1","40 09:42.004","1","00","76 09:05.925","4","0","0","0","36238","0","0","0","N","0","0","0","5","36238","1","","1","01","N","N","0","","0","0","0","0","0","N","2015","1","2","0","0","0","0","0","3","0","2","N","","","","","","","","","","","2122","03","  ","","",""
"1517","0","0","0","0","0","0","0","0","0","4","0","","36","02","2020","2020017988","6","39.9006","-76.1528","1515","08","0","0","0","1","0","0","0","0","","0","0","0","15","1","0","02","0","39 54:02.284","","00","76 09:10.235","0","0","0","0","36416","0","0","0","N","0","0","0","2","36416","0","","1","01","N","N","0","","0","0","2","0","0","","1514","0","2","0","0","0","0","0","1","0","2","N","","","","","","","","","","","","03","  ","","",""
"1801","2","0","0","0","0","0","0","0","0","4","0","","36","02","2020","2020018027","5","40.0941","-76.3119","1755","08","0","0","0","0","0","0","0","0","","0","0","0","17","2","1","01","1","40 05:38.605","7","00","76 18:42.660","8","0","0","0","36101","0","0","0","N","0","0","0","2","36101","0","","1","01","N","N","0","","0","0","0","3","3","N","1754","1","2","0","0","0","1","1","3","0","2","N","","","","","","","","","","","1900","03","03","","",""
"1932","0","0","0","0","0","0","0","0","0","5","0","","36","02","2020","2020018028","6","40.0841","-76.2726","1926","08","0","0","0","0","0","1","0","0","","0","0","0","18","2","0","00","1","40 05:02.832","2","00","76 16:21.276","0","0","0","0","36101","0","0","0","N","0","0","0","4","36101","0","","1","01","N","N","0","","0","0","1","0","0","N","1848","0","2","0","0","0","0","0","3","1","2","N","","","","","","","","","","","2040","03","03","","",""