"ARRIVAL_TM","AUTOMOBILE_COUNT","BELTED_DEATH_COUNT","BELTED_SUSP_SERIOUS_INJ_COUNT","BICYCLE_COUNT","BICYCLE_DEATH_COUNT","BICYCLE_SUSP_SERIOUS_INJ_COUNT","BUS_COUNT","CHLDPAS_DEATH_COUNT","CHLDPAS_SUSP_SERIOUS_INJ_COUNT","COLLISION_TYPE","COMM_VEH_COUNT","CONS_ZONE_SPD_LIM","COUNTY","CRASH_MONTH","CRASH_YEAR","CRN","DAY_OF_WEEK","DEC_LAT","DEC_LONG","DISPATCH_TM","DISTRICT","DRIVER_COUNT_16YR","DRIVER_COUNT_17YR","DRIVER_COUNT_18YR","DRIVER_COUNT_19YR","DRIVER_COUNT_20YR","DRIVER_COUNT_50_64YR","DRIVER_COUNT_65_74YR","DRIVER_COUNT_75PLUS","EST_HRS_CLOSED","FATAL_COUNT","HEAVY_TRUCK_COUNT","HORSE_BUGGY_COUNT","HOUR_OF_DAY","ILLUMINATION","INJURY_COUNT","INTERSECT_TYPE","LANE_CLOSED","LATITUDE","LN_CLOSE_DIR","LOCATION_TYPE","LONGITUDE","MAX_SEVERITY_LEVEL","MCYCLE_DEATH_COUNT","MCYCLE_SUSP_SERIOUS_INJ_COUNT","MOTORCYCLE_COUNT","MUNICIPALITY","NONMOTR_COUNT","NONMOTR_DEATH_COUNT","NONMOTR_SUSP_SERIOUS_INJ_COUNT","NTFY_HIWY_MAINT","PED_COUNT","PED_DEATH_COUNT","PED_SUSP_SERIOUS_INJ_COUNT","PERSON_COUNT","POLICE_AGCY","POSSIBLE_INJ_COUNT","RDWY_SURF_TYPE_CD","RELATION_TO_ROAD","ROAD_CONDITION","SCH_BUS_IND","SCH_ZONE_IND","SMALL_TRUCK_COUNT","SPEC_JURIS_CD","SUSP_MINOR_INJ_COUNT","SUSP_SERIOUS_INJ_COUNT","SUV_COUNT","TCD_FUNC_CD","TCD_TYPE","TFC_DETOUR_IND","TIME_OF_DAY","TOT_INJ_COUNT","TOTAL_UNITS","UNB_DEATH_COUNT","UNB_SUSP_SERIOUS_INJ_COUNT","UNBELTED_OCC_COUNT","UNK_INJ_DEG_COUNT","UNK_INJ_PER_COUNT","URBAN_RURAL","VAN_COUNT","VEHICLE_COUNT","WORK_ZONE_IND","WORK_ZONE_LOC","WORK_ZONE_TYPE","WORKERS_PRES","WZ_CLOSE_DETOUR","WZ_FLAGGER","WZ_LAW_OFFCR_IND","WZ_LN_CLOSURE","WZ_MOVING","WZ_OTHER","WZ_SHLDER_MDN","ROADWAY_CLEARED","WEATHER1","WEATHER2","WZ_WORKERS_INJ_KILLED","SECONDARY_CRASH","INTERSECTION_RELATED"
"1843","2","0","0","0","0","0","0","0","0","1","0","","36","02","2020","2020018029","7","40.0707","-76.3009","1835","08","0","0","0","0","0","1","0","0","","0","0","0","18","3","0","00","1","40 04:14.443","2","00","76 18:03.418","0","0","0","0","36101","0","0","0","N","0","0","0","3","36101","0","","1","01","N","N","0","","0","0","0","0","0","N","1823","0","2","0","0","0","0","0","3","0","2","N","","","","","","","","","","","0045","03","03","","",""
"2151","2","0","0","0","0","0","0","0","0","1","0","","36","02","2020","2020018030","7","40.038","-76.3438","2148","08","0","0","0","0","0","0","0","0","","0","0","0","21","3","2","01","2","40 02:16.808","4","00","76 20:37.817","3","0","0","0","36223","0","0","0","N","0","0","0","4","36214","0","","1","01","N","N","0","","2","0","0","3","2","N","2146","2","3","0","0","0","0","0","1","1","3","N","","","","","","","","","","","2258","03","  ","","",""
"1613","1","0","0","0","0","0","0","0","0","4","0","","36","02","2020","2020018031","2","40.1116","-76.1082","1608","08","0","0","0","0","0","0","1","0","","0","0","1","16","1","0","02","0","40 06:41.706","","00","76 06:29.592","0","0","0","0","36209","1","0","0","N","0","0","0","2","36415","0","","1","01","N","N","0","","0","0","0","3","3","","1605","0","2","0","0","0","0","0","1","0","1","N","","","","","","","","","","","","03","  ","","",""
"1220","0","0","0","0","0","0","0","0","0","4","0","","36","02","2020","2020018032","2","40.1078","-76.0627","1215","08","0","0","1","0","0","0","0","0","","0","0","0","12","1","1","00","2","40 06:28.120","6","07","76 03:45.640","3","0","0","0","36209","0","0","0","N","0","0","0","2","36415","0","","1","01","N","N","0","","1","0","1","0","0","Y","1212","1","2","0","0","0","0","0","1","1","2","N","","","","","","","","","","","1245","03","03","","",""
"0304","3","0","0","0","0","0","0","0","0","2","0","","36","02","2020","2020018033","7","40.1046","-76.0917","0304","08","0","0","0","0","0","0","0","0","","0","0","0","03","3","0","00","0","40 06:16.470","","00","76 05:30.060","0","0","0","0","36415","0","0","0","N","0","0","0","1","36415","0","","6","01","N","N","0","","0","0","0","0","0","","0301","0","3","0","0","0","0","0","1","0","3","N","","","","","","","","","","","","03","03","","N","N"
"1613","1","0","0","0","0","0","0","0","0","8","0","","36","02","2020","2020018258","5","40.043","-76.2879","1609","08","0","0","0","0","0","0","1","0","","0","0","0","16","1","1","01","0","40 02:34.960","","00","76 17:16.322","3","0","0","0","36301","1","0","0","N","1","0","0","2","36301","0","","1","01","N","N","0","","1","0","0","3","2","","1607","1","2","0","0","0","0","0","3","0","1","N","","","","","","","","","","","","03","03","","",""
"0918","1","0","0","0","0","0","0","0","0","8","0","","36","02","2020","2020018212","2","40.0298","-76.3042","0916","08","0","0","0","0","0","0","0","1","","0","0","0","09","1","1","02","0","40 01:47.172","","00","76 18:15.038","3","0","0","0","36301","1","0","0","N","1","0","0","2","36301","0","","1","01","N","N","0","","1","0","0","3","3","","0916","1","2","0","0","0","0","0","3","0","1","N","","","","","","","","","","","","03","  ","","",""
"0631","1","0","0","0","0","0","0","0","0","5","0","","36","02","2020","2020018247","3","40.1469","-76.5983","0630","08","0","0","0","0","0","1","0","0","","0","0","0","06","5","1","00","1","40 08:48.700","5","00","76 35:53.800","4","0","0","0","36407","0","0","0","N","0","0","0","1","36407","1","","6","01","N","N","1","","0","0","0","0","0","N","0629","1","2","0","0","0","0","0","2","0","2","N","","","","","","","","","","","0715","03","  ","","",""
"0902","0","0","0","0","0","0","0","0","0","7","0","","36","02","2020","2020018281","7","40.1361","-76.5063","0852","08","0","0","0","0","0","0","0","0","","0","0","0","05","2","0","00","0","40 08:09.850","","00","76 30:22.842","0","0","0","0","36225","0","0","0","N","0","0","0","1","36505","0","","4","01","N","N","0","","0","0","1","3","8","N","0500","0","1","0","0","0","0","0","2","0","1","N","","","","","","","","","","","","05","  ","","",""
"0705","1","0","0","0","0","0","0","0","0","7","0","","36","02","2020","2020018421","3","40.0682","-76.2904","0659","08","0","0","0","0","0","0","0","0","","0","0","0","06","5","0","00","0","40 04:05.423","","02","76 17:25.560","0","0","0","0","36101","0","0","0","N","0","0","0","1","36101","0","","4","09","N","N","0","","0","0","0","0","0","","0657","0","1","0","0","0","0","0","3","0","1","N","","","","","","","","","","","","07","04","","",""
"1534","1","0","0","0","0","0","0","0","0","1","0","","36","02","2020","2020018422","4","40.0783","-76.3463","1521","08","0","0","0","0","0","0","0","0","","0","0","0","15","1","0","00","0","40 04:42.043","","00","76 20:46.700","0","0","0","0","36101","0","0","0","N","0","0","0","3","36101","0","","1","01","N","N","1","","0","0","0","3","3","","1515","0","2","0","0","0","0","0","3","0","2","N","","","","","","","","","","","","04","  ","","",""
"1624","2","0","0","0","0","0","0","0","0","4","0","","36","02","2020","2020018423","4","40.0626","-76.3058","1622","08","0","0","0","0","0","0","0","1","","0","0","0","16","1","1","00","1","40 03:45.254","1","00","76 18:20.938","4","0","0","0","36101","0","0","0","N","0","0","0","3","36101","1","","1","01","N","N","0","","0","0","0","0","0","N","1619","1","2","0","0","0","0","0","3","0","2","N","","","","","","","","","","","1645","04","04","","",""
"0835","2","0","0","0","0","0","0","0","0","4","0","","36","02","2020","2020018424","5","40.0669","-76.3044","0829","08","0","0","0","0","0","1","0","0","","0","0","0","08","1","1","01","0","40 04:00.689","","07","76 18:15.730","4","0","0","0","36101","0","0","0","N","0","0","0","4","36101","1","","1","09","N","N","0","","0","0","0","3","2","","0826","1","2","0","0","0","0","0","3","0","2","N","","","","","","","","","","","","07","04","","",""
"1612","1","0","0","0","0","0","0","0","0","4","0","","36","02","2020","2020018425","5","40.0609","-76.3035","1608","08","0","0","0","0","0","0","0","0","","0","0","0","16","1","2","01","2","40 03:39.157","6","00","76 18:12.700","3","0","0","0","36101","0","0","0","N","0","0","0","2","36101","0","","1","09","N","N","0","","2","0","1","3","3","Y","1607","2","2","0","0","1","0","0","3","0","2","N","","","","","","","","","","","1715","04","04","","",""
"0554","1","0","0","0","0","0","0","0","0","7","0","","36","02","2020","2020018426","2","40.0229","-76.3048","0543","08","0","0","0","0","0","0","0","0","","0","0","0","05","3","0","05","0","40 01:22.498","","00","76 18:17.073","0","0","0","0","36220","0","0","0","N","0","0","0","1","36101","0","","4","01","N","N","0","","0","0","0","0","0","","0526","0","1","0","0","0","0","0","3","0","1","N","","","","","","","","","","","","03","03","","",""
"1847","0","0","0","0","0","0","0","0","0","1","0","","36","02","2020","2020018427","2","40.0532","-76.3242","1827","08","0","0","0","0","0","0","0","0","","0","0","0","18","3","0","01","0","40 03:11.365","","00","76 19:27.049","9","0","0","0","36101","0","0","0","N","0","0","0","5","36101","0","","1","01","N","N","0","","0","0","0","3","4","","1825","0","2","0","0","0","0","1","3","1","2","N","","","","","","","","","","","","03","  ","","",""
"0710","0","0","0","0","0","0","0","0","0","4","0","","36","02","2020","2020018428","5","40.0824","-76.351","0655","08","0","0","0","0","0","0","0","0","","0","0","0","06","1","0","01","0","40 04:56.816","","00","76 21:03.528","0","0","0","0","36214","0","0","0","N","0","0","0","2","36214","0","","1","09","N","N","2","","0","0","0","3","2","","0655","0","2","0","0","0","0","0","3","0","2","N","","","","","","","","","","","","07","  ","","",""
"1628","0","0","0","0","0","0","0","0","0","7","1","","36","02","2020","2020018429","2","40.1017","-76.4273","1624","08","0","0","0","0","0","0","0","0","","0","0","0","16","1","0","01","2","40 06:06.283","5","00","76 25:38.263","0","0","0","0","36214","0","0","0","N","0","0","0","1","36214","0","","4","01","N","N","1","","0","0","0","3","3","Y","1614","0","1","0","0","0","0","0","3","0","1","N","","","","","","","","","","","2000","03","  ","","",""
"1859","0","0","0","0","0","0","0","0","0","98","0","","36","02","2020","2020018430","2","40.1166","-76.3624","1849","08","0","0","0","0","0","0","0","0","","0","0","0","18","2","0","00","0","40 06:59.904","","00","76 21:44.751","0","0","0","0","36214","0","0","0","N","0","0","0","6","36214","0","","1","01","N","N","0","","0","0","0","0","0","","1847","0","1","0","0","0","0","0","3","1","1","N","","","","","","","","","","","","03","  ","","",""
"1104","0","0","0","0","0","0","0","0","0","4","0","","36","02","2020","2020018431","3","40.0248","-76.2048","1058","08","0","0","0","0","0","0","0","1","","0","0","0","10","1","3","01","1","40 01:29.695","4","00","76 12:17.002","8","0","0","0","36215","0","0","0","N","0","0","0","3","36215","0","","1","09","N","N","0","","0","0","2","3","2","N","1058","3","2","0","0","0","3","0","1","0","2","N","","","","","","","","","","","1135","07","07","","",""
"0001","2","0","0","0","0","0","0","0","0","1","0","","36","02","2020","2020018432","2","40.0267","-76.2173","2356","08","0","0","0","0","1","0","0","0","","0","0","0","23","2","1","01","1","40 01:36.601","4","00","76 13:02.170","3","0","0","0","36215","0","0","0","N","0","0","0","2","36215","0","","1","01","N","N","0","","1","0","0","3","2","N","2353","1","2","0","0","0","0","0","1","0","2","N","","","","","","","","","","","0048","03","  ","","",""
"1407","2","0","0","0","0","0","0","0","0","4","0","","36","02","2020","2020018433","2","40.001","-76.4215","1402","08","0","0","0","0","0","1","0","0","","0","0","0","14","1","1","01","1","40 00:03.498","3","00","76 25:17.439","8","0","0","0","36223","0","0","0","N","0","0","0","2","36223","0","","1","01","N","N","0","","0","0","0","3","3","N","1402","1","2","0","0","0","1","0","1","0","2","N","","","","","","","","","","","1440","03","03","","",""
"0219","0","0","0","0","0","0","0","0","0","7","1","","36","02","2020","2020018434","3","40.2123","-76.1958","0206","08","0","0","0","0","0","0","0","0","","0","1","0","02","2","0","00","2","40 12:44.100","5","00","76 11:45.000","0","0","0","0","36204","0","0","0","N","0","0","0","1","36506","0","","4","09","N","N","0","","0","0","0","0","0","Y","0203","0","1","0","0","0","0","0","1","0","1","N","","","","","","","","","","","0500","07","05","","",""
"1535","1","0","0","0","0","0","0","0","0","1","0","","36","02","2020","2020018435","5","40.1517","-76.2467","1532","08","0","1","0","0","0","0","1","0","","0","0","0","15","1","0","02","0","40 09:06.095","","00","76 14:48.190","0","0","0","0","36235","0","0","0","N","0","0","0","2","36506","0","","1","09","N","N","0","","0","0","1","0","0","","1529","0","2","0","0","0","0","0","1","0","2","N","","","","","","","","","","","","07","04","","",""
"1750","1","0","0","0","0","0","0","0","0","4","0","","36","02","2020","2020018436","5","40.1381","-76.3026","1745","08","0","0","0","0","0","0","0","0","","0","0","0","17","1","2","00","2","40 08:16.980","4","00","76 18:09.440","3","0","0","0","36235","0","0","0","N","0","0","0","2","36506","0","","1","01","N","N","1","","2","0","0","0","0","N","1744","2","2","0","0","0","0","0","1","0","2","N","","","","","","","","","","","1815","03","03","","",""
"0942","0","0","0","0","0","0","0","0","0","4","0","","36","02","2020","2020018437","7","40.1689","-76.2735","0942","08","0","0","0","0","0","1","0","0","","0","0","0","09","1","0","01","1","40 10:08.205","3","00","76 16:24.473","0","0","0","0","36235","0","0","0","N","0","0","0","2","36506","0","","1","01","N","N","2","","0","0","0","3","3","N","0942","0","2","0","0","0","0","0","1","0","2","N","","","","","","","","","","","0100","03","  ","","",""
"1824","1","0","0","0","0","0","0","0","0","4","0","","36","02","2020","2020018438","1","40.1895","-76.31","1819","08","0","0","0","0","0","1","0","0","","0","0","0","18","1","1","01","1","40 11:22.225","7","00","76 18:36.112","8","0","0","0","36217","0","0","0","N","0","0","0","5","36506","0","","1","01","N","N","1","","0","0","1","3","3","Y","1814","1","3","0","0","0","1","0","1","0","3","N","","","","","","","","","","","1908","03","  ","","",""
"1134","1","0","0","0","0","0","0","0","0","4","0","","36","02","2020","2020018439","2","40.148","-76.2817","1126","08","0","0","0","1","0","0","0","0","","0","0","0","11","1","0","10","0","40 08:52.873","","07","76 16:54.225","0","0","0","0","36235","0","0","0","N","0","0","0","3","36506","0","","1","01","N","N","0","","0","0","1","0","0","","1124","0","2","0","0","0","0","0","1","0","2","N","","","","","","","","","","","","03","  ","","",""
"0155","2","0","0","0","0","0","0","0","0","4","0","","36","02","2020","2020018571","1","40.0378","-76.307","0155","08","0","0","0","0","0","0","0","0","","0","0","0","01","3","0","00","1","40 02:16.137","3","00","76 18:25.335","0","0","0","0","36301","0","0","0","N","0","0","0","1","36301","0","","6","01","N","N","0","","0","0","0","0","0","Y","0155","0","2","0","0","0","0","0","3","0","2","N","","","","","","","","","","","0230","03","03","","N","N"
"2023","0","0","0","0","0","0","0","0","0","98","0","","36","02","2020","2020018583","3","40.2453","-76.0456","1952","08","0","0","0","0","0","0","0","0","","0","0","0","19","2","0","00","0","40 14:43.105","","00","76 02:44.158","0","0","0","0","36401","0","0","0","N","0","0","0","1","36408","0","","1","09","N","N","0","","0","0","1","0","0","","1950","0","1","0","0","0","0","0","1","0","1","N","","","","","","","","","","","","03","  ","","",""
"0055","2","0","0","0","0","0","0","0","0","2","0","","36","02","2020","2020018595","6","40.0457","-76.3092","0049","08","0","0","0","0","0","0","0","0","","0","0","0","00","3","1","01","1","40 02:44.444","3","00","76 18:32.989","8","0","0","1","36301","0","0","0","N","0","0","0","1","36301","0","","2","01","N","N","0","","0","0","0","3","2","Y","0048","1","3","0","0","0","1","0","3","0","3","N","","","","","","","","","","","0234","03","03","","",""
"0300","1","0","0","0","0","0","0","0","0","7","0","","36","02","2020","2020018602","4","40.0053","-76.2954","0252","08","0","0","0","0","0","0","0","0","","0","0","0","02","3","0","00","1","40 00:18.903","1","00","76 17:43.399","0","0","0","0","36240","0","0","0","N","0","0","0","1","36240","0","","5","01","N","N","0","","0","0","0","0","0","N","0248","0","1","0","0","0","0","0","1","0","1","N","","","","","","","","","","","0358","03","03","","",""
"1905","2","0","0","0","0","0","0","0","0","1","0","","36","02","2020","2020018603","3","40.0661","-76.5966","1855","08","0","0","0","0","0","0","0","0","","0","0","0","18","2","0","00","2","40 03:57.858","2","00","76 35:47.769","0","0","0","0","36211","0","0","0","N","0","0","0","2","36504","0","","1","09","N","N","0","","0","0","0","0","0","N","1854","0","2","0","0","0","0","0","1","0","2","N","","","","","","","","","","","2007","04","  ","","N","N"
"0704","1","0","0","0","0","0","0","0","0","7","0","","36","02","2020","2020018608","7","40.2281","-76.095","0704","08","0","0","0","0","0","0","0","1","","0","0","0","07","1","1","00","2","40 13:41.300","6","00","76 05:41.970","2","0","0","0","36210","0","0","0","N","0","0","0","1","36210","0","","5","01","N","N","0","","0","1","0","0","0","Y","0703","1","1","0","1","1","0","0","1","0","1","N","","","","","","","","","","","0805","03","  ","","",""
"2353","2","0","0","0","0","0","0","0","0","1","0","","36","02","2020","2020018609","7","40.2276","-76.089","2350","08","0","0","0","0","0","0","0","0","","0","0","0","23","3","0","00","0","40 13:39.401","","00","76 05:20.447","0","0","0","0","36210","0","0","0","N","0","0","0","3","36210","0","","1","01","N","N","0","","0","0","0","0","0","","2350","0","2","0","0","0","0","0","1","0","2","N","","","","","","","","","","","","03","03","","",""
"1448","1","0","0","0","0","0","0","0","0","7","0","","36","02","2020","2020018657","2","40.1266","-76.1693","1525","08","0","0","0","0","0","0","0","0","","0","0","0","14","1","1","00","1","40 07:35.926","3","00","76 10:09.314","4","0","0","0","36238","0","0","0","N","0","0","0","1","36238","1","","4","09","N","N","0","","0","0","0","0","0","N","1441","1","1","0","0","0","0","0","3","0","1","N","","","","","","","","","","","1246","07","  ","","",""
"0814","0","0","0","0","0","0","0","0","0","5","0","","36","02","2020","2020018835","3","40.061","-76.2783","0814","08","0","0","2","0","0","1","1","0","","0","0","0","08","1","2","00","2","40 03:39.677","3","00","76 16:41.877","3","0","0","0","36101","0","0","0","N","0","0","0","14","36101","0","","1","09","N","N","3","","1","0","8","0","0","Y","0802","2","12","0","0","0","1","0","3","1","12","N","","","","","","","","","","","1025","07","  ","","",""
"1555","1","0","0","0","0","0","0","0","0","1","0","","36","02","2020","2020018836","6","40.0627","-76.3416","1531","08","0","1","0","0","0","0","0","0","","0","0","0","15","1","1","06","1","40 03:45.801","3","02","76 20:29.905","4","0","0","0","36101","0","0","0","N","0","0","0","2","36101","1","","1","01","N","N","0","","0","0","1","3","2","N","1528","1","2","0","0","0","0","0","3","0","2","N","","","","","","","","","","","1620","03","03","","",""
"0947","1","0","0","0","0","0","0","0","0","7","0","","36","02","2020","2020018837","6","40.0692","-76.3076","0939","08","0","0","0","0","0","0","0","0","","0","0","0","09","1","0","00","0","40 04:09.289","","00","76 18:27.287","0","0","0","0","36101","0","0","0","N","0","0","0","1","36101","0","","2","01","N","N","0","","0","0","0","0","0","","0937","0","2","0","0","0","0","0","3","0","1","N","","","","","","","","","","","","03","03","","",""
"1535","1","0","0","0","0","0","0","0","0","3","1","","36","02","2020","2020018838","6","40.101","-76.2577","1529","08","0","0","0","0","0","1","0","0","","0","1","0","15","1","0","00","1","40 06:03.624","2","00","76 15:27.832","0","0","0","0","36101","0","0","0","N","0","0","0","2","36101","0","","2","01","N","N","0","","0","0","0","0","0","N","1514","0","2","0","0","0","0","0","3","0","2","N","","","","","","","","","","","1550","03","03","","",""
"1707","0","0","0","0","0","0","0","0","0","5","1","","36","02","2020","2020018839","1","40.0681","-76.2959","1658","08","0","0","0","0","0","0","0","0","","0","1","0","16","4","1","00","0","40 04:05.046","","00","76 17:45.203","3","0","0","0","36101","0","0","0","N","0","0","0","4","36101","0","","1","01","N","N","0","","1","0","1","0","0","","1656","1","2","0","0","0","0","0","3","0","2","N","","","","","","","","","","","","03","03","","",""
"1922","0","0","0","0","0","0","0","0","0","7","0","","36","02","2020","2020018840","2","40.1105","-76.2489","1914","08","0","0","0","0","0","0","0","0","","0","0","0","19","3","0","00","2","40 06:37.892","1","00","76 14:55.980","0","0","0","0","36101","0","0","0","N","0","0","0","1","36101","0","","4","01","N","N","0","","0","0","1","0","0","N","1912","0","1","0","0","0","0","0","3","0","1","N","","","","","","","","","","","2005","03","  ","","",""
"1940","2","0","0","0","0","0","0","0","0","4","0","","36","02","2020","2020018841","2","40.0278","-76.3262","1937","08","0","0","0","0","1","0","1","0","","0","0","0","19","3","0","00","1","40 01:39.968","3","07","76 19:34.314","0","0","0","0","36220","0","0","0","N","0","0","0","4","36101","0","","1","01","N","N","0","","0","0","0","3","2","Y","1934","0","2","0","0","0","0","0","3","0","2","N","","","","","","","","","","","2035","03","  ","","",""
"1800","2","0","0","0","0","0","0","0","0","1","0","","36","02","2020","2020018842","3","40.0572","-76.396","1739","08","0","0","0","0","0","0","1","0","","0","0","0","17","4","2","02","0","40 03:25.859","","00","76 23:45.715","3","0","0","0","36214","0","0","0","N","0","0","0","3","36214","0","","1","09","N","N","0","","2","0","0","0","0","","1735","2","2","0","0","0","0","0","3","0","2","N","","","","","","","","","","","","07","  ","","",""
"2115","0","0","0","0","0","0","0","0","0","7","0","","36","02","2020","2020018843","3","40.0503","-76.3948","2107","08","0","0","0","0","0","0","0","0","","0","0","0","21","3","0","01","0","40 03:01.141","","00","76 23:41.283","0","0","0","0","36214","0","0","0","N","0","0","0","1","36214","0","","3","04","N","N","0","","0","0","1","3","2","","2105","0","1","0","0","0","0","0","3","0","1","N","","","","","","","","","","","","04","  ","","",""
"1414","1","0","0","0","0","0","0","0","0","1","0","","36","02","2020","2020018844","3","40.0918","-76.1597","1409","08","0","0","0","0","0","0","1","0","","0","0","0","14","1","3","01","2","40 05:30.450","7","00","76 09:34.785","3","0","0","0","36234","0","0","0","N","0","0","0","3","36215","0","","1","01","N","N","0","","3","0","1","0","0","N","1406","3","2","0","0","0","0","0","1","0","2","N","","","","","","","","","","","0030","03","  ","","N",""
"2001","1","0","0","0","0","0","0","0","0","1","0","","36","02","2020","2020018845","2","40.0218","-76.3786","1959","08","0","0","0","0","0","0","0","0","","0","0","0","19","3","2","02","2","40 01:18.382","6","00","76 22:43.068","3","0","0","0","36223","0","0","0","N","0","0","0","2","36223","0","","1","01","N","N","0","","2","0","1","3","2","Y","1958","2","2","0","0","0","0","0","1","0","2","N","","","","","","","","","","","2042","03","  ","","",""
"1326","1","0","0","0","0","0","0","0","0","2","0","","36","02","2020","2020018846","4","40.1408","-76.2982","1324","08","0","0","0","0","0","0","1","1","","0","0","0","13","1","0","00","0","40 08:26.940","","00","76 17:53.490","9","0","0","0","36409","0","0","0","N","0","0","0","2","36409","0","","1","01","N","N","0","","0","0","1","9","3","","1322","0","2","0","0","0","0","2","3","0","2","N","","","","","","","","","","","","03","03","","",""
"0705","2","0","0","0","0","0","0","0","0","1","0","","36","02","2020","2020018847","2","40.1559","-76.3072","0703","08","0","0","0","0","0","0","0","0","","0","0","0","07","1","1","00","0","40 09:21.318","","00","76 18:26.069","3","0","0","0","36409","0","0","0","N","0","0","0","2","36409","0","","1","01","N","N","0","","1","0","0","3","2","","0702","1","2","0","0","0","0","0","3","0","2","N","","","","","","","","","","","","03","  ","","",""
"1527","1","0","0","0","0","0","1","0","0","6","1","","36","01","2020","2020018895","5","39.9977","-76.0551","1523","08","0","0","0","0","0","0","1","0","","0","0","0","15","1","0","01","1","39 59:51.604","6","00","76 03:18.436","0","0","0","0","36232","0","0","0","N","0","0","0","6","68J01","0","","1","01","Y","N","0","","0","0","0","0","0","Y","1510","0","2","0","0","0","0","0","1","0","2","N","","","","","","","","","","","0045","03","03","","",""
"2236","1","0","0","0","0","0","0","0","0","7","0","","36","01","2020","2020018901","4","40.0172","-76.0586","2227","08","1","0","0","0","0","0","0","0","","0","0","0","22","2","0","00","0","40 01:01.848","","00","76 03:31.082","0","0","0","0","36232","0","0","0","N","0","0","0","1","68J01","0","","4","01","N","N","0","","0","0","0","0","0","","2214","0","1","0","0","0","0","0","1","0","1","N","","","","","","","","","","","","03","03","","",""
"2333","0","0","0","0","0","0","0","0","0","7","0","","36","01","2020","2020018902","4","39.9239","-76.1636","2319","08","0","0","0","0","0","0","0","0","","0","0","0","23","2","0","02","0","39 55:26.047","","00","76 09:49.039","0","0","0","0","36216","0","0","0","N","0","0","0","1","68J01","0","","4","01","N","N","1","","0","0","0","0","0","","2314","0","1","0","0","0","0","0","1","0","1","N","","","","","","","","","","","","03","03","","",""
"0158","1","0","0","0","0","0","0","0","0","7","0","","36","01","2020","2020018903","5","40.2442","-76.2988","0138","08","0","0","0","0","0","0","0","0","","0","0","0","01","2","1","00","0","40 14:39.279","","00","76 17:55.747","8","0","0","0","36217","0","0","0","N","0","0","0","1","68J01","0","","4","01","N","N","0","","0","0","0","0","0","","0137","1","1","0","0","0","1","0","1","0","1","N","","","","","","","","","","","","03","  ","","",""
"0910","0","0","0","0","0","0","0","0","0","1","0","","36","01","2020","2020018904","5","40.1559","-76.0434","0834","08","0","0","0","0","0","1","0","0","","0","0","0","08","1","0","01","1","40 09:21.104","4","00","76 02:36.199","0","0","0","0","36418","0","0","0","N","0","0","0","4","68J01","0","","1","01","N","N","1","","0","0","0","0","0","N","0830","0","2","0","0","0","0","0","1","1","2","N","","","","","","","","","","","0945","03","03","","",""
"1924","0","0","0","0","0","0","0","0","0","7","0","","36","01","2020","2020018906","5","40.2208","-76.0632","1910","08","0","0","0","0","0","1","0","0","","0","0","0","19","2","0","00","0","40 13:14.824","","00","76 03:47.346","0","0","0","0","36202","0","0","0","N","0","0","0","1","68J01","0","","4","01","N","N","1","","0","0","0","0","0","","1908","0","1","0","0","0","0","0","1","0","1","N","","","","","","","","","","","","03","  ","","",""
"0645","1","0","1","0","0","0","0","0","0","0","0","","36","01","2020","2020018907","6","39.8607","-76.0914","0627","08","0","0","0","0","1","0","0","0","","0","0","0","06","2","1","01","2","39 51:38.462","2","00","76 05:28.941","2","0","0","0","36205","0","0","0","N","0","0","0","1","68J01","0","","1","01","N","N","0","","0","1","0","3","3","N","0625","1","2","0","0","0","0","0","1","0","1","N","","","","","","","","","","","0700","03","03","","",""
"0802","1","0","0","0","0","0","0","0","0","1","0","","36","02","2020","2020018910","7","40.1204","-75.9168","0721","08","0","0","0","0","0","1","1","0","","0","0","0","06","1","0","00","0","40 07:13.339","","00","75 55:00.621","0","0","0","0","36203","0","0","0","N","0","0","0","2","68J01","0","","4","09","N","N","1","","0","0","0","0","0","","0658","0","2","0","0","0","0","0","1","0","2","N","","","","","","","","","","","","03","  ","","",""
"1359","0","0","0","0","0","0","0","0","0","1","0","","36","02","2020","2020018911","7","40.205","-76.2985","1342","08","0","0","0","0","0","0","1","0","","0","0","0","13","1","0","00","0","40 12:17.983","","00","76 17:54.655","0","0","0","0","36217","0","0","0","N","0","0","0","2","68J01","0","","1","01","N","N","1","","0","0","1","0","0","","1333","0","2","0","0","0","0","0","1","0","2","N","","","","","","","","","","","","03","  ","","",""
"1108","2","0","0","0","0","0","0","0","0","4","0","","36","02","2020","2020018912","1","40.2142","-76.2897","1039","08","0","0","0","0","0","0","0","1","","0","0","0","10","1","2","01","2","40 12:51.234","7","00","76 17:22.756","3","0","0","0","36217","0","0","0","N","0","0","0","6","68J01","0","","1","01","N","N","0","","2","0","0","3","3","Y","1036","2","2","0","0","0","0","0","1","0","2","N","","","","","","","","","","","1600","03","  ","","",""
"1147","2","0","0","0","0","0","0","0","0","1","0","","36","02","2020","2020018913","1","40.0335","-75.9842","1133","08","0","0","2","0","0","0","0","0","","0","0","0","11","1","0","00","1","40 02:00.531","3","00","75 59:03.090","0","0","0","0","36232","0","0","0","N","0","0","0","3","68J01","0","","1","09","N","N","0","","0","0","0","0","0","N","1129","0","2","0","0","0","0","0","1","0","2","N","","","","","","","","","","","1205","04","  ","","",""