"ARRIVAL_TM","AUTOMOBILE_COUNT","BELTED_DEATH_COUNT","BELTED_SUSP_SERIOUS_INJ_COUNT","BICYCLE_COUNT","BICYCLE_DEATH_COUNT","BICYCLE_SUSP_SERIOUS_INJ_COUNT","BUS_COUNT","CHLDPAS_DEATH_COUNT","CHLDPAS_SUSP_SERIOUS_INJ_COUNT","COLLISION_TYPE","COMM_VEH_COUNT","CONS_ZONE_SPD_LIM","COUNTY","CRASH_MONTH","CRASH_YEAR","CRN","DAY_OF_WEEK","DEC_LAT","DEC_LONG","DISPATCH_TM","DISTRICT","DRIVER_COUNT_16YR","DRIVER_COUNT_17YR","DRIVER_COUNT_18YR","DRIVER_COUNT_19YR","DRIVER_COUNT_20YR","DRIVER_COUNT_50_64YR","DRIVER_COUNT_65_74YR","DRIVER_COUNT_75PLUS","EST_HRS_CLOSED","FATAL_COUNT","HEAVY_TRUCK_COUNT","HORSE_BUGGY_COUNT","HOUR_OF_DAY","ILLUMINATION","INJURY_COUNT","INTERSECT_TYPE","LANE_CLOSED","LATITUDE","LN_CLOSE_DIR","LOCATION_TYPE","LONGITUDE","MAX_SEVERITY_LEVEL","MCYCLE_DEATH_COUNT","MCYCLE_SUSP_SERIOUS_INJ_COUNT","MOTORCYCLE_COUNT","MUNICIPALITY","NONMOTR_COUNT","NONMOTR_DEATH_COUNT","NONMOTR_SUSP_SERIOUS_INJ_COUNT","NTFY_HIWY_MAINT","PED_COUNT","PED_DEATH_COUNT","PED_SUSP_SERIOUS_INJ_COUNT","PERSON_COUNT","POLICE_AGCY","POSSIBLE_INJ_COUNT","RDWY_SURF_TYPE_CD","RELATION_TO_ROAD","ROAD_CONDITION","SCH_BUS_IND","SCH_ZONE_IND","SMALL_TRUCK_COUNT","SPEC_JURIS_CD","SUSP_MINOR_INJ_COUNT","SUSP_SERIOUS_INJ_COUNT","SUV_COUNT","TCD_FUNC_CD","TCD_TYPE","TFC_DETOUR_IND","TIME_OF_DAY","TOT_INJ_COUNT","TOTAL_UNITS","UNB_DEATH_COUNT","UNB_SUSP_SERIOUS_INJ_COUNT","UNBELTED_OCC_COUNT","UNK_INJ_DEG_COUNT","UNK_INJ_PER_COUNT","URBAN_RURAL","VAN_COUNT","VEHICLE_COUNT","WORK_ZONE_IND","WORK_ZONE_LOC","WORK_ZONE_TYPE","WORKERS_PRES","WZ_CLOSE_DETOUR","WZ_FLAGGER","WZ_LAW_OFFCR_IND","WZ_LN_CLOSURE","WZ_MOVING","WZ_OTHER","WZ_SHLDER_MDN","ROADWAY_CLEARED","WEATHER1","WEATHER2","WZ_WORKERS_INJ_KILLED","SECONDARY_CRASH","INTERSECTION_RELATED"
"2105","2","0","0","0","0","0","0","0","0","4","0","","36","02","2020","2020018919","4","39.9945","-76.0269","2058","08","0","0","0","1","0","0","0","0","","0","0","0","20","2","0","00","1","39 59:40.042","4","00","76 01:36.833","0","0","0","0","36232","0","0","0","N","0","0","0","3","68J01","0","","1","01","N","N","0","","0","0","0","0","0","Y","2052","0","2","0","0","0","0","0","1","0","2","N","","","","","","","","","","","2105","03","  ","","",""
"0608","0","0","0","0","0","0","0","0","0","7","0","","36","02","2020","2020018923","6","39.904","-76.2238","0551","08","0","0","0","0","0","0","1","0","","0","0","0","05","2","1","02","0","39 54:14.227","","00","76 13:25.697","8","0","0","0","36229","0","0","0","N","0","0","0","1","68J01","0","","4","09","N","N","0","","0","0","1","3","3","","0549","1","1","0","0","0","1","0","1","0","1","N","","","","","","","","","","","","05","07","","",""
"1750","2","0","0","0","0","0","0","0","0","4","0","","36","02","2020","2020018932","7","39.9479","-76.2301","1728","08","0","0","0","1","0","0","1","0","","0","0","0","17","4","1","01","0","39 56:52.261","","00","76 13:48.292","3","0","0","0","36233","0","0","0","N","0","0","0","3","68J01","0","","1","01","N","N","0","","1","0","0","3","3","","1715","1","2","0","0","0","0","0","1","0","2","N","","","","","","","","","","","","03","  ","","",""
"0056","1","0","0","0","0","0","0","0","0","7","0","","36","02","2020","2020018938","2","40.2114","-76.0518","0030","08","0","0","1","0","0","0","0","0","","0","0","0","00","2","0","00","0","40 12:41.171","","00","76 03:06.436","0","0","0","0","36202","0","0","0","N","0","0","0","1","68J01","0","","4","01","N","N","0","","0","0","0","0","0","","0029","0","1","0","0","0","0","0","1","0","1","N","","","","","","","","","","","","03","  ","","",""
"1743","0","0","0","0","0","0","0","0","0","1","0","","36","02","2020","2020018940","2","40.0216","-75.9797","1737","08","0","0","0","0","0","0","0","0","","0","0","0","17","4","1","00","2","40 01:17.720","5","00","75 58:46.910","3","0","0","0","36232","0","0","0","N","0","0","0","2","68J01","0","","1","09","N","N","1","","1","0","0","0","0","Y","1735","1","2","0","0","0","0","0","1","0","2","N","","","","","","","","","","","1832","07","  ","","",""
"1957","0","0","0","0","0","0","0","0","0","4","0","","36","02","2020","2020018941","2","40.0388","-76.0704","1957","08","0","0","0","0","0","1","0","0","","0","0","0","19","2","2","00","2","40 02:19.765","6","00","76 04:13.416","3","0","0","0","36221","0","0","0","N","0","0","0","3","68J01","0","","1","09","N","N","0","","2","0","2","0","0","Y","1957","2","2","0","0","0","0","0","1","0","2","N","","","","","","","","","","","2054","07","  ","","",""
"0920","1","0","0","0","0","0","0","0","0","4","0","","36","02","2020","2020018946","4","39.8774","-76.1892","0850","08","0","0","0","1","0","1","0","0","","0","0","0","08","1","0","01","0","39 52:38.560","","00","76 11:20.943","0","0","0","0","36212","0","0","0","N","0","0","0","2","68J01","0","","1","01","N","N","1","","0","0","0","3","3","","0842","0","2","0","0","0","0","0","1","0","2","N","","","","","","","","","","","","03","03","","",""
"1029","0","0","0","0","0","0","0","0","0","4","0","","36","02","2020","2020018947","4","40.1519","-75.9014","1003","08","0","0","0","0","0","0","2","0","","0","0","0","10","1","2","01","0","40 09:06.984","","00","75 54:04.898","3","0","0","0","36203","0","0","0","N","0","0","0","2","68J01","0","","1","01","N","N","2","","2","0","0","3","2","","1001","2","2","0","0","0","0","0","1","0","2","N","","","","","","","","","","","","03","03","","",""
"1432","1","0","0","0","0","0","0","0","0","4","0","","36","02","2020","2020018952","5","40.2232","-76.2728","1416","08","0","0","0","0","0","1","1","0","","0","0","0","13","1","2","00","1","40 13:23.500","4","07","76 16:22.201","8","0","0","0","36217","0","0","0","N","0","0","0","2","68J01","0","","1","09","N","N","1","","0","0","0","0","0","N","1354","2","2","0","0","1","2","0","1","0","2","N","","","","","","","","","","","0100","04","05","","N","Y"
"0801","0","0","0","0","0","0","0","0","0","98","0","","36","02","2020","2020018960","6","39.9821","-75.989","0726","08","0","0","0","0","0","0","0","0","","0","0","0","07","1","0","00","1","39 58:55.590","2","00","75 59:20.330","0","0","0","0","36231","0","0","0","N","0","0","0","1","68J01","0","","1","01","N","N","0","","0","0","1","0","0","N","0712","0","1","0","0","0","0","0","1","0","1","N","","","","","","","","","","","0815","03","  ","","",""
"1128","0","0","0","0","0","0","0","0","0","4","1","","36","02","2020","2020018969","2","40.0342","-76.0013","1122","08","0","0","0","0","0","1","0","1","","0","1","0","11","1","0","01","1","40 02:02.942","6","00","76 00:04.667","0","0","0","0","36232","0","0","0","N","0","0","0","2","68J01","0","","1","01","N","N","0","","0","0","1","3","3","N","1119","0","2","0","0","0","0","0","1","0","2","N","","","","","","","","","","","1141","03","  ","","",""
"1151","0","0","0","0","0","0","0","0","0","7","0","","36","02","2020","2020018975","3","40.2001","-76.0367","1142","08","0","0","0","0","0","1","0","0","","0","0","0","11","1","0","00","1","40 12:00.180","4","00","76 02:12.250","0","0","0","0","36202","0","0","0","N","0","0","0","1","68J01","0","","4","01","N","N","0","","0","0","1","0","0","N","1140","0","1","0","0","1","0","0","1","0","1","N","","","","","","","","","","","1220","03","03","","N","N"
"2113","1","0","0","0","0","0","0","0","0","6","0","","36","01","2020","2020018983","3","39.9278","-76.1905","2014","08","0","0","0","0","2","0","0","0","","0","0","0","20","2","0","00","1","39 55:40.170","4","00","76 11:25.640","0","0","0","0","36233","0","0","0","N","0","0","0","2","68J01","0","","1","06","N","N","1","","0","0","0","0","0","N","2014","0","2","0","0","0","0","0","1","0","2","N","","","","","","","","","","","0200","10","  ","","",""
"1115","1","0","0","0","0","0","0","0","0","4","0","","36","01","2020","2020018990","7","40.2056","-76.0256","1045","08","0","0","0","0","0","0","0","0","","0","0","0","10","1","0","02","0","40 12:20.082","","00","76 01:32.119","0","0","0","0","36202","0","0","0","N","0","0","0","3","68J01","0","","1","07","N","N","0","","0","0","1","3","3","","1043","0","2","0","0","0","0","0","1","0","2","N","","","","","","","","","","","","10","06","","",""
"1200","1","0","0","0","0","0","0","0","0","7","0","","36","01","2020","2020018992","7","40.2277","-76.0547","1152","08","0","0","0","0","0","0","0","0","","0","0","0","11","1","0","00","0","40 13:39.809","","00","76 03:16.909","0","0","0","0","36202","0","0","0","N","0","0","0","4","68J01","0","","4","07","N","N","0","","0","0","0","0","0","","1147","0","1","0","0","0","0","0","1","0","1","N","","","","","","","","","","","","10","  ","","",""
"1500","1","0","0","0","0","0","0","0","0","7","0","","36","01","2020","2020018993","7","39.9117","-76.2436","1426","08","0","0","0","0","0","0","0","0","","0","0","0","14","1","0","00","0","39 54:42.287","","00","76 14:36.798","0","0","0","0","36229","0","0","0","N","0","0","0","1","68J01","0","","4","06","N","N","0","","0","0","0","0","0","","1404","0","1","0","0","0","0","0","1","0","1","N","","","","","","","","","","","","06","09","","",""
"1554","1","0","0","0","0","0","0","0","0","1","0","","36","01","2020","2020018996","7","39.9118","-76.2436","1554","08","0","0","0","0","0","0","0","0","","0","0","0","15","1","0","00","0","39 54:42.346","","00","76 14:36.805","0","0","0","0","36229","0","0","0","N","0","0","0","2","68J01","0","","1","06","N","N","0","","0","0","1","0","0","","1554","0","2","0","0","0","0","0","1","0","2","N","","","","","","","","","","","","06","  ","","",""
"1431","2","0","0","0","0","0","0","0","0","1","0","","36","01","2020","2020018997","1","39.9922","-76.0218","1409","08","0","0","0","0","0","0","0","0","","0","0","0","13","1","0","03","1","39 59:32.088","4","00","76 01:18.340","0","0","0","0","36232","0","0","0","N","0","0","0","3","68J01","0","","1","01","N","N","0","","0","0","0","3","2","N","1358","0","2","0","0","0","0","0","1","0","2","N","","","","","","","","","","","1520","03","03","","",""
"0901","2","0","0","0","0","0","0","0","0","1","0","","36","02","2020","2020019102","4","40.0308","-76.2343","0859","08","0","0","0","0","0","0","0","0","","0","0","0","08","1","0","05","1","40 01:50.123","2","00","76 14:03.641","0","0","0","0","36215","0","0","0","N","0","0","0","4","36215","0","","1","01","N","N","1","","0","0","0","3","2","N","0857","0","3","0","0","0","0","0","1","0","3","N","","","","","","","","","","","0932","03","  ","","",""
"0144","0","0","0","0","0","0","0","0","0","7","0","","36","02","2020","2020019103","1","40.066","-76.2028","0144","08","0","0","0","0","0","0","0","0","","0","0","0","01","2","0","00","1","40 03:57.700","4","00","76 12:10.000","0","0","0","0","36234","0","0","0","N","0","0","0","1","36215","0","","4","01","N","N","0","","0","0","1","0","0","N","0130","0","1","0","0","0","0","0","1","0","1","N","","","","","","","","","","","0225","03","  ","","",""
"1424","0","0","0","0","0","0","0","0","0","4","1","","36","02","2020","2020019104","4","40.0342","-76.4612","1423","08","0","0","0","0","0","1","0","0","","0","1","0","14","1","1","00","0","40 02:03.117","","07","76 27:40.245","4","0","0","0","36239","0","0","0","N","0","0","0","2","36239","1","","1","01","N","N","0","","0","0","1","0","0","","1423","1","2","0","0","0","0","0","3","0","2","N","","","","","","","","","","","","03","  ","","N","N"
"2122","1","0","0","0","0","0","0","0","0","4","0","","36","02","2020","2020019242","7","40.1502","-76.2988","2116","08","0","0","1","0","0","1","0","0","","0","0","0","21","3","0","01","0","40 09:00.792","","00","76 17:55.615","0","0","0","0","36409","0","0","0","N","0","0","0","3","36409","0","","1","01","N","N","0","","0","0","1","3","3","","2114","0","2","0","0","0","0","0","3","0","2","N","","","","","","","","","","","","03","03","","",""
"2014","0","0","0","0","0","0","0","0","0","8","0","","36","02","2020","2020019316","4","40.1508","-76.6055","2011","08","0","0","0","0","0","0","1","0","","0","0","0","20","3","1","00","2","40 09:02.826","5","00","76 36:19.842","3","0","0","0","36407","1","0","0","N","1","0","0","2","36407","0","","1","01","N","N","1","","1","0","0","0","0","N","2011","1","2","0","0","0","0","0","2","0","1","N","","","","","","","","","","","2036","03","  ","","N","N"
"0714","1","0","0","0","0","0","0","0","0","2","0","","36","02","2020","2020019353","6","40.0434","-76.2979","0714","08","0","0","0","0","0","1","0","0","","0","0","0","07","1","1","00","2","40 02:36.174","1","00","76 17:52.610","8","0","0","0","36301","0","0","0","N","0","0","0","2","36301","0","","1","01","N","N","0","","0","0","1","0","0","Y","0711","1","2","0","0","0","1","0","3","0","2","N","","","","","","","","","","","0800","03","03","","N","N"
"0703","0","0","0","0","0","0","0","0","0","4","0","","36","02","2020","2020019447","6","40.0498","-76.3175","0657","08","0","0","0","0","0","0","1","0","","0","0","0","06","1","1","02","1","40 02:59.122","4","07","76 19:02.958","8","0","0","1","36301","0","0","0","N","0","0","0","2","36301","0","","1","01","N","N","0","","0","0","1","3","2","N","0657","1","2","0","0","0","1","0","3","0","2","N","","","","","","","","","","","0730","03","03","","N",""
"0913","0","0","0","0","0","0","0","0","0","1","0","","36","02","2020","2020019499","3","40.0764","-76.3378","0910","08","0","0","0","0","0","1","0","0","","0","0","0","09","1","1","06","1","40 04:35.008","3","02","76 20:16.120","4","0","0","0","36101","0","0","0","N","0","0","0","3","36101","1","","1","01","N","N","1","","0","0","1","3","4","N","0907","1","2","0","0","0","0","0","3","0","2","N","","","","","","","","","","","0941","03","03","","",""
"1606","1","0","0","0","0","0","0","0","0","1","0","","36","02","2020","2020019500","3","40.0967","-76.4248","1600","08","0","0","0","0","0","0","0","0","","0","0","0","15","1","1","00","2","40 05:48.160","1","00","76 25:29.430","3","0","0","0","36214","0","0","0","N","0","0","0","2","36214","0","","1","01","N","N","0","","1","0","1","0","0","Y","1555","1","2","0","0","0","0","0","3","0","2","N","","","","","","","","","","","1715","03","  ","","",""
"0917","1","0","0","0","0","0","0","0","0","7","0","","36","02","2020","2020019501","5","40.0819","-76.351","0907","08","0","0","0","0","0","1","0","0","","0","0","0","08","1","1","00","0","40 04:54.975","","00","76 21:03.454","3","0","0","0","36214","0","0","0","N","0","0","0","1","36214","0","","5","01","N","N","0","","1","0","0","3","2","","0850","1","2","0","0","0","0","0","3","0","1","N","","","","","","","","","","","","04","04","","",""
"2003","1","0","1","0","0","0","1","0","0","4","1","","36","02","2020","2020019502","2","40.0265","-76.2135","1958","08","0","0","0","0","0","0","0","0","","0","0","0","19","3","2","00","1","40 01:35.241","6","07","76 12:48.778","2","0","0","0","36215","0","0","0","N","0","0","0","4","36215","0","","1","09","N","N","0","","1","1","0","3","2","N","1955","2","2","0","0","0","0","0","1","0","2","N","","","","","","","","","","","2050","07","  ","","",""
"1021","1","0","0","0","0","0","0","0","0","1","1","","36","01","2020","2020019503","6","40.0362","-76.363","1017","08","0","0","0","0","1","0","0","0","","0","1","0","10","1","1","02","2","40 02:10.180","5","00","76 21:46.960","3","0","0","0","36223","0","0","0","N","0","0","0","3","36223","0","","1","01","N","N","0","","1","0","1","9","9","Y","1017","1","3","0","0","0","0","0","1","0","3","N","","","","","","","","","","","1103","03","03","","",""
"1738","1","0","0","0","0","0","0","0","0","4","0","","36","01","2020","2020019504","7","40.04","-76.3685","1731","08","0","0","0","0","0","0","0","1","","0","0","0","17","3","0","00","1","40 02:23.851","3","07","76 22:06.478","0","0","0","0","36223","0","0","0","N","0","0","0","2","36223","0","","1","06","N","N","1","","0","0","0","0","0","N","1730","0","2","0","0","0","0","0","1","0","2","N","","","","","","","","","","","1800","06","10","","N","N"
"1610","1","0","0","0","0","0","0","0","0","7","0","","36","02","2020","2020019505","4","39.9964","-76.4554","1603","08","0","0","0","1","0","0","0","0","","0","0","0","16","1","2","00","1","39 59:46.971","3","00","76 27:19.506","3","0","0","0","36223","0","0","0","N","0","0","0","2","36223","0","","4","01","N","N","0","","2","0","0","0","0","N","1600","2","1","0","0","0","0","0","1","0","1","N","","","","","","","","","","","1701","03","  ","","",""
"1850","2","0","0","0","0","0","0","0","0","0","0","","36","02","2020","2020019506","1","40.0435","-76.5129","1837","08","0","0","0","0","0","0","0","0","","0","0","0","18","2","0","00","0","40 02:36.535","","00","76 30:46.271","0","0","0","0","36239","0","0","0","N","0","0","0","4","36239","0","","1","01","N","N","0","","0","0","0","0","0","","1834","0","2","0","0","0","0","0","3","0","2","N","","","","","","","","","","","","03","03","","",""
"1622","2","0","0","0","0","0","0","0","0","1","0","","36","02","2020","2020019536","6","40.1345","-76.0475","1614","08","0","0","0","0","0","1","0","0","","0","0","0","16","1","0","03","0","40 08:04.130","","00","76 02:51.115","0","0","0","0","36213","0","0","0","N","0","0","0","2","36213","0","","1","01","N","N","0","","0","0","0","0","0","","1610","0","2","0","0","0","0","0","1","0","2","N","","","","","","","","","","","","03","03","","",""
"1939","1","0","0","0","0","0","0","0","0","7","0","","36","02","2020","2020019603","3","40.1671","-76.1861","1937","08","0","0","0","1","0","0","0","0","","0","0","0","19","2","0","02","0","40 10:01.578","","00","76 11:10.049","0","0","0","0","36218","0","0","0","N","0","0","0","1","36408","0","","5","01","N","N","0","","0","0","0","0","0","","1937","0","1","0","0","0","0","0","1","0","1","N","","","","","","","","","","","","03","  ","","",""
"1613","2","0","0","0","0","0","0","0","0","1","0","","36","02","2020","2020019607","6","40.1776","-76.1759","1610","08","0","0","0","0","0","0","0","0","","0","0","0","16","1","0","02","0","40 10:39.459","","00","76 10:33.299","0","0","0","0","36408","0","0","0","N","0","0","0","4","36408","0","","1","01","N","N","0","","0","0","1","0","0","","1609","0","3","0","0","0","0","0","2","0","3","N","","","","","","","","","","","","03","03","","",""
"1747","0","0","0","0","0","0","0","0","0","1","0","","36","02","2020","2020019753","5","40.0679","-76.2983","1740","08","0","0","0","0","0","1","0","0","","0","0","0","17","1","0","00","0","40 04:04.433","","00","76 17:53.860","0","0","0","0","36101","0","0","0","N","0","0","0","2","36101","0","","1","01","N","N","0","","0","0","2","0","0","","1737","0","2","0","0","0","0","0","3","0","2","N","","","","","","","","","","","","03","  ","","",""
"1446","0","0","0","0","0","0","0","0","0","7","0","","36","02","2020","2020019754","6","40.0981","-76.2591","1438","08","0","0","0","0","0","1","0","0","","0","0","0","14","1","0","00","0","40 05:53.177","","00","76 15:32.776","0","0","0","0","36101","0","0","0","N","0","0","0","1","36101","0","","1","01","N","N","0","","0","0","1","0","0","","1434","0","1","0","0","0","0","0","3","0","1","N","","","","","","","","","","","","03","  ","","N","N"
"2330","2","0","0","0","0","0","0","0","0","1","0","","36","02","2020","2020019755","6","40.1056","-76.254","2324","08","0","0","0","0","0","0","0","0","","0","0","0","23","2","0","00","2","40 06:20.124","1","00","76 15:14.245","0","0","0","0","36101","0","0","0","N","0","0","0","2","36101","0","","1","01","N","N","0","","0","0","0","0","0","N","2322","0","2","0","0","0","0","0","3","0","2","N","","","","","","","","","","","0045","03","03","","",""
"1639","2","0","0","0","0","0","0","0","0","1","0","","36","02","2020","2020019756","4","40.1035","-76.4319","1631","08","0","0","0","1","0","2","0","0","","0","0","0","16","1","2","00","1","40 06:12.473","6","00","76 25:54.813","3","0","0","0","36239","0","0","0","N","0","0","0","4","36239","0","","1","01","N","N","0","","2","0","1","0","0","Y","1630","2","3","0","0","0","0","0","3","0","3","N","","","","","","","","","","","1705","03","  ","","N","N"
"0049","1","0","0","0","0","0","0","0","0","1","0","","36","02","2020","2020019773","7","40.0353","-76.3124","0046","08","0","0","0","0","0","0","0","0","","0","0","0","00","3","0","00","2","40 02:07.000","4","00","76 18:44.600","0","0","0","0","36301","0","0","0","N","0","0","0","1","36301","0","","6","01","N","N","0","","0","0","1","0","0","Y","0043","0","2","0","0","0","0","0","3","0","2","N","","","","","","","","","","","0130","03","  ","","N","N"
"1050","2","0","0","0","0","0","0","0","0","1","0","","36","02","2020","2020019879","7","40.1665","-76.1778","1046","08","1","0","0","0","0","0","0","0","","0","0","0","10","1","0","00","0","40 09:59.490","","00","76 10:40.220","0","0","0","0","36218","0","0","0","N","0","0","0","3","36408","0","","1","01","N","N","0","","0","0","0","0","0","","1008","0","2","0","0","0","0","0","1","0","2","N","","","","","","","","","","","","03","  ","","",""
"0804","2","0","0","0","0","0","0","0","0","4","0","","36","02","2020","2020019884","1","40.044","-76.3242","0753","08","0","0","0","0","0","1","0","0","","0","0","0","07","1","0","01","0","40 02:38.378","","00","76 19:27.213","0","0","0","0","36301","0","0","0","N","0","0","0","2","36301","0","","1","01","N","N","0","","0","0","0","3","2","N","0751","0","2","0","0","0","0","0","3","0","2","N","","","","","","","","","","","","03","  ","","N",""
"2034","1","0","0","0","0","0","0","0","0","7","0","","36","02","2020","2020019991","7","40.0952","-76.3718","2028","08","0","0","0","0","0","0","0","0","","0","0","0","20","2","0","02","2","40 05:42.895","5","00","76 22:18.482","0","0","0","0","36214","0","0","0","N","0","0","0","1","36214","0","","4","01","N","N","0","","0","0","0","0","0","Y","2025","0","1","0","0","0","0","0","3","0","1","N","","","","","","","","","","","2215","03","  ","","",""
"1456","1","0","0","0","0","0","0","0","0","4","0","","36","02","2020","2020020017","5","39.986","-76.2381","1451","08","0","0","0","0","0","0","0","1","","0","0","0","14","1","0","00","1","39 59:09.635","2","07","76 14:17.248","0","0","0","0","36240","0","0","0","N","0","0","0","2","36240","0","","1","01","N","N","1","","0","0","0","0","0","N","1448","0","2","0","0","0","0","0","1","0","2","N","","","","","","","","","","","1520","03","  ","","N","N"
"1833","1","0","0","0","0","0","0","0","0","1","0","","36","02","2020","2020020023","6","39.9877","-76.2757","1823","08","0","0","0","0","0","2","0","0","","0","0","0","18","4","0","00","1","39 59:15.854","5","00","76 16:32.672","0","0","0","0","36240","0","0","0","N","0","0","0","5","36240","0","","1","01","N","N","0","","0","0","1","0","0","N","1820","0","2","0","0","0","0","0","1","0","2","N","","","","","","","","","","","1920","03","  ","","",""
"1654","0","0","0","0","0","0","0","0","0","7","0","","36","02","2020","2020020063","1","40.1275","-76.6113","1653","08","0","0","0","0","0","0","1","0","","0","0","0","16","1","1","00","0","40 07:39.113","","00","76 36:40.622","3","0","0","0","36237","0","0","0","N","0","0","0","1","36505","0","","5","01","N","N","0","","1","0","1","0","0","","1645","1","1","0","0","0","0","0","1","0","1","N","","","","","","","","","","","","03","03","","",""
"2306","0","0","0","0","0","0","0","0","0","0","0","","36","02","2020","2020020064","7","40.094","-76.5358","2302","08","0","0","0","0","0","0","0","0","","0","0","0","23","2","1","00","2","40 05:38.523","5","00","76 32:08.927","3","0","0","0","36211","0","0","0","N","0","0","0","2","36504","0","","1","01","N","N","0","","1","0","1","0","0","Y","2300","1","1","0","0","0","0","0","1","0","1","N","","","","","","","","","","","0007","03","03","","",""
"1916","2","0","0","0","0","0","0","0","0","4","0","","36","02","2020","2020020084","1","40.1679","-76.1661","1911","08","0","0","0","0","0","0","1","0","","0","0","0","19","3","0","02","0","40 10:04.481","","00","76 09:57.973","0","0","0","0","36408","0","0","0","N","0","0","0","4","36408","0","","1","01","N","N","0","","0","0","0","3","2","N","1911","0","2","0","0","0","0","0","2","0","2","N","","","","","","","","","","","","03","03","","",""
"1333","0","0","0","0","0","0","0","0","0","4","0","","36","02","2020","2020020118","5","40.0462","-76.3041","1326","08","0","0","0","0","0","1","0","1","","0","0","0","13","1","0","00","1","40 02:46.200","3","07","76 18:14.700","0","0","0","0","36301","0","0","0","N","0","0","0","2","36301","0","","1","01","N","N","0","","0","0","2","3","3","Y","1324","0","2","0","0","0","0","0","3","0","2","N","","","","","","","","","","","1421","03","  ","","N","N"
"1733","2","0","0","0","0","0","0","0","0","1","0","","36","02","2020","2020020119","4","40.1619","-76.5734","1726","08","0","0","0","0","0","1","0","0","","0","0","0","17","1","0","00","1","40 09:42.924","5","00","76 34:24.108","0","0","0","0","36225","0","0","0","N","0","0","0","2","36505","0","","1","01","N","N","0","","0","0","0","0","0","N","1700","0","2","0","0","0","0","0","2","0","2","N","","","","","","","","","","","1745","03","03","","",""
"1253","2","0","0","0","0","0","0","0","0","4","0","","36","02","2020","2020020133","7","40.0156","-76.26","1248","08","0","1","0","0","0","1","0","0","","0","0","0","12","1","0","01","1","40 00:56.002","3","00","76 15:35.886","0","0","0","0","36240","0","0","0","N","0","0","0","2","36240","0","","1","01","N","N","0","","0","0","0","3","2","N","1247","0","2","0","0","0","0","0","1","0","2","N","","","","","","","","","","","1315","03","03","","N",""
"1804","0","0","0","0","0","0","0","0","0","4","0","","36","02","2020","2020020276","3","40.0702","-76.301","1804","08","0","1","0","0","0","0","1","0","","0","0","0","18","2","1","00","0","40 04:12.610","","07","76 18:03.450","4","0","0","0","36101","0","0","0","N","0","0","0","2","36101","1","","1","09","N","N","1","","0","0","1","0","0","","1804","1","2","0","0","0","0","0","3","0","2","N","","","","","","","","","","","","07","  ","","",""
"1816","2","0","0","0","0","0","0","0","0","1","0","","36","02","2020","2020020277","6","40.0942","-76.2616","1807","08","0","0","0","0","1","0","1","0","","0","0","0","18","4","1","00","0","40 05:39.221","","00","76 15:41.837","4","0","0","0","36101","0","0","0","N","0","0","0","4","36101","1","","1","01","N","N","0","","0","0","1","0","0","","1805","1","3","0","0","0","0","0","3","0","3","N","","","","","","","","","","","","03","03","","N","N"
"2042","1","0","0","0","0","0","0","0","0","4","0","","36","02","2020","2020020278","1","40.0536","-76.3086","2036","08","0","0","0","0","0","0","0","0","","0","0","0","20","3","0","01","2","40 03:12.990","3","00","76 18:31.101","0","0","0","0","36101","0","0","0","N","0","0","0","2","36101","0","","1","01","N","N","0","","0","0","1","2","2","N","2030","0","2","0","0","0","0","0","3","0","2","N","","","","","","","","","","","2053","03","03","","",""
"2002","1","0","0","0","0","0","0","0","0","7","0","","36","02","2020","2020020280","5","40.0595","-76.4097","2001","08","0","0","0","0","0","1","0","0","","0","0","0","20","2","0","02","2","40 03:34.225","6","00","76 24:34.750","9","0","0","0","36239","0","0","0","N","0","0","0","1","36239","0","","2","01","N","N","0","","0","0","0","0","0","Y","2000","0","1","0","0","0","0","1","3","0","1","N","","","","","","","","","","","2100","03","03","","",""
"2052","1","0","0","0","0","0","0","0","0","4","0","","36","02","2020","2020020281","6","40.2039","-76.3488","2047","08","1","0","0","0","0","0","1","0","","0","0","0","20","2","0","05","1","40 12:13.879","6","00","76 20:55.622","0","0","0","0","36217","0","0","0","N","0","0","0","4","36506","0","","1","01","N","N","0","","0","0","1","0","0","N","2047","0","2","0","0","0","0","0","1","0","2","N","","","","","","","","","","","2147","03","03","","N",""
"1914","0","0","0","0","0","0","0","0","0","4","0","","36","02","2020","2020020279","1","40.0378","-76.422","1912","08","0","0","0","0","0","1","0","0","","0","0","0","19","3","1","02","2","40 02:16.132","7","00","76 25:19.332","2","0","1","1","36414","0","0","0","N","0","0","0","2","36239","0","","1","01","N","N","0","","0","1","1","0","0","Y","1911","1","2","0","0","0","0","0","3","0","2","N","","","","","","","","","","","2015","03","03","","N",""
"1428","2","0","0","0","0","0","0","0","0","4","0","","36","02","2020","2020020328","4","40.0406","-76.2528","1423","08","0","0","0","0","0","0","0","0","","0","0","0","14","1","0","01","0","40 02:26.267","","00","76 15:10.183","0","0","0","0","36215","0","0","0","N","0","0","0","2","36215","0","","1","01","N","N","0","","0","0","0","3","2","","1421","0","2","0","0","0","0","0","1","0","2","N","","","","","","","","","","","","04","04","","",""