"ARRIVAL_TM","AUTOMOBILE_COUNT","BELTED_DEATH_COUNT","BELTED_SUSP_SERIOUS_INJ_COUNT","BICYCLE_COUNT","BICYCLE_DEATH_COUNT","BICYCLE_SUSP_SERIOUS_INJ_COUNT","BUS_COUNT","CHLDPAS_DEATH_COUNT","CHLDPAS_SUSP_SERIOUS_INJ_COUNT","COLLISION_TYPE","COMM_VEH_COUNT","CONS_ZONE_SPD_LIM","COUNTY","CRASH_MONTH","CRASH_YEAR","CRN","DAY_OF_WEEK","DEC_LAT","DEC_LONG","DISPATCH_TM","DISTRICT","DRIVER_COUNT_16YR","DRIVER_COUNT_17YR","DRIVER_COUNT_18YR","DRIVER_COUNT_19YR","DRIVER_COUNT_20YR","DRIVER_COUNT_50_64YR","DRIVER_COUNT_65_74YR","DRIVER_COUNT_75PLUS","EST_HRS_CLOSED","FATAL_COUNT","HEAVY_TRUCK_COUNT","HORSE_BUGGY_COUNT","HOUR_OF_DAY","ILLUMINATION","INJURY_COUNT","INTERSECT_TYPE","LANE_CLOSED","LATITUDE","LN_CLOSE_DIR","LOCATION_TYPE","LONGITUDE","MAX_SEVERITY_LEVEL","MCYCLE_DEATH_COUNT","MCYCLE_SUSP_SERIOUS_INJ_COUNT","MOTORCYCLE_COUNT","MUNICIPALITY","NONMOTR_COUNT","NONMOTR_DEATH_COUNT","NONMOTR_SUSP_SERIOUS_INJ_COUNT","NTFY_HIWY_MAINT","PED_COUNT","PED_DEATH_COUNT","PED_SUSP_SERIOUS_INJ_COUNT","PERSON_COUNT","POLICE_AGCY","POSSIBLE_INJ_COUNT","RDWY_SURF_TYPE_CD","RELATION_TO_ROAD","ROAD_CONDITION","SCH_BUS_IND","SCH_ZONE_IND","SMALL_TRUCK_COUNT","SPEC_JURIS_CD","SUSP_MINOR_INJ_COUNT","SUSP_SERIOUS_INJ_COUNT","SUV_COUNT","TCD_FUNC_CD","TCD_TYPE","TFC_DETOUR_IND","TIME_OF_DAY","TOT_INJ_COUNT","TOTAL_UNITS","UNB_DEATH_COUNT","UNB_SUSP_SERIOUS_INJ_COUNT","UNBELTED_OCC_COUNT","UNK_INJ_DEG_COUNT","UNK_INJ_PER_COUNT","URBAN_RURAL","VAN_COUNT","VEHICLE_COUNT","WORK_ZONE_IND","WORK_ZONE_LOC","WORK_ZONE_TYPE","WORKERS_PRES","WZ_CLOSE_DETOUR","WZ_FLAGGER","WZ_LAW_OFFCR_IND","WZ_LN_CLOSURE","WZ_MOVING","WZ_OTHER","WZ_SHLDER_MDN","ROADWAY_CLEARED","WEATHER1","WEATHER2","WZ_WORKERS_INJ_KILLED","SECONDARY_CRASH","INTERSECTION_RELATED"
"1848","0","0","0","0","0","0","0","0","0","1","0","","36","02","2020","2020020482","4","40.1672","-76.1651","1843","08","0","0","0","0","0","1","0","0","","0","0","0","18","3","0","00","0","40 10:02.059","","00","76 09:54.184","0","0","0","0","36218","0","0","0","N","0","0","0","2","36408","0","","1","01","N","N","0","","0","0","2","0","0","","1840","0","2","0","0","0","0","0","1","0","2","N","","","","","","","","","","","","03","  ","","",""
"1729","2","0","0","0","0","0","0","0","0","1","0","","36","02","2020","2020020515","2","40.0515","-76.3209","1726","08","0","0","0","0","0","0","0","0","","0","0","0","17","3","1","00","2","40 03:05.390","3","00","76 19:15.337","3","0","0","0","36301","0","0","0","N","0","0","0","3","36301","0","","1","01","N","N","0","","1","0","0","0","0","N","1726","1","2","0","0","0","0","0","3","0","2","N","","","","","","","","","","","1800","03","03","","",""
"1152","2","0","0","0","0","0","0","0","0","1","0","40","36","02","2020","2020020656","3","40.0069","-76.3629","1149","08","0","0","1","1","0","0","0","0","","0","0","0","11","1","0","02","0","40 00:24.920","","00","76 21:46.521","0","0","0","0","36412","0","0","0","N","0","0","0","2","36412","0","","1","09","N","N","0","","0","0","0","0","0","","1150","0","2","0","0","0","0","0","3","0","2","Y","5","2","Y","N","N","N","N","N","N","N","","07","04","N","N","N"
"0208","0","0","0","0","0","0","0","0","0","0","0","","36","02","2020","2020020699","1","40.1152","-76.2388","0201","08","0","0","0","0","0","1","0","0","","0","0","0","01","2","1","00","2","40 06:54.638","5","00","76 14:19.561","2","0","0","0","36101","0","0","0","N","0","0","0","1","36101","0","","3","01","N","N","1","","0","1","0","0","0","Y","0158","1","1","0","1","1","0","0","3","0","1","N","","","","","","","","","","","0613","03","03","","",""
"1504","2","0","0","0","0","0","0","0","0","1","0","","36","02","2020","2020020700","3","40.0293","-76.3236","1504","08","0","0","0","0","0","0","0","0","","0","0","0","15","1","1","00","0","40 01:45.541","","00","76 19:25.103","8","0","0","0","36220","0","0","0","N","0","0","0","2","36101","0","","1","99","N","N","0","","0","0","0","0","0","","1504","1","2","0","0","0","1","1","3","0","2","N","","","","","","","","","","","","99","98","","",""
"2151","1","0","0","0","0","0","0","0","0","4","0","","36","02","2020","2020020701","5","40.0606","-76.3063","2145","08","0","0","0","0","0","1","0","0","","0","0","0","21","3","0","01","0","40 03:38.254","","07","76 18:22.514","0","0","0","0","36101","0","0","0","N","0","0","0","2","36101","0","","1","01","N","N","0","","0","0","1","3","2","","2143","0","2","0","0","0","0","0","3","0","2","N","","","","","","","","","","","","03","  ","","N",""
"0812","1","0","0","0","0","0","0","0","0","4","1","","36","02","2020","2020020702","2","40.1146","-76.245","0801","08","0","0","0","0","0","0","0","0","","0","1","0","07","1","0","02","1","40 06:52.583","2","00","76 14:41.992","0","0","0","0","36101","0","0","0","N","0","0","0","2","36101","0","","1","01","N","N","0","","0","0","0","3","3","N","0755","0","2","0","0","0","0","0","3","0","2","N","","","","","","","","","","","0930","03","03","","",""
"1641","2","0","0","0","0","0","0","0","0","1","0","","36","02","2020","2020020703","2","40.1136","-76.3056","1628","08","0","0","0","0","0","1","0","0","","0","0","0","16","1","0","00","1","40 06:49.023","2","00","76 18:20.139","0","0","0","0","36101","0","0","0","N","0","0","0","2","36101","0","","1","01","N","N","0","","0","0","0","0","0","N","1626","0","2","0","0","0","0","0","3","0","2","N","","","","","","","","","","","1730","03","  ","","",""
"0824","1","0","0","0","0","0","0","0","0","4","0","","36","02","2020","2020020704","5","40.0669","-76.3531","0820","08","0","0","0","0","0","0","1","0","","0","0","0","08","1","0","00","1","40 04:00.732","6","07","76 21:11.269","0","0","0","0","36214","0","0","0","N","0","0","0","2","36214","0","","1","01","N","N","0","","0","0","0","3","2","N","0818","0","2","0","0","0","0","0","3","1","2","N","","","","","","","","","","","0855","03","  ","","N","N"
"1350","1","0","0","0","0","0","0","0","0","7","0","","36","02","2020","2020020705","7","40.1451","-76.3622","1346","08","0","0","0","0","0","0","0","0","","0","0","0","13","1","1","01","0","40 08:42.294","","00","76 21:43.825","3","0","0","0","36227","0","0","0","N","0","0","0","1","36506","0","","4","01","N","N","0","","1","0","0","0","0","","1344","1","1","0","0","0","0","0","1","0","1","N","","","","","","","","","","","","03","03","","",""
"1652","1","0","0","0","0","0","0","0","0","4","0","","36","02","2020","2020020706","5","40.1369","-76.3035","1646","08","0","0","0","0","0","1","0","0","","0","0","0","16","1","1","00","1","40 08:13.005","5","00","76 18:12.644","3","0","0","0","36235","0","0","0","N","0","0","0","2","36506","0","","1","01","N","N","0","","1","0","0","0","0","Y","1643","1","2","0","0","0","0","0","1","1","2","N","","","","","","","","","","","0130","03","  ","","N","N"
"1743","2","0","0","0","0","0","0","0","0","4","0","","36","02","2020","2020020731","3","39.9751","-76.2473","1740","08","0","0","0","0","0","0","1","0","","0","0","0","17","3","1","01","1","39 58:30.378","7","00","76 14:50.447","3","0","0","0","36240","0","0","0","N","0","0","0","2","36240","0","","1","09","N","N","0","","1","0","0","3","2","Y","1739","1","2","0","0","0","0","0","1","0","2","N","","","","","","","","","","","1833","07","  ","","",""
"1140","1","0","0","0","0","0","0","0","0","7","0","","36","02","2020","2020020759","1","40.226","-76.3957","1123","08","0","0","0","0","0","1","0","0","","0","0","0","11","1","1","00","1","40 13:33.574","3","00","76 23:44.472","8","0","0","0","36230","0","0","0","N","0","0","0","1","68T06","0","","4","01","N","N","0","","0","0","0","0","0","N","1120","1","1","0","0","0","1","0","1","0","1","N","","","","","","","","","","","1215","03","  ","","",""
"1308","0","0","0","0","0","0","0","0","0","7","0","","36","02","2020","2020020794","1","40.1748","-75.9664","1306","08","0","0","0","0","0","0","0","0","","0","0","0","13","1","0","00","0","40 10:29.318","","00","75 57:59.192","0","0","0","0","36203","0","0","0","N","0","0","0","4","68T06","0","","3","01","N","N","0","","0","0","1","0","0","","1306","0","1","0","0","0","0","0","1","0","1","N","","","","","","","","","","","","03","03","","N","N"
"0806","2","0","0","0","0","0","0","0","0","4","0","","36","02","2020","2020020885","1","40.0251","-76.3177","0758","08","0","0","0","0","0","0","1","0","","0","0","0","07","1","0","01","1","40 01:30.485","1","00","76 19:03.655","0","0","0","0","36301","0","0","0","N","0","0","0","2","36301","0","","1","01","N","N","0","","0","0","0","3","3","N","0750","0","2","0","0","0","0","0","3","0","2","N","","","","","","","","","","","0919","03","  ","","N","N"
"0938","2","0","0","0","0","0","0","0","0","4","0","","36","02","2020","2020020899","4","40.0342","-76.3186","0938","08","0","0","0","0","0","1","0","1","","0","0","0","08","1","1","01","2","40 02:03.062","7","00","76 19:06.945","3","0","0","0","36301","0","0","0","N","0","0","0","2","36301","0","","1","09","N","N","0","","1","0","0","3","3","Y","0842","1","2","0","0","0","0","0","3","0","2","N","","","","","","","","","","","1000","07","  ","","N",""
"0853","1","0","0","0","0","0","0","0","0","4","0","","36","02","2020","2020020908","4","40.1734","-76.1939","0921","08","0","0","0","0","0","0","1","0","","0","0","0","08","1","0","01","1","40 10:24.160","2","00","76 11:38.086","0","0","0","0","36408","0","0","0","N","0","0","0","2","36408","0","","1","01","N","N","0","","0","0","1","3","3","Y","0850","0","2","0","0","0","0","0","2","0","2","N","","","","","","","","","","","0905","04","  ","","N","N"
"0037","1","0","0","0","0","0","0","0","0","0","0","","36","02","2020","2020020936","6","","","0031","08","0","0","0","0","0","0","0","0","","0","0","0","23","2","1","00","1","","2","00","","3","0","0","0","36408","0","0","0","N","0","0","0","2","36408","0","","4","01","N","N","0","","1","0","0","0","0","N","2342","1","1","0","0","0","0","0","2","0","1","N","","","","","","","","","","","0130","03","  ","","",""
"1111","2","0","0","0","0","0","0","0","0","1","0","","36","02","2020","2020021039","7","40.2363","-76.0736","1100","08","0","0","0","0","0","1","0","0","","0","0","0","10","1","1","02","2","40 14:10.655","5","00","76 04:24.882","4","0","0","0","36401","0","0","0","N","0","0","0","4","36408","1","","1","01","N","N","1","","0","0","0","0","0","Y","1059","1","3","0","0","0","0","0","1","0","3","N","","","","","","","","","","","1220","03","  ","","",""
"1808","1","0","0","0","0","0","0","0","0","0","0","","36","02","2020","2020021068","2","40.023","-76.3326","1757","08","0","0","0","0","0","0","0","0","","0","0","0","17","1","1","00","2","40 01:22.806","6","00","76 19:57.405","2","0","1","1","36220","0","0","0","N","0","0","0","3","36101","0","","9","01","N","N","0","","0","1","0","0","0","Y","1757","1","3","0","0","0","0","0","3","1","3","N","","","","","","","","","","","1936","03","03","","N","N"
"1110","0","0","0","0","0","0","0","0","0","4","0","","36","02","2020","2020021069","3","40.0681","-76.2926","1100","08","0","0","0","0","1","0","0","0","","0","0","0","10","1","1","00","2","40 04:05.111","4","00","76 17:33.475","4","0","0","0","36101","0","0","0","N","0","0","0","2","36101","1","","4","09","N","N","1","","0","0","0","0","0","N","1055","1","1","0","0","0","0","0","3","0","1","N","","","","","","","","","","","1149","07","  ","","",""
"1209","2","0","0","0","0","0","0","0","0","1","0","","36","02","2020","2020021070","7","40.1033","-76.3883","1203","08","0","0","0","0","1","0","0","0","","0","0","0","11","1","0","03","0","40 06:11.941","","00","76 23:17.872","0","0","0","0","36214","0","0","0","N","0","0","0","2","36214","0","","1","01","N","N","0","","0","0","0","0","0","","1155","0","2","0","0","0","0","0","3","0","2","N","","","","","","","","","","","","03","  ","","",""
"0606","0","0","0","0","0","0","0","0","0","7","0","","36","02","2020","2020021071","4","40.0247","-76.3974","0559","08","0","0","0","0","0","1","0","0","","0","0","0","05","2","1","02","9","40 01:29.008","","00","76 23:50.784","4","0","0","0","36223","0","0","0","N","0","0","0","1","36223","1","","4","09","N","N","0","","0","0","1","0","0","U","0557","1","1","0","0","0","0","0","1","0","1","N","","","","","","","","","","","","05","04","","",""
"1410","1","0","0","0","0","0","0","0","0","2","0","","36","02","2020","2020021072","3","40.0591","-76.4629","1406","08","0","0","0","0","0","1","0","0","","0","0","0","14","1","1","03","1","40 03:32.814","7","00","76 27:46.398","3","0","0","0","36239","0","0","0","N","0","0","0","3","36239","0","","1","09","N","N","0","","1","0","1","0","0","Y","1404","1","2","0","0","0","0","0","3","0","2","N","","","","","","","","","","","1436","07","04","","N",""
"1445","2","0","0","0","0","0","0","0","0","1","0","","36","02","2020","2020021073","3","40.0457","-76.411","1433","08","0","0","1","0","0","0","0","0","","0","0","0","14","1","1","00","2","40 02:44.630","5","00","76 24:39.500","3","0","0","0","36239","0","0","0","N","0","0","0","3","36239","0","","1","09","N","N","0","","1","0","0","0","0","N","1429","1","2","0","0","0","0","0","3","0","2","N","","","","","","","","","","","1511","07","  ","","N","N"
"1421","0","0","0","0","0","0","0","0","0","1","0","","36","01","2020","2020021074","6","40.1487","-76.4125","1413","08","0","0","0","0","0","0","1","0","","0","0","0","14","1","0","11","0","40 08:55.477","","00","76 24:44.847","9","0","0","0","36230","0","0","0","N","0","0","0","3","36410","0","","1","01","N","N","1","","0","0","1","0","0","","1411","0","2","0","0","0","0","2","1","0","2","N","","","","","","","","","","","","03","03","","",""
"1656","1","0","0","0","0","0","0","0","0","7","0","","36","02","2020","2020021075","5","40.1827","-76.4639","1656","08","0","0","0","0","0","0","0","0","","0","0","0","16","4","0","01","1","40 10:57.660","2","00","76 27:49.954","0","0","0","0","36230","0","0","0","N","0","0","0","1","36410","0","","2","09","N","N","0","","0","0","0","0","0","N","1654","0","1","0","0","0","0","0","1","0","1","N","","","","","","","","","","","1715","07","  ","","",""
"1903","1","0","0","0","0","0","0","0","0","7","0","","36","02","2020","2020021076","3","40.1928","-76.4154","1859","08","0","0","0","0","1","0","0","0","","0","0","0","18","2","0","00","1","40 11:34.006","1","00","76 24:55.531","0","0","0","0","36230","0","0","0","N","0","0","0","2","36410","0","","4","01","N","N","0","","0","0","0","0","0","Y","1856","0","1","0","0","0","0","0","1","0","1","N","","","","","","","","","","","1943","03","03","","",""
"0858","1","0","0","0","0","0","0","0","0","4","0","","36","02","2020","2020021077","6","40.1582","-76.3909","0855","08","0","0","0","0","0","1","0","0","","0","0","0","08","1","0","00","0","40 09:29.600","","07","76 23:27.400","0","0","0","0","36410","0","0","0","N","0","0","0","2","36410","0","","1","01","N","N","0","","0","0","1","0","0","","0851","0","2","0","0","0","0","0","2","0","2","N","","","","","","","","","","","","03","03","","",""
"1516","0","0","0","0","0","0","0","0","0","7","0","","36","02","2020","2020021078","1","40.1561","-76.132","1509","08","0","0","0","0","0","0","0","0","","0","0","0","15","1","1","00","1","40 09:21.839","6","00","76 07:55.147","2","0","0","0","36209","0","0","0","N","0","0","0","1","36415","0","","5","01","N","N","1","","0","1","0","0","0","Y","1507","1","1","0","0","0","0","0","1","0","1","N","","","","","","","","","","","1600","03","  ","","",""
"1550","0","0","0","0","0","0","0","0","0","4","0","","36","02","2020","2020021079","2","40.0758","-76.1091","1540","08","0","0","0","0","0","1","0","0","","0","0","0","15","1","0","01","2","40 04:33.008","7","00","76 06:32.870","0","0","0","0","36209","0","0","0","N","0","0","0","3","36415","0","","1","01","N","N","0","","0","0","0","3","3","Y","1540","0","2","0","0","0","0","0","1","2","2","N","","","","","","","","","","","1629","03","  ","","N",""
"0828","1","0","0","0","0","0","0","0","0","4","0","","36","02","2020","2020021080","3","40.1009","-76.1027","0825","08","0","0","0","1","0","0","0","0","","0","0","0","08","1","1","01","2","40 06:03.088","7","00","76 06:09.802","8","0","0","1","36415","0","0","0","N","0","0","0","2","36415","0","","1","09","N","N","0","","0","0","0","3","3","Y","0823","1","2","0","0","0","1","0","1","0","2","N","","","","","","","","","","","0855","04","07","","N",""
"0657","0","0","0","0","0","0","0","0","0","7","0","","36","01","2020","2020021149","2","39.9051","-76.2871","0640","08","0","0","0","0","0","0","0","0","","0","0","0","06","5","0","00","1","39 54:18.370","3","00","76 17:13.470","0","0","0","0","36224","0","0","0","N","0","0","0","1","68J01","0","","4","01","N","N","0","","0","0","1","0","0","N","0628","0","1","0","0","0","0","0","1","0","1","N","","","","","","","","","","","0715","03","03","","",""
"0332","1","0","0","0","0","0","0","0","0","7","0","","36","02","2020","2020021152","7","39.7673","-76.1803","0305","08","0","0","0","0","0","0","0","0","","0","0","0","03","2","0","03","0","39 46:02.165","","00","76 10:48.934","9","0","0","0","36219","0","0","0","N","0","0","0","1","68J01","0","","4","09","N","N","0","","0","0","0","0","0","","0300","0","1","0","0","0","0","1","1","0","1","N","","","","","","","","","","","","05","  ","","",""
"1747","1","0","0","0","0","0","0","0","0","1","0","","36","02","2020","2020021156","3","39.9139","-76.2439","1740","08","0","0","0","0","0","0","0","0","","0","0","0","17","2","0","00","1","39 54:49.916","2","00","76 14:38.014","0","0","0","0","36229","0","0","0","N","0","0","0","2","68J01","0","","1","09","N","N","0","","0","0","1","0","0","Y","1701","0","2","0","0","0","0","0","1","0","2","N","","","","","","","","","","","0030","07","07","","",""
"1522","1","0","0","0","0","0","0","0","0","7","0","","36","02","2020","2020021159","6","39.9531","-76.1665","1508","08","0","0","0","0","0","0","1","0","","0","0","0","14","1","1","00","2","39 57:11.094","5","00","76 09:59.407","3","0","0","0","36233","0","0","0","N","0","0","0","2","68J01","0","","4","01","N","N","0","","1","0","0","0","0","N","1453","1","1","0","0","0","0","0","1","0","1","N","","","","","","","","","","","1530","03","03","","",""
"2301","1","0","0","0","0","0","0","0","0","7","0","","36","02","2020","2020021163","7","39.9128","-75.9959","2238","08","0","0","0","0","0","1","0","0","","0","0","0","22","2","1","00","0","39 54:45.980","","00","75 59:45.390","3","0","0","0","36231","0","0","0","N","0","0","0","1","68J01","0","","5","01","N","N","0","","1","0","0","0","0","","2231","1","1","0","0","0","0","0","1","0","1","N","","","","","","","","","","","","03","03","","",""
"0848","2","0","0","0","0","0","0","0","0","4","0","","36","02","2020","2020021167","4","39.9945","-76.0291","0843","08","0","0","0","0","0","1","0","0","","0","0","0","08","1","0","01","0","39 59:40.359","","00","76 01:44.728","0","0","0","0","36232","0","0","0","N","0","0","0","2","68J01","0","","1","01","N","N","0","","0","0","0","3","2","","0838","0","2","0","0","0","0","0","1","0","2","N","","","","","","","","","","","","03","  ","","",""
"1736","0","0","0","0","0","0","0","0","0","7","0","","36","02","2020","2020021175","6","39.9173","-76.1285","1656","08","0","0","0","0","0","0","0","0","","0","0","0","16","1","0","00","0","39 55:02.215","","00","76 07:42.742","0","0","0","0","36216","0","0","0","Y","0","0","0","1","68J01","0","","4","01","N","N","0","","0","0","0","0","0","","1654","0","1","0","0","0","0","0","1","1","1","N","","","","","","","","","","","","03","03","","",""
"2132","2","0","0","0","0","0","0","0","0","5","0","","36","02","2020","2020021181","7","39.937","-76.2042","2117","08","0","1","1","0","0","0","0","0","","0","0","0","21","2","0","00","2","39 56:13.090","5","00","76 12:15.144","0","0","0","0","36233","0","0","0","N","0","0","0","3","68J01","0","","1","01","N","N","0","","0","0","0","0","0","N","2112","0","2","0","0","0","0","0","1","0","2","N","","","","","","","","","","","0100","03","03","","",""
"2016","0","0","1","0","0","0","0","0","0","7","0","","36","02","2020","2020021184","1","40.0537","-76.1316","2006","08","0","0","0","0","0","1","0","0","","0","0","0","20","2","1","00","2","40 03:13.203","5","00","76 07:53.765","2","0","0","0","36221","0","0","0","N","0","0","0","1","68J01","0","","4","01","N","N","0","","0","1","0","0","0","Y","2001","1","1","0","0","0","0","0","1","1","1","N","","","","","","","","","","","2200","03","  ","","",""
"1138","1","0","0","0","0","0","0","0","0","1","1","","36","02","2020","2020021189","3","40.2111","-76.0483","1130","08","0","0","0","0","0","1","1","0","","0","1","0","11","1","1","00","0","40 12:40.123","","00","76 02:53.798","2","0","0","0","36202","0","0","0","N","0","0","0","2","68T06","0","","1","01","N","N","0","","0","1","0","0","0","","1130","1","2","0","1","1","0","0","1","0","2","N","","","","","","","","","","","","03","  ","","",""
"0752","0","0","0","0","0","0","0","0","0","4","0","","36","02","2020","2020021199","5","39.8689","-76.1527","0736","08","0","1","0","0","0","0","0","0","","0","0","0","07","1","0","01","0","39 52:08.118","","00","76 09:09.743","0","0","0","0","36212","0","0","0","N","0","0","0","2","68J01","0","","1","01","N","N","0","","0","0","1","2","3","","0734","0","2","0","0","0","0","0","1","1","2","N","","","","","","","","","","","","03","  ","","N","N"
"1727","1","0","0","0","0","0","0","0","0","1","0","","36","02","2020","2020021200","5","39.889","-76.1385","1702","08","0","0","0","0","0","0","0","0","","0","0","0","16","1","1","01","0","39 53:20.254","","00","76 08:18.744","4","0","0","0","36216","0","0","0","N","0","0","0","3","68J01","1","","1","01","N","N","0","","0","0","1","3","3","","1659","1","2","0","0","0","0","0","1","0","2","N","","","","","","","","","","","","03","  ","","",""
"1942","1","0","0","0","0","0","0","0","0","7","1","","36","02","2020","2020021207","6","40.1361","-75.9534","1929","08","0","0","0","0","0","1","0","0","","0","1","0","19","2","0","00","2","40 08:10.130","6","00","75 57:12.071","0","0","0","0","36203","0","0","0","N","0","0","0","2","68J01","0","","5","01","N","N","0","","0","0","0","0","0","Y","1916","0","2","0","0","0","0","0","1","0","2","N","","","","","","","","","","","2050","03","  ","","",""
"1609","1","0","0","0","0","0","0","0","0","0","0","","36","02","2020","2020021212","1","40.0656","-76.0182","1548","08","0","1","0","0","0","0","0","0","","0","0","0","15","1","0","00","2","40 03:56.288","5","00","76 01:05.674","0","0","0","0","36232","0","0","0","N","0","0","0","3","68J01","0","","4","01","N","N","0","","0","0","0","0","0","Y","1547","0","1","0","0","0","0","0","1","0","1","N","","","","","","","","","","","0100","03","03","","",""
"2212","1","0","0","0","0","0","0","0","0","1","0","","36","02","2020","2020021214","1","40.2261","-76.3024","2153","08","1","0","0","0","0","1","0","0","","0","0","0","21","2","0","01","0","40 13:34.012","","00","76 18:08.758","0","0","0","0","36217","0","0","0","N","0","0","0","11","68J01","0","","1","01","N","N","0","","0","0","2","3","2","","2145","0","3","0","0","0","0","0","1","0","3","N","","","","","","","","","","","","03","  ","","N",""
"0323","2","0","0","0","0","0","0","0","0","4","0","","36","02","2020","2020021247","7","40.049","-76.3057","0310","08","0","0","0","0","0","0","0","0","","0","0","0","03","3","1","01","0","40 02:56.518","","00","76 18:20.618","3","0","0","0","36301","0","0","0","N","0","0","0","2","36301","0","","1","01","N","N","0","","1","0","0","3","3","","0308","1","2","0","0","0","0","0","3","0","2","N","","","","","","","","","","","","03","03","","",""
"0034","2","0","0","0","0","0","0","0","0","1","0","","36","02","2020","2020021277","5","40.043","-76.3037","0030","08","0","0","0","0","0","0","0","0","","0","0","0","00","3","0","00","0","40 02:34.800","","00","76 18:13.400","0","0","0","0","36301","0","0","0","N","0","0","0","2","36301","0","","6","09","N","N","0","","0","0","0","0","0","","0027","0","2","0","0","0","0","0","3","0","2","N","","","","","","","","","","","","07","07","","N","N"
"2021","2","0","0","0","0","0","0","0","0","4","0","","36","02","2020","2020021307","4","40.1595","-76.6093","2017","08","0","0","1","0","0","1","0","0","","0","0","0","20","3","0","10","1","40 09:34.308","3","00","76 36:33.635","0","0","0","0","36407","0","0","0","N","0","0","0","2","36407","0","","1","09","N","N","0","","0","0","0","3","3","N","2015","0","2","0","0","0","0","0","2","0","2","N","","","","","","","","","","","2050","07","  ","","",""
"1000","0","0","0","0","0","0","0","0","0","4","0","","36","02","2020","2020021507","3","40.1706","-76.3841","1000","08","0","0","0","0","0","0","0","0","","0","0","0","09","1","0","02","0","40 10:13.992","","00","76 23:02.671","0","0","0","0","36227","0","0","0","N","0","0","0","2","36506","0","","1","09","N","N","0","","0","0","2","3","3","","0958","0","2","0","0","0","0","0","1","0","2","N","","","","","","","","","","","","07","  ","","N",""
"1611","0","0","0","1","0","0","0","0","0","4","0","","36","02","2020","2020021591","5","40.019","-76.3424","1609","08","0","0","0","0","0","1","0","0","","0","0","0","16","1","1","02","0","40 01:08.568","","00","76 20:32.799","3","0","0","0","36412","1","0","0","N","0","0","0","2","36412","0","","1","01","N","N","0","","1","0","1","0","0","","1609","1","2","0","0","0","0","0","3","0","1","N","","","","","","","","","","","","03","  ","","N","N"
"0358","0","0","0","0","0","0","0","0","0","1","1","","36","02","2020","2020021651","7","40.1563","-76.5729","0354","08","0","0","0","0","0","1","0","0","","1","1","0","03","2","0","00","2","40 09:22.628","3","00","76 34:22.291","1","0","0","0","36225","0","0","0","N","0","0","0","2","36505","0","2","1","01","N","N","1","0","0","0","0","0","0","Y","0351","0","2","1","0","1","0","0","2","0","2","N","","","","","","","","","","","0841","03","03","","N","N"
"1203","1","0","0","0","0","0","0","0","0","1","0","","36","02","2020","2020021684","3","40.036","-76.2868","1158","08","0","0","0","0","0","0","0","0","","0","0","0","11","1","0","01","1","40 02:09.618","1","00","76 17:12.530","0","0","0","0","36301","0","0","0","N","0","0","0","3","36301","0","","1","09","N","N","0","","0","0","1","0","0","N","1149","0","2","0","0","0","0","0","3","0","2","N","","","","","","","","","","","1247","04","  ","","N",""
"1224","1","0","0","0","0","0","0","0","0","8","0","","36","02","2020","2020021688","5","40.034","-76.2876","1217","08","0","0","0","0","0","0","0","0","","0","0","0","12","1","1","00","1","40 02:02.400","2","00","76 17:15.200","3","0","0","0","36301","1","0","0","N","1","0","0","2","36301","0","","1","01","N","N","0","","1","0","0","0","0","N","1217","1","2","0","0","0","0","0","3","0","1","N","","","","","","","","","","","1321","03","03","","N","N"
"1216","1","0","0","0","0","0","0","0","0","4","0","","36","02","2020","2020021725","3","40.2272","-76.0902","1212","08","0","0","0","0","0","0","1","0","","0","0","0","12","1","0","03","1","40 13:37.740","1","07","76 05:24.592","0","0","0","0","36210","0","0","0","N","0","0","0","2","36210","0","","1","09","N","N","0","","0","0","1","3","3","N","1208","0","2","0","0","0","0","0","1","0","2","N","","","","","","","","","","","1257","07","  ","","N",""
"0931","1","0","0","0","0","0","0","0","0","4","0","","36","02","2020","2020021791","3","40.06","-76.2775","0923","08","0","0","0","0","0","0","0","1","","0","0","0","09","1","0","01","1","40 03:35.925","3","02","76 16:39.950","0","0","0","0","36101","0","0","0","N","0","0","0","2","36101","0","","1","09","N","N","1","","0","0","0","3","2","N","0906","0","2","0","0","0","0","0","3","0","2","N","","","","","","","","","","","1030","07","  ","","N",""
"1851","2","0","0","0","0","0","0","0","0","4","0","","36","02","2020","2020021792","5","40.0418","-76.2841","1840","08","0","0","0","0","0","0","0","0","","0","0","0","18","3","0","00","0","40 02:30.416","","00","76 17:02.779","0","0","0","0","36220","0","0","0","N","0","0","0","2","36101","0","","1","01","N","N","0","","0","0","0","0","0","","1835","0","2","0","0","0","0","0","3","0","2","N","","","","","","","","","","","","03","  ","","",""
"1347","1","0","2","0","0","0","0","0","0","4","0","","36","02","2020","2020021793","3","40.0892","-76.3557","1339","08","0","0","0","0","0","1","0","0","","0","0","0","13","1","2","00","2","40 05:21.280","5","00","76 21:20.620","2","0","0","0","36214","0","0","0","N","0","0","0","3","36214","0","","1","09","N","N","1","","0","2","0","0","0","Y","1338","2","2","0","0","0","0","0","3","0","2","N","","","","","","","","","","","1445","07","  ","","",""