"ARRIVAL_TM","AUTOMOBILE_COUNT","BELTED_DEATH_COUNT","BELTED_SUSP_SERIOUS_INJ_COUNT","BICYCLE_COUNT","BICYCLE_DEATH_COUNT","BICYCLE_SUSP_SERIOUS_INJ_COUNT","BUS_COUNT","CHLDPAS_DEATH_COUNT","CHLDPAS_SUSP_SERIOUS_INJ_COUNT","COLLISION_TYPE","COMM_VEH_COUNT","CONS_ZONE_SPD_LIM","COUNTY","CRASH_MONTH","CRASH_YEAR","CRN","DAY_OF_WEEK","DEC_LAT","DEC_LONG","DISPATCH_TM","DISTRICT","DRIVER_COUNT_16YR","DRIVER_COUNT_17YR","DRIVER_COUNT_18YR","DRIVER_COUNT_19YR","DRIVER_COUNT_20YR","DRIVER_COUNT_50_64YR","DRIVER_COUNT_65_74YR","DRIVER_COUNT_75PLUS","EST_HRS_CLOSED","FATAL_COUNT","HEAVY_TRUCK_COUNT","HORSE_BUGGY_COUNT","HOUR_OF_DAY","ILLUMINATION","INJURY_COUNT","INTERSECT_TYPE","LANE_CLOSED","LATITUDE","LN_CLOSE_DIR","LOCATION_TYPE","LONGITUDE","MAX_SEVERITY_LEVEL","MCYCLE_DEATH_COUNT","MCYCLE_SUSP_SERIOUS_INJ_COUNT","MOTORCYCLE_COUNT","MUNICIPALITY","NONMOTR_COUNT","NONMOTR_DEATH_COUNT","NONMOTR_SUSP_SERIOUS_INJ_COUNT","NTFY_HIWY_MAINT","PED_COUNT","PED_DEATH_COUNT","PED_SUSP_SERIOUS_INJ_COUNT","PERSON_COUNT","POLICE_AGCY","POSSIBLE_INJ_COUNT","RDWY_SURF_TYPE_CD","RELATION_TO_ROAD","ROAD_CONDITION","SCH_BUS_IND","SCH_ZONE_IND","SMALL_TRUCK_COUNT","SPEC_JURIS_CD","SUSP_MINOR_INJ_COUNT","SUSP_SERIOUS_INJ_COUNT","SUV_COUNT","TCD_FUNC_CD","TCD_TYPE","TFC_DETOUR_IND","TIME_OF_DAY","TOT_INJ_COUNT","TOTAL_UNITS","UNB_DEATH_COUNT","UNB_SUSP_SERIOUS_INJ_COUNT","UNBELTED_OCC_COUNT","UNK_INJ_DEG_COUNT","UNK_INJ_PER_COUNT","URBAN_RURAL","VAN_COUNT","VEHICLE_COUNT","WORK_ZONE_IND","WORK_ZONE_LOC","WORK_ZONE_TYPE","WORKERS_PRES","WZ_CLOSE_DETOUR","WZ_FLAGGER","WZ_LAW_OFFCR_IND","WZ_LN_CLOSURE","WZ_MOVING","WZ_OTHER","WZ_SHLDER_MDN","ROADWAY_CLEARED","WEATHER1","WEATHER2","WZ_WORKERS_INJ_KILLED","SECONDARY_CRASH","INTERSECTION_RELATED"
"1729","1","0","0","0","0","0","0","0","0","7","0","","36","02","2020","2020021795","3","40.032","-76.4688","1707","08","0","0","0","0","0","0","0","0","","0","0","0","17","4","1","03","1","40 01:55.131","3","00","76 28:07.596","8","0","0","0","36239","0","0","0","N","0","0","0","1","36239","0","","4","09","N","N","0","","0","0","0","0","0","N","1701","1","1","0","0","0","1","0","3","0","1","N","","","","","","","","","","","1740","07","  ","","",""
"0904","2","0","0","0","0","0","0","0","0","4","0","","36","02","2020","2020021796","4","40.0591","-76.4629","0900","08","0","0","0","0","0","0","0","0","","0","0","0","08","1","0","03","1","40 03:32.814","5","00","76 27:46.398","0","0","0","0","36239","0","0","0","N","0","0","0","2","36239","0","","1","09","N","N","0","","0","0","0","0","0","N","0856","0","2","0","0","0","0","0","3","0","2","N","","","","","","","","","","","0932","04","  ","","",""
"0925","2","0","0","0","0","0","0","0","0","4","0","","36","02","2020","2020021797","5","40.0936","-76.3506","0919","08","0","0","0","0","0","0","0","1","","0","0","0","09","1","0","01","0","40 05:36.817","","00","76 21:02.132","0","0","0","0","36406","0","0","0","N","0","0","0","2","36506","0","","1","09","N","N","0","","0","0","0","3","2","","0917","0","2","0","0","0","0","0","3","0","2","N","","","","","","","","","","","","07","  ","","",""
"1913","2","0","0","0","0","0","0","0","0","4","0","","36","02","2020","2020021798","5","40.1885","-76.3253","1913","08","0","1","0","0","0","1","0","0","","0","0","0","19","2","0","01","0","40 11:18.768","","00","76 19:30.989","0","0","0","0","36235","0","0","0","N","0","0","0","5","36506","0","","1","01","N","N","1","","0","0","0","3","3","","1912","0","3","0","0","1","0","0","1","0","3","N","","","","","","","","","","","","03","03","","N",""
"1410","1","0","0","0","0","0","0","0","0","4","0","","36","02","2020","2020021821","1","40.2382","-76.162","1355","08","1","0","0","0","0","0","0","1","","0","0","0","13","1","0","01","0","40 14:17.614","","00","76 09:43.115","0","0","0","0","36236","0","0","0","N","0","0","0","6","36408","0","","1","01","N","N","0","","0","0","1","3","3","","1353","0","2","0","0","0","0","0","1","0","2","N","","","","","","","","","","","","03","  ","","",""
"1524","1","0","0","0","0","0","0","0","0","1","0","","36","02","2020","2020021874","7","40.0073","-76.3582","1519","08","0","0","0","0","2","0","1","0","","0","0","0","15","1","0","02","0","40 00:26.124","","00","76 21:29.648","0","0","0","0","36412","0","0","0","N","0","0","0","3","36412","0","","1","09","N","N","0","","0","0","2","0","0","","1519","0","3","0","0","1","0","0","3","0","3","N","","","","","","","","","","","","04","  ","","",""
"1650","0","0","0","0","0","0","0","0","0","4","0","","36","02","2020","2020021951","6","40.0379","-76.5042","1650","08","1","0","0","0","0","0","0","0","","0","0","0","16","1","0","01","0","40 02:16.558","","00","76 30:14.950","0","0","0","0","36404","0","0","0","N","0","0","0","5","36404","0","","1","01","N","N","0","","0","0","2","3","3","N","1650","0","2","0","0","0","0","0","3","0","2","N","","","","","","","","","","","","03","03","","N",""
"2240","1","0","0","0","0","0","0","0","0","7","0","","36","02","2020","2020021967","6","40.1482","-76.04","2237","08","1","0","0","0","0","0","0","0","","0","0","0","22","2","1","00","2","40 08:53.640","6","00","76 02:23.872","3","0","0","0","36213","0","0","0","N","0","0","0","1","36213","0","","5","01","N","N","0","","1","0","0","0","0","Y","2234","1","1","0","0","0","0","0","1","0","1","N","","","","","","","","","","","0500","03","  ","","",""
"1345","1","0","1","0","0","0","0","0","0","1","0","","36","02","2020","2020022032","1","40.0668","-76.6001","1337","08","0","0","0","0","0","0","1","0","","0","0","0","13","1","1","02","2","40 04:00.304","5","00","76 36:00.485","2","0","0","0","36211","0","0","0","N","0","0","0","3","36504","0","","1","01","N","N","0","","0","1","1","0","0","Y","1336","1","2","0","0","0","0","0","1","0","2","N","","","","","","","","","","","1447","03","03","","N",""
"1809","0","0","0","0","0","0","0","0","0","4","0","","36","02","2020","2020022046","5","40.0379","-76.5042","1809","08","0","0","0","0","0","0","0","0","","0","0","0","18","3","0","01","0","40 02:16.558","","00","76 30:14.950","0","0","0","0","36404","0","0","0","N","0","0","0","2","36404","0","","1","09","N","N","0","","0","0","1","3","3","","1809","0","2","0","0","0","0","0","3","1","2","N","","","","","","","","","","","","07","  ","","",""
"1827","0","0","0","0","0","0","0","0","0","7","0","","36","02","2020","2020022066","2","40.0722","-76.3187","1824","08","0","0","0","0","0","0","0","0","","0","0","0","18","2","0","00","0","40 04:20.024","","00","76 19:07.273","0","0","0","0","36101","0","0","0","N","0","0","0","1","36101","0","","5","01","N","N","0","","0","0","1","0","0","","1820","0","1","0","0","0","0","0","3","0","1","N","","","","","","","","","","","","03","03","","",""
"1438","1","0","0","0","0","0","0","0","0","7","0","","36","02","2020","2020022067","6","40.0966","-76.2848","1433","08","0","0","0","0","0","0","1","0","","0","0","0","14","1","0","00","0","40 05:47.650","","00","76 17:05.120","0","0","0","0","36101","0","0","0","N","0","0","0","1","36101","0","","2","01","N","N","0","","0","0","0","0","0","","1428","0","1","0","0","0","0","0","3","0","1","N","","","","","","","","","","","","03","  ","","",""
"2348","0","0","0","0","0","0","0","0","0","7","0","","36","02","2020","2020022068","3","40.0612","-76.3539","2348","08","0","0","0","0","0","0","1","0","","0","0","0","23","2","1","10","1","40 03:40.165","2","03","76 21:14.020","4","0","0","0","36214","0","0","0","N","0","0","0","1","36214","1","","4","09","N","N","0","","0","0","1","0","0","N","2342","1","1","0","0","0","0","0","3","0","1","N","","","","","","","","","","","0019","04","  ","","",""
"2355","2","0","0","0","0","0","0","0","0","4","0","","36","02","2020","2020022131","2","40.0394","-76.2932","2353","08","0","0","0","0","0","1","0","0","","0","0","0","23","3","3","01","2","40 02:21.970","3","00","76 17:35.658","3","0","0","0","36301","0","0","0","N","0","0","0","3","36301","2","","1","01","N","N","1","","1","0","0","3","3","Y","2353","3","3","0","0","0","0","0","3","0","3","N","","","","","","","","","","","0020","03","03","","N",""
"2218","1","0","0","0","0","0","0","0","0","1","0","","36","02","2020","2020022132","3","40.035","-76.3031","2215","08","0","0","0","0","0","0","0","0","","0","0","0","22","3","2","05","1","40 02:06.092","2","00","76 18:11.102","3","0","0","0","36301","0","0","0","N","0","0","0","3","36301","0","","1","01","N","N","0","","2","0","1","3","2","N","2212","2","2","0","0","0","0","0","3","0","2","N","","","","","","","","","","","2230","03","03","","N",""
"1848","2","0","0","0","0","0","0","0","0","1","0","","36","02","2020","2020022313","7","40.0617","-76.3367","1843","08","0","0","0","0","0","0","0","0","","0","0","0","18","3","0","00","1","40 03:41.957","3","00","76 20:12.233","0","0","0","0","36101","0","0","0","N","0","0","0","3","36101","0","","1","01","N","N","0","","0","0","1","0","0","N","1839","0","3","0","0","0","0","0","3","0","3","N","","","","","","","","","","","1930","03","  ","","",""
"1031","2","0","0","0","0","0","0","0","0","1","0","","36","03","2020","2020022314","1","40.088","-76.329","1031","08","0","0","0","0","0","0","0","0","","0","0","0","10","1","1","01","0","40 05:16.970","","00","76 19:44.246","3","0","0","0","36101","0","0","0","N","0","0","0","2","36101","0","","1","01","N","N","0","","1","0","0","3","2","","1029","1","2","0","0","0","0","0","3","0","2","N","","","","","","","","","","","","03","03","","N",""
"1854","1","0","0","0","0","0","0","0","0","1","0","","36","02","2020","2020022315","6","40.0452","-76.4216","1854","08","0","0","0","0","0","0","1","0","","0","0","0","18","2","0","00","1","40 02:42.756","3","02","76 25:17.780","0","0","0","0","36239","0","0","0","N","0","0","0","2","36239","0","","1","01","N","N","0","","0","0","1","3","4","N","1824","0","2","0","0","0","0","0","3","0","2","N","","","","","","","","","","","1914","03","  ","","N","Y"
"1720","0","0","0","0","0","0","0","0","0","4","0","","36","01","2020","2020022377","4","40.1062","-75.9507","1706","08","0","0","0","0","0","1","0","1","","1","0","0","17","4","0","00","2","40 06:22.271","6","07","75 57:02.341","1","1","0","1","36232","0","0","0","N","0","0","0","2","68J01","0","2","1","01","N","N","1","0","0","0","0","0","0","Y","1704","0","2","0","0","0","0","0","1","0","2","N","","","","","","","","","","","2050","03","  ","","N","N"
"1010","1","0","0","0","0","0","0","0","0","7","0","","36","02","2020","2020022387","3","40.1957","-76.1687","1005","08","0","0","0","0","1","0","0","0","","0","0","0","10","1","0","00","1","40 11:44.527","4","00","76 10:07.475","0","0","0","0","36408","0","0","0","N","0","0","0","5","36408","0","","3","09","N","N","0","","0","0","0","0","0","N","1003","0","1","0","0","0","0","0","2","0","1","N","","","","","","","","","","","1100","07","  ","","N","N"
"1506","0","0","0","0","0","0","0","0","0","1","0","","36","01","2020","2020022406","6","40.0161","-76.35","1502","08","0","0","0","1","0","1","0","0","","0","0","0","14","1","1","00","0","40 00:58.125","","00","76 21:00.163","3","0","0","0","36412","0","0","0","N","0","0","0","2","36412","0","","1","09","N","N","1","","1","0","1","0","0","","1455","1","2","0","0","1","0","1","3","0","2","N","","","","","","","","","","","","07","  ","","",""
"0503","0","0","0","0","0","0","0","0","0","7","0","","36","02","2020","2020022431","4","40.1421","-76.5665","0458","08","0","0","0","0","0","0","0","0","","0","0","0","04","3","0","01","0","40 08:31.700","","00","76 33:59.551","0","0","0","0","36225","0","0","0","N","0","0","0","1","36505","0","","2","09","N","N","0","","0","0","1","0","0","N","0458","0","1","0","0","0","0","0","2","0","1","N","","","","","","","","","","","","05","07","","N",""
"1007","1","0","0","0","0","0","0","0","0","4","0","","36","01","2020","2020022475","7","39.9697","-76.2776","1000","08","0","0","0","0","0","0","0","0","","0","0","0","09","1","0","01","1","39 58:10.971","2","00","76 16:39.392","0","0","0","0","36240","0","0","0","N","0","0","0","2","36228","0","","1","09","N","N","0","","0","0","1","3","2","N","0950","0","2","0","0","0","0","0","1","0","2","N","","","","","","","","","","","1035","04","  ","","",""
"0807","0","0","0","0","0","0","0","0","0","8","0","","36","03","2020","2020022489","2","40.0382","-76.3235","0802","08","0","0","0","0","0","0","0","0","","0","0","0","08","1","1","01","1","40 02:17.653","3","00","76 19:24.603","8","0","0","0","36301","1","0","0","N","1","0","0","2","36301","0","","1","01","N","N","0","","0","0","1","3","2","N","0801","1","2","0","0","0","1","0","3","0","1","N","","","","","","","","","","","0830","03","03","","N","N"
"1036","0","0","0","0","0","0","0","0","0","4","0","","36","03","2020","2020022521","2","40.1378","-76.562","1031","08","0","0","0","0","1","0","1","0","","0","0","0","10","1","3","01","1","40 08:15.932","5","00","76 33:43.084","3","0","0","0","36225","0","0","0","N","0","0","0","4","36505","0","","1","01","N","N","0","","3","0","3","3","2","Y","1031","3","3","0","0","0","0","0","2","0","3","N","","","","","","","","","","","1100","03","  ","","",""
"0950","1","0","0","0","0","0","0","0","0","4","0","","36","02","2020","2020022585","7","40.1965","-76.0074","0933","08","0","0","0","0","0","0","1","0","","0","0","0","09","1","1","00","1","40 11:47.374","3","00","76 00:26.561","4","0","0","0","36202","0","0","0","N","0","0","0","5","68T06","1","","1","01","N","N","1","","0","0","1","0","0","N","0933","1","3","0","0","0","0","0","1","0","3","N","","","","","","","","","","","1000","03","  ","","",""
"1208","1","0","0","0","0","0","0","0","0","1","0","","36","03","2020","2020022624","2","39.9758","-76.2752","1201","08","0","0","0","0","0","0","0","1","","0","0","0","11","1","0","02","1","39 58:32.897","1","00","76 16:30.608","0","0","0","0","36240","0","0","0","N","0","0","0","2","36240","0","","1","01","N","N","0","","0","0","1","3","3","N","1155","0","2","0","0","0","0","0","1","0","2","N","","","","","","","","","","","1252","03","03","","N","N"
"1800","0","0","0","0","0","0","0","0","0","0","1","","36","03","2020","2020022648","1","40.0663","-76.2916","1757","08","0","0","0","0","0","0","0","0","","0","1","0","17","4","0","00","2","40 03:58.818","1","02","76 17:29.750","0","0","0","0","36101","0","0","0","N","0","0","0","1","36101","0","","1","01","N","N","0","","0","0","0","0","0","Y","1755","0","1","0","0","0","0","0","3","0","1","N","","","","","","","","","","","2330","03","  ","","",""
"0738","1","0","0","0","0","0","0","0","0","1","0","","36","03","2020","2020022649","2","40.0536","-76.3088","0717","08","0","0","0","0","0","0","0","0","","0","0","0","07","1","0","00","0","40 03:13.005","","00","76 18:31.810","0","0","0","0","36101","0","0","0","N","0","0","0","2","36101","0","","1","01","N","N","0","","0","0","1","0","0","","0713","0","2","0","0","0","0","0","3","0","2","N","","","","","","","","","","","","03","03","","",""
"0737","1","0","0","0","0","0","0","0","0","1","0","","36","03","2020","2020022650","2","40.0741","-76.2739","0728","08","0","0","1","0","0","0","0","0","","0","0","0","07","1","0","00","1","40 04:26.880","3","00","76 16:25.940","0","0","0","0","36101","0","0","0","N","0","0","0","1","36101","0","","1","01","N","N","1","","0","0","0","0","0","N","0725","0","2","0","0","0","0","0","3","0","2","N","","","","","","","","","","","0050","03","03","","",""
"2251","0","0","0","0","0","0","0","0","0","7","0","","36","01","2020","2020022681","6","39.9395","-76.3297","2237","08","0","0","0","0","0","0","0","0","","0","0","0","22","2","0","00","2","39 56:22.260","5","00","76 19:47.090","0","0","0","0","36206","0","0","0","Y","0","0","0","1","68J01","0","","5","01","N","N","1","","0","0","0","0","0","N","2236","0","1","0","0","0","0","0","1","0","1","N","","","","","","","","","","","0300","03","03","","",""
"0340","1","0","0","0","0","0","0","0","0","7","0","","36","02","2020","2020022685","7","40.0056","-76.0081","0334","08","0","0","0","0","0","1","0","0","","0","0","0","03","2","0","00","2","40 00:20.158","5","00","76 00:29.008","0","0","0","0","36232","0","0","0","N","0","0","0","1","68J01","0","","4","02","N","N","0","","0","0","0","0","0","Y","0333","0","1","0","0","0","0","0","1","0","1","N","","","","","","","","","","","0600","06","05","","",""
"0421","1","0","0","0","0","0","0","0","0","7","0","","36","02","2020","2020022688","1","39.984","-76.0854","0421","08","0","1","0","0","0","0","0","0","","0","0","0","04","2","0","02","0","39 59:02.363","","00","76 05:07.317","0","0","0","0","36226","0","0","0","N","0","0","0","1","68J01","0","","2","09","N","N","0","","0","0","0","3","3","","0421","0","1","0","0","0","0","0","1","0","1","N","","","","","","","","","","","","07","  ","","",""
"2043","1","0","0","0","0","0","0","0","0","7","0","","36","03","2020","2020022748","1","40.2162","-76.0719","2040","08","0","0","0","0","0","0","0","0","","0","0","0","20","3","0","00","0","40 12:58.370","","02","76 04:18.723","0","0","0","0","36202","0","0","0","N","0","0","0","1","68T06","0","","2","01","N","N","0","","0","0","0","0","0","","2040","0","1","0","0","0","0","0","1","0","1","N","","","","","","","","","","","","03","03","","N","N"
"1725","1","0","0","0","0","0","0","0","0","4","0","","36","01","2020","2020022770","4","40.0374","-76.5076","1723","08","0","1","0","0","0","0","0","0","","0","0","0","17","4","0","00","2","40 02:14.600","4","00","76 30:27.400","0","0","0","0","36404","0","0","0","N","0","0","0","2","36404","0","","1","01","N","N","0","","0","0","1","0","0","Y","1720","0","2","0","0","0","0","0","3","0","2","N","","","","","","","","","","","1800","03","03","","",""
"1131","1","0","0","0","0","0","0","0","0","1","0","","36","02","2020","2020022853","2","39.9841","-76.2913","1127","08","0","0","1","0","1","0","1","0","","0","0","0","11","1","3","01","2","39 59:02.813","6","00","76 17:28.847","3","0","0","0","36240","0","0","0","N","0","0","0","9","36228","0","","1","01","N","N","0","","2","0","5","3","2","Y","1127","3","6","0","0","1","1","0","1","0","6","N","","","","","","","","","","","1253","03","  ","","N","N"
"1544","2","0","0","0","0","0","0","0","0","4","0","","36","03","2020","2020022858","2","40.0524","-76.3064","1544","08","0","0","0","0","0","1","0","0","","0","0","0","15","1","1","01","0","40 03:08.600","","00","76 18:22.873","3","0","0","0","36301","0","0","0","N","0","0","0","2","36301","0","","1","01","N","N","0","","1","0","0","3","2","","1542","1","2","0","0","0","0","0","3","0","2","N","","","","","","","","","","","","03","03","","",""
"2213","2","0","0","0","0","0","0","0","0","7","0","","36","02","2020","2020022888","3","40.0311","-76.4849","2211","08","0","0","0","0","0","0","1","0","","0","0","0","22","3","1","00","2","40 01:52.080","6","00","76 29:05.708","3","0","0","0","36404","0","0","0","N","0","0","0","1","36404","0","","4","01","N","N","0","","1","0","0","0","0","Y","2211","1","2","0","0","0","0","0","3","0","2","N","","","","","","","","","","","2339","03","  ","","N","N"
"1634","2","0","0","0","0","0","0","0","0","4","0","","36","03","2020","2020022893","2","40.1561","-76.6071","1631","08","0","0","1","0","0","0","0","0","","0","0","0","16","1","0","01","0","40 09:22.028","","00","76 36:25.628","0","0","0","0","36407","0","0","0","N","0","0","0","4","36407","0","","1","01","N","N","0","","0","0","0","3","3","","1629","0","2","0","0","0","0","0","2","0","2","N","","","","","","","","","","","","03","03","","N","N"
"0857","1","0","0","0","0","0","0","0","0","2","0","","36","02","2020","2020023003","4","40.0552","-76.2788","0854","08","0","1","0","0","0","0","0","0","","0","0","0","08","1","0","00","2","40 03:18.830","6","00","76 16:43.670","0","0","0","0","36101","0","0","0","N","0","0","0","2","36101","0","","1","09","N","N","0","","0","0","1","0","0","Y","0844","0","2","0","0","1","0","0","3","0","2","N","","","","","","","","","","","0930","03","03","","N","N"
"1551","0","0","0","0","0","0","0","0","0","4","0","","36","02","2020","2020023004","4","40.0413","-76.2835","1540","08","0","0","0","0","0","1","0","0","","0","0","0","15","1","1","00","1","40 02:28.850","2","00","76 17:00.500","3","0","0","0","36220","0","0","0","N","0","0","0","1","36101","0","","1","01","N","N","1","","1","0","1","0","0","N","1537","1","2","0","0","0","0","0","3","0","2","N","","","","","","","","","","","1620","03","03","","",""
"0247","1","0","0","0","0","0","0","0","0","0","0","","36","03","2020","2020023005","3","40.0537","-76.3105","0247","08","0","0","0","0","0","0","0","0","","0","0","0","02","3","0","02","2","40 03:13.072","2","00","76 18:37.949","0","0","0","0","36101","0","0","0","N","0","0","0","2","36101","0","","1","01","N","N","0","","0","0","0","3","2","N","0247","0","1","0","0","0","0","0","3","0","1","N","","","","","","","","","","","0320","03","  ","","",""
"0727","3","0","0","0","0","0","0","0","0","1","0","","36","02","2020","2020023006","5","40.0782","-76.4074","0725","08","1","0","0","0","0","0","0","0","","0","0","0","07","1","1","00","1","40 04:41.452","1","00","76 24:26.657","8","0","0","0","36214","0","0","0","N","0","0","0","4","36214","0","","1","01","N","N","0","","0","0","0","0","0","N","0720","1","3","0","0","0","1","0","3","0","3","N","","","","","","","","","","","0800","03","  ","","",""
"1733","1","0","0","0","0","0","0","0","0","4","0","","36","02","2020","2020023007","6","40.036","-76.2142","1731","08","0","0","0","1","0","0","0","0","","0","0","0","17","1","4","00","2","40 02:09.710","6","07","76 12:51.030","2","0","0","0","36215","0","0","0","N","0","0","0","4","36215","3","","1","01","N","N","1","","0","1","0","0","0","Y","1729","4","2","0","1","1","0","0","1","0","2","N","","","","","","","","","","","1859","03","03","","N","N"
"1914","1","0","0","0","0","0","1","0","0","4","1","","36","02","2020","2020023008","6","40.0406","-76.2557","1913","08","0","0","0","0","0","1","1","0","","0","0","0","19","3","2","02","1","40 02:25.986","6","00","76 15:20.617","3","0","0","0","36215","0","0","0","N","0","0","0","16","36215","0","","1","01","N","N","0","","1","0","0","0","0","N","1909","2","2","0","0","0","1","0","1","0","2","N","","","","","","","","","","","0100","03","03","","",""
"1857","2","0","0","0","0","0","0","0","0","4","0","","36","02","2020","2020023010","6","40.0319","-76.2398","1853","08","1","0","0","0","0","0","0","0","","0","0","0","18","2","1","02","0","40 01:54.765","","00","76 14:23.331","3","0","0","0","36215","0","0","0","N","0","0","0","4","36215","0","","1","01","N","N","0","","1","0","0","3","2","","1852","1","2","0","0","0","0","0","1","0","2","N","","","","","","","","","","","","03","03","","",""
"2024","1","0","0","0","0","0","0","0","0","4","0","","36","02","2020","2020023011","7","40.0332","-76.2462","2020","08","0","0","0","0","0","1","0","0","","0","0","0","20","2","1","02","1","40 01:59.689","6","07","76 14:46.257","3","0","0","1","36215","0","0","0","N","0","0","0","2","36215","0","","1","01","N","N","0","","1","0","0","0","0","Y","2019","1","2","0","0","0","0","0","1","0","2","N","","","","","","","","","","","2106","03","  ","","N","N"
"0722","2","0","0","0","0","0","0","0","0","1","0","","36","02","2020","2020023012","2","40.0393","-76.2002","0711","08","0","0","0","0","0","0","0","0","","0","0","0","07","1","0","00","1","40 02:21.656","3","07","76 12:00.606","0","0","0","0","36215","0","0","0","N","0","0","0","2","36215","0","","1","01","N","N","0","","0","0","0","0","0","N","0711","0","2","0","0","0","0","0","1","0","2","N","","","","","","","","","","","0809","03","03","","N","N"
"1651","0","0","0","0","0","0","0","0","0","1","1","","36","02","2020","2020023013","3","40.0841","-76.2263","1625","08","0","0","0","0","1","0","0","0","","0","1","0","16","1","0","00","0","40 05:02.908","","00","76 13:34.514","0","0","0","0","36234","0","0","0","N","0","0","0","2","36215","0","","1","09","N","N","0","","0","0","1","0","0","","1625","0","2","0","0","0","0","0","1","0","2","N","","","","","","","","","","","","07","04","","N","N"
"1655","1","0","0","0","0","0","0","0","0","7","0","","36","02","2020","2020023014","3","40.0292","-76.2465","1648","08","0","1","0","0","0","0","0","0","","0","0","0","16","1","0","00","2","40 01:45.260","4","00","76 14:47.220","0","0","0","0","36215","0","0","0","N","0","0","0","1","36215","0","","5","09","N","N","0","","0","0","0","0","0","N","1644","0","1","0","0","0","0","0","1","0","1","N","","","","","","","","","","","1729","07","  ","","",""
"0808","1","0","0","0","0","0","0","0","0","4","0","","36","02","2020","2020023015","3","40.1035","-76.0784","0801","08","0","0","0","0","0","0","0","0","","0","0","0","07","1","0","00","0","40 06:12.610","","07","76 04:42.120","0","0","0","0","36415","0","0","0","N","0","0","0","4","36415","0","","1","01","N","N","0","","0","0","1","0","0","","0759","0","2","0","0","0","0","0","1","0","2","N","","","","","","","","","","","","03","03","","N","N"
"1538","1","0","0","0","0","0","0","0","0","1","0","","36","02","2020","2020023016","3","40.1032","-76.0872","1534","08","0","0","0","0","0","0","1","0","","0","0","0","15","1","0","00","1","40 06:11.630","3","00","76 05:14.081","0","0","0","0","36415","0","0","0","N","0","0","0","2","36415","0","","1","01","N","N","0","","0","0","1","0","0","N","1530","0","2","0","0","0","0","0","1","0","2","N","","","","","","","","","","","1550","03","  ","","N","Y"
"1340","1","0","0","0","0","0","0","0","0","4","0","","36","02","2020","2020023017","3","40.1448","-76.3143","1328","08","0","0","0","0","0","0","0","1","","0","0","0","13","1","0","01","0","40 08:41.249","","00","76 18:51.644","0","0","0","0","36235","0","0","0","N","0","0","0","2","36506","0","","1","09","N","N","0","","0","0","1","3","3","","1328","0","2","0","0","0","0","0","1","0","2","N","","","","","","","","","","","","04","  ","","",""
"1536","2","0","0","0","0","0","0","0","0","4","0","","36","02","2020","2020023018","3","40.1265","-76.3162","1534","08","0","1","0","0","0","0","0","1","","0","0","0","15","1","0","00","1","40 07:35.470","5","00","76 18:58.210","9","0","0","0","36235","0","0","0","N","0","0","0","3","36506","0","","1","09","N","N","0","","0","0","0","0","0","N","1534","0","2","0","0","0","0","1","1","0","2","N","","","","","","","","","","","1615","07","  ","","",""
"0030","0","0","0","0","0","0","0","0","0","5","1","","36","02","2020","2020023019","7","40.117","-76.2323","0017","08","0","0","0","0","0","0","0","0","","0","1","0","00","2","1","00","2","40 07:01.325","1","00","76 13:56.403","3","0","0","0","36235","0","0","0","N","0","0","0","1","36506","0","","2","01","N","N","0","","1","0","1","0","0","Y","0017","1","2","0","0","0","0","0","1","0","2","N","","","","","","","","","","","0230","03","  ","","",""
"0102","1","0","0","0","0","0","0","0","0","7","0","","36","03","2020","2020023020","1","40.216","-76.2407","0058","08","0","0","0","0","0","0","0","0","","0","0","0","00","3","1","00","0","40 12:57.500","","00","76 14:26.400","3","0","0","0","36204","0","0","0","N","0","0","0","1","36506","0","","4","01","N","N","0","","1","0","0","0","0","","0056","1","1","0","0","0","0","0","1","0","1","N","","","","","","","","","","","","03","03","","N","N"
"0822","1","0","0","0","0","0","0","0","0","7","0","","36","03","2020","2020023021","3","40.1494","-76.2829","0819","08","0","0","0","0","0","0","1","0","","0","0","0","08","1","1","00","2","40 08:57.767","6","00","76 16:58.360","8","0","0","0","36235","0","0","0","N","0","0","0","1","36506","0","","5","01","N","N","0","","0","0","0","0","0","Y","0817","1","1","0","0","0","1","0","1","0","1","N","","","","","","","","","","","0850","03","  ","","",""
"2005","1","0","0","0","0","0","0","0","0","8","0","","36","03","2020","2020023170","2","40.033","-76.2998","1958","08","0","0","0","0","0","0","1","0","","0","0","0","19","3","1","00","0","40 01:58.782","","00","76 17:59.403","3","0","0","0","36301","1","0","0","N","1","0","0","2","36301","0","","1","01","N","N","0","","1","0","0","0","0","","1958","1","2","0","0","0","0","0","3","0","1","N","","","","","","","","","","","","03","  ","","N","Y"
"1446","1","0","0","0","0","0","0","0","0","7","0","","36","03","2020","2020023242","3","40.1882","-76.5834","1441","08","0","0","0","0","1","0","0","0","","0","0","0","14","1","0","00","2","40 11:17.546","6","00","76 35:00.310","0","0","0","0","36225","0","0","0","N","0","0","0","1","36505","0","","5","09","N","N","0","","0","0","0","0","0","Y","1438","0","1","0","0","0","0","0","2","0","1","N","","","","","","","","","","","1630","04","  ","","",""
"1947","0","0","0","0","0","0","0","0","0","7","0","","36","03","2020","2020023277","2","40.0581","-76.069","1931","08","0","0","0","0","0","1","0","0","","0","0","0","19","2","0","02","0","40 03:29.206","","00","76 04:08.235","0","0","0","0","36221","0","0","0","N","0","0","0","1","68J01","0","","4","01","N","N","0","","0","0","0","3","3","","1929","0","1","0","0","0","0","0","1","1","1","N","","","","","","","","","","","","03","  ","","N","N"