"ARRIVAL_TM","AUTOMOBILE_COUNT","BELTED_DEATH_COUNT","BELTED_SUSP_SERIOUS_INJ_COUNT","BICYCLE_COUNT","BICYCLE_DEATH_COUNT","BICYCLE_SUSP_SERIOUS_INJ_COUNT","BUS_COUNT","CHLDPAS_DEATH_COUNT","CHLDPAS_SUSP_SERIOUS_INJ_COUNT","COLLISION_TYPE","COMM_VEH_COUNT","CONS_ZONE_SPD_LIM","COUNTY","CRASH_MONTH","CRASH_YEAR","CRN","DAY_OF_WEEK","DEC_LAT","DEC_LONG","DISPATCH_TM","DISTRICT","DRIVER_COUNT_16YR","DRIVER_COUNT_17YR","DRIVER_COUNT_18YR","DRIVER_COUNT_19YR","DRIVER_COUNT_20YR","DRIVER_COUNT_50_64YR","DRIVER_COUNT_65_74YR","DRIVER_COUNT_75PLUS","EST_HRS_CLOSED","FATAL_COUNT","HEAVY_TRUCK_COUNT","HORSE_BUGGY_COUNT","HOUR_OF_DAY","ILLUMINATION","INJURY_COUNT","INTERSECT_TYPE","LANE_CLOSED","LATITUDE","LN_CLOSE_DIR","LOCATION_TYPE","LONGITUDE","MAX_SEVERITY_LEVEL","MCYCLE_DEATH_COUNT","MCYCLE_SUSP_SERIOUS_INJ_COUNT","MOTORCYCLE_COUNT","MUNICIPALITY","NONMOTR_COUNT","NONMOTR_DEATH_COUNT","NONMOTR_SUSP_SERIOUS_INJ_COUNT","NTFY_HIWY_MAINT","PED_COUNT","PED_DEATH_COUNT","PED_SUSP_SERIOUS_INJ_COUNT","PERSON_COUNT","POLICE_AGCY","POSSIBLE_INJ_COUNT","RDWY_SURF_TYPE_CD","RELATION_TO_ROAD","ROAD_CONDITION","SCH_BUS_IND","SCH_ZONE_IND","SMALL_TRUCK_COUNT","SPEC_JURIS_CD","SUSP_MINOR_INJ_COUNT","SUSP_SERIOUS_INJ_COUNT","SUV_COUNT","TCD_FUNC_CD","TCD_TYPE","TFC_DETOUR_IND","TIME_OF_DAY","TOT_INJ_COUNT","TOTAL_UNITS","UNB_DEATH_COUNT","UNB_SUSP_SERIOUS_INJ_COUNT","UNBELTED_OCC_COUNT","UNK_INJ_DEG_COUNT","UNK_INJ_PER_COUNT","URBAN_RURAL","VAN_COUNT","VEHICLE_COUNT","WORK_ZONE_IND","WORK_ZONE_LOC","WORK_ZONE_TYPE","WORKERS_PRES","WZ_CLOSE_DETOUR","WZ_FLAGGER","WZ_LAW_OFFCR_IND","WZ_LN_CLOSURE","WZ_MOVING","WZ_OTHER","WZ_SHLDER_MDN","ROADWAY_CLEARED","WEATHER1","WEATHER2","WZ_WORKERS_INJ_KILLED","SECONDARY_CRASH","INTERSECTION_RELATED"
"0947","1","0","0","0","0","0","0","0","0","5","1","","36","02","2020","2020023332","6","40.0682","-76.3007","0943","08","0","0","0","0","0","0","0","0","","0","1","0","09","1","1","00","2","40 04:05.488","4","00","76 18:02.440","4","0","0","0","36101","0","0","0","N","0","0","0","2","36101","1","","1","01","N","N","0","","0","0","0","0","0","N","0941","1","2","0","0","0","0","0","3","0","2","N","","","","","","","","","","","1029","03","03","","",""
"1225","2","0","0","0","0","0","0","0","0","4","0","","36","02","2020","2020023333","4","40.0682","-76.3007","1210","08","0","0","0","0","0","0","0","0","","0","0","0","12","1","0","00","0","40 04:05.483","","00","76 18:02.390","0","0","0","0","36101","0","0","0","N","0","0","0","2","36101","0","","1","01","N","N","0","","0","0","0","0","0","","1208","0","2","0","0","0","0","0","3","0","2","N","","","","","","","","","","","","04","  ","","",""
"0920","0","0","0","0","0","0","0","0","0","4","0","","36","03","2020","2020023334","2","40.0308","-76.2343","0910","08","0","0","0","0","0","1","0","0","","0","0","0","09","1","0","01","1","40 01:50.123","2","00","76 14:03.641","0","0","0","0","36215","0","0","0","N","0","0","0","2","36215","0","","1","01","N","N","0","","0","0","2","3","2","N","0907","0","2","0","0","0","0","0","1","0","2","N","","","","","","","","","","","1030","03","03","","N",""
"0834","0","0","0","0","0","0","0","0","0","7","1","","36","03","2020","2020023335","3","40.0193","-76.2371","0828","08","0","0","0","0","0","1","0","0","","0","0","0","08","1","1","00","2","40 01:09.402","5","00","76 14:13.481","3","0","0","0","36215","0","0","0","N","0","0","0","1","36215","0","","4","01","N","N","1","","1","0","0","0","0","Y","0826","1","1","0","0","0","0","0","1","0","1","N","","","","","","","","","","","1137","03","  ","","",""
"1757","1","0","0","0","0","0","0","0","0","7","0","","36","02","2020","2020023336","7","40.0601","-76.4105","1750","08","0","0","0","0","0","1","0","0","","0","0","0","17","2","1","02","0","40 03:36.493","","00","76 24:37.907","3","0","0","1","36239","0","0","0","N","0","0","0","1","36239","0","","5","01","N","N","1","","1","0","0","0","0","","1748","1","3","0","0","0","0","0","3","0","3","N","","","","","","","","","","","","03","03","","N",""
"1914","0","0","0","0","0","0","0","0","0","7","0","","36","03","2020","2020023337","1","40.0752","-76.4609","1910","08","0","0","0","0","0","0","0","0","","0","0","0","19","2","1","00","2","40 04:30.761","5","00","76 27:39.114","3","0","0","0","36239","0","0","0","N","0","0","0","1","36239","0","","5","01","N","N","0","","1","0","1","0","0","Y","1907","1","1","0","0","0","0","0","3","0","1","N","","","","","","","","","","","1952","03","03","","",""
"0535","1","0","0","0","0","0","0","0","0","7","0","","36","03","2020","2020023338","3","40.154","-76.3676","0530","08","0","0","0","0","0","0","0","0","","0","0","0","05","2","0","00","2","40 09:14.512","6","00","76 22:03.385","0","0","0","0","36227","0","0","0","N","0","0","0","2","36506","0","","5","09","N","N","0","","0","0","0","0","0","Y","0530","0","1","0","0","0","0","0","1","0","1","N","","","","","","","","","","","0700","07","05","","",""
"0633","0","0","0","0","0","0","0","0","0","1","0","","36","03","2020","2020023486","4","40.1791","-76.6006","0622","08","0","0","0","0","0","0","0","0","","0","0","0","06","1","1","06","0","40 10:46.324","","02","76 36:01.450","3","0","0","0","36225","0","0","0","N","0","0","0","2","36505","0","","7","01","N","N","0","","1","0","2","3","4","","0610","1","2","0","0","0","0","0","2","0","2","N","","","","","","","","","","","","03","03","","N",""
"0300","1","0","0","0","0","0","0","0","0","98","0","","36","02","2020","2020023502","6","40.2452","-76.122","0258","08","0","0","1","0","0","0","0","0","","0","0","0","02","2","0","00","0","40 14:42.561","","00","76 07:19.062","0","0","0","0","36210","0","0","0","N","0","0","0","1","36210","0","","1","01","N","N","0","","0","0","0","0","0","","0256","0","1","0","0","0","0","0","1","0","1","N","","","","","","","","","","","","03","  ","","",""
"2225","1","0","0","0","0","0","0","0","0","4","0","","36","02","2020","2020023503","7","40.0305","-76.4985","2225","08","0","0","0","0","0","0","0","0","","0","0","0","22","3","0","01","1","40 01:49.936","6","00","76 29:54.632","0","0","0","0","36404","0","0","0","N","0","0","0","4","36404","0","","1","01","N","N","1","","0","0","0","3","3","Y","2225","0","2","0","0","0","0","0","3","0","2","N","","","","","","","","","","","2312","03","  ","","N","N"
"2105","1","0","0","0","0","0","0","0","0","0","0","","36","02","2020","2020023531","2","40.2739","-76.1338","2057","08","0","0","1","0","0","0","0","0","","0","0","0","20","2","0","00","0","40 16:26.195","","00","76 08:01.789","0","0","0","0","36236","0","0","0","N","0","0","0","1","36408","0","","4","09","N","N","0","","0","0","0","0","0","","2057","0","1","0","0","0","0","0","1","0","1","N","","","","","","","","","","","","07","  ","","",""
"1229","0","0","1","0","0","0","0","0","0","1","2","","36","02","2020","2020023697","3","40.0921","-76.263","1223","08","0","0","0","0","0","0","0","0","","0","2","0","12","1","1","00","2","40 05:31.409","2","01","76 15:46.932","2","0","0","0","36101","0","0","0","N","0","0","0","2","36101","0","","1","09","N","N","0","","0","1","0","0","0","Y","1220","1","2","0","0","0","0","0","3","0","2","N","","","","","","","","","","","1535","07","04","","",""
"1425","1","0","0","0","0","0","0","0","0","1","0","","36","03","2020","2020023698","4","40.0385","-76.3365","1418","08","0","0","0","0","0","2","1","0","","0","0","0","14","1","0","00","1","40 02:18.634","3","00","76 20:11.547","0","0","0","0","36220","0","0","0","N","0","0","0","4","36101","0","","1","01","N","N","1","","0","0","1","0","0","N","1416","0","3","0","0","0","0","0","3","0","3","N","","","","","","","","","","","1500","03","  ","","",""
"2224","0","0","0","0","0","0","0","0","0","7","0","","36","03","2020","2020023699","1","40.0635","-76.3591","2224","08","0","0","0","0","0","0","0","0","","0","0","0","22","2","0","00","0","40 03:48.770","","00","76 21:32.900","0","0","0","0","36214","0","0","0","N","0","0","0","1","36214","0","","4","01","N","N","0","","0","0","1","0","0","","2215","0","1","0","0","0","0","0","3","0","1","N","","","","","","","","","","","","03","03","","",""
"1309","1","0","0","0","0","0","0","0","0","7","0","","36","03","2020","2020023700","4","40.0372","-76.4164","1300","08","0","0","0","0","0","0","0","0","","0","0","0","12","1","1","00","0","40 02:13.942","","00","76 24:59.162","3","0","0","0","36223","0","0","0","N","0","0","0","1","36223","0","","5","01","N","N","0","","1","0","0","0","0","","1250","1","1","0","0","0","0","0","1","0","1","N","","","","","","","","","","","","03","  ","","",""
"1926","0","0","0","0","0","0","0","0","0","1","0","","36","03","2020","2020023808","5","40.1125","-76.0627","1921","08","0","0","0","0","0","0","0","0","","0","0","0","19","2","1","00","2","40 06:44.943","6","00","76 03:45.864","2","0","1","2","36213","0","0","0","N","0","0","0","2","36213","0","","1","01","N","N","0","","0","1","0","0","0","Y","1919","1","2","0","0","0","0","0","1","0","2","N","","","","","","","","","","","2022","04","  ","","N","N"
"1644","1","0","0","0","0","0","0","0","0","7","0","","36","02","2020","2020023821","7","40.2769","-76.0964","1638","08","0","0","0","0","0","0","0","0","","0","0","0","16","1","0","00","1","40 16:37.016","2","00","76 05:46.926","0","0","0","0","36236","0","0","0","N","0","0","0","2","36408","0","","4","01","N","N","0","","0","0","0","0","0","N","1638","0","1","0","0","0","0","0","1","0","1","N","","","","","","","","","","","1715","03","  ","","N","N"
"1909","4","0","0","0","0","0","0","0","0","5","0","","36","03","2020","2020023826","5","40.0373","-76.2947","1907","08","0","0","0","0","0","0","0","0","","0","0","0","19","3","1","00","2","40 02:14.400","5","00","76 17:40.900","4","0","0","0","36301","0","0","0","N","0","0","0","1","36301","1","","6","01","N","N","0","","0","0","0","0","0","Y","1907","1","4","0","0","0","0","0","3","0","4","N","","","","","","","","","","","1950","03","03","","N","N"
"0238","2","0","0","0","0","0","0","0","0","4","0","","36","03","2020","2020023830","5","40.0326","-76.3182","0233","08","0","0","0","0","0","0","0","0","","0","0","0","02","3","4","02","2","40 01:57.313","6","00","76 19:05.617","3","0","0","0","36301","0","0","0","N","0","0","0","4","36301","0","","1","01","N","N","0","","4","0","0","3","3","Y","0231","4","2","0","0","0","0","0","3","0","2","N","","","","","","","","","","","0321","03","  ","","N","N"
"1334","0","0","0","0","0","0","0","0","0","7","0","","36","03","2020","2020023850","2","40.2086","-76.1772","1329","08","0","0","0","0","0","1","0","0","","0","0","0","13","1","1","00","2","40 12:31.010","5","00","76 10:38.011","3","0","0","0","36236","0","0","0","Y","0","0","0","1","36408","0","","2","01","N","N","1","","1","0","0","0","0","Y","1329","1","1","0","0","0","0","0","1","0","1","N","","","","","","","","","","","1415","03","03","","",""
"1431","0","0","0","0","0","0","0","0","0","1","0","","36","02","2020","2020023957","7","40.1353","-76.2119","1428","08","0","0","0","0","0","0","1","0","","0","0","0","14","1","0","00","0","40 08:06.938","","00","76 12:42.726","0","0","0","0","36238","0","0","0","N","0","0","0","2","36238","0","","1","01","N","N","0","","0","0","1","0","0","","1428","0","2","0","0","0","0","0","3","1","2","N","","","","","","","","","","","","03","  ","","N","Y"
"0225","1","0","0","0","0","0","0","0","0","2","0","","36","02","2020","2020023959","5","40.0061","-76.3626","0223","08","0","0","0","0","0","0","0","0","","0","0","0","02","3","2","00","0","40 00:21.900","","00","76 21:45.300","2","0","0","0","36412","0","0","0","N","0","0","0","2","36412","0","","1","09","N","N","0","","0","1","1","0","0","","0223","2","2","0","0","0","1","0","3","0","2","N","","","","","","","","","","","","07","  ","","N","N"
"1907","0","0","0","0","0","0","0","0","0","4","0","","36","03","2020","2020024003","1","40.0564","-76.3057","1902","08","0","0","0","0","0","0","0","1","","0","0","0","18","4","0","00","1","40 03:22.914","5","00","76 18:20.468","0","0","0","0","36101","0","0","0","N","0","0","0","3","36101","0","","1","01","N","N","1","","0","0","1","3","2","N","1818","0","2","0","0","0","0","0","3","0","2","N","","","","","","","","","","","1950","03","03","","",""
"1422","2","0","0","0","0","0","0","0","0","4","0","","36","02","2020","2020024004","5","40.0626","-76.2439","1413","08","0","1","0","0","0","0","1","0","","0","0","0","14","1","0","02","1","40 03:45.356","4","07","76 14:38.072","0","0","0","0","36215","0","0","0","N","0","0","0","2","36215","0","","1","01","N","N","0","","0","0","0","0","0","N","1413","0","2","0","0","0","0","0","1","0","2","N","","","","","","","","","","","1513","03","03","","N",""
"1703","2","0","0","0","0","0","0","0","0","4","0","","36","02","2020","2020024005","5","40.0483","-76.2559","1703","08","0","0","1","0","0","0","0","0","","0","0","0","17","1","0","02","1","40 02:53.066","5","07","76 15:20.874","0","0","0","0","36301","0","0","0","N","0","0","0","2","36215","0","","1","01","N","N","0","","0","0","0","3","2","N","1703","0","2","0","0","0","0","0","3","0","2","N","","","","","","","","","","","1748","03","  ","","N",""
"1108","0","0","0","0","0","0","0","0","0","1","0","","36","02","2020","2020024006","7","40.0169","-76.1647","1100","08","0","0","0","0","0","0","0","0","","0","0","0","11","1","2","00","0","40 01:00.822","","00","76 09:52.982","4","0","0","0","36215","0","0","0","N","0","0","0","5","36215","2","","1","01","N","N","1","","0","0","0","0","0","","1100","2","2","0","0","0","0","0","1","1","2","N","","","","","","","","","","","","03","  ","","N","Y"
"1803","0","0","0","0","0","0","0","0","0","4","0","","36","03","2020","2020024036","6","40.1039","-76.0305","1801","08","0","1","0","0","0","0","1","0","","0","0","0","15","1","0","00","0","40 06:14.156","","00","76 01:49.947","0","0","0","0","36213","0","0","0","N","0","0","0","2","36213","0","","1","09","N","N","2","","0","0","0","0","0","","1557","0","2","0","0","0","0","0","1","0","2","N","","","","","","","","","","","","07","  ","","",""
"2100","2","0","0","0","0","0","1","0","0","4","1","","36","03","2020","2020024138","6","40.0234","-76.3148","2032","08","0","0","0","0","0","0","0","0","","0","0","0","20","3","0","01","0","40 01:24.124","","00","76 18:53.204","0","0","0","0","36301","0","0","0","N","0","0","0","2","36301","0","","1","09","Y","N","0","","0","0","0","3","3","","2031","0","3","0","0","0","0","0","3","0","3","N","","","","","","","","","","","","07","03","","",""
"1542","1","0","0","0","0","0","0","0","0","1","0","","36","03","2020","2020024174","5","40.1778","-76.6008","1533","08","0","0","0","0","0","0","0","0","","0","0","0","15","1","1","00","0","40 10:40.108","","00","76 36:02.796","8","0","0","0","36225","0","0","0","N","0","0","0","2","36505","0","","1","01","N","N","0","","0","0","0","0","0","N","1530","1","2","0","0","0","1","0","2","1","2","N","","","","","","","","","","","","03","03","","N","N"
"1910","2","0","0","0","0","0","0","0","0","1","0","","36","03","2020","2020024269","6","40.0707","-76.3177","1906","08","0","0","0","0","1","1","0","0","","0","0","0","19","3","0","00","2","40 04:14.518","2","00","76 19:03.653","0","0","0","0","36101","0","0","0","N","0","0","0","3","36101","0","","1","09","N","N","1","","0","0","0","0","0","N","1901","0","3","0","0","0","0","0","3","0","3","N","","","","","","","","","","","1938","07","07","","",""
"2125","0","0","0","0","0","0","0","0","0","7","0","","36","03","2020","2020024270","6","40.0884","-76.3806","2125","08","0","0","0","0","0","0","0","0","","0","0","0","21","2","1","00","1","40 05:18.375","2","00","76 22:50.176","8","0","0","0","36214","0","0","0","N","0","0","0","1","36214","0","","2","09","N","N","0","","0","0","1","3","8","N","2125","1","1","0","0","1","1","0","3","0","1","N","","","","","","","","","","","0030","07","  ","","",""
"1259","2","0","0","0","0","0","0","0","0","1","0","","36","02","2020","2020024271","5","40.1054","-76.0756","1257","08","0","0","0","0","0","1","0","1","","0","0","0","12","1","2","00","0","40 06:19.296","","00","76 04:32.146","4","0","0","0","36415","0","0","0","N","0","0","0","4","36415","2","","1","01","N","N","0","","0","0","0","0","0","","1255","2","2","0","0","0","0","0","1","0","2","N","","","","","","","","","","","","04","04","","",""
"1927","1","0","0","0","0","0","0","0","0","4","0","","36","03","2020","2020024331","7","39.9858","-76.2836","1926","08","0","0","1","0","0","1","0","0","","0","0","0","19","3","0","01","0","39 59:09.292","","00","76 17:01.207","0","0","0","0","36240","0","0","0","N","0","0","0","4","36240","0","","1","01","N","N","0","","0","0","1","3","2","N","1925","0","2","0","0","0","0","0","1","0","2","N","","","","","","","","","","","","03","  ","","N","N"
"0411","2","0","0","0","0","0","0","0","0","5","0","","36","03","2020","2020024336","7","40.0504","-76.2915","0408","08","0","0","0","0","0","0","0","0","","0","0","0","04","3","0","00","0","40 03:01.395","","00","76 17:29.312","9","0","0","0","36301","0","0","0","N","0","0","0","2","36301","0","","6","01","N","N","0","","0","0","1","0","0","","0406","0","3","0","0","0","0","1","3","0","3","N","","","","","","","","","","","","03","03","","N","N"
"0624","2","0","0","0","0","0","0","0","0","6","0","","36","03","2020","2020024353","7","40.1356","-76.6156","0618","08","0","0","0","0","0","0","0","1","","0","0","0","06","1","1","02","0","40 08:08.190","","00","76 36:56.170","3","0","0","0","36237","0","0","0","N","0","0","0","2","36505","0","","1","01","N","","0","","1","0","0","3","3","","0614","1","2","0","0","1","0","0","1","0","2","N","","","","","","","","","","","","03","03","","",""
"1917","1","0","0","0","0","0","0","0","0","8","0","","36","03","2020","2020024359","6","40.0438","-76.3116","1917","08","0","0","0","0","0","0","0","0","","0","0","0","19","3","1","01","1","40 02:37.734","4","00","76 18:41.709","3","0","0","0","36301","1","0","0","N","1","0","0","2","36301","0","","1","09","N","N","0","","1","0","0","3","2","Y","1914","1","2","0","0","0","0","0","3","0","1","N","","","","","","","","","","","1933","07","04","","",""
"0949","0","0","0","0","0","0","1","0","0","8","1","","36","02","2020","2020024400","3","40.0459","-76.3072","0825","08","0","0","0","0","0","0","0","1","","0","0","0","08","1","1","01","0","40 02:45.142","","00","76 18:25.864","3","0","0","0","36301","1","0","0","N","1","0","0","2","36301","0","","1","01","Y","N","0","","1","0","0","3","2","","0825","1","2","0","0","0","0","0","3","0","1","N","","","","","","","","","","","","03","  ","","",""
"1208","0","0","0","0","0","0","0","0","0","2","0","","36","03","2020","2020024476","2","40.0563","-76.3303","1158","08","0","0","0","0","0","0","0","0","","0","0","0","11","1","0","00","0","40 03:22.739","","00","76 19:49.051","0","0","0","0","36101","0","0","0","N","0","0","0","2","36101","0","","1","01","N","N","0","","0","0","2","0","0","","1150","0","2","0","0","0","0","0","3","0","2","N","","","","","","","","","","","","03","  ","","N","N"
"2311","1","0","0","0","0","0","0","0","0","7","0","","36","03","2020","2020024525","6","40.2282","-76.3642","2252","08","0","0","0","0","0","0","0","0","","0","0","0","22","2","2","00","1","40 13:41.609","4","00","76 21:51.088","3","0","0","0","36217","0","0","0","N","0","0","0","2","68T06","0","","4","09","N","N","0","","2","0","0","0","0","N","2252","2","1","0","0","0","0","0","1","0","1","N","","","","","","","","","","","2330","07","  ","","",""
"2151","2","0","0","0","0","0","0","0","0","4","0","","36","03","2020","2020024584","7","40.0289","-76.2977","2149","08","0","0","0","0","1","1","0","0","","0","0","0","21","3","1","01","1","40 01:44.047","6","00","76 17:51.838","4","0","0","0","36301","0","0","0","N","0","0","0","2","36301","1","","1","01","N","N","0","","0","0","0","3","3","Y","2148","1","2","0","0","0","0","0","3","0","2","N","","","","","","","","","","","2220","03","03","","",""
"0150","2","0","0","0","0","0","0","0","0","5","0","","36","03","2020","2020024606","2","40.0427","-76.2938","0149","08","0","0","0","0","1","0","0","0","","0","0","0","01","3","1","00","1","40 02:33.863","2","00","76 17:37.830","4","0","0","0","36301","0","0","0","N","0","0","0","1","36301","1","","1","01","N","N","0","","0","0","0","0","0","N","0147","1","2","0","0","0","0","0","3","0","2","N","","","","","","","","","","","0258","03","03","","",""
"2116","1","0","0","0","0","0","0","0","0","4","0","","36","02","2020","2020024614","4","40.2215","-76.0981","2205","08","0","0","0","0","0","0","0","0","","0","0","0","21","3","1","00","1","40 13:17.369","1","07","76 05:53.187","3","0","0","0","36210","0","0","0","N","0","0","0","2","36210","0","","1","09","N","N","1","","1","0","0","0","0","N","2116","1","2","0","0","0","0","0","1","0","2","N","","","","","","","","","","","2200","07","  ","","N","Y"
"2018","2","0","1","0","0","0","0","0","0","2","0","","36","03","2020","2020024799","5","40.1049","-76.3054","2016","08","0","0","0","0","0","1","0","0","","0","0","0","20","3","3","00","2","40 06:17.541","5","00","76 18:19.545","2","0","0","0","36101","0","0","0","N","0","0","0","4","36101","0","","1","01","N","N","0","","0","3","1","0","0","Y","2014","3","3","0","1","1","0","0","3","0","3","N","","","","","","","","","","","2200","03","03","","N","N"
"1404","2","0","0","0","0","0","0","0","0","1","0","","36","03","2020","2020024800","1","40.0406","-76.3641","1401","08","0","1","1","0","0","2","0","0","","0","0","0","14","1","0","00","0","40 02:25.986","","00","76 21:50.759","0","0","0","0","36214","0","0","0","N","0","0","0","4","36214","0","","1","01","N","N","2","","0","0","0","3","2","","1400","0","4","0","0","0","0","0","3","0","4","N","","","","","","","","","","","","03","03","","",""
"2154","1","0","0","0","0","0","0","0","0","7","0","","36","03","2020","2020024801","2","40.2225","-76.4251","2145","08","0","0","1","0","0","0","0","0","","0","0","0","21","2","1","00","1","40 13:21.050","4","00","76 25:30.446","3","0","0","0","36227","0","0","0","N","0","0","0","1","36506","0","","5","09","N","N","0","","1","0","0","0","0","N","2142","1","1","0","0","0","0","0","1","0","1","N","","","","","","","","","","","2230","07","  ","","",""
"1958","2","0","0","0","0","0","0","0","0","4","0","","36","03","2020","2020024802","6","40.1","-76.3541","1950","08","0","0","0","0","1","0","0","0","","0","0","0","19","3","3","01","2","40 06:00.025","7","00","76 21:14.898","3","0","0","0","36406","0","0","0","N","0","0","0","3","36506","2","","1","09","N","N","0","","1","0","0","3","2","Y","1947","3","2","0","0","0","0","0","3","0","2","N","","","","","","","","","","","0030","07","  ","","N",""
"2139","1","0","0","0","0","0","0","0","0","4","0","","36","03","2020","2020024803","7","40.1","-76.3541","2139","08","0","0","0","0","0","0","1","0","","0","0","0","21","3","0","01","2","40 06:00.025","7","00","76 21:14.898","9","0","0","0","36406","0","0","0","N","0","0","0","7","36506","0","","1","01","N","N","0","","0","0","1","3","2","Y","2139","0","2","0","0","0","0","1","3","0","2","N","","","","","","","","","","","2144","03","  ","","N",""
"1850","2","0","0","0","0","0","0","0","0","4","0","","36","02","2020","2020024874","6","40.1805","-76.2111","1841","08","0","0","0","0","0","0","0","1","","0","0","0","18","2","0","01","0","40 10:49.758","","00","76 12:39.923","0","0","0","0","36218","0","0","0","N","0","0","0","3","36408","0","","1","01","N","N","0","","0","0","0","3","3","","1840","0","2","0","0","0","0","0","1","0","2","N","","","","","","","","","","","","03","  ","","",""
"1152","1","0","0","0","0","0","0","0","0","1","0","","36","03","2020","2020024875","5","40.1628","-76.1493","1149","08","0","0","0","0","0","0","1","0","","0","0","0","11","1","0","00","1","40 09:45.928","4","00","76 08:57.492","0","0","0","0","36218","0","0","0","N","0","0","0","3","36408","0","","1","01","N","N","0","","0","0","1","3","2","N","1109","0","2","0","0","0","0","0","1","0","2","N","","","","","","","","","","","1149","03","  ","","N","Y"
"1625","2","0","1","0","0","0","0","0","0","2","0","","36","02","2020","2020024898","7","40.2159","-76.1221","1621","08","0","0","0","0","0","1","0","0","","0","0","0","16","1","1","00","1","40 12:57.227","2","00","76 07:19.499","2","0","0","0","36210","0","0","0","N","0","0","0","2","36210","0","","1","01","N","N","0","","0","1","0","0","0","N","1621","1","2","0","0","0","0","0","1","0","2","N","","","","","","","","","","","1720","03","  ","","",""
"1412","0","0","0","0","0","0","0","0","0","4","0","","36","03","2020","2020024902","2","40.0379","-76.5042","1406","08","0","0","0","0","0","2","0","0","","0","0","0","14","1","2","01","2","40 02:16.558","6","00","76 30:14.950","4","0","0","0","36404","0","0","0","N","0","0","0","3","36404","2","","1","01","N","N","1","","0","0","1","3","3","Y","1405","2","2","0","0","0","0","0","3","0","2","N","","","","","","","","","","","1506","03","  ","","N",""
"1913","1","0","0","0","0","0","0","0","0","5","0","","36","03","2020","2020024936","1","40.0408","-76.4973","1913","08","0","0","0","0","0","0","0","0","","0","0","0","19","4","1","00","2","40 02:26.777","6","00","76 29:50.331","3","0","0","0","36404","0","0","0","N","0","0","0","2","36404","0","","4","01","N","N","1","","1","0","1","0","0","Y","1913","1","3","0","0","1","0","0","3","0","3","N","","","","","","","","","","","1948","03","  ","","N","N"
"1500","1","0","0","0","0","0","0","0","0","2","0","","36","03","2020","2020025038","1","40.1133","-76.2101","1452","08","0","1","0","0","0","0","1","0","","0","0","0","14","1","3","00","2","40 06:47.808","6","00","76 12:36.404","3","0","0","0","36238","0","0","0","N","0","0","0","3","36238","0","","1","01","N","N","0","","3","0","0","0","0","Y","1453","3","2","0","0","0","0","0","3","1","2","N","","","","","","","","","","","1552","03","  ","","N","N"
"1913","2","0","0","0","0","0","0","0","0","1","0","","36","03","2020","2020025047","6","40.1405","-76.2108","1908","08","0","0","0","0","0","0","0","1","","0","0","0","19","2","0","00","0","40 08:25.688","","07","76 12:38.736","0","0","0","0","36238","0","0","0","N","0","0","0","5","36238","0","","1","09","N","N","0","","0","0","0","0","0","","1907","0","2","0","0","0","0","0","3","0","2","N","","","","","","","","","","","","07","  ","","N","N"
"1556","2","0","0","0","0","0","0","0","0","4","0","","36","03","2020","2020025079","2","40.0291","-76.324","1543","08","0","0","0","0","0","0","0","0","","0","0","0","15","1","1","00","1","40 01:44.646","3","07","76 19:26.553","3","0","0","0","36220","0","0","0","N","0","0","0","4","36101","0","","1","01","N","N","0","","1","0","0","0","0","N","1540","1","2","0","0","0","0","0","3","0","2","N","","","","","","","","","","","1630","03","03","","N","N"
"1642","2","0","0","0","0","0","0","0","0","1","0","","36","03","2020","2020025080","2","40.0351","-76.3244","1638","08","0","0","0","0","0","0","0","1","","0","0","0","16","1","1","00","0","40 02:06.250","","00","76 19:27.760","3","0","0","0","36220","0","0","0","N","0","0","0","3","36101","0","","1","01","N","N","0","","1","0","0","0","0","","1620","1","2","0","0","0","0","0","3","0","2","N","","","","","","","","","","","","03","03","","",""
"1934","1","0","0","0","0","0","0","0","0","7","0","","36","03","2020","2020025081","2","40.0692","-76.3023","1931","08","0","0","0","0","0","0","0","0","","0","0","0","19","3","0","02","0","40 04:10.932","","00","76 18:06.945","0","0","0","0","36101","0","0","0","N","0","0","0","1","36101","0","","5","01","N","N","0","","0","0","0","3","2","","1929","0","1","0","0","0","0","0","3","0","1","N","","","","","","","","","","","","03","03","","",""
"0715","1","0","0","0","0","0","0","0","0","4","0","","36","03","2020","2020025082","3","40.0791","-76.3465","0710","08","0","0","0","1","0","0","0","0","","0","0","0","07","5","0","02","1","40 04:44.596","3","02","76 20:47.282","0","0","0","0","36101","0","0","0","N","0","0","0","2","36101","0","","1","01","N","N","0","","0","0","1","3","3","N","0708","0","2","0","0","0","0","0","3","0","2","N","","","","","","","","","","","0814","03","  ","","N",""
"0715","1","0","0","0","0","0","0","0","0","1","0","","36","03","2020","2020025083","2","40.0839","-76.4089","0713","08","0","1","0","0","0","0","0","0","","0","0","0","07","1","0","00","0","40 05:02.154","","00","76 24:32.073","0","0","0","0","36214","0","0","0","N","0","0","0","2","36214","0","","1","01","N","N","0","","0","0","1","0","0","","0710","0","2","0","0","0","0","0","3","0","2","N","","","","","","","","","","","","03","  ","","N","N"