"ARRIVAL_TM","AUTOMOBILE_COUNT","BELTED_DEATH_COUNT","BELTED_SUSP_SERIOUS_INJ_COUNT","BICYCLE_COUNT","BICYCLE_DEATH_COUNT","BICYCLE_SUSP_SERIOUS_INJ_COUNT","BUS_COUNT","CHLDPAS_DEATH_COUNT","CHLDPAS_SUSP_SERIOUS_INJ_COUNT","COLLISION_TYPE","COMM_VEH_COUNT","CONS_ZONE_SPD_LIM","COUNTY","CRASH_MONTH","CRASH_YEAR","CRN","DAY_OF_WEEK","DEC_LAT","DEC_LONG","DISPATCH_TM","DISTRICT","DRIVER_COUNT_16YR","DRIVER_COUNT_17YR","DRIVER_COUNT_18YR","DRIVER_COUNT_19YR","DRIVER_COUNT_20YR","DRIVER_COUNT_50_64YR","DRIVER_COUNT_65_74YR","DRIVER_COUNT_75PLUS","EST_HRS_CLOSED","FATAL_COUNT","HEAVY_TRUCK_COUNT","HORSE_BUGGY_COUNT","HOUR_OF_DAY","ILLUMINATION","INJURY_COUNT","INTERSECT_TYPE","LANE_CLOSED","LATITUDE","LN_CLOSE_DIR","LOCATION_TYPE","LONGITUDE","MAX_SEVERITY_LEVEL","MCYCLE_DEATH_COUNT","MCYCLE_SUSP_SERIOUS_INJ_COUNT","MOTORCYCLE_COUNT","MUNICIPALITY","NONMOTR_COUNT","NONMOTR_DEATH_COUNT","NONMOTR_SUSP_SERIOUS_INJ_COUNT","NTFY_HIWY_MAINT","PED_COUNT","PED_DEATH_COUNT","PED_SUSP_SERIOUS_INJ_COUNT","PERSON_COUNT","POLICE_AGCY","POSSIBLE_INJ_COUNT","RDWY_SURF_TYPE_CD","RELATION_TO_ROAD","ROAD_CONDITION","SCH_BUS_IND","SCH_ZONE_IND","SMALL_TRUCK_COUNT","SPEC_JURIS_CD","SUSP_MINOR_INJ_COUNT","SUSP_SERIOUS_INJ_COUNT","SUV_COUNT","TCD_FUNC_CD","TCD_TYPE","TFC_DETOUR_IND","TIME_OF_DAY","TOT_INJ_COUNT","TOTAL_UNITS","UNB_DEATH_COUNT","UNB_SUSP_SERIOUS_INJ_COUNT","UNBELTED_OCC_COUNT","UNK_INJ_DEG_COUNT","UNK_INJ_PER_COUNT","URBAN_RURAL","VAN_COUNT","VEHICLE_COUNT","WORK_ZONE_IND","WORK_ZONE_LOC","WORK_ZONE_TYPE","WORKERS_PRES","WZ_CLOSE_DETOUR","WZ_FLAGGER","WZ_LAW_OFFCR_IND","WZ_LN_CLOSURE","WZ_MOVING","WZ_OTHER","WZ_SHLDER_MDN","ROADWAY_CLEARED","WEATHER1","WEATHER2","WZ_WORKERS_INJ_KILLED","SECONDARY_CRASH","INTERSECTION_RELATED"
"0815","0","0","0","0","0","0","0","0","0","1","0","","36","03","2020","2020025084","2","40.0812","-76.3517","0808","08","0","0","0","0","0","2","0","0","","0","0","0","08","1","0","00","2","40 04:52.231","3","03","76 21:05.954","0","0","0","0","36214","0","0","0","N","0","0","0","5","36214","0","","1","01","N","N","1","","0","0","3","0","0","N","0803","0","5","0","0","0","0","0","3","1","5","N","","","","","","","","","","","0910","03","03","","N","N"
"2351","1","0","0","0","0","0","0","0","0","7","0","","36","02","2020","2020025085","5","40.0178","-76.1693","2350","08","0","0","0","0","0","0","0","0","","0","0","0","23","2","1","00","1","40 01:04.155","3","00","76 10:09.621","3","0","0","0","36215","0","0","0","N","0","0","0","1","36215","0","","4","01","N","N","0","","1","0","0","0","0","N","2348","1","1","0","0","0","0","0","1","0","1","N","","","","","","","","","","","0030","04","04","","",""
"1716","0","0","0","0","0","0","0","0","0","4","0","","36","02","2020","2020025086","6","40.0333","-76.2462","1646","08","0","0","0","0","1","1","0","0","","0","0","0","16","1","1","00","1","40 01:59.718","3","07","76 14:46.433","3","0","0","0","36215","0","0","0","N","0","0","0","3","36215","0","","1","01","N","N","0","","1","0","2","0","0","N","1646","1","2","0","0","0","0","0","1","0","2","N","","","","","","","","","","","0030","03","03","","N","N"
"1108","1","0","0","0","0","0","0","0","0","1","1","","36","03","2020","2020025087","2","40.0476","-76.2556","1102","08","0","0","0","0","0","1","0","0","","0","1","0","11","1","1","00","0","40 02:51.287","","00","76 15:20.090","4","0","0","0","36215","0","0","0","N","0","0","0","3","36215","1","","1","01","N","N","0","","0","0","0","3","5","","1102","1","2","0","0","0","0","0","1","0","2","N","","","","","","","","","","","","03","03","","",""
"1454","1","0","0","0","0","0","0","0","0","1","0","","36","03","2020","2020025088","2","40.0211","-76.186","1425","08","0","0","0","0","0","1","0","0","","0","0","0","14","1","0","00","0","40 01:16.032","","00","76 11:09.460","0","0","0","0","36215","0","0","0","N","0","0","0","2","36215","0","","1","01","N","N","1","","0","0","0","0","0","","1425","0","2","0","0","1","0","0","1","0","2","N","","","","","","","","","","","","03","  ","","N","N"
"1900","2","0","0","0","0","0","0","0","0","1","0","","36","03","2020","2020025089","5","40.0398","-76.4553","1849","08","0","0","0","0","0","1","0","0","","0","0","0","18","2","1","01","1","40 02:23.536","4","02","76 27:19.113","8","0","0","0","36239","0","0","0","N","0","0","0","5","36239","0","","1","01","N","N","0","","0","0","0","3","2","N","1849","1","3","0","0","0","1","0","3","1","3","N","","","","","","","","","","","1945","03","03","","Y",""
"1934","1","0","0","0","0","0","0","0","0","4","0","","36","03","2020","2020025091","1","40.0886","-76.4516","1928","08","0","0","1","0","0","0","0","0","","0","0","0","19","2","2","02","2","40 05:19.057","5","00","76 27:05.815","3","0","0","0","36239","0","0","0","N","0","0","0","3","36239","0","","1","01","N","N","0","","2","0","0","3","3","Y","1927","2","2","0","0","0","0","0","3","1","2","N","","","","","","","","","","","2016","03","03","","N",""
"1609","1","0","0","0","0","0","0","0","0","4","1","","36","03","2020","2020025108","4","40.1261","-76.2145","1605","08","0","1","0","0","0","0","0","0","","0","1","0","16","1","0","00","2","40 07:34.099","6","07","76 12:52.322","0","0","0","0","36238","0","0","0","N","0","0","0","3","36238","0","","1","01","N","N","0","","0","0","0","0","0","Y","1600","0","2","0","0","0","0","0","3","0","2","N","","","","","","","","","","","1642","03","03","","",""
"1451","1","0","0","0","0","0","0","0","0","4","0","","36","01","2020","2020025123","6","39.8706","-76.228","1426","08","0","0","0","0","0","1","0","0","","0","0","0","14","1","0","00","2","39 52:14.304","6","07","76 13:40.963","0","0","0","0","36208","0","0","0","N","0","0","0","2","68J01","0","","1","01","N","N","1","","0","0","0","3","3","Y","1415","0","2","0","0","0","0","0","1","0","2","N","","","","","","","","","","","1523","03","03","","",""
"1407","2","0","0","0","0","0","0","0","0","4","0","","36","03","2020","2020025329","1","40.0361","-76.3198","1354","08","0","0","0","0","0","1","0","0","","0","0","0","13","1","0","00","0","40 02:09.996","","07","76 19:11.413","0","0","0","0","36301","0","0","0","N","0","0","0","3","36301","0","","1","01","N","N","0","","0","0","0","0","0","","1354","0","2","0","0","0","0","0","3","0","2","N","","","","","","","","","","","","03","03","","N","N"
"1207","1","0","0","0","0","0","0","0","0","0","0","","36","03","2020","2020025384","4","40.1957","-76.2031","1159","08","0","0","0","0","0","1","0","0","","0","0","0","11","1","0","00","0","40 11:44.697","","00","76 12:11.305","0","0","0","0","36408","0","0","0","N","0","0","0","2","36408","0","","1","01","N","N","0","","0","0","1","0","0","","1156","0","2","0","0","0","0","0","2","0","2","N","","","","","","","","","","","","03","  ","","N","N"
"1233","2","0","0","0","0","0","0","0","0","4","0","","36","03","2020","2020025460","4","40.0752","-76.2972","1233","08","0","0","0","0","0","2","0","0","","0","0","0","12","1","1","02","1","40 04:30.591","5","00","76 17:49.962","8","0","0","0","36101","0","0","0","N","0","0","0","3","36101","0","","1","01","N","N","0","","0","0","0","3","3","N","1231","1","2","0","0","0","1","0","3","0","2","N","","","","","","","","","","","1317","03","  ","","",""
"0857","1","0","0","0","0","0","0","0","0","7","0","","36","03","2020","2020025461","3","40.0451","-76.413","0843","08","0","0","0","0","0","0","0","0","","0","0","0","08","1","0","00","0","40 02:42.350","","00","76 24:46.910","0","0","0","0","36239","0","0","0","N","0","0","0","1","36239","0","","5","09","N","N","0","","0","0","0","0","0","","0843","0","1","0","0","0","0","0","3","0","1","N","","","","","","","","","","","","07","04","","",""
"1752","1","0","0","0","0","0","0","0","0","7","0","","36","03","2020","2020025485","4","40.0173","-76.2771","1748","08","0","0","0","0","0","0","0","0","","0","0","0","17","1","0","00","2","40 01:02.124","6","00","76 16:37.712","0","0","0","0","36240","0","0","0","N","0","0","0","1","36240","0","","5","98","N","N","0","","0","0","0","0","0","Y","1738","0","1","0","0","0","0","0","1","0","1","N","","","","","","","","","","","2315","98","98","","",""
"2235","1","0","0","0","0","0","0","0","0","4","0","","36","03","2020","2020025566","4","40.0251","-76.3177","2232","08","0","0","1","0","0","0","0","0","","0","0","0","22","3","0","01","1","40 01:30.485","2","00","76 19:03.655","0","0","0","0","36301","0","0","0","N","0","0","0","3","36301","0","","1","01","N","N","0","","0","0","0","3","3","Y","2231","0","2","0","0","0","0","0","3","1","2","N","","","","","","","","","","","2334","03","03","","",""
"1101","1","0","0","0","0","0","0","0","0","4","0","","36","03","2020","2020025583","4","40.052","-76.3102","1051","08","0","0","0","0","0","0","2","0","","0","0","0","10","1","0","01","1","40 03:07.058","3","00","76 18:36.898","0","0","0","0","36301","0","0","0","N","0","0","0","2","36301","0","","1","01","N","N","1","","0","0","0","3","2","N","1047","0","2","0","0","0","0","0","3","0","2","N","","","","","","","","","","","1206","03","03","","",""
"0721","0","0","0","0","0","0","0","0","0","4","0","","36","03","2020","2020025599","5","39.9991","-76.244","0715","08","0","0","0","0","0","0","0","1","","0","0","0","07","5","1","01","0","39 59:56.657","","00","76 14:38.508","3","0","0","0","36240","0","0","0","N","0","0","0","6","36240","0","","1","09","Y","N","0","","1","0","1","3","2","N","0715","1","2","0","0","0","0","0","1","1","2","N","","","","","","","","","","","","07","  ","","",""
"2031","0","0","0","0","0","0","0","0","0","0","0","","36","03","2020","2020025762","2","40.0121","-76.4835","2031","08","0","0","0","0","0","0","0","0","","0","0","0","20","2","0","00","0","40 00:43.530","","00","76 29:00.556","0","0","0","0","36223","0","0","0","N","0","0","0","1","36223","0","","1","01","N","N","0","","0","0","1","0","0","","2000","0","1","0","0","0","0","0","1","0","1","N","","","","","","","","","","","","04","04","","",""
"1746","1","0","0","0","0","0","0","0","0","4","0","","36","03","2020","2020025763","3","39.998","-76.4731","1736","08","0","0","0","1","0","0","0","0","","0","0","0","17","1","4","02","2","39 59:52.867","5","00","76 28:23.201","3","0","0","0","36223","0","0","0","N","0","0","0","5","36223","0","","1","09","N","N","0","","4","0","1","3","3","U","1736","4","2","0","0","0","0","0","1","0","2","N","","","","","","","","","","","1850","03","03","","",""
"0406","1","0","0","0","0","0","0","0","0","4","0","","36","03","2020","2020025764","1","40.0119","-76.4834","0358","08","0","0","0","0","0","0","0","0","","0","0","0","03","2","0","00","0","40 00:43.009","","00","76 29:00.139","9","0","0","0","36223","0","0","0","N","0","0","0","1","36223","0","","2","01","N","N","0","","0","0","0","0","0","","0354","0","2","0","0","0","0","1","1","0","2","N","","","","","","","","","","","","03","  ","","",""
"1151","1","0","0","0","0","0","0","0","0","1","0","","36","03","2020","2020025765","4","40.0248","-76.3796","1149","08","0","0","0","0","1","0","1","0","","0","0","0","11","1","1","00","1","40 01:29.190","1","00","76 22:46.650","3","0","0","0","36223","0","0","0","N","0","0","0","3","36223","0","","1","01","N","N","1","","1","0","0","0","0","Y","1147","1","2","0","0","0","0","0","1","0","2","N","","","","","","","","","","","1242","03","03","","",""
"2006","1","0","0","0","0","0","0","0","0","4","0","","36","03","2020","2020025766","4","40.0371","-76.4128","1958","08","0","0","0","0","0","0","0","0","","0","0","0","19","2","0","01","0","40 02:13.582","","00","76 24:45.905","0","0","0","0","36223","0","0","0","N","0","0","0","3","36223","0","","1","01","N","N","0","","0","0","1","0","0","","1954","0","2","0","0","0","0","0","1","0","2","N","","","","","","","","","","","","03","  ","","",""
"2014","1","0","0","0","0","0","0","0","0","4","1","","36","03","2020","2020025767","3","40.1628","-76.3171","2011","08","0","0","0","0","0","0","1","0","","0","1","0","20","3","1","00","2","40 09:45.919","6","07","76 19:01.692","8","0","0","0","36409","0","0","0","N","0","0","0","2","36409","0","","1","01","N","N","0","","0","0","0","0","0","Y","2009","1","2","0","0","0","1","0","3","0","2","N","","","","","","","","","","","0100","03","  ","","",""
"1922","0","0","0","0","0","0","0","0","0","4","0","","36","02","2020","2020025768","4","40.1113","-76.4552","1914","08","0","1","0","0","0","1","0","0","","0","0","0","19","2","0","01","1","40 06:40.853","3","00","76 27:18.594","0","0","0","0","36230","0","0","0","N","0","0","0","2","36410","0","","1","09","N","N","1","","0","0","0","0","0","N","1914","0","2","0","0","0","0","0","1","1","2","N","","","","","","","","","","","1933","07","07","","",""
"0803","2","0","0","0","0","0","0","0","0","5","0","","36","02","2020","2020025769","2","40.1127","-76.4458","0750","08","0","0","0","0","0","1","1","0","","0","0","0","07","1","0","00","2","40 06:45.700","3","03","76 26:44.701","0","0","0","0","36230","0","0","0","N","0","0","0","2","36410","0","","1","01","N","N","0","","0","0","0","0","0","N","0749","0","2","0","0","0","0","0","1","0","2","N","","","","","","","","","","","0830","03","03","","N","N"
"1455","3","0","0","0","0","0","0","0","0","1","0","","36","02","2020","2020025770","3","40.1176","-76.4961","1448","08","0","0","3","0","0","0","0","0","","0","0","0","14","1","0","02","1","40 07:03.202","6","00","76 29:46.099","0","0","0","0","36230","0","0","0","N","0","0","0","3","36410","0","","1","09","N","N","0","","0","0","0","0","0","N","1440","0","3","0","0","0","0","0","1","0","3","N","","","","","","","","","","","1520","07","  ","","N",""
"1800","1","0","0","0","0","0","0","0","0","4","0","","36","02","2020","2020025771","6","40.1625","-76.3938","1758","08","0","1","0","0","0","0","0","0","","0","0","0","17","3","0","02","0","40 09:45.071","","00","76 23:37.561","0","0","0","0","36410","0","0","0","N","0","0","0","2","36410","0","","1","01","N","N","1","","0","0","0","0","0","","1756","0","2","0","0","0","0","0","2","0","2","N","","","","","","","","","","","","03","  ","","",""
"1212","0","0","0","0","0","0","1","0","0","4","1","","36","03","2020","2020025772","5","40.1441","-76.42","1203","08","0","0","0","0","1","1","0","0","","0","0","0","12","1","0","01","1","40 08:38.763","4","00","76 25:12.095","0","0","0","0","36230","0","0","0","N","0","0","0","3","36410","0","","1","01","Y","N","0","","0","0","1","3","2","N","1203","0","2","0","0","0","0","0","1","0","2","N","","","","","","","","","","","1230","03","03","","",""
"1548","0","0","0","0","0","0","0","0","0","4","0","","36","03","2020","2020025774","6","40.2185","-76.2553","1536","08","0","0","0","0","0","0","1","0","","0","0","0","15","1","1","02","0","40 13:06.498","","07","76 15:18.903","3","0","0","0","36204","0","0","0","N","0","0","0","2","36506","0","","4","09","N","N","0","","1","0","2","3","3","","1532","1","2","0","0","1","0","0","1","0","2","N","","","","","","","","","","","","07","  ","","N",""
"1947","2","0","0","0","0","0","0","0","0","4","0","","36","03","2020","2020025881","3","40.0408","-76.2935","1945","08","0","0","0","0","0","0","0","0","","0","0","0","19","3","0","01","1","40 02:26.970","2","00","76 17:36.562","0","0","0","0","36301","0","0","0","N","0","0","0","1","36301","0","","1","09","N","N","0","","0","0","0","3","3","N","1944","0","2","0","0","0","0","0","3","0","2","N","","","","","","","","","","","1955","07","04","","",""
"1512","0","0","0","0","0","0","0","0","0","0","0","","36","02","2020","2020025885","1","40.254","-76.0857","1504","08","0","0","0","0","0","0","0","0","","0","0","0","15","1","1","02","0","40 15:14.497","","00","76 05:08.370","3","0","0","1","36210","0","0","0","N","0","0","0","1","36210","0","","1","01","N","N","0","","1","0","0","0","0","","1500","1","1","0","0","0","0","0","1","0","1","N","","","","","","","","","","","","03","  ","","",""
"1046","0","0","0","0","0","0","0","0","0","1","0","","36","03","2020","2020025945","6","40.0505","-76.2571","1038","08","0","0","0","0","0","0","0","0","","0","0","0","10","1","1","00","1","40 03:01.787","3","00","76 15:25.523","3","0","0","0","36301","0","0","0","N","0","0","0","3","36301","0","","1","01","N","N","1","","1","0","1","0","0","N","1036","1","2","0","0","0","0","0","3","0","2","N","","","","","","","","","","","1100","03","03","","N","N"
"1557","0","0","0","0","0","0","0","0","0","98","0","","36","03","2020","2020026058","3","40.0786","-76.2809","1547","08","0","0","0","0","0","0","0","0","","0","0","0","15","1","0","00","0","40 04:43.114","","00","76 16:51.250","0","0","0","0","36101","0","0","0","N","0","0","0","1","36101","0","","1","01","N","N","0","","0","0","1","0","0","","1543","0","1","0","0","1","0","0","3","0","1","N","","","","","","","","","","","","04","  ","","",""
"0715","2","0","0","0","0","0","0","0","0","1","0","","36","03","2020","2020026059","2","40.0839","-76.4089","0713","08","0","1","0","0","0","1","0","0","","0","0","0","07","1","0","00","0","40 05:02.154","","00","76 24:32.073","0","0","0","0","36214","0","0","0","N","0","0","0","2","36214","0","","1","01","N","N","0","","0","0","0","0","0","","0710","0","2","0","0","0","0","0","3","0","2","N","","","","","","","","","","","","03","03","","N","N"
"1416","0","0","0","0","0","0","0","0","0","7","0","","36","01","2020","2020026060","3","40.0895","-76.1775","1405","08","0","0","0","0","0","1","0","0","","0","0","0","14","1","1","00","1","40 05:22.069","3","00","76 10:38.921","3","0","0","0","36234","0","0","0","N","0","0","0","1","36215","0","","5","01","N","N","0","","1","0","1","0","0","N","1403","1","1","0","0","0","0","0","1","0","1","N","","","","","","","","","","","1500","04","  ","","",""
"1436","0","0","0","0","0","0","0","0","0","1","1","","36","03","2020","2020026061","4","40.024","-76.2006","1431","08","0","0","0","0","0","0","0","0","","0","1","0","14","1","0","00","1","40 01:26.326","3","07","76 12:02.122","0","0","0","0","36215","0","0","0","N","0","0","0","2","36215","0","","1","01","N","N","0","","0","0","1","3","2","N","1430","0","2","0","0","0","0","0","1","0","2","N","","","","","","","","","","","1500","04","  ","","",""
"1048","1","0","0","0","0","0","0","0","0","4","0","","36","03","2020","2020026062","7","40.0375","-76.266","1040","08","0","0","0","0","1","0","0","1","","0","0","0","10","1","2","00","1","40 02:14.823","3","00","76 15:57.562","3","0","0","0","36215","0","0","0","N","0","0","0","2","36215","0","","1","01","N","N","0","","2","0","1","0","0","N","1040","2","2","0","0","0","0","0","1","0","2","N","","","","","","","","","","","1130","03","03","","",""
"1544","1","0","0","0","0","0","0","0","0","4","0","","36","03","2020","2020026063","3","40.0555","-76.2686","1544","08","0","0","0","0","0","0","0","0","","0","0","0","15","1","0","02","1","40 03:19.758","4","00","76 16:06.963","0","0","0","0","36215","0","0","0","N","0","0","0","5","36215","0","","7","01","N","N","0","","0","0","0","0","0","N","1544","0","1","0","0","0","0","0","1","0","1","N","","","","","","","","","","","1631","03","  ","","",""
"0807","1","0","0","0","0","0","0","0","0","7","0","","36","02","2020","2020026104","7","40.0357","-76.0269","0746","08","0","0","1","0","0","0","0","0","","0","0","0","07","2","0","00","0","40 02:08.587","","00","76 01:36.898","0","0","0","0","36232","0","0","0","N","0","0","0","1","68J01","0","","4","02","N","N","0","","0","0","0","0","0","","0734","0","1","0","0","0","0","0","1","0","1","N","","","","","","","","","","","","05","06","","",""
"0918","0","0","0","0","0","0","0","0","0","7","0","","36","02","2020","2020026116","4","40.0047","-76.0369","0902","08","0","0","0","0","0","0","0","0","","0","0","0","09","1","0","00","1","40 00:16.806","2","00","76 02:12.800","0","0","0","0","36232","0","0","0","N","0","0","0","1","68J01","0","","4","01","N","N","0","","0","0","1","0","0","N","0900","0","1","0","0","0","0","0","1","0","1","N","","","","","","","","","","","0945","03","03","","N","N"
"0530","0","0","0","0","0","0","0","0","0","7","0","","36","02","2020","2020026117","1","39.8599","-76.2684","0501","08","0","0","0","0","0","0","0","0","","0","0","0","05","2","0","00","0","39 51:35.667","","00","76 16:06.182","0","0","0","0","36224","0","0","0","N","0","0","0","1","68J01","0","","5","01","N","N","1","","0","0","0","0","0","","0501","0","1","0","0","1","0","0","1","0","1","N","","","","","","","","","","","","03","03","","N","N"
"2009","0","0","0","0","0","0","0","0","0","7","0","","36","02","2020","2020026120","2","39.9278","-76.1638","2001","08","0","0","0","0","0","0","0","0","","0","0","0","19","2","1","00","2","39 55:40.200","6","00","76 09:49.800","3","0","0","0","36216","0","0","0","N","0","0","0","1","68J01","0","","2","01","N","N","0","","1","0","1","0","0","Y","1959","1","1","0","0","1","0","0","1","0","1","N","","","","","","","","","","","2154","03","  ","","N","Y"
"1716","2","0","0","0","0","0","0","0","0","2","0","","36","02","2020","2020026121","4","39.7745","-76.1791","1700","08","0","0","0","0","0","1","0","0","","0","0","0","16","1","0","00","2","39 46:28.202","5","00","76 10:44.887","0","0","0","0","36219","0","0","0","N","0","0","0","2","68J01","0","","1","01","N","N","0","","0","0","0","0","0","Y","1645","0","3","0","0","0","0","0","1","0","2","N","","","","","","","","","","","1715","03","  ","","",""
"1702","1","0","0","0","0","0","0","0","0","7","0","","36","02","2020","2020026125","7","40.002","-76.0897","1701","08","0","0","0","0","0","0","0","0","","0","0","0","16","1","0","00","1","40 00:07.291","4","00","76 05:22.778","0","0","0","0","36226","0","0","0","N","0","0","0","2","68J01","0","","4","01","N","N","0","","0","0","0","0","0","N","1659","0","1","0","0","0","0","0","1","0","1","N","","","","","","","","","","","1720","03","  ","","",""
"0811","1","0","0","0","0","0","0","0","0","4","0","","36","03","2020","2020026126","2","40.0007","-76.0793","0759","08","0","0","0","0","0","0","0","0","","0","0","0","07","1","0","03","0","40 00:02.517","","00","76 04:45.301","0","0","0","0","36226","0","0","0","N","0","0","0","2","68J01","0","","1","01","N","N","0","","0","0","0","0","0","","0755","0","2","0","0","0","0","0","1","1","2","N","","","","","","","","","","","","03","03","","N","N"
"1131","1","0","0","0","0","0","0","0","0","7","0","","36","03","2020","2020026149","3","39.9689","-76.1465","1116","08","0","0","0","0","0","0","0","0","","0","0","0","11","1","1","00","0","39 58:07.940","","00","76 08:47.340","3","0","0","0","36233","0","0","0","N","0","0","0","1","68J01","0","","4","09","N","N","0","","1","0","0","0","0","","1111","1","1","0","0","0","0","0","1","0","1","N","","","","","","","","","","","","04","  ","","",""
"0350","0","0","0","0","0","0","0","0","0","98","0","","36","03","2020","2020026208","4","40.0822","-76.0338","0342","08","0","0","0","0","0","0","0","0","","0","0","0","03","2","0","00","1","40 04:55.849","2","00","76 02:01.675","0","0","0","0","36213","0","0","0","N","0","0","0","1","36213","0","","1","01","N","N","0","","0","0","1","0","0","N","0336","0","1","0","0","0","0","0","1","0","1","N","","","","","","","","","","","0435","03","  ","","",""
"1607","1","0","0","0","0","0","0","0","0","4","0","","36","03","2020","2020026238","6","40.0687","-76.3429","1558","08","0","0","0","0","0","2","0","0","","0","0","0","15","1","0","01","0","40 04:07.251","","00","76 20:34.310","0","0","0","0","36301","0","0","0","N","0","0","0","3","36301","0","","1","01","N","N","1","","0","0","0","3","2","","1554","0","2","0","0","2","0","0","3","0","2","N","","","","","","","","","","","","03","  ","","",""
"1317","1","0","0","0","0","0","0","0","0","7","0","","36","03","2020","2020026361","2","40.0496","-76.2828","1308","08","0","1","0","0","0","0","0","0","","0","0","0","12","1","0","00","0","40 02:58.560","","00","76 16:58.090","0","0","0","0","36101","0","0","0","N","0","0","0","1","36101","0","","2","01","N","Y","0","","0","0","0","0","0","","1258","0","1","0","0","0","0","0","3","0","1","N","","","","","","","","","","","","03","  ","","",""
"1134","1","0","0","0","0","0","0","0","0","0","0","","36","03","2020","2020026362","6","40.0714","-76.287","1132","08","0","0","0","0","0","0","0","0","","0","0","0","11","1","0","00","0","40 04:17.219","","00","76 17:13.127","0","0","0","0","36101","0","0","0","N","0","0","0","1","36101","0","","2","01","N","N","0","","0","0","0","0","0","","1130","0","1","0","0","0","0","0","3","0","1","N","","","","","","","","","","","","03","  ","","",""
"0820","1","0","0","0","0","0","0","0","0","7","0","","36","03","2020","2020026363","6","40.0451","-76.4135","0818","08","0","0","0","0","0","0","0","1","","0","0","0","08","1","0","00","0","40 02:42.420","","00","76 24:48.750","0","0","0","0","36239","0","0","0","N","0","0","0","1","36239","0","","5","09","N","N","0","","0","0","0","0","0","","0815","0","1","0","0","0","0","0","3","0","1","N","","","","","","","","","","","","07","04","","",""
"1323","0","0","0","0","0","0","0","0","0","7","0","","36","02","2020","2020026370","3","40.0297","-76.493","1321","08","0","0","0","0","0","0","0","0","","0","0","0","13","1","1","03","2","40 01:46.844","3","00","76 29:34.958","2","0","0","0","36404","0","0","0","N","0","0","0","1","36404","0","","2","01","N","N","0","","0","1","1","3","3","Y","1318","1","1","0","1","1","0","0","3","0","1","N","","","","","","","","","","","1500","03","  ","","N","N"
"1504","1","0","0","0","0","0","0","0","0","7","0","","36","02","2020","2020026496","3","40.0897","-76.5731","1458","08","0","1","0","0","0","0","0","0","","0","0","0","14","1","3","00","2","40 05:22.900","6","00","76 34:23.300","8","0","0","0","36211","0","0","0","N","0","0","0","3","36504","0","","4","01","N","N","0","","0","0","0","0","0","Y","1456","3","1","0","0","2","3","0","1","0","1","N","","","","","","","","","","","1700","04","  ","","N","N"
"1050","2","0","0","0","0","0","0","0","0","1","0","","36","03","2020","2020026532","2","40.0395","-76.306","1048","08","0","0","0","0","0","0","1","1","","0","0","0","10","1","0","00","1","40 02:22.311","4","00","76 18:21.631","0","0","0","0","36301","0","0","0","N","0","0","0","2","36301","0","","1","01","N","N","0","","0","0","0","0","0","N","1048","0","2","0","0","0","0","0","3","0","2","N","","","","","","","","","","","1110","03","03","","",""
"2123","1","0","0","0","0","0","0","0","0","1","0","","36","03","2020","2020026567","6","40.088","-76.3184","2116","08","0","0","0","0","0","0","0","0","","0","0","0","21","3","1","00","0","40 05:16.620","","00","76 19:06.260","4","0","0","0","36101","0","0","0","N","0","0","0","1","36101","1","","1","01","N","N","0","","0","0","0","0","0","","2115","1","2","0","0","0","0","0","3","1","2","N","","","","","","","","","","","","03","03","","N","N"
"1924","0","0","0","0","0","0","0","0","0","2","0","","36","03","2020","2020026568","7","40.0392","-76.4285","1921","08","0","0","0","0","0","1","0","0","","0","0","0","19","3","2","01","2","40 02:21.024","6","00","76 25:42.584","2","0","0","0","36414","0","0","0","N","0","0","0","4","36239","1","","1","01","N","N","0","","0","1","1","3","2","Y","1921","2","2","0","0","0","0","0","3","1","2","N","","","","","","","","","","","2013","03","03","","N",""
"1855","2","0","0","0","0","0","0","0","0","4","0","","36","03","2020","2020026570","6","40.0317","-76.477","1848","08","0","0","0","0","0","0","1","0","","0","0","0","18","1","0","00","1","40 01:54.248","6","07","76 28:37.273","0","0","0","0","36239","0","0","0","N","0","0","0","2","36239","0","","1","01","N","N","0","","0","0","0","3","2","N","1845","0","2","0","0","0","0","0","3","0","2","N","","","","","","","","","","","1939","03","03","","N","N"
"2045","0","0","0","0","0","0","0","0","0","7","0","","36","03","2020","2020026571","7","40.0598","-76.4984","2043","08","0","0","0","0","0","0","0","0","","0","0","0","20","2","0","00","2","40 03:35.355","5","00","76 29:54.192","0","0","0","0","36239","0","0","0","N","0","0","0","0","36239","0","","5","01","N","N","1","","0","0","0","0","0","Y","2030","0","1","0","0","0","0","0","3","0","1","N","","","","","","","","","","","2145","03","03","","",""
"1627","0","0","0","0","0","0","0","0","0","4","0","","36","03","2020","2020026626","6","40.1068","-76.5082","1622","08","0","0","0","0","0","0","0","0","","0","0","0","16","1","0","03","0","40 06:24.534","","00","76 30:29.390","0","0","0","0","36413","0","0","0","N","0","0","0","2","36413","0","","1","01","N","N","1","","0","0","1","0","0","","1622","0","2","0","0","0","0","0","2","0","2","N","","","","","","","","","","","","03","  ","","N","N"