"ARRIVAL_TM","AUTOMOBILE_COUNT","BELTED_DEATH_COUNT","BELTED_SUSP_SERIOUS_INJ_COUNT","BICYCLE_COUNT","BICYCLE_DEATH_COUNT","BICYCLE_SUSP_SERIOUS_INJ_COUNT","BUS_COUNT","CHLDPAS_DEATH_COUNT","CHLDPAS_SUSP_SERIOUS_INJ_COUNT","COLLISION_TYPE","COMM_VEH_COUNT","CONS_ZONE_SPD_LIM","COUNTY","CRASH_MONTH","CRASH_YEAR","CRN","DAY_OF_WEEK","DEC_LAT","DEC_LONG","DISPATCH_TM","DISTRICT","DRIVER_COUNT_16YR","DRIVER_COUNT_17YR","DRIVER_COUNT_18YR","DRIVER_COUNT_19YR","DRIVER_COUNT_20YR","DRIVER_COUNT_50_64YR","DRIVER_COUNT_65_74YR","DRIVER_COUNT_75PLUS","EST_HRS_CLOSED","FATAL_COUNT","HEAVY_TRUCK_COUNT","HORSE_BUGGY_COUNT","HOUR_OF_DAY","ILLUMINATION","INJURY_COUNT","INTERSECT_TYPE","LANE_CLOSED","LATITUDE","LN_CLOSE_DIR","LOCATION_TYPE","LONGITUDE","MAX_SEVERITY_LEVEL","MCYCLE_DEATH_COUNT","MCYCLE_SUSP_SERIOUS_INJ_COUNT","MOTORCYCLE_COUNT","MUNICIPALITY","NONMOTR_COUNT","NONMOTR_DEATH_COUNT","NONMOTR_SUSP_SERIOUS_INJ_COUNT","NTFY_HIWY_MAINT","PED_COUNT","PED_DEATH_COUNT","PED_SUSP_SERIOUS_INJ_COUNT","PERSON_COUNT","POLICE_AGCY","POSSIBLE_INJ_COUNT","RDWY_SURF_TYPE_CD","RELATION_TO_ROAD","ROAD_CONDITION","SCH_BUS_IND","SCH_ZONE_IND","SMALL_TRUCK_COUNT","SPEC_JURIS_CD","SUSP_MINOR_INJ_COUNT","SUSP_SERIOUS_INJ_COUNT","SUV_COUNT","TCD_FUNC_CD","TCD_TYPE","TFC_DETOUR_IND","TIME_OF_DAY","TOT_INJ_COUNT","TOTAL_UNITS","UNB_DEATH_COUNT","UNB_SUSP_SERIOUS_INJ_COUNT","UNBELTED_OCC_COUNT","UNK_INJ_DEG_COUNT","UNK_INJ_PER_COUNT","URBAN_RURAL","VAN_COUNT","VEHICLE_COUNT","WORK_ZONE_IND","WORK_ZONE_LOC","WORK_ZONE_TYPE","WORKERS_PRES","WZ_CLOSE_DETOUR","WZ_FLAGGER","WZ_LAW_OFFCR_IND","WZ_LN_CLOSURE","WZ_MOVING","WZ_OTHER","WZ_SHLDER_MDN","ROADWAY_CLEARED","WEATHER1","WEATHER2","WZ_WORKERS_INJ_KILLED","SECONDARY_CRASH","INTERSECTION_RELATED"
"2356","4","0","0","0","0","0","0","0","0","5","0","","36","03","2020","2020026629","3","40.0499","-76.3079","2356","08","0","0","0","0","0","0","0","0","","0","0","0","23","3","1","01","2","40 02:59.590","1","00","76 18:28.582","4","0","0","0","36301","0","0","0","N","0","0","0","1","36301","1","","1","01","N","N","0","","0","0","1","3","2","Y","2356","1","5","0","0","0","0","0","3","0","5","N","","","","","","","","","","","0102","03","03","","",""
"1405","1","0","0","0","0","0","0","0","0","4","0","","36","03","2020","2020026686","3","40.0332","-76.3048","1403","08","0","0","0","0","0","1","0","0","","0","0","0","14","1","0","00","0","40 01:59.694","","00","76 18:17.338","0","0","0","0","36301","0","0","0","N","0","0","0","2","36301","0","","1","01","N","N","1","","0","0","0","3","3","","1403","0","2","0","0","0","0","0","3","0","2","N","","","","","","","","","","","","03","03","","",""
"0821","1","0","0","0","0","0","0","0","0","7","0","","36","03","2020","2020026709","2","39.9934","-76.2867","0816","08","0","0","0","0","0","0","0","0","","0","0","0","08","1","0","00","0","39 59:36.337","","07","76 17:12.232","0","0","0","0","36240","0","0","0","N","0","0","0","1","36240","0","","6","01","N","N","0","","0","0","0","0","0","","0816","0","1","0","0","0","0","0","1","0","1","N","","","","","","","","","","","","03","03","","",""
"1543","0","0","0","0","0","0","0","0","0","7","0","","36","03","2020","2020026721","5","40.2353","-76.1409","1535","08","0","0","0","0","0","1","0","0","","0","0","0","15","1","0","00","0","40 14:06.930","","00","76 08:27.211","0","0","0","0","36405","0","0","0","N","0","0","0","1","36210","0","","4","01","N","N","0","","0","0","1","0","0","","1530","0","1","0","0","0","0","0","1","0","1","N","","","","","","","","","","","","03","  ","","",""
"1048","1","0","0","0","0","0","0","0","0","4","0","","36","03","2020","2020026751","2","40.0432","-76.3182","1048","08","0","0","0","0","0","1","0","0","","0","0","0","10","1","0","01","0","40 02:35.469","","00","76 19:05.620","0","0","0","0","36301","0","0","0","N","0","0","0","2","36301","0","","1","01","N","N","0","","0","0","1","0","0","","1046","0","2","0","0","0","0","0","3","0","2","N","","","","","","","","","","","","03","  ","","",""
"1730","2","0","0","0","0","0","0","0","0","1","0","","36","03","2020","2020026763","3","40.0808","-76.3489","1730","08","0","0","0","0","0","2","0","0","","0","0","0","16","1","0","00","0","40 04:50.962","","00","76 20:56.176","0","0","0","0","36101","0","0","0","N","0","0","0","3","36101","0","","1","01","N","N","0","","0","0","0","0","0","","1630","0","3","0","0","0","0","0","3","1","3","N","","","","","","","","","","","","04","  ","","N","N"
"2205","1","0","0","0","0","0","0","0","0","4","0","","36","03","2020","2020026764","7","40.0189","-76.306","2159","08","0","0","0","0","1","0","1","0","","0","0","0","21","3","1","00","1","40 01:08.102","1","00","76 18:21.634","4","0","0","0","36220","0","0","0","N","0","0","0","2","36101","1","","1","01","N","N","0","","0","0","1","0","0","N","2153","1","2","0","0","0","0","0","3","0","2","N","","","","","","","","","","","2230","03","  ","","",""
"1404","0","0","0","0","0","0","0","0","0","7","0","","36","01","2020","2020026765","2","40.0391","-76.2658","1358","08","0","0","0","0","0","0","0","0","","0","0","0","13","1","1","00","0","40 02:20.693","","00","76 15:56.904","3","0","0","0","36215","0","0","0","N","0","0","0","1","36215","0","","4","01","N","N","0","","1","0","1","0","0","","1355","1","1","0","0","0","0","0","1","0","1","N","","","","","","","","","","","","04","  ","","",""
"1603","2","0","0","0","0","0","0","0","0","4","0","","36","03","2020","2020026766","1","40.0945","-76.2155","1552","08","0","1","0","0","0","1","0","0","","0","0","0","15","1","0","01","2","40 05:40.302","1","00","76 12:55.752","0","0","0","0","36234","0","0","0","N","0","0","0","2","36215","0","","1","01","N","N","0","","0","0","0","3","3","N","1552","0","2","0","0","0","0","0","1","0","2","N","","","","","","","","","","","1705","03","03","","N",""
"0548","2","0","0","0","0","0","0","0","0","4","0","","36","03","2020","2020026767","4","40.0315","-76.2382","0545","08","0","0","0","0","0","2","0","0","","0","0","0","05","3","0","01","1","40 01:50.868","4","00","76 14:03.471","0","0","0","0","36215","0","0","0","N","0","0","0","2","36215","0","","1","01","N","N","0","","0","0","0","3","2","N","0543","0","2","0","0","0","0","0","1","0","2","N","","","","","","","","","","","0630","03","  ","","",""
"1427","1","0","0","0","0","0","0","0","0","4","0","","36","03","2020","2020026769","5","40.0397","-76.3643","1423","08","0","0","0","0","0","0","1","1","","0","1","0","14","1","1","01","1","40 02:22.764","4","00","76 21:51.574","3","0","0","0","36223","0","0","0","N","0","0","0","2","36223","0","","1","01","N","N","0","","1","0","0","3","2","Y","1412","1","2","0","0","0","0","0","1","0","2","N","","","","","","","","","","","1500","04","  ","","N",""
"1019","1","0","0","0","0","0","0","0","0","7","0","","36","03","2020","2020026770","1","40.047","-76.4395","1013","08","0","0","0","0","0","0","0","0","","0","0","0","10","1","1","00","1","40 02:49.356","5","00","76 26:22.167","3","0","0","0","36239","0","0","0","N","0","0","0","1","36239","0","","2","01","N","N","0","","1","0","1","0","0","Y","1013","1","2","0","0","1","0","0","3","0","2","N","","","","","","","","","","","1046","03","  ","","N","N"
"2242","0","0","0","0","0","0","0","0","0","4","0","","36","03","2020","2020026771","6","40.0895","-76.3442","2230","08","0","0","0","0","0","0","0","0","","0","0","0","22","2","0","00","9","40 05:22.310","","00","76 20:39.120","0","0","0","0","36406","0","0","0","N","0","0","0","3","36506","0","","1","01","N","N","0","","0","0","2","0","0","","2230","0","2","0","0","0","0","0","3","0","2","N","","","","","","","","","","","","03","03","","N","N"
"0638","1","0","0","0","0","0","0","0","0","2","0","","36","03","2020","2020026865","5","40.1","-76.3541","0632","08","0","0","0","0","0","1","0","0","","0","0","0","06","3","0","01","1","40 06:00.025","4","00","76 21:14.898","0","0","0","0","36406","0","0","0","N","0","0","0","2","36506","0","","1","09","N","N","1","","0","0","0","3","2","Y","0630","0","2","0","0","0","0","0","3","0","2","N","","","","","","","","","","","0030","07","07","","",""
"1941","2","0","0","0","0","0","0","0","0","1","0","","36","03","2020","2020027144","2","40.1273","-76.5611","1937","08","0","0","0","0","0","0","0","0","","0","0","0","19","3","0","01","0","40 07:38.239","","00","76 33:39.968","0","0","0","0","36237","0","0","0","N","0","0","0","2","36505","0","","1","01","N","N","0","","0","0","0","3","3","","1935","0","2","0","0","0","0","0","1","0","2","N","","","","","","","","","","","","03","03","","",""
"1829","1","0","0","0","0","0","0","0","0","1","0","","36","03","2020","2020027154","5","40.1748","-76.1946","1823","08","0","0","0","1","0","0","0","0","","0","0","0","18","1","0","00","0","40 10:29.272","","00","76 11:40.680","0","0","0","0","36408","0","0","0","N","0","0","0","2","36408","0","","1","01","N","N","0","","0","0","1","0","0","","1820","0","2","0","0","0","0","0","2","0","2","N","","","","","","","","","","","","03","  ","","",""
"1413","1","0","0","0","0","0","0","0","0","1","0","","36","03","2020","2020027190","3","40.0326","-76.3246","1411","08","0","0","0","0","0","0","1","0","","0","0","0","14","1","1","00","0","40 01:57.240","","00","76 19:28.570","3","0","0","0","36220","0","0","0","N","0","0","0","2","36101","0","","1","09","N","N","0","","1","0","1","0","0","","1406","1","2","0","0","0","0","0","3","0","2","N","","","","","","","","","","","","07","07","","N","N"
"0739","3","0","0","0","0","0","0","0","0","1","0","","36","03","2020","2020027191","4","40.008","-76.3418","0733","08","0","0","1","0","0","0","0","0","","0","0","0","07","1","0","00","0","40 00:28.752","","00","76 20:30.418","0","0","0","0","36220","0","0","0","N","0","0","0","3","36101","0","","1","01","N","N","0","","0","0","0","3","2","","0732","0","3","0","0","0","0","0","3","0","3","N","","","","","","","","","","","","03","  ","","",""
"1619","1","0","0","0","0","0","0","0","0","1","0","","36","03","2020","2020027192","4","40.0542","-76.3063","1615","08","0","0","0","0","0","0","0","0","","0","0","0","16","1","0","00","1","40 03:15.080","1","03","76 18:22.726","0","0","0","0","36101","0","0","0","N","0","0","0","3","36101","0","","1","01","N","N","0","","0","0","1","0","0","N","1611","0","2","0","0","0","0","0","3","0","2","N","","","","","","","","","","","1719","03","  ","","",""
"0902","0","0","0","1","0","0","0","0","0","4","0","","36","03","2020","2020027193","6","40.0695","-76.3311","0853","08","0","0","0","0","0","1","0","0","","0","0","0","08","1","1","01","0","40 04:10.251","","00","76 19:52.060","3","0","0","0","36101","1","0","0","N","0","0","0","2","36101","0","","1","01","N","N","0","","1","0","1","3","2","","0850","1","2","0","0","0","0","0","3","0","1","N","","","","","","","","","","","","03","  ","","N",""
"1520","1","0","0","0","0","0","0","0","0","7","0","","36","03","2020","2020027194","6","40.1061","-76.4299","1514","08","0","0","0","0","0","0","0","0","","0","0","0","15","1","0","00","1","40 06:21.868","3","00","76 25:47.757","0","0","0","0","36214","0","0","0","N","0","0","0","1","36214","0","","3","01","N","N","0","","0","0","0","0","0","N","1514","0","1","0","0","0","0","0","3","0","1","N","","","","","","","","","","","1545","03","  ","","N","N"
"0745","1","0","0","0","0","0","0","0","0","1","0","","36","03","2020","2020027195","4","40.0519","-76.3965","0739","08","0","1","0","0","0","1","0","0","","0","0","0","07","1","0","00","1","40 03:06.815","3","00","76 23:47.445","0","0","0","0","36214","0","0","0","N","0","0","0","4","36214","0","","1","01","N","N","0","","0","0","1","0","0","N","0738","0","3","0","0","0","0","0","3","1","3","N","","","","","","","","","","","0825","03","03","","N","N"
"0807","2","0","0","0","0","0","0","0","0","4","0","","36","03","2020","2020027196","2","40.1233","-76.3753","0757","08","0","0","0","0","0","1","0","0","","0","0","0","07","1","0","01","0","40 07:23.702","","00","76 22:31.147","0","0","0","0","36214","0","0","0","N","0","0","0","2","36214","0","","1","01","N","N","0","","0","0","0","3","3","","0754","0","2","0","0","0","0","0","3","0","2","N","","","","","","","","","","","","03","03","","N",""
"0354","0","0","0","0","0","0","0","0","0","7","0","","36","03","2020","2020027197","6","40.0496","-76.227","0350","08","0","0","0","0","0","0","0","0","","0","0","0","03","2","0","00","2","40 02:58.730","5","00","76 13:37.276","0","0","0","0","36215","0","0","0","N","0","0","0","1","36215","0","","2","09","N","N","0","","0","0","1","0","0","Y","0348","0","1","0","0","0","0","0","1","0","1","N","","","","","","","","","","","0426","07","  ","","N","N"
"0508","0","0","0","0","0","0","0","0","0","7","0","","36","03","2020","2020027198","6","40.0169","-76.4546","0458","08","0","0","0","0","0","0","0","0","","0","0","0","04","2","1","01","1","40 01:00.892","6","00","76 27:16.380","3","0","0","0","36223","0","0","0","N","0","0","0","1","36223","0","","5","01","N","N","0","","1","0","1","0","0","N","0455","1","1","0","0","0","0","0","1","0","1","N","","","","","","","","","","","0544","04","  ","","",""
"0753","1","0","0","0","0","0","0","0","0","1","0","","36","03","2020","2020027199","5","40.1271","-76.0733","0742","08","0","0","0","1","0","0","0","0","","0","0","0","07","1","0","02","0","40 07:37.575","","00","76 04:24.021","0","0","0","0","36209","0","0","0","N","0","0","0","2","36415","0","","1","09","N","N","0","","0","0","1","0","0","","0738","0","2","0","0","0","0","0","1","0","2","N","","","","","","","","","","","","07","07","","N",""
"1925","2","0","0","0","0","0","0","0","0","5","0","","36","03","2020","2020027200","7","40.1034","-76.0982","1922","08","1","0","0","0","0","0","0","0","","0","0","0","19","4","0","00","0","40 06:12.150","","00","76 05:53.620","0","0","0","0","36415","0","0","0","N","0","0","0","1","36415","0","","2","01","N","N","0","","0","0","0","0","0","","1922","0","2","0","0","0","0","0","1","0","2","N","","","","","","","","","","","","03","03","","",""
"1550","1","0","0","0","0","0","0","0","0","7","0","","36","03","2020","2020027267","1","40.227","-76.1113","1544","08","0","0","1","0","0","0","0","0","","0","0","0","15","1","0","00","0","40 13:37.272","","00","76 06:40.825","0","0","0","0","36210","0","0","0","N","0","0","0","1","68T06","0","","3","01","N","N","0","","0","0","0","0","0","","1544","0","1","0","0","0","0","0","1","0","1","N","","","","","","","","","","","","03","03","","N","N"
"1420","0","0","0","0","0","0","0","0","0","7","0","","36","03","2020","2020027558","6","40.068","-76.2981","1414","08","0","0","0","0","0","0","0","0","","0","0","0","14","1","0","00","1","40 04:04.950","4","00","76 17:53.151","0","0","0","0","36101","0","0","0","N","0","0","0","0","36101","0","","2","09","N","N","0","","0","0","1","0","0","N","1411","0","1","0","0","0","0","0","3","0","1","N","","","","","","","","","","","0200","03","03","","",""
"1120","2","0","2","0","0","0","0","0","0","2","0","","36","03","2020","2020027559","4","40.0986","-76.3052","1117","08","0","0","1","0","0","0","0","1","","0","0","0","11","1","2","00","2","40 05:55.070","5","00","76 18:18.828","2","0","0","0","36101","0","0","0","N","0","0","0","2","36101","0","","1","01","N","N","0","","0","2","0","0","0","Y","1115","2","2","0","0","0","0","0","3","0","2","N","","","","","","","","","","","1235","03","  ","","",""
"1800","1","0","0","0","0","0","0","0","0","1","1","","36","03","2020","2020027560","4","40.0751","-76.2858","1753","08","0","0","0","0","1","0","0","0","","0","1","0","17","4","1","00","0","40 04:30.269","","00","76 17:08.790","3","0","0","0","36101","0","0","0","N","0","0","0","4","36101","0","","1","09","N","N","0","","1","0","0","0","0","","1752","1","2","0","0","0","0","0","3","0","2","N","","","","","","","","","","","","04","03","","",""
"1126","1","0","0","0","0","0","0","0","0","4","0","","36","03","2020","2020027561","5","40.0776","-76.3269","1122","08","0","0","0","0","0","0","2","0","","0","0","0","11","1","0","01","1","40 04:39.181","2","00","76 19:36.857","0","0","0","0","36101","0","0","0","N","0","0","0","3","36101","0","","1","01","N","N","0","","0","0","1","3","2","N","1118","0","2","0","0","0","0","0","3","0","2","N","","","","","","","","","","","1217","03","  ","","",""
"0736","2","0","0","0","0","0","0","0","0","7","0","","36","03","2020","2020027562","4","40.1015","-76.3054","0733","08","0","0","0","0","0","0","0","0","","0","0","0","07","1","1","00","2","40 06:05.398","7","00","76 18:19.345","3","0","0","0","36101","0","0","0","N","0","0","0","2","36101","0","","5","01","N","N","0","","1","0","0","0","0","Y","0731","1","2","0","0","0","0","0","3","0","2","N","","","","","","","","","","","0801","03","  ","","N","N"
"1121","0","0","0","0","0","0","0","0","0","7","0","","36","03","2020","2020027563","6","40.0475","-76.3629","1116","08","0","0","0","0","0","1","0","0","","0","0","0","11","1","0","02","0","40 02:50.996","","00","76 21:46.341","0","0","0","0","36214","0","0","0","N","0","0","0","1","36214","0","","2","01","N","N","0","","0","0","0","3","2","","1115","0","1","0","0","0","0","0","3","1","1","N","","","","","","","","","","","","03","03","","N","N"
"1430","0","0","0","0","0","0","0","0","0","1","1","","36","03","2020","2020027564","6","40.0907","-76.3843","1421","08","0","0","0","0","0","0","0","0","","0","1","0","14","1","0","00","0","40 05:26.427","","00","76 23:03.486","0","0","0","0","36214","0","0","0","N","0","0","0","3","36214","0","","1","01","N","N","0","","0","0","1","3","8","","1415","0","2","0","0","0","0","0","3","0","2","N","","","","","","","","","","","","03","03","","",""
"1230","1","0","0","0","0","0","0","0","0","7","0","","36","03","2020","2020027565","1","40.0861","-76.3912","1222","08","0","0","0","0","1","0","0","0","","0","0","0","12","1","0","00","0","40 05:10.046","","00","76 23:28.380","0","0","0","0","36214","0","0","0","N","0","0","0","2","36214","0","","2","01","N","N","0","","0","0","0","0","0","","1215","0","1","0","0","0","0","0","3","0","1","N","","","","","","","","","","","","03","03","","N","N"
"2051","1","0","0","0","0","0","0","0","0","2","0","","36","03","2020","2020027674","4","40.1656","-76.1841","2047","08","0","0","0","2","0","0","0","0","","0","0","0","20","2","2","00","1","40 09:56.200","3","00","76 11:02.600","2","0","1","1","36218","0","0","0","N","0","0","0","4","36408","1","","1","09","N","N","0","","0","1","0","0","0","N","2045","2","2","0","0","0","0","0","1","0","2","N","","","","","","","","","","","2115","07","  ","","N","N"
"1515","1","0","0","0","0","0","0","0","0","7","0","","36","03","2020","2020027689","1","40.1727","-76.1713","1512","08","0","0","0","0","0","1","0","0","","0","0","0","13","1","0","00","2","40 10:21.588","6","00","76 10:16.747","0","0","0","0","36408","0","0","0","N","0","0","0","1","36408","0","","5","01","N","N","0","","0","0","0","0","0","N","1338","0","1","0","0","0","0","0","2","0","1","N","","","","","","","","","","","1512","03","  ","","",""
"1210","0","0","0","0","0","0","0","0","0","8","0","","36","03","2020","2020027690","2","40.1784","-76.1769","1256","08","0","0","0","0","0","0","1","0","","0","0","0","12","1","1","00","0","40 10:42.266","","00","76 10:36.959","4","0","0","0","36408","1","0","0","N","1","0","0","2","36408","1","","1","01","N","N","0","","0","0","1","3","8","","1207","1","2","0","0","0","0","0","2","0","1","N","","","","","","","","","","","","03","  ","","N","N"
"1446","0","0","0","0","0","0","0","0","0","8","0","","36","03","2020","2020027751","3","40.0359","-76.3092","1445","08","0","0","0","0","0","0","0","0","","0","0","0","14","1","1","01","0","40 02:09.394","","00","76 18:32.950","3","0","0","0","36301","1","0","0","N","1","0","0","2","36301","0","","1","01","N","N","0","","1","0","1","3","3","","1444","1","2","0","0","0","0","0","3","0","1","N","","","","","","","","","","","","03","03","","N","N"
"0900","0","0","0","0","0","0","0","0","0","1","1","35","36","03","2020","2020027860","2","40.1633","-76.1516","0850","08","0","0","0","0","0","2","0","0","","0","1","0","08","1","0","00","0","40 09:48.051","","00","76 09:05.705","0","0","0","0","36218","0","0","0","N","0","0","0","2","36408","0","","1","01","N","N","1","","0","0","0","3","2","","0805","0","2","0","0","0","0","0","1","0","2","Y","4","1","Y","N","N","N","N","Y","N","N","","03","  ","","",""
"1331","1","0","0","0","0","0","0","0","0","1","1","","36","03","2020","2020027868","3","40.1378","-76.2214","1326","08","0","0","0","0","0","1","0","0","","0","1","0","13","1","0","00","1","40 08:15.901","3","00","76 13:17.008","0","0","0","0","36238","0","0","0","N","0","0","0","2","36238","0","","1","01","N","N","0","","0","0","0","0","0","N","1326","0","2","0","0","0","0","0","3","0","2","N","","","","","","","","","","","1418","04","  ","","",""
"1605","2","0","0","0","0","0","0","0","0","1","0","","36","03","2020","2020027890","3","40.0842","-76.3435","1602","08","0","0","0","0","0","0","0","0","","0","0","0","15","1","0","02","0","40 05:03.282","","07","76 20:36.575","0","0","0","0","36101","0","0","0","N","0","0","0","2","36101","0","","1","01","N","N","0","","0","0","0","0","0","","1558","0","2","0","0","0","0","0","3","0","2","N","","","","","","","","","","","","03","  ","","N","N"
"1633","0","0","0","0","0","0","0","0","0","1","0","","36","03","2020","2020027891","2","40.0611","-76.3557","1625","08","0","0","0","0","0","2","0","0","","0","0","0","16","1","1","00","1","40 03:40.107","4","00","76 21:20.686","3","0","0","0","36214","0","0","0","N","0","0","0","2","36214","0","","1","01","N","N","1","","1","0","1","0","0","N","1622","1","2","0","0","0","0","0","3","0","2","N","","","","","","","","","","","1706","03","03","","",""
"0313","1","0","0","0","0","0","0","0","0","1","1","","36","03","2020","2020027892","7","40.0938","-76.3909","0308","08","0","0","0","0","0","1","0","0","","0","1","0","03","2","0","00","0","40 05:37.540","","00","76 23:27.250","0","0","0","0","36214","0","0","0","N","0","0","0","2","36214","0","","1","01","N","N","0","","0","0","0","0","0","","0304","0","2","0","0","0","0","0","3","0","2","N","","","","","","","","","","","","03","03","","",""
"0333","0","0","0","0","0","0","0","0","0","7","0","","36","03","2020","2020027893","1","40.0526","-76.3943","0325","08","0","0","0","0","1","0","0","0","","0","0","0","03","2","0","07","0","40 03:09.202","","02","76 23:39.595","0","0","0","0","36214","0","0","0","N","0","0","0","1","36214","0","","5","09","N","N","0","","0","0","1","0","0","","0320","0","1","0","0","0","0","0","3","0","1","N","","","","","","","","","","","","07","  ","","",""
"1604","0","0","0","0","0","0","0","0","0","4","0","","36","03","2020","2020027894","2","40.0851","-76.3903","1603","08","0","0","0","0","0","0","1","0","","0","0","0","16","1","1","00","2","40 05:06.462","6","00","76 23:25.064","4","0","0","0","36214","0","0","0","N","0","0","0","2","36214","1","","1","01","N","N","0","","0","0","2","3","3","Y","1602","1","2","0","0","0","0","0","3","0","2","N","","","","","","","","","","","1630","03","03","","",""
"0153","1","0","0","0","0","0","0","0","0","7","0","","36","03","2020","2020027895","1","40.0507","-76.4983","0146","08","0","0","0","0","0","0","0","0","","0","0","0","01","2","1","00","2","40 03:02.342","5","00","76 29:53.982","3","0","0","0","36239","0","0","0","N","0","0","0","1","36239","0","","4","01","N","N","0","","1","0","0","0","0","Y","0146","1","1","0","0","1","0","0","3","0","1","N","","","","","","","","","","","0315","03","03","","",""
"1130","0","0","0","0","0","0","0","0","0","7","0","","36","03","2020","2020027896","3","40.1721","-76.3816","1126","08","0","0","0","0","0","0","1","0","","0","0","0","11","1","0","00","0","40 10:19.405","","00","76 22:53.814","0","0","0","0","36227","0","0","0","N","0","0","0","2","36506","0","","4","09","N","N","1","","0","0","0","0","0","","1125","0","1","0","0","0","0","0","1","0","1","N","","","","","","","","","","","","07","04","","N","N"
"0620","1","0","0","0","0","0","0","0","0","6","1","","36","03","2020","2020027961","6","40.0377","-76.3078","0615","08","0","0","0","0","0","0","0","0","","0","1","0","06","3","0","01","0","40 02:15.851","","00","76 18:28.000","0","0","0","0","36301","0","0","0","N","0","0","0","2","36301","0","","1","09","N","N","0","","0","0","0","3","2","","0615","0","2","0","0","0","0","0","3","0","2","N","","","","","","","","","","","","07","98","","",""
"1904","1","0","0","0","0","0","0","0","0","4","0","","36","02","2020","2020028011","6","39.9914","-76.0166","1837","08","0","0","0","0","0","1","0","0","","0","0","0","18","3","0","02","0","39 59:29.214","","07","76 00:59.722","0","0","0","0","36232","0","0","0","N","0","0","0","3","68J01","0","","1","01","N","N","0","","0","0","1","3","2","","1833","0","2","0","0","0","0","0","1","0","2","N","","","","","","","","","","","","03","  ","","",""
"1907","1","0","0","0","0","0","0","0","0","7","0","","36","02","2020","2020028013","3","39.9881","-75.9784","1841","08","0","0","0","0","1","0","0","0","","0","0","0","18","2","0","00","0","39 59:17.053","","00","75 58:42.217","0","0","0","0","36232","0","0","0","N","0","0","0","1","68J01","0","","2","01","N","N","0","","0","0","0","0","0","","1841","0","1","0","0","0","0","0","1","0","1","N","","","","","","","","","","","","03","  ","","",""
"1514","0","0","0","0","0","0","0","0","0","1","0","","36","03","2020","2020028082","5","40.0156","-76.26","1511","08","0","0","0","0","0","2","0","0","","0","0","0","15","1","0","01","0","40 00:56.102","","00","76 15:35.991","0","0","0","0","36240","0","0","0","N","0","0","0","2","36240","0","","1","01","N","N","2","","0","0","0","3","2","","1509","0","2","0","0","1","0","0","1","0","2","N","","","","","","","","","","","","04","  ","","",""
"1728","1","0","0","0","0","0","0","0","0","1","0","","36","03","2020","2020028120","5","40.0696","-76.3019","1724","08","0","0","0","0","0","0","0","0","","0","0","0","17","1","0","00","0","40 04:10.488","","00","76 18:06.813","0","0","0","0","36101","0","0","0","N","0","0","0","2","36101","0","","1","01","N","N","0","","0","0","1","0","0","","1720","0","2","0","0","0","0","0","3","0","2","N","","","","","","","","","","","","04","  ","","",""
"1305","1","0","0","0","0","0","0","0","0","4","0","","36","03","2020","2020028121","3","40.0232","-76.197","1304","08","0","0","0","0","1","0","0","0","","0","0","0","13","1","3","01","1","40 01:24.014","6","00","76 11:48.838","3","0","0","0","36215","0","0","0","N","0","0","0","4","36215","0","","1","01","N","N","0","","3","0","1","3","2","N","1301","3","2","0","0","0","0","0","1","0","2","N","","","","","","","","","","","1345","03","03","","",""
"0828","2","0","0","0","0","0","0","0","0","4","0","","36","03","2020","2020028123","6","40.0384","-76.3556","0808","08","0","0","0","0","0","0","0","0","","0","0","0","08","1","0","00","0","40 02:18.325","","00","76 21:20.263","0","0","0","0","36223","0","0","0","N","0","0","0","3","36223","0","","1","01","N","N","0","","0","0","0","0","0","","0807","0","2","0","0","0","0","0","1","0","2","N","","","","","","","","","","","","04","  ","","",""
"2000","1","0","0","0","0","0","0","0","0","1","0","","36","03","2020","2020028124","1","40.1016","-76.0913","2000","08","0","0","0","0","0","1","0","0","","0","0","0","20","4","1","00","0","40 06:05.769","","00","76 05:28.847","4","0","0","0","36415","0","0","0","N","0","0","0","2","36415","1","","1","01","N","N","0","","0","0","1","0","0","","2000","1","2","0","0","0","0","0","1","0","2","N","","","","","","","","","","","","03","03","","",""
"0556","0","0","0","0","0","0","0","0","0","7","0","","36","03","2020","2020028125","4","40.1328","-76.3042","0550","08","0","0","0","1","0","0","0","0","","0","0","0","05","2","0","00","1","40 07:57.938","1","00","76 18:14.966","0","0","0","0","36235","0","0","0","N","0","0","0","1","36506","0","","5","01","N","N","1","","0","0","0","0","0","Y","0549","0","1","0","0","0","0","0","1","0","1","N","","","","","","","","","","","0650","03","  ","","",""
"1850","0","0","0","0","0","0","0","0","0","7","0","","36","01","2020","2020028148","7","40.1365","-75.9672","1827","08","0","0","0","0","0","0","0","0","","0","0","0","18","2","1","03","1","40 08:11.260","7","00","75 58:01.753","8","0","0","0","36203","0","0","0","N","0","0","0","1","68J01","0","","2","09","N","N","0","","0","0","1","3","3","Y","1826","1","1","0","0","0","1","0","1","0","1","N","","","","","","","","","","","0030","07","  ","","",""
"1703","1","0","0","0","0","0","0","0","0","1","0","","36","02","2020","2020028162","6","40.2261","-76.3024","1637","08","0","0","0","0","0","2","0","0","","0","0","0","16","1","2","01","0","40 13:34.012","","00","76 18:08.758","3","0","0","0","36217","0","0","0","N","0","0","0","6","68J01","0","","1","01","N","N","1","","2","0","2","3","2","","1627","2","4","0","0","0","0","0","1","0","4","N","","","","","","","","","","","","03","03","","",""