"ARRIVAL_TM","AUTOMOBILE_COUNT","BELTED_DEATH_COUNT","BELTED_SUSP_SERIOUS_INJ_COUNT","BICYCLE_COUNT","BICYCLE_DEATH_COUNT","BICYCLE_SUSP_SERIOUS_INJ_COUNT","BUS_COUNT","CHLDPAS_DEATH_COUNT","CHLDPAS_SUSP_SERIOUS_INJ_COUNT","COLLISION_TYPE","COMM_VEH_COUNT","CONS_ZONE_SPD_LIM","COUNTY","CRASH_MONTH","CRASH_YEAR","CRN","DAY_OF_WEEK","DEC_LAT","DEC_LONG","DISPATCH_TM","DISTRICT","DRIVER_COUNT_16YR","DRIVER_COUNT_17YR","DRIVER_COUNT_18YR","DRIVER_COUNT_19YR","DRIVER_COUNT_20YR","DRIVER_COUNT_50_64YR","DRIVER_COUNT_65_74YR","DRIVER_COUNT_75PLUS","EST_HRS_CLOSED","FATAL_COUNT","HEAVY_TRUCK_COUNT","HORSE_BUGGY_COUNT","HOUR_OF_DAY","ILLUMINATION","INJURY_COUNT","INTERSECT_TYPE","LANE_CLOSED","LATITUDE","LN_CLOSE_DIR","LOCATION_TYPE","LONGITUDE","MAX_SEVERITY_LEVEL","MCYCLE_DEATH_COUNT","MCYCLE_SUSP_SERIOUS_INJ_COUNT","MOTORCYCLE_COUNT","MUNICIPALITY","NONMOTR_COUNT","NONMOTR_DEATH_COUNT","NONMOTR_SUSP_SERIOUS_INJ_COUNT","NTFY_HIWY_MAINT","PED_COUNT","PED_DEATH_COUNT","PED_SUSP_SERIOUS_INJ_COUNT","PERSON_COUNT","POLICE_AGCY","POSSIBLE_INJ_COUNT","RDWY_SURF_TYPE_CD","RELATION_TO_ROAD","ROAD_CONDITION","SCH_BUS_IND","SCH_ZONE_IND","SMALL_TRUCK_COUNT","SPEC_JURIS_CD","SUSP_MINOR_INJ_COUNT","SUSP_SERIOUS_INJ_COUNT","SUV_COUNT","TCD_FUNC_CD","TCD_TYPE","TFC_DETOUR_IND","TIME_OF_DAY","TOT_INJ_COUNT","TOTAL_UNITS","UNB_DEATH_COUNT","UNB_SUSP_SERIOUS_INJ_COUNT","UNBELTED_OCC_COUNT","UNK_INJ_DEG_COUNT","UNK_INJ_PER_COUNT","URBAN_RURAL","VAN_COUNT","VEHICLE_COUNT","WORK_ZONE_IND","WORK_ZONE_LOC","WORK_ZONE_TYPE","WORKERS_PRES","WZ_CLOSE_DETOUR","WZ_FLAGGER","WZ_LAW_OFFCR_IND","WZ_LN_CLOSURE","WZ_MOVING","WZ_OTHER","WZ_SHLDER_MDN","ROADWAY_CLEARED","WEATHER1","WEATHER2","WZ_WORKERS_INJ_KILLED","SECONDARY_CRASH","INTERSECTION_RELATED"
"1110","1","0","0","0","0","0","0","0","0","7","0","","36","02","2020","2020028163","7","39.9839","-76.1146","1059","08","0","0","0","0","1","1","0","0","","0","0","0","10","1","2","00","2","39 59:01.949","4","00","76 06:52.703","3","0","0","0","36226","0","0","0","N","0","0","0","7","68J01","0","","2","01","N","N","0","","2","0","3","0","0","N","1055","2","4","0","0","0","0","0","1","0","4","N","","","","","","","","","","","1215","03","03","","",""
"1321","1","0","0","0","0","0","0","0","0","1","0","","36","02","2020","2020028164","5","39.992","-76.0201","1306","08","0","0","0","0","1","1","0","0","","0","0","0","12","1","0","00","0","39 59:31.147","","00","76 01:12.281","0","0","0","0","36232","0","0","0","N","0","0","0","2","68J01","0","","1","01","N","N","0","","0","0","1","0","0","","1255","0","2","0","0","0","0","0","1","0","2","N","","","","","","","","","","","","03","03","","N","N"
"1206","1","0","0","0","0","0","0","0","0","7","0","","36","02","2020","2020028165","6","39.9449","-76.2","1200","08","0","0","0","0","0","0","0","0","","0","0","0","11","1","2","00","2","39 56:41.710","5","00","76 11:59.970","4","0","0","0","36233","0","0","0","N","0","0","0","2","68J01","2","","4","01","N","N","0","","0","0","0","0","0","Y","1153","2","1","0","0","0","0","0","1","0","1","N","","","","","","","","","","","1315","03","03","","",""
"1540","1","0","0","0","0","0","0","0","0","4","0","","36","02","2020","2020028167","2","39.9907","-76.0208","1532","08","0","0","0","0","0","0","0","0","","0","0","0","15","1","0","00","0","39 59:26.570","","07","76 01:14.887","0","0","0","0","36232","0","0","0","N","0","0","0","2","68J01","0","","1","01","N","N","0","","0","0","1","0","0","","1514","0","2","0","0","0","0","0","1","0","2","N","","","","","","","","","","","","03","03","","N","N"
"1648","1","0","0","0","0","0","0","0","0","1","0","","36","03","2020","2020028170","2","39.918","-76.2849","1640","08","1","0","0","0","0","0","0","0","","0","0","0","16","1","0","00","0","39 55:04.930","","00","76 17:05.710","0","0","0","0","36224","0","0","0","N","0","0","0","4","68J01","0","","1","01","N","N","0","","0","0","0","0","0","","1637","0","2","0","0","0","0","0","1","1","2","N","","","","","","","","","","","","03","  ","","",""
"1842","1","0","0","0","0","0","0","0","0","4","0","","36","03","2020","2020028171","4","40.0273","-76.2208","1842","08","0","0","0","0","0","0","0","0","","0","0","0","18","3","0","00","1","40 01:38.175","3","07","76 13:14.886","0","0","0","0","36215","0","0","0","N","0","0","0","2","68J01","0","","1","01","N","N","0","","0","0","1","0","0","N","1842","0","2","0","0","0","0","0","1","0","2","N","","","","","","","","","","","0100","03","  ","","N","N"
"1439","0","0","0","0","0","0","0","0","0","7","0","","36","03","2020","2020028172","6","40.0388","-76.1396","1427","08","0","0","0","0","0","0","1","0","","0","0","0","14","1","0","00","0","40 02:19.659","","07","76 08:22.705","0","0","0","0","36221","0","0","0","N","0","0","0","1","68J01","0","","4","09","N","N","1","","0","0","0","0","0","","1418","0","1","0","0","0","0","0","1","0","1","N","","","","","","","","","","","","07","  ","","N","N"
"1913","2","0","0","0","0","0","0","0","0","4","0","","36","03","2020","2020028173","6","39.9856","-76.0178","1912","08","0","0","0","0","1","0","1","0","","0","0","0","19","2","1","01","2","39 59:08.196","7","00","76 01:04.123","3","0","0","0","36232","0","0","0","N","0","0","0","3","68J01","0","","1","09","N","N","0","","1","0","0","3","2","N","1908","1","2","0","0","0","0","0","1","0","2","N","","","","","","","","","","","0100","07","  ","","N",""
"1412","0","0","0","0","0","0","0","0","0","4","0","","36","03","2020","2020028174","7","40.0545","-75.9894","1409","08","0","0","0","0","0","0","0","0","","0","0","0","13","1","0","01","0","40 03:16.052","","00","75 59:21.840","0","0","0","0","36232","0","0","0","N","0","0","0","2","68J01","0","","1","01","N","N","1","","0","0","1","3","3","","1351","0","2","0","0","0","0","0","1","0","2","N","","","","","","","","","","","","03","  ","","",""
"1515","1","0","0","0","0","0","0","0","0","1","0","","36","03","2020","2020028175","7","39.9856","-76.0178","1454","08","0","1","0","0","0","0","0","0","","0","0","0","14","1","0","01","1","39 59:08.196","6","00","76 01:04.123","0","0","0","0","36232","0","0","0","N","0","0","0","2","68J01","0","","1","01","N","N","0","","0","0","1","3","2","N","1451","0","2","0","0","0","0","0","1","0","2","N","","","","","","","","","","","0030","03","  ","","N",""
"0156","0","0","0","0","0","0","0","0","0","7","0","","36","03","2020","2020028179","2","40.2052","-76.2985","0136","08","0","0","1","0","0","0","0","0","","0","0","0","01","2","0","00","2","40 12:18.622","7","00","76 17:54.569","0","0","0","0","36217","0","0","0","N","0","0","0","1","68J01","0","","4","01","N","N","0","","0","0","0","0","0","Y","0136","0","1","0","0","0","0","0","1","1","1","N","","","","","","","","","","","0200","03","03","","",""
"2053","0","0","0","0","0","0","0","0","0","7","0","","36","03","2020","2020028188","5","39.9937","-76.0309","2053","08","0","0","0","0","0","1","0","0","","0","0","0","20","2","0","00","0","39 59:37.149","","00","76 01:51.205","0","0","0","0","36232","0","0","0","Y","0","0","0","1","68J01","0","","3","01","N","N","0","","0","0","1","0","0","","2027","0","1","0","0","0","0","0","1","0","1","N","","","","","","","","","","","","04","  ","","",""
"0340","0","0","0","0","0","0","0","0","0","7","0","","36","03","2020","2020028191","1","40.18","-76.0979","0317","08","0","0","0","0","0","0","0","0","","0","0","0","03","2","0","00","1","40 10:48.110","3","00","76 05:52.340","0","0","0","0","36202","0","0","0","N","0","0","0","1","68J01","0","","4","09","N","N","1","","0","0","0","0","0","N","0316","0","1","0","0","0","0","0","1","0","1","N","","","","","","","","","","","0100","07","  ","","N","N"
"2219","1","0","0","0","0","0","0","0","0","7","0","","36","03","2020","2020028197","1","40.2311","-76.2915","2200","08","0","1","0","0","0","0","0","0","","0","0","0","21","2","0","00","0","40 13:51.942","","00","76 17:29.339","0","0","0","0","36217","0","0","0","N","0","0","0","1","68J01","0","","4","01","N","N","0","","0","0","0","0","0","","2146","0","1","0","0","0","0","0","1","0","1","N","","","","","","","","","","","","03","03","","",""
"1637","0","0","0","0","0","0","0","0","0","7","1","","36","03","2020","2020028201","2","39.7727","-76.1656","1632","08","0","0","0","0","0","0","0","0","","0","1","0","16","1","1","00","0","39 46:21.799","","00","76 09:56.095","3","0","0","0","36219","0","0","0","N","0","0","0","1","68J01","0","","4","01","N","N","0","","1","0","0","0","0","","1626","1","1","0","0","0","0","0","1","0","1","N","","","","","","","","","","","","03","  ","","",""
"1401","0","0","0","0","0","0","0","0","0","7","1","","36","03","2020","2020028206","4","40.2454","-76.1777","1343","08","0","0","0","1","0","0","0","0","","0","1","0","13","1","0","00","0","40 14:43.556","","00","76 10:39.896","0","0","0","0","36236","0","0","0","N","0","0","0","2","68T06","0","","5","01","N","N","0","","0","0","0","0","0","","1341","0","1","0","0","0","0","0","1","0","1","N","","","","","","","","","","","","03","  ","","",""
"1253","1","0","0","0","0","0","0","0","0","7","0","","36","03","2020","2020028211","5","40.2384","-76.2638","1243","08","0","0","0","1","0","0","0","0","","0","0","0","12","1","2","00","2","40 14:18.361","4","00","76 15:49.735","3","0","0","0","36204","0","0","0","N","0","0","0","2","68T06","0","","3","01","N","N","0","","1","0","0","0","0","N","1243","2","1","0","0","2","1","0","1","0","1","N","","","","","","","","","","","1345","03","  ","","N","N"
"0628","1","0","0","0","0","0","0","0","0","4","0","","36","03","2020","2020028224","5","40.1835","-76.2263","0622","08","0","1","0","0","0","0","0","0","","0","0","0","06","2","0","02","0","40 11:00.650","","00","76 13:34.575","0","0","0","0","36218","0","0","0","N","0","0","0","2","36408","0","","2","09","N","N","0","","0","0","1","0","0","","0621","0","2","0","0","0","0","0","1","0","2","N","","","","","","","","","","","","07","  ","","",""
"2300","2","0","0","0","0","0","0","0","0","4","0","","36","03","2020","2020028235","7","40.0447","-76.3026","2255","08","0","0","0","0","0","0","1","0","","0","0","0","22","3","0","01","0","40 02:40.897","","00","76 18:09.264","0","0","0","0","36301","0","0","0","N","0","0","0","3","36301","0","","1","01","N","N","0","","0","0","0","3","2","","2251","0","2","0","0","0","0","0","3","0","2","N","","","","","","","","","","","","03","03","","",""
"0929","0","0","0","0","0","0","0","0","0","7","0","","36","03","2020","2020028253","3","40.267","-76.1149","0927","08","0","0","0","0","0","1","0","0","","0","0","0","09","1","1","00","2","40 16:01.113","6","00","76 06:53.577","3","0","0","0","36236","0","0","0","N","0","0","0","1","36408","0","","4","09","N","N","1","","1","0","0","0","0","Y","0927","1","1","0","0","0","0","0","1","0","1","N","","","","","","","","","","","1130","07","  ","","N","N"
"1432","1","0","0","0","0","0","0","0","0","4","0","","36","03","2020","2020028268","2","40.0296","-76.3231","1427","08","0","0","0","0","0","1","0","0","","0","0","0","14","1","0","01","0","40 01:46.727","","00","76 19:23.150","9","0","0","0","36301","0","0","0","N","0","0","0","2","36301","0","","1","01","N","N","0","","0","0","1","3","2","","1415","0","2","0","0","0","0","1","3","0","2","N","","","","","","","","","","","","03","03","","N","N"
"1618","1","0","0","0","0","0","0","0","0","1","0","","36","03","2020","2020028302","2","40.1644","-76.2007","1613","08","0","0","1","0","0","0","0","0","","0","0","0","16","1","0","00","1","40 09:52.013","2","00","76 12:02.678","0","0","0","0","36218","0","0","0","N","0","0","0","2","36408","0","","1","01","N","N","0","","0","0","1","0","0","N","1611","0","2","0","0","0","0","0","1","0","2","N","","","","","","","","","","","1635","03","  ","","N","Y"
"0710","1","0","0","0","0","0","0","0","0","1","0","","36","03","2020","2020028319","2","40.049","-76.3459","0703","08","0","0","0","0","0","0","0","0","","0","0","0","07","1","0","01","2","40 02:56.360","3","00","76 20:45.294","0","0","0","0","36214","0","0","0","N","0","0","0","3","36214","0","","1","01","N","N","0","","0","0","1","0","0","N","0702","0","2","0","0","0","0","0","3","0","2","N","","","","","","","","","","","0730","03","  ","","",""
"0428","0","0","1","0","0","0","0","0","0","7","0","","36","03","2020","2020028320","4","40.1053","-76.431","0423","08","0","0","0","0","0","0","0","0","","0","0","0","04","2","2","06","0","40 06:19.042","","00","76 25:51.072","2","0","0","0","36214","0","0","0","N","0","0","0","3","36214","0","","4","01","N","N","0","","1","1","1","3","3","","0419","2","1","0","0","0","0","0","3","0","1","N","","","","","","","","","","","","04","  ","","",""
"1451","0","0","0","0","0","0","0","0","0","1","0","","36","02","2020","2020028446","5","40.1919","-76.1765","1448","08","0","0","0","0","0","1","1","0","","0","0","0","14","1","0","02","1","40 11:30.663","2","07","76 10:35.439","0","0","0","0","36218","0","0","0","N","0","0","0","3","36408","0","","1","01","N","N","0","","0","0","2","3","2","N","1403","0","3","0","0","0","0","0","1","1","3","N","","","","","","","","","","","1520","03","  ","","N","N"
"2234","1","0","0","0","0","0","0","0","0","7","0","","36","03","2020","2020028478","7","40.0088","-76.2672","2229","08","0","0","0","1","0","0","0","0","","0","0","0","22","2","0","00","0","40 00:31.502","","00","76 16:02.007","0","0","0","0","36240","0","0","0","N","0","0","0","1","36240","0","","4","01","N","N","0","","0","0","0","0","0","","2224","0","1","0","0","0","0","0","1","0","1","N","","","","","","","","","","","","03","  ","","N","N"
"1800","0","0","0","0","0","0","0","0","0","4","0","","36","03","2020","2020028492","2","40.025","-76.325","1736","08","0","0","0","0","0","0","0","0","","0","0","0","17","1","0","00","1","40 01:30.020","2","00","76 19:29.910","0","0","0","0","36220","0","0","0","N","0","0","0","2","36101","0","","1","01","N","N","0","","0","0","2","3","3","Y","1736","0","2","0","0","0","0","0","3","0","2","N","","","","","","","","","","","1830","03","03","","",""
"1800","1","0","0","0","0","0","0","0","0","4","0","","36","03","2020","2020028493","7","40.0058","-76.3679","1755","08","0","0","0","0","0","0","1","0","","0","0","0","17","1","1","02","2","40 00:20.912","7","00","76 22:04.594","3","0","0","0","36223","0","0","0","N","0","0","0","2","36223","0","","1","01","N","N","0","","1","0","1","3","2","Y","1752","1","2","0","0","0","0","0","1","0","2","N","","","","","","","","","","","1844","03","  ","","",""
"0620","0","0","0","0","0","0","0","0","0","7","0","","36","03","2020","2020028562","2","40.1447","-76.5572","0605","08","0","0","0","0","0","1","0","0","","0","0","0","06","5","0","00","0","40 08:40.926","","00","76 33:25.779","0","0","0","0","36225","0","0","0","N","0","0","0","1","36505","0","","1","01","N","N","0","","0","0","1","0","0","","0600","0","1","0","0","0","0","0","2","0","1","N","","","","","","","","","","","","03","03","","N","N"
"1335","1","0","0","0","0","0","0","0","0","1","0","","36","03","2020","2020028578","1","40.0387","-76.2984","1334","08","0","0","0","0","0","0","0","0","","0","0","0","13","1","1","00","1","40 02:19.471","3","00","76 17:54.394","3","0","0","0","36301","0","0","0","N","0","0","0","1","36301","0","","6","01","N","N","0","","1","0","1","0","0","N","1334","1","2","0","0","0","0","0","3","0","2","N","","","","","","","","","","","1400","03","03","","N","N"
"1524","1","0","0","0","0","0","0","0","0","4","0","","36","03","2020","2020028686","2","40.0399","-76.2259","1517","08","0","0","0","0","0","0","1","0","","0","0","0","15","1","0","00","0","40 02:23.759","","00","76 13:33.389","0","0","0","0","36215","0","0","0","N","0","0","0","2","36215","0","","1","01","N","N","0","","0","0","1","0","0","","1514","0","2","0","0","0","0","0","1","0","2","N","","","","","","","","","","","","03","03","","",""
"1611","0","0","0","0","0","0","0","0","0","7","0","","36","02","2020","2020028687","7","40.0314","-76.3604","1609","08","0","0","0","0","0","0","1","0","","0","0","0","16","1","1","00","0","40 01:53.020","","00","76 21:37.270","4","0","0","1","36223","0","0","0","N","0","0","0","1","36223","1","","4","01","N","N","0","","0","0","0","0","0","","1607","1","1","0","0","0","0","0","1","0","1","N","","","","","","","","","","","","04","  ","","",""
"1208","1","0","0","0","0","0","0","0","0","4","0","","36","03","2020","2020028688","5","40.0436","-76.4229","1206","08","0","0","0","0","1","0","0","0","","0","0","0","12","1","0","02","1","40 02:36.847","2","07","76 25:22.596","0","0","0","0","36414","0","0","0","N","0","0","0","2","36239","0","","1","01","N","N","0","","0","0","1","3","2","N","1206","0","2","0","0","0","0","0","3","0","2","N","","","","","","","","","","","1230","04","  ","","N",""
"1115","0","0","0","0","0","0","0","0","0","6","1","","36","03","2020","2020028689","6","40.0591","-76.4629","1113","08","0","0","0","0","0","2","0","0","","0","0","0","11","1","0","03","0","40 03:32.814","","00","76 27:46.398","0","0","0","0","36239","0","0","0","N","0","0","0","2","36239","0","","1","09","N","N","2","","0","0","0","0","0","","1113","0","2","0","0","0","0","0","3","0","2","N","","","","","","","","","","","","04","  ","","",""
"1101","1","0","0","0","0","0","0","0","0","7","0","","36","03","2020","2020028690","2","40.0525","-76.4737","1057","08","0","0","0","0","0","1","0","0","","0","0","0","10","1","0","00","2","40 03:08.990","6","00","76 28:25.210","0","0","0","0","36239","0","0","0","N","0","0","0","1","36239","0","","5","09","N","N","0","","0","0","0","0","0","Y","1056","0","1","0","0","0","0","0","3","0","1","N","","","","","","","","","","","1120","07","  ","","",""
"1517","1","0","0","0","0","0","0","0","0","4","0","","36","03","2020","2020028691","4","40.0517","-76.5168","1509","08","0","0","0","0","0","0","1","0","","0","0","0","15","1","0","00","1","40 03:05.980","5","07","76 31:00.432","0","0","0","0","36239","0","0","0","N","0","0","0","2","36239","0","","1","01","N","N","0","","0","0","1","0","0","N","1506","0","2","0","0","0","0","0","3","0","2","N","","","","","","","","","","","1605","03","03","","N","N"
"0454","1","0","0","0","0","0","0","0","0","4","1","","36","03","2020","2020028725","5","40.0389","-76.5105","0451","08","0","0","0","0","0","1","0","0","","0","1","0","04","3","0","01","1","40 02:20.202","7","00","76 30:37.819","0","0","0","0","36404","0","0","0","N","0","0","0","2","36404","0","","1","09","N","N","0","","0","0","0","3","2","N","0451","0","2","0","0","0","0","0","3","0","2","N","","","","","","","","","","","0537","07","  ","","N","N"
"0907","1","0","0","0","0","0","0","0","0","8","0","","36","02","2020","2020028734","5","40.0345","-76.0958","0852","08","0","0","0","0","0","0","0","1","","0","0","0","08","1","1","01","1","40 02:04.196","3","00","76 05:44.859","2","0","0","0","36221","1","0","1","N","1","0","1","2","68J01","0","","1","01","N","N","0","","0","1","0","0","0","Y","0851","1","2","0","0","0","0","0","1","0","1","N","","","","","","","","","","","0912","03","  ","","",""
"0713","1","0","0","0","0","0","0","0","0","1","0","","36","03","2020","2020028737","1","40.1278","-75.9068","0647","08","0","1","0","0","0","0","0","0","","0","0","0","06","5","0","00","1","40 07:40.183","2","00","75 54:24.470","0","0","0","0","36203","0","0","0","N","0","0","0","2","68J01","0","","1","01","N","N","1","","0","0","0","0","0","N","0643","0","2","0","0","0","0","0","1","0","2","N","","","","","","","","","","","0800","03","03","","Y","N"
"0755","1","0","0","0","0","0","0","0","0","7","0","","36","03","2020","2020028738","1","40.1278","-75.9068","0755","08","0","0","0","0","0","0","0","0","","0","0","0","07","5","1","00","1","40 07:40.237","2","00","75 54:24.396","3","0","0","0","36203","0","0","0","N","0","0","0","1","68J01","0","","4","01","N","N","0","","1","0","0","0","0","N","0717","1","1","0","0","0","0","0","1","0","1","N","","","","","","","","","","","0800","03","03","","",""
"2309","0","0","0","0","0","0","0","0","0","4","0","","36","03","2020","2020028739","1","39.9833","-76.1385","2302","08","0","0","0","0","0","1","0","0","","0","0","1","22","2","1","01","1","39 58:59.973","3","00","76 08:18.484","3","0","0","0","36226","1","0","0","N","0","0","0","2","68J01","0","","1","01","N","N","0","","1","0","1","0","0","Y","2259","1","2","0","0","0","0","0","1","0","1","N","","","","","","","","","","","0030","03","  ","","N","N"
"0040","0","0","0","0","0","0","0","0","0","7","0","","36","03","2020","2020028742","1","39.9217","-76.2783","0027","08","0","0","0","0","0","0","0","0","","0","0","0","00","2","0","00","2","39 55:18.233","5","00","76 16:41.926","0","0","0","0","36229","0","0","0","N","0","0","0","1","68J01","0","","4","01","N","N","0","","0","0","1","3","3","N","0020","0","1","0","0","0","0","0","1","0","1","N","","","","","","","","","","","0120","03","03","","",""
"0946","0","0","0","0","0","0","0","0","0","7","0","","36","03","2020","2020028746","2","40.0089","-76.1243","0931","08","0","0","0","0","0","0","0","0","","0","0","0","09","1","0","00","1","40 00:31.993","3","00","76 07:27.480","0","0","0","0","36226","0","0","0","N","0","0","0","1","68J01","0","","5","01","N","N","0","","0","0","1","0","0","N","0927","0","1","0","0","0","0","0","1","0","1","N","","","","","","","","","","","0030","03","  ","","N","N"
"1333","0","0","0","0","0","0","0","0","0","0","0","","36","03","2020","2020028747","2","40.1369","-75.9119","1242","08","0","0","0","0","0","0","0","0","","0","0","0","12","1","0","00","9","40 08:12.920","","00","75 54:42.870","0","0","0","0","36203","0","0","0","N","0","0","0","1","68J01","0","","1","01","N","N","1","","0","0","0","0","0","","1216","0","1","0","0","1","0","0","1","0","1","N","","","","","","","","","","","","03","03","","",""
"0236","1","0","0","0","0","0","0","0","0","7","0","","36","03","2020","2020028754","6","39.9949","-75.9862","0214","08","0","0","0","0","1","0","0","0","","0","0","0","02","2","0","00","1","39 59:41.720","2","00","75 59:10.390","0","0","0","0","36232","0","0","0","Y","0","0","0","1","68J01","0","","4","09","N","N","0","","0","0","0","0","0","N","0201","0","1","0","0","0","0","0","1","0","1","N","","","","","","","","","","","0130","07","07","","",""
"1631","0","0","0","0","0","0","0","0","0","4","0","","36","03","2020","2020028757","6","40.0381","-76.1066","1619","08","0","0","0","0","0","0","0","0","","0","0","0","16","1","1","01","0","40 02:17.056","","00","76 06:23.604","3","0","0","0","36221","0","0","0","N","0","0","0","4","68J01","0","","1","01","N","N","0","","1","0","0","2","3","","1617","1","2","0","0","0","0","0","1","2","2","N","","","","","","","","","","","","03","03","","N","N"
"1849","0","0","0","0","0","0","0","0","0","0","0","","36","03","2020","2020028758","6","39.8266","-76.2457","1837","08","0","0","0","0","0","0","0","0","","0","0","0","18","1","1","00","1","39 49:35.600","4","00","76 14:44.530","2","0","1","1","36208","0","0","0","N","0","0","0","1","68J01","0","","4","01","N","N","0","","0","1","0","0","0","N","1836","1","1","0","0","0","0","0","1","0","1","N","","","","","","","","","","","1915","03","  ","","",""
"1139","0","0","0","0","0","0","0","0","0","4","1","","36","03","2020","2020028760","7","39.7739","-76.1791","1102","08","0","0","0","0","0","1","0","0","","0","1","0","10","1","0","01","2","39 46:25.988","2","00","76 10:44.934","0","0","0","0","36219","0","0","0","N","0","0","0","2","68J01","0","","1","01","N","N","0","","0","0","1","3","3","N","1059","0","2","0","0","0","0","0","1","0","2","N","","","","","","","","","","","1230","03","03","","",""
"2250","1","0","0","0","0","0","0","0","0","7","0","","36","03","2020","2020028773","4","40.2496","-76.3059","2228","08","1","0","0","0","0","0","0","0","","0","0","0","22","2","0","00","0","40 14:58.388","","00","76 18:21.318","0","0","0","0","36217","0","0","0","N","0","0","0","1","68J01","0","","5","09","N","N","0","","0","0","0","0","0","","2225","0","1","0","0","0","0","0","1","0","1","N","","","","","","","","","","","","07","  ","","",""
"1657","1","0","0","0","0","0","0","0","0","7","0","","36","03","2020","2020028778","5","39.9641","-76.2218","1649","08","0","1","0","0","0","0","0","0","","0","0","0","16","1","0","02","2","39 57:50.873","6","00","76 13:18.516","0","0","0","0","36233","0","0","0","N","0","0","0","1","68J01","0","","4","01","N","N","0","","0","0","0","0","0","Y","1645","0","1","0","0","0","0","0","1","0","1","N","","","","","","","","","","","1550","03","03","","",""
"1141","1","0","0","0","0","0","0","0","0","7","0","","36","03","2020","2020028787","6","39.9336","-76.3225","1128","08","0","0","0","1","0","0","1","0","","0","0","0","11","1","0","00","0","39 56:00.815","","03","76 19:21.002","0","0","0","0","36224","0","0","0","N","0","0","0","2","68J01","0","","2","09","N","N","0","","0","0","1","0","0","","1123","0","2","0","0","0","0","0","1","0","2","N","","","","","","","","","","","","07","  ","","",""
"1627","1","0","0","0","0","0","0","0","0","7","0","","36","03","2020","2020028791","6","39.9008","-76.2292","1605","08","0","0","0","0","0","0","0","0","","0","0","0","15","1","0","00","0","39 54:02.900","","00","76 13:45.110","0","0","0","0","36229","0","0","0","N","0","0","0","1","68J01","0","","4","01","N","N","0","","0","0","0","0","0","","1559","0","1","0","0","0","0","0","1","0","1","N","","","","","","","","","","","","03","03","","N","N"
"1212","2","0","0","0","0","0","0","0","0","1","0","","36","03","2020","2020028798","7","40.1914","-76.05","1145","08","0","0","0","0","1","1","0","0","","0","0","0","11","1","1","00","1","40 11:28.902","1","00","76 03:00.032","3","0","0","0","36202","0","0","0","N","0","0","0","4","68J01","0","","1","01","N","N","0","","1","0","0","0","0","N","1143","1","2","0","0","0","0","0","1","0","2","N","","","","","","","","","","","1245","03","03","","",""
"1418","1","0","0","0","0","0","0","0","0","4","0","","36","03","2020","2020028800","7","40.0116","-76.0465","1412","08","0","0","1","0","0","0","0","0","","0","0","0","14","1","2","01","1","40 00:41.768","3","00","76 02:47.220","3","0","0","0","36232","0","0","0","N","0","0","0","3","68J01","0","","1","01","N","N","0","","2","0","0","3","3","N","1410","2","2","0","0","0","0","0","1","1","2","N","","","","","","","","","","","1501","03","  ","","N","N"
"1837","1","0","0","0","0","0","0","0","0","4","0","","36","03","2020","2020028846","6","40.2302","-76.082","1835","08","0","0","1","0","0","0","0","0","","0","0","0","18","3","1","00","1","40 13:48.668","2","07","76 04:55.282","8","0","0","0","36210","0","0","0","N","0","0","0","4","36210","0","","1","09","N","N","1","","0","0","1","0","0","N","1828","1","3","0","0","0","1","0","1","0","3","N","","","","","","","","","","","1910","07","  ","","N","N"
"1144","1","0","0","0","0","0","0","0","0","4","0","","36","03","2020","2020028865","2","40.0703","-76.3013","1143","08","0","0","0","0","0","0","0","1","","0","0","0","11","1","1","01","1","40 04:12.969","2","00","76 18:04.751","3","0","0","0","36101","0","0","0","N","0","0","0","2","36101","0","","1","09","N","N","1","","1","0","0","3","3","N","1141","1","2","0","0","0","0","0","3","0","2","N","","","","","","","","","","","1230","07","  ","","N",""
"1410","2","0","0","0","0","0","0","0","0","4","0","","36","03","2020","2020028976","3","39.9865","-76.2812","1410","08","0","0","0","0","0","0","1","0","","0","0","0","14","1","0","01","0","39 59:11.342","","00","76 16:52.253","0","0","0","0","36240","0","0","0","N","0","0","0","3","36240","0","","1","01","N","N","0","","0","0","0","3","2","","1405","0","2","0","0","0","0","0","1","0","2","N","","","","","","","","","","","","03","  ","","",""
"0930","0","0","0","0","0","0","0","0","0","1","0","","36","03","2020","2020028987","6","39.9905","-76.1805","1025","08","0","0","0","0","0","1","0","0","","0","0","0","09","1","1","00","0","39 59:25.849","","00","76 10:49.896","3","0","0","0","36417","0","0","0","N","0","0","0","2","36417","0","","1","09","N","N","0","","1","0","2","0","0","","0923","1","2","0","0","0","0","0","1","0","2","N","","","","","","","","","","","","04","  ","","",""
"2020","0","0","0","0","0","0","0","0","0","1","0","","36","03","2020","2020029007","5","40.0873","-76.285","2014","08","0","1","0","0","0","1","0","0","","0","0","0","20","3","0","00","1","40 05:14.336","1","00","76 17:05.935","0","0","0","0","36101","0","0","0","N","0","0","0","2","36101","0","","1","01","N","N","0","","0","0","2","0","0","N","2011","0","2","0","0","0","0","0","3","0","2","N","","","","","","","","","","","2100","03","03","","",""