"ARRIVAL_TM","AUTOMOBILE_COUNT","BELTED_DEATH_COUNT","BELTED_SUSP_SERIOUS_INJ_COUNT","BICYCLE_COUNT","BICYCLE_DEATH_COUNT","BICYCLE_SUSP_SERIOUS_INJ_COUNT","BUS_COUNT","CHLDPAS_DEATH_COUNT","CHLDPAS_SUSP_SERIOUS_INJ_COUNT","COLLISION_TYPE","COMM_VEH_COUNT","CONS_ZONE_SPD_LIM","COUNTY","CRASH_MONTH","CRASH_YEAR","CRN","DAY_OF_WEEK","DEC_LAT","DEC_LONG","DISPATCH_TM","DISTRICT","DRIVER_COUNT_16YR","DRIVER_COUNT_17YR","DRIVER_COUNT_18YR","DRIVER_COUNT_19YR","DRIVER_COUNT_20YR","DRIVER_COUNT_50_64YR","DRIVER_COUNT_65_74YR","DRIVER_COUNT_75PLUS","EST_HRS_CLOSED","FATAL_COUNT","HEAVY_TRUCK_COUNT","HORSE_BUGGY_COUNT","HOUR_OF_DAY","ILLUMINATION","INJURY_COUNT","INTERSECT_TYPE","LANE_CLOSED","LATITUDE","LN_CLOSE_DIR","LOCATION_TYPE","LONGITUDE","MAX_SEVERITY_LEVEL","MCYCLE_DEATH_COUNT","MCYCLE_SUSP_SERIOUS_INJ_COUNT","MOTORCYCLE_COUNT","MUNICIPALITY","NONMOTR_COUNT","NONMOTR_DEATH_COUNT","NONMOTR_SUSP_SERIOUS_INJ_COUNT","NTFY_HIWY_MAINT","PED_COUNT","PED_DEATH_COUNT","PED_SUSP_SERIOUS_INJ_COUNT","PERSON_COUNT","POLICE_AGCY","POSSIBLE_INJ_COUNT","RDWY_SURF_TYPE_CD","RELATION_TO_ROAD","ROAD_CONDITION","SCH_BUS_IND","SCH_ZONE_IND","SMALL_TRUCK_COUNT","SPEC_JURIS_CD","SUSP_MINOR_INJ_COUNT","SUSP_SERIOUS_INJ_COUNT","SUV_COUNT","TCD_FUNC_CD","TCD_TYPE","TFC_DETOUR_IND","TIME_OF_DAY","TOT_INJ_COUNT","TOTAL_UNITS","UNB_DEATH_COUNT","UNB_SUSP_SERIOUS_INJ_COUNT","UNBELTED_OCC_COUNT","UNK_INJ_DEG_COUNT","UNK_INJ_PER_COUNT","URBAN_RURAL","VAN_COUNT","VEHICLE_COUNT","WORK_ZONE_IND","WORK_ZONE_LOC","WORK_ZONE_TYPE","WORKERS_PRES","WZ_CLOSE_DETOUR","WZ_FLAGGER","WZ_LAW_OFFCR_IND","WZ_LN_CLOSURE","WZ_MOVING","WZ_OTHER","WZ_SHLDER_MDN","ROADWAY_CLEARED","WEATHER1","WEATHER2","WZ_WORKERS_INJ_KILLED","SECONDARY_CRASH","INTERSECTION_RELATED"
"1212","2","0","0","0","0","0","0","0","0","4","0","","36","03","2020","2020029008","3","40.0295","-76.3233","1207","08","0","0","0","0","0","0","0","0","","0","0","0","12","1","0","00","2","40 01:46.253","3","00","76 19:23.938","0","0","0","0","36220","0","0","0","N","0","0","0","2","36101","0","","1","01","N","N","0","","0","0","0","0","0","N","1200","0","2","0","0","0","0","0","3","0","2","N","","","","","","","","","","","1224","03","03","","",""
"0023","1","0","0","0","0","0","0","0","0","7","0","","36","03","2020","2020029009","1","40.0868","-76.195","0015","08","0","0","0","0","0","0","0","0","","0","0","0","00","3","1","02","1","40 05:12.440","3","00","76 11:42.014","3","0","0","0","36234","0","0","0","N","0","0","0","1","36215","0","","5","09","N","N","0","","1","0","0","3","2","N","0013","1","1","0","0","0","0","0","1","0","1","N","","","","","","","","","","","0045","07","  ","","",""
"0918","2","0","0","0","0","0","0","0","0","5","0","","36","03","2020","2020029010","3","40.151","-76.307","0918","08","1","0","0","0","0","0","0","0","","0","0","0","09","1","1","00","1","40 09:03.494","2","00","76 18:25.363","4","0","0","0","36409","0","0","0","N","0","0","0","1","36409","1","","6","01","N","N","0","","0","0","1","0","0","Y","0918","1","3","0","0","0","0","0","3","0","3","N","","","","","","","","","","","0957","03","03","","",""
"1021","1","0","0","0","0","0","0","0","0","1","0","","36","03","2020","2020029011","4","40.1586","-76.3896","1016","08","0","0","0","0","1","0","0","0","","0","0","0","10","1","0","01","1","40 09:31.012","2","00","76 23:22.387","0","0","0","0","36410","0","0","0","N","0","0","0","3","36410","0","","1","01","N","N","1","","0","0","0","3","2","N","1014","0","2","0","0","0","0","0","2","0","2","N","","","","","","","","","","","1045","03","03","","N",""
"2051","2","0","0","0","0","0","0","0","0","4","0","","36","03","2020","2020029012","4","40.1117","-76.4517","2051","08","1","0","0","0","0","0","0","0","","0","0","0","20","3","0","01","1","40 06:42.025","2","00","76 27:06.017","0","0","0","0","36230","0","0","0","N","0","0","0","2","36410","0","","1","01","N","N","0","","0","0","0","3","2","Y","2050","0","2","0","0","0","0","0","1","0","2","N","","","","","","","","","","","2150","03","  ","","N",""
"0706","0","0","0","0","0","0","0","0","0","4","1","","36","03","2020","2020029013","2","40.1244","-76.47","0703","08","0","0","0","0","0","0","0","0","","0","1","0","07","5","1","03","0","40 07:27.827","","02","76 28:11.915","3","0","0","0","36230","0","0","0","N","0","0","0","2","36410","0","","1","01","N","N","0","","1","0","1","0","0","","0700","1","2","0","0","0","0","0","1","0","2","N","","","","","","","","","","","","03","03","","N","N"
"0709","0","0","0","0","0","0","0","0","0","7","0","","36","03","2020","2020029015","5","40.1348","-76.4651","0657","08","0","0","0","1","0","0","0","0","","0","0","0","06","5","0","02","0","40 08:05.222","","00","76 27:54.277","0","0","0","0","36230","0","0","0","N","0","0","0","1","36410","0","","4","01","N","N","0","","0","0","1","3","3","","0652","0","1","0","0","0","0","0","1","0","1","N","","","","","","","","","","","","03","03","","N",""
"1745","2","0","0","0","0","0","0","0","0","2","0","","36","03","2020","2020029016","5","40.1618","-76.3984","1739","08","0","0","0","0","0","1","0","0","","0","0","0","17","1","0","01","0","40 09:42.427","","00","76 23:54.161","0","0","0","0","36410","0","0","0","N","0","0","0","3","36410","0","","1","01","N","N","0","","0","0","0","3","3","","1735","0","2","0","0","0","0","0","2","0","2","N","","","","","","","","","","","","03","  ","","",""
"0636","0","0","0","0","0","0","0","0","0","7","0","","36","03","2020","2020029017","6","40.2062","-76.3951","0628","08","0","0","1","0","0","0","0","0","","0","1","0","06","2","0","00","1","40 12:22.404","4","00","76 23:42.231","0","0","0","0","36230","0","0","0","N","0","0","0","2","36410","0","","4","09","N","N","0","","0","0","0","0","0","Y","0621","0","1","0","0","0","0","0","1","0","1","N","","","","","","","","","","","0822","07","  ","","",""
"1814","2","0","0","0","0","0","0","0","0","4","0","","36","03","2020","2020029018","6","40.0745","-76.4927","1759","08","0","0","1","0","1","0","0","0","","0","0","0","17","1","2","01","0","40 04:28.272","","00","76 29:33.812","8","0","0","0","36230","0","0","0","N","0","0","0","3","36410","0","","1","01","N","N","0","","0","0","0","3","3","","1758","2","2","0","0","0","2","0","1","0","2","N","","","","","","","","","","","","03","03","","",""
"0558","1","0","0","0","0","0","0","0","0","7","0","","36","03","2020","2020029019","6","40.2157","-76.4324","0550","08","0","0","1","0","0","0","0","0","","0","0","0","05","2","0","00","0","40 12:56.422","","00","76 25:56.730","0","0","0","0","36230","0","0","0","N","0","0","0","1","36410","0","","5","09","N","N","0","","0","0","0","3","8","","0548","0","1","0","0","0","0","0","1","0","1","N","","","","","","","","","","","","05","07","","",""
"0826","1","0","0","0","0","0","0","0","0","7","0","","36","03","2020","2020029020","3","40.1521","-76.4275","0818","08","0","0","0","0","0","0","0","0","","0","0","0","08","1","0","00","0","40 09:07.660","","00","76 25:39.160","0","0","0","0","36230","0","0","0","N","0","0","0","1","36410","0","","5","09","N","N","0","","0","0","0","0","0","","0816","0","1","0","0","0","0","0","1","0","1","N","","","","","","","","","","","","04","03","","",""
"1458","1","0","0","0","0","0","0","0","0","4","0","","36","03","2020","2020029021","5","40.1736","-76.3384","1449","08","0","0","0","0","0","0","0","2","","0","0","0","14","1","0","01","0","40 10:25.133","","00","76 20:18.061","0","0","0","0","36227","0","0","0","N","0","0","0","2","36506","0","","1","01","N","N","0","","0","0","0","3","3","","1449","0","2","0","0","0","0","0","1","1","2","N","","","","","","","","","","","","04","  ","","N",""
"1107","0","0","0","0","0","0","0","0","0","0","0","","36","02","2020","2020029038","3","39.9835","-76.1684","1100","08","0","0","0","0","0","0","0","0","","0","0","0","10","1","0","00","0","39 59:00.705","","00","76 10:06.363","0","0","0","0","36233","0","0","0","N","0","0","0","1","68J01","0","","4","09","N","N","1","","0","0","0","0","0","","1049","0","1","0","0","0","0","0","1","0","1","N","","","","","","","","","","","","07","07","","",""
"0214","1","0","0","0","0","0","0","0","0","7","0","","36","03","2020","2020029040","1","40.1122","-75.9795","0155","08","0","0","0","0","0","0","0","0","","0","0","0","01","2","1","00","2","40 06:43.874","6","00","75 58:46.216","3","0","0","0","36203","0","0","0","N","0","0","0","1","68J01","0","","4","01","N","N","0","","1","0","0","0","0","Y","0155","1","1","0","0","0","0","0","1","0","1","N","","","","","","","","","","","0650","03","03","","N","N"
"2208","1","0","0","0","0","0","0","0","0","7","0","","36","03","2020","2020029045","6","40.0172","-76.0086","2142","08","0","0","0","0","1","0","0","0","","0","0","0","21","2","0","00","0","40 01:01.800","","00","76 00:31.100","0","0","0","0","36232","0","0","0","N","0","0","0","1","68J01","0","","5","09","N","N","0","","0","0","0","0","0","","2112","0","1","0","0","0","0","0","1","0","1","N","","","","","","","","","","","","07","  ","","N","N"
"1051","1","0","1","0","0","0","0","0","0","7","0","","36","03","2020","2020029046","1","39.9154","-76.1826","1038","08","0","0","0","0","0","0","0","0","","0","0","0","10","1","1","00","2","39 54:55.607","6","00","76 10:57.440","2","0","0","0","36229","0","0","0","Y","0","0","0","1","68J01","0","","5","01","N","N","0","","0","1","0","0","0","Y","1000","1","1","0","0","0","0","0","1","0","1","N","","","","","","","","","","","1254","03","03","","",""
"1659","0","0","0","0","0","0","0","0","0","7","0","","36","03","2020","2020029057","1","39.7885","-76.1838","1633","08","0","0","0","0","0","0","0","0","","0","0","0","16","1","1","00","0","39 47:18.648","","00","76 11:01.726","3","0","0","1","36219","0","0","0","N","0","0","0","1","68J01","0","","4","01","N","N","0","","1","0","0","0","0","","1631","1","1","0","0","0","0","0","1","0","1","N","","","","","","","","","","","","03","  ","","N","N"
"1104","1","0","0","0","0","0","0","0","0","0","0","","36","03","2020","2020029079","2","40.2272","-76.3819","1057","08","0","0","0","0","0","0","0","0","","0","0","0","10","1","0","00","0","40 13:38.016","","00","76 22:54.685","0","0","0","0","36217","0","0","0","N","0","0","0","1","68T06","0","","4","08","N","N","0","","0","0","0","0","0","","1057","0","1","0","0","0","0","0","1","0","1","N","","","","","","","","","","","","07","07","","",""
"2126","1","0","0","0","0","0","0","0","0","1","0","","36","03","2020","2020029133","4","40.0822","-76.5276","2125","08","0","1","0","0","0","0","0","0","","0","0","0","21","2","0","00","1","40 04:56.028","2","00","76 31:39.264","0","0","0","0","36211","0","0","0","N","0","0","0","1","36504","0","","1","09","N","N","0","","0","0","0","0","0","N","2125","0","2","0","0","0","0","0","1","0","1","N","","","","","","","","","","","2201","07","  ","","",""
"1645","1","0","0","0","0","0","0","0","0","4","0","","36","03","2020","2020029141","6","40.0423","-76.3249","1640","08","0","0","0","0","0","2","0","0","","0","0","0","16","1","1","01","0","40 02:32.308","","00","76 19:29.474","8","0","0","0","36301","0","0","0","N","0","0","0","3","36301","0","","1","01","N","N","0","","0","0","1","3","3","","1635","1","2","0","0","0","1","0","3","0","2","N","","","","","","","","","","","","03","  ","","N",""
"1706","1","0","0","0","0","0","0","0","0","7","0","","36","02","2020","2020029164","1","40.1856","-76.5454","1657","08","0","0","0","0","0","0","0","0","","0","0","0","16","1","0","00","1","40 11:08.098","1","00","76 32:43.543","0","0","0","0","36225","0","0","0","N","0","0","0","1","36505","0","","5","01","N","N","0","","0","0","0","0","0","N","1654","0","1","0","0","0","0","0","2","0","1","N","","","","","","","","","","","1720","03","  ","","",""
"1209","1","0","0","0","0","0","0","0","0","4","0","","36","03","2020","2020029244","6","40.1628","-76.1499","1200","08","0","0","0","0","0","0","0","1","","0","0","0","11","1","0","01","1","40 09:46.485","1","02","76 08:59.308","0","0","0","0","36218","0","0","0","N","0","0","0","2","36408","0","","1","09","N","N","0","","0","0","1","3","2","Y","1155","0","2","0","0","0","0","0","1","0","2","N","","","","","","","","","","","1241","07","  ","","N","N"
"1832","1","0","0","0","0","0","0","0","0","7","0","","36","03","2020","2020029270","2","40.054","-76.3105","1819","08","0","0","0","0","0","0","0","0","","0","0","0","18","4","0","02","1","40 03:14.127","2","00","76 18:38.123","9","0","0","0","36101","0","0","0","N","0","0","0","1","36101","0","","5","09","N","N","0","","0","0","0","0","0","N","1816","0","1","0","0","0","0","1","3","0","1","N","","","","","","","","","","","2217","03","  ","","",""
"1933","1","0","0","0","0","0","0","0","0","7","0","","36","03","2020","2020029407","4","40.0373","-76.3122","1933","08","0","0","0","0","0","0","1","0","","0","0","0","19","3","1","00","1","40 02:14.146","3","00","76 18:43.892","3","0","0","0","36301","0","0","0","N","0","0","0","1","36301","0","","5","01","N","N","0","","1","0","0","0","0","Y","1926","1","1","0","0","0","0","0","3","0","1","N","","","","","","","","","","","2004","03","03","","N","N"
"1500","0","0","0","0","0","0","0","0","0","8","0","","36","03","2020","2020029413","7","40.0527","-76.3065","1459","08","0","0","0","0","0","0","0","0","","0","0","0","14","1","1","00","0","40 03:09.800","","00","76 18:23.225","3","0","0","0","36301","1","0","0","N","1","0","0","3","36301","0","","1","01","N","N","0","","1","0","1","0","0","","1459","1","2","0","0","0","0","0","3","0","1","N","","","","","","","","","","","","03","03","","",""
"0653","1","0","0","0","0","0","0","0","0","4","0","","36","03","2020","2020029414","5","40.0371","-76.3238","0647","08","0","0","0","0","0","1","0","0","","0","0","0","06","1","0","01","0","40 02:13.448","","00","76 19:25.788","0","0","0","0","36301","0","0","0","N","0","0","0","2","36301","0","","1","01","N","N","0","","0","0","1","3","3","","0647","0","2","0","0","0","0","0","3","0","2","N","","","","","","","","","","","","03","03","","N",""
"0608","1","0","0","0","0","0","0","0","0","4","0","","36","03","2020","2020029505","3","40.1425","-76.1521","0556","08","0","0","0","0","0","0","0","0","","0","0","0","05","5","0","02","0","40 08:33.006","","00","76 09:07.422","0","0","0","0","36238","0","0","0","N","0","0","0","2","36238","0","","1","09","N","N","0","","0","0","1","3","3","","0555","0","2","0","0","0","0","0","3","0","2","N","","","","","","","","","","","","05","  ","","N","N"
"0143","1","0","0","0","0","0","0","0","0","7","0","","36","03","2020","2020029527","5","40.0289","-76.2272","0143","08","0","0","0","0","0","0","0","0","","0","0","0","01","3","1","00","0","40 01:44.149","","00","76 13:37.770","2","0","0","0","36215","0","0","0","N","0","0","0","1","36215","0","","5","01","N","N","0","","0","1","0","0","0","","0141","1","1","0","0","0","0","0","1","0","1","N","","","","","","","","","","","","03","03","","",""
"2156","1","0","0","0","0","0","0","0","0","1","0","","36","03","2020","2020029528","5","40.0886","-76.2099","2154","08","0","0","0","0","0","1","0","0","","0","0","0","21","3","1","00","2","40 05:19.020","7","00","76 12:35.460","3","0","0","0","36234","0","0","0","N","0","0","0","1","36215","0","","6","01","N","N","0","","1","0","0","0","0","Y","2153","1","2","0","0","1","0","0","1","1","2","N","","","","","","","","","","","2300","03","  ","","N","N"
"1311","0","0","0","0","0","0","0","0","0","4","0","","36","03","2020","2020029529","6","40.0921","-76.1558","1305","08","0","0","0","0","0","0","1","0","","0","0","0","13","1","2","02","1","40 05:31.525","6","00","76 09:20.788","3","0","0","0","36234","0","0","0","N","0","0","0","8","36215","1","","1","01","N","N","1","","1","0","1","0","0","N","1305","2","3","0","0","0","0","0","1","1","3","N","","","","","","","","","","","0045","03","03","","N",""
"1935","2","0","0","0","0","0","0","0","0","4","0","","36","03","2020","2020029592","5","40.0329","-76.3076","1929","08","0","0","0","0","0","1","0","0","","0","0","0","19","3","1","02","1","40 01:58.540","6","00","76 18:27.259","3","0","0","0","36301","0","0","0","N","0","0","0","2","36301","0","","1","01","N","N","0","","1","0","0","3","3","Y","1927","1","2","0","0","0","0","0","3","0","2","N","","","","","","","","","","","2000","03","03","","",""
"1938","1","0","0","0","0","0","0","0","0","5","0","","36","03","2020","2020029608","6","40.2132","-76.1215","1934","08","0","0","0","0","0","0","0","0","","0","0","0","19","3","0","00","1","40 12:47.490","2","00","76 07:17.250","0","0","0","0","36210","0","0","0","N","0","0","0","1","36210","0","","6","09","N","N","1","","0","0","2","0","0","N","1933","0","4","0","0","0","0","0","1","0","4","N","","","","","","","","","","","2020","07","  ","","Y","N"
"1010","0","0","0","0","0","0","0","0","0","7","0","","36","03","2020","2020029700","5","40.0318","-76.4553","1007","08","0","0","0","0","0","1","0","0","","0","0","0","10","1","0","00","0","40 01:54.600","","00","76 27:18.900","0","0","0","0","36239","0","0","0","N","0","0","0","1","36239","0","","4","01","N","N","0","","0","0","1","0","0","","1007","0","1","0","0","0","0","0","3","0","1","N","","","","","","","","","","","","03","03","","N","N"
"1102","3","0","0","0","0","0","0","0","0","4","0","","36","03","2020","2020029701","5","40.0431","-76.3022","1100","08","0","0","0","0","0","0","0","0","","0","0","0","10","1","0","01","1","40 02:35.283","1","00","76 18:08.098","9","0","0","0","36301","0","0","0","N","0","0","0","3","36301","0","","1","09","N","N","0","","0","0","0","3","2","Y","1059","0","3","0","0","0","0","1","3","0","3","N","","","","","","","","","","","1130","07","07","","N",""
"2125","1","0","0","0","0","0","0","0","0","7","0","","36","03","2020","2020029702","5","40.1714","-76.3879","2124","08","0","1","0","0","0","0","0","0","","0","0","0","21","2","0","00","1","40 10:16.980","4","00","76 23:16.330","0","0","0","0","36227","0","0","0","N","0","0","0","1","36506","0","","2","01","N","N","0","","0","0","0","0","0","N","2124","0","1","0","0","0","0","0","1","0","1","N","","","","","","","","","","","0030","03","  ","","N","N"
"1429","3","0","0","0","0","0","0","0","0","6","0","","36","03","2020","2020029774","6","40.2181","-76.108","1425","08","0","0","0","0","0","1","0","0","","0","0","0","14","1","0","00","0","40 13:05.287","","00","76 06:28.896","0","0","0","0","36210","0","0","0","N","0","0","0","2","36210","0","","1","01","N","N","0","","0","0","0","0","0","","1425","0","4","0","0","0","0","0","1","1","4","N","","","","","","","","","","","","03","  ","","Y","N"
"1121","1","0","0","0","0","0","0","0","0","7","0","","36","03","2020","2020029814","6","40.2853","-76.1894","1116","08","0","0","0","0","0","0","0","0","","0","0","0","10","1","0","00","0","40 17:07.094","","00","76 11:21.893","0","0","0","0","36236","0","0","0","N","0","0","0","1","36408","0","","5","09","N","N","0","","0","0","0","0","0","","1018","0","1","0","0","0","0","0","1","0","1","N","","","","","","","","","","","","07","  ","","N","N"
"0817","2","0","0","0","0","0","0","0","0","5","0","","36","03","2020","2020029825","5","40.0362","-76.3067","0815","08","0","0","0","1","0","0","0","0","","0","0","0","08","1","0","00","1","40 02:10.382","3","00","76 18:24.210","0","0","0","0","36301","0","0","0","N","0","0","0","1","36301","0","","1","01","N","N","0","","0","0","0","0","0","Y","0815","0","2","0","0","0","0","0","3","0","2","N","","","","","","","","","","","0850","03","  ","","N","N"
"0905","2","0","0","0","0","0","0","0","0","4","0","","36","03","2020","2020029959","2","40.1345","-76.5634","0859","08","0","0","0","0","0","1","1","0","","0","0","0","08","1","1","01","0","40 08:04.079","","00","76 33:48.169","8","0","0","0","36225","0","0","0","N","0","0","0","2","36505","0","","1","09","N","N","0","","0","0","0","3","2","N","0855","1","2","0","0","0","1","0","2","0","2","N","","","","","","","","","","","","07","  ","","",""
"1615","1","0","0","0","0","0","0","0","0","7","0","","36","03","2020","2020029961","2","40.2434","-76.1029","1613","08","0","1","0","0","0","0","0","0","","0","0","0","16","1","0","00","1","40 14:36.200","6","00","76 06:10.500","0","0","0","0","36210","0","0","0","N","0","0","0","1","36210","0","","5","09","N","N","0","","0","0","0","0","0","N","1609","0","1","0","0","0","0","0","1","0","1","N","","","","","","","","","","","1645","07","07","","N","N"
"1217","2","0","0","0","0","0","0","0","0","4","0","","36","03","2020","2020029962","1","40.0302","-76.293","1217","08","0","0","0","0","0","1","0","0","","0","0","0","12","1","0","01","0","40 01:48.723","","00","76 17:34.850","0","0","0","0","36301","0","0","0","N","0","0","0","2","36301","0","","1","09","N","N","0","","0","0","0","0","0","","1217","0","2","0","0","0","0","0","3","0","2","N","","","","","","","","","","","","07","  ","","N",""
"1614","1","0","0","0","0","0","0","0","0","1","0","","36","03","2020","2020029996","6","40.0605","-76.5358","1604","08","0","0","0","1","0","0","0","1","","0","0","0","16","1","0","00","0","40 03:37.825","","00","76 32:08.940","0","0","0","0","36211","0","0","0","N","0","0","0","7","36504","0","","1","01","N","N","0","","0","0","2","3","2","N","1602","0","3","0","0","0","0","0","1","0","3","N","","","","","","","","","","","","03","  ","","N","Y"
"1409","1","0","0","0","0","0","0","0","0","4","0","","36","03","2020","2020030002","3","40.0615","-76.5683","1402","08","0","0","0","0","0","2","0","0","","0","0","0","14","1","0","00","0","40 03:41.544","","07","76 34:05.875","0","0","0","0","36211","0","0","0","N","0","0","0","2","36504","0","","1","01","N","N","0","","0","0","1","0","0","","1402","0","2","0","0","0","0","0","1","0","2","N","","","","","","","","","","","","03","  ","","N","Y"
"1408","0","0","0","0","0","0","0","0","0","7","0","","36","03","2020","2020030014","7","40.0693","-76.2874","1403","08","0","0","0","0","0","1","0","0","","0","0","0","14","1","1","07","1","40 04:09.529","2","02","76 17:14.737","3","0","0","0","36101","0","0","0","N","0","0","0","1","36101","0","","2","09","N","N","1","","1","0","0","0","0","N","1401","1","1","0","0","0","0","0","3","0","1","N","","","","","","","","","","","1455","07","04","","",""
"2008","0","0","0","0","0","0","0","0","0","7","0","","36","03","2020","2020030015","7","40.0324","-76.4444","1957","08","0","0","0","0","0","1","0","0","","0","0","0","19","2","0","00","0","40 01:56.570","","00","76 26:39.850","0","0","0","0","36239","0","0","0","N","0","0","0","1","36239","0","","4","09","N","N","0","","0","0","1","0","0","","1952","0","1","0","0","0","0","0","3","0","1","N","","","","","","","","","","","","07","  ","","N","N"
"0842","1","0","0","0","0","0","0","0","0","7","0","","36","03","2020","2020030046","7","40.2282","-76.3642","0826","08","0","0","0","0","0","0","0","0","","0","0","0","08","1","1","00","0","40 13:41.599","","00","76 21:51.269","8","0","0","0","36217","0","0","0","N","0","0","0","1","68T06","0","","2","09","N","N","0","","0","0","0","0","0","","0826","1","1","0","0","0","1","0","1","0","1","N","","","","","","","","","","","","07","  ","","",""
"1953","1","0","0","0","0","0","0","0","0","4","0","","36","03","2020","2020030078","7","40.0381","-76.3529","1943","08","0","0","0","0","0","1","0","0","","0","0","0","19","3","0","10","0","40 02:17.060","","00","76 21:10.469","0","0","0","0","36223","0","0","0","N","0","0","0","2","36223","0","","1","09","N","N","0","","0","0","1","0","0","","1941","0","2","0","0","0","0","0","1","0","2","N","","","","","","","","","","","","07","  ","","",""
"0018","1","0","0","0","0","0","0","0","0","7","0","","36","03","2020","2020030079","1","40.0264","-76.3945","0012","08","0","0","0","0","0","0","0","0","","0","0","0","00","2","1","00","2","40 01:35.095","7","00","76 23:40.048","3","0","0","0","36223","0","0","0","N","0","0","0","1","36223","0","","5","09","N","N","0","","1","0","0","0","0","Y","0010","1","1","0","0","0","0","0","1","0","1","N","","","","","","","","","","","0215","03","03","","N","N"
"1618","0","0","0","0","0","0","0","0","0","1","0","","36","03","2020","2020030175","5","40.1261","-76.2145","1613","08","0","0","0","0","0","1","0","0","","0","0","0","16","1","0","00","2","40 07:34.117","6","07","76 12:52.329","0","0","0","0","36238","0","0","0","N","0","0","0","2","36238","0","","1","01","N","N","2","","0","0","0","0","0","Y","1613","0","2","0","0","0","0","0","3","0","2","N","","","","","","","","","","","1700","03","  ","","N","N"
"1940","1","0","0","0","0","0","0","0","0","7","0","","36","03","2020","2020030184","1","40.0583","-76.2741","1936","08","0","0","0","0","0","0","0","0","","0","0","0","19","4","0","00","0","40 03:29.955","","00","76 16:26.689","0","0","0","0","36101","0","0","0","N","0","0","0","1","36101","0","","5","01","N","N","0","","0","0","0","0","0","","1931","0","1","0","0","0","0","0","3","0","1","N","","","","","","","","","","","","03","  ","","",""
"1708","1","0","0","0","0","0","0","0","0","7","0","","36","03","2020","2020030185","1","40.0804","-76.2478","1705","08","0","0","0","0","0","0","0","0","","0","0","0","17","1","1","00","2","40 04:49.454","4","00","76 14:51.937","4","0","0","0","36215","0","0","0","N","0","0","0","1","36215","1","","5","01","N","N","0","","0","0","0","0","0","N","1701","1","1","0","0","0","0","0","1","0","1","N","","","","","","","","","","","1805","03","03","","",""
"0912","1","0","0","0","0","0","0","0","0","1","0","","36","02","2020","2020030186","1","40.0167","-76.1635","0904","08","0","0","0","1","0","0","1","0","","0","1","0","09","1","0","00","0","40 00:59.947","","00","76 09:48.596","0","0","0","0","36215","0","0","0","N","0","0","0","2","36215","0","","1","09","N","N","0","","0","0","0","0","0","","0900","0","2","0","0","0","0","0","1","0","2","N","","","","","","","","","","","","07","  ","","",""
"0027","0","0","0","0","0","0","0","0","0","7","0","","36","03","2020","2020030187","3","40.0698","-76.2065","0020","08","0","0","0","0","0","0","0","0","","0","0","0","00","3","0","00","0","40 04:11.209","","00","76 12:23.459","0","0","0","0","36234","0","0","0","N","0","0","0","1","36215","0","","5","01","N","N","0","","0","0","1","0","0","","0018","0","1","0","0","0","0","0","1","0","1","N","","","","","","","","","","","","04","  ","","",""
"0748","0","0","0","0","0","0","0","0","0","4","0","","36","03","2020","2020030188","6","40.0807","-76.2441","0741","08","0","0","0","0","0","1","0","0","","0","0","0","07","1","0","02","0","40 04:50.696","","00","76 14:38.898","0","0","0","0","36215","0","0","0","N","0","0","0","2","36215","0","","1","09","N","N","0","","0","0","1","3","3","","0738","0","2","0","0","0","0","0","1","1","2","N","","","","","","","","","","","","03","  ","","N",""
"0533","1","0","0","0","0","0","0","0","0","7","0","","36","03","2020","2020030189","1","39.9813","-76.4029","0526","08","0","0","0","0","0","0","0","0","","0","0","0","05","2","1","00","2","39 58:52.506","6","00","76 24:10.450","3","0","0","0","36223","0","0","0","N","0","0","0","1","36223","0","","5","01","N","N","0","","1","0","0","0","0","Y","0524","1","2","0","0","0","0","0","1","1","2","N","","","","","","","","","","","0730","03","  ","","N","N"
"1833","1","0","0","0","0","0","0","0","0","7","1","","36","03","2020","2020030211","6","40.21","-76.0395","1832","08","0","0","0","0","0","0","0","0","","0","1","0","18","1","2","00","1","40 12:35.960","4","00","76 02:22.090","8","0","0","0","36202","0","0","0","N","0","0","0","3","68T06","0","","3","01","N","N","0","","0","0","0","0","0","N","1832","2","2","0","0","0","2","0","1","0","2","N","","","","","","","","","","","1930","03","03","","",""
"0056","0","0","0","0","0","0","0","0","0","7","1","","36","03","2020","2020030213","7","40.209","-76.0242","0042","08","0","0","0","0","0","0","0","0","","0","1","0","00","2","0","00","1","40 12:32.481","3","00","76 01:27.119","0","0","0","0","36202","0","0","0","N","0","0","0","1","68T06","0","","3","01","N","N","0","","0","0","0","0","0","N","0040","0","1","0","0","0","0","0","1","0","1","N","","","","","","","","","","","0145","03","03","","",""
"0745","1","0","0","0","0","0","0","0","0","2","0","","36","03","2020","2020030214","7","40.1437","-75.904","0723","08","0","0","1","0","0","0","0","0","","0","0","0","07","1","0","00","2","40 08:37.369","1","00","75 54:14.242","0","0","0","0","36203","0","0","0","N","0","0","0","3","68J01","0","","1","01","N","N","0","","0","0","1","0","0","N","0722","0","2","0","0","0","0","0","1","0","2","N","","","","","","","","","","","0830","03","  ","","",""