"ARRIVAL_TM","AUTOMOBILE_COUNT","BELTED_DEATH_COUNT","BELTED_SUSP_SERIOUS_INJ_COUNT","BICYCLE_COUNT","BICYCLE_DEATH_COUNT","BICYCLE_SUSP_SERIOUS_INJ_COUNT","BUS_COUNT","CHLDPAS_DEATH_COUNT","CHLDPAS_SUSP_SERIOUS_INJ_COUNT","COLLISION_TYPE","COMM_VEH_COUNT","CONS_ZONE_SPD_LIM","COUNTY","CRASH_MONTH","CRASH_YEAR","CRN","DAY_OF_WEEK","DEC_LAT","DEC_LONG","DISPATCH_TM","DISTRICT","DRIVER_COUNT_16YR","DRIVER_COUNT_17YR","DRIVER_COUNT_18YR","DRIVER_COUNT_19YR","DRIVER_COUNT_20YR","DRIVER_COUNT_50_64YR","DRIVER_COUNT_65_74YR","DRIVER_COUNT_75PLUS","EST_HRS_CLOSED","FATAL_COUNT","HEAVY_TRUCK_COUNT","HORSE_BUGGY_COUNT","HOUR_OF_DAY","ILLUMINATION","INJURY_COUNT","INTERSECT_TYPE","LANE_CLOSED","LATITUDE","LN_CLOSE_DIR","LOCATION_TYPE","LONGITUDE","MAX_SEVERITY_LEVEL","MCYCLE_DEATH_COUNT","MCYCLE_SUSP_SERIOUS_INJ_COUNT","MOTORCYCLE_COUNT","MUNICIPALITY","NONMOTR_COUNT","NONMOTR_DEATH_COUNT","NONMOTR_SUSP_SERIOUS_INJ_COUNT","NTFY_HIWY_MAINT","PED_COUNT","PED_DEATH_COUNT","PED_SUSP_SERIOUS_INJ_COUNT","PERSON_COUNT","POLICE_AGCY","POSSIBLE_INJ_COUNT","RDWY_SURF_TYPE_CD","RELATION_TO_ROAD","ROAD_CONDITION","SCH_BUS_IND","SCH_ZONE_IND","SMALL_TRUCK_COUNT","SPEC_JURIS_CD","SUSP_MINOR_INJ_COUNT","SUSP_SERIOUS_INJ_COUNT","SUV_COUNT","TCD_FUNC_CD","TCD_TYPE","TFC_DETOUR_IND","TIME_OF_DAY","TOT_INJ_COUNT","TOTAL_UNITS","UNB_DEATH_COUNT","UNB_SUSP_SERIOUS_INJ_COUNT","UNBELTED_OCC_COUNT","UNK_INJ_DEG_COUNT","UNK_INJ_PER_COUNT","URBAN_RURAL","VAN_COUNT","VEHICLE_COUNT","WORK_ZONE_IND","WORK_ZONE_LOC","WORK_ZONE_TYPE","WORKERS_PRES","WZ_CLOSE_DETOUR","WZ_FLAGGER","WZ_LAW_OFFCR_IND","WZ_LN_CLOSURE","WZ_MOVING","WZ_OTHER","WZ_SHLDER_MDN","ROADWAY_CLEARED","WEATHER1","WEATHER2","WZ_WORKERS_INJ_KILLED","SECONDARY_CRASH","INTERSECTION_RELATED"
"1720","2","0","0","0","0","0","0","0","0","0","0","","36","04","2020","2020033668","4","40.0693","-76.3076","1711","08","0","0","0","0","1","0","0","0","","0","0","0","17","1","0","00","0","40 04:09.368","","00","76 18:27.303","0","0","0","0","36101","0","0","0","N","0","0","0","2","36101","0","","1","01","N","N","0","","0","0","0","0","0","","1703","0","2","0","0","0","0","0","3","0","2","N","","","","","","","","","","","","03","03","","",""
"1720","1","0","0","0","0","0","0","0","0","4","0","","36","04","2020","2020033669","7","40.0713","-76.2692","1703","08","0","0","0","0","0","0","0","0","","0","0","0","16","1","0","00","1","40 04:16.822","4","00","76 16:09.129","0","0","0","0","36101","0","0","0","N","0","0","0","3","36101","0","","1","01","N","N","1","","0","0","0","0","0","N","1655","0","2","0","0","0","0","0","3","0","2","N","","","","","","","","","","","1805","03","03","","",""
"1702","2","0","0","0","0","0","0","0","0","4","0","","36","04","2020","2020033713","1","40.0334","-76.2943","1700","08","0","0","0","0","0","0","0","0","","0","0","0","16","1","0","00","2","40 02:00.100","5","07","76 17:39.600","0","0","0","0","36301","0","0","0","N","0","0","0","4","36301","0","","1","01","N","N","0","","0","0","0","0","0","N","1658","0","2","0","0","0","0","0","3","0","2","N","","","","","","","","","","","1751","03","03","","N","N"
"0709","0","0","1","0","0","0","0","0","0","4","0","","36","04","2020","2020033739","6","40.1715","-75.9282","0635","08","0","0","0","0","1","1","0","0","","0","0","0","06","1","2","01","1","40 10:17.433","2","00","75 55:41.348","2","0","0","0","36203","0","0","0","N","0","0","0","2","68J01","0","","1","01","N","N","1","","1","1","1","3","3","N","0628","2","2","0","0","0","0","0","1","0","2","N","","","","","","","","","","","0810","03","  ","","N","N"
"0626","0","0","0","0","0","0","0","0","0","98","1","","36","04","2020","2020033751","1","40.2456","-76.1867","0613","08","0","0","0","0","0","0","0","0","","0","1","0","06","2","0","00","0","40 14:44.022","","00","76 11:12.121","0","0","0","0","36236","0","0","0","N","0","0","0","1","68T06","0","","1","01","N","N","0","","0","0","0","0","0","","0610","0","1","0","0","0","0","0","1","0","1","N","","","","","","","","","","","","03","  ","","",""
"0646","1","0","0","0","0","0","0","0","0","1","0","","36","04","2020","2020033772","6","40.2176","-76.1519","0641","08","0","0","0","1","0","0","0","0","","0","0","0","06","1","0","00","2","40 13:03.479","5","00","76 09:07.007","0","0","0","0","36236","0","0","0","N","0","0","0","2","36408","0","","1","01","N","N","1","","0","0","0","0","0","Y","0641","0","2","0","0","0","0","0","1","0","2","N","","","","","","","","","","","0754","03","  ","","",""
"1411","1","0","0","0","0","0","0","0","0","7","0","","36","04","2020","2020033789","2","40.0081","-76.298","1407","08","0","0","0","0","0","0","0","1","","0","0","0","14","1","1","00","2","40 00:29.045","5","00","76 17:52.656","3","0","0","0","36240","0","0","0","Y","0","0","0","1","36240","0","","5","01","N","N","0","","1","0","0","0","0","Y","1400","1","1","0","0","0","0","0","1","0","1","N","","","","","","","","","","","1453","03","  ","","",""
"1139","0","0","0","0","0","0","0","0","0","4","0","","36","03","2020","2020033806","3","39.8848","-76.1613","1132","08","0","0","0","0","0","0","0","1","","0","0","0","11","1","1","02","1","39 53:05.445","2","00","76 09:40.638","4","0","0","0","36212","0","0","0","N","0","0","0","5","68J01","1","","1","09","N","N","0","","0","0","0","3","3","N","1125","1","2","0","0","0","0","0","1","2","2","N","","","","","","","","","","","0030","04","07","","",""
"1424","0","0","0","0","0","0","0","0","0","4","1","","36","04","2020","2020033818","5","39.984","-76.0854","1415","08","0","0","0","0","0","2","0","0","","0","1","0","14","1","0","02","0","39 59:02.363","","00","76 05:07.317","0","0","0","0","36226","0","0","0","N","0","0","0","2","68J01","0","","1","01","N","N","0","","0","0","1","0","0","","1400","0","2","0","0","0","0","0","1","0","2","N","","","","","","","","","","","","03","08","","",""
"2044","0","0","0","0","0","0","0","0","0","7","0","","36","04","2020","2020033849","6","39.7938","-76.1659","2025","08","0","0","0","0","0","0","0","0","","0","0","0","20","2","0","00","1","39 47:37.541","1","00","76 09:57.201","0","0","0","0","36219","0","0","0","Y","0","0","0","1","68J01","0","","5","01","N","N","0","","0","0","1","0","0","N","2020","0","1","0","0","0","0","0","1","0","1","N","","","","","","","","","","","2130","07","  ","","",""
"1126","0","0","0","0","0","0","0","0","0","0","0","","36","04","2020","2020033887","2","40.1014","-76.257","1126","08","0","0","0","0","0","1","0","0","","0","0","0","11","1","0","00","0","40 06:05.006","","00","76 15:25.046","0","0","0","0","36101","0","0","0","N","0","0","0","1","36101","0","","1","01","N","N","1","","0","0","0","0","0","","1115","0","1","0","0","0","0","0","3","0","1","N","","","","","","","","","","","","03","  ","","",""
"1441","1","0","0","0","0","0","0","0","0","4","0","","36","04","2020","2020033888","4","40.0635","-76.3589","1436","08","0","0","0","0","0","0","1","0","","0","0","0","14","1","0","01","1","40 03:48.686","6","00","76 21:32.100","0","0","0","0","36214","0","0","0","N","0","0","0","3","36214","0","","1","01","N","N","0","","0","0","1","3","3","Y","1434","0","2","0","0","0","0","0","3","0","2","N","","","","","","","","","","","0050","04","04","","",""
"1900","0","0","0","0","0","0","0","0","0","1","2","","36","04","2020","2020034005","4","40.0249","-76.2051","1853","08","0","0","0","0","0","1","0","0","","0","1","0","18","1","2","00","0","40 01:29.589","","00","76 12:18.361","3","0","0","0","36215","0","0","0","N","0","0","0","3","36215","0","","1","01","N","N","0","","2","0","0","0","0","","1852","2","2","0","0","0","0","0","1","1","2","N","","","","","","","","","","","","03","03","","",""
"0608","1","0","1","0","0","0","0","0","0","7","0","","36","04","2020","2020034006","3","40.0157","-76.3822","0601","08","0","0","0","0","0","1","0","0","","0","0","0","06","1","1","00","0","40 00:56.630","","00","76 22:55.760","2","0","0","0","36223","0","0","0","N","0","0","0","1","36223","0","","5","01","N","N","0","","0","1","0","0","0","","0600","1","1","0","0","0","0","0","1","0","1","N","","","","","","","","","","","","04","  ","","",""
"1120","1","0","0","0","0","0","0","0","0","7","0","","36","04","2020","2020034082","6","40.2284","-76.4525","1108","08","0","0","0","0","1","0","0","0","","0","0","0","11","1","0","00","0","40 13:42.204","","00","76 27:08.859","0","0","0","0","36230","0","0","0","Y","0","0","0","1","68T06","0","","2","01","N","N","0","","0","0","0","0","0","","1108","0","1","0","0","0","0","0","1","0","1","N","","","","","","","","","","","","03","03","","N","N"
"2036","2","0","0","0","0","0","0","0","0","4","0","","36","04","2020","2020034121","6","40.0434","-76.3002","2035","08","0","0","0","0","0","0","0","0","","0","0","0","20","3","1","01","1","40 02:36.085","4","00","76 18:00.691","3","0","0","0","36301","0","0","0","N","0","0","0","1","36301","0","","4","01","N","N","0","","1","0","0","0","0","N","2034","1","2","0","0","1","0","0","3","0","2","N","","","","","","","","","","","2100","03","03","","",""
"0557","1","0","0","0","0","0","0","0","0","4","0","","36","04","2020","2020034134","3","40.0386","-76.3358","0554","08","0","0","0","0","0","2","0","0","","0","0","0","05","3","0","01","0","40 02:18.842","","00","76 20:08.849","0","0","0","0","36220","0","0","0","N","0","0","0","2","36101","0","","1","01","N","N","0","","0","0","1","3","2","","0554","0","2","0","0","0","0","0","3","0","2","N","","","","","","","","","","","","03","  ","","",""
"1817","1","0","0","0","0","0","0","0","0","2","0","","36","04","2020","2020034139","1","40.0313","-76.4827","1813","08","0","0","0","0","0","1","0","0","","0","0","0","18","1","1","00","2","40 01:52.696","6","00","76 28:57.703","8","0","0","0","36404","0","0","0","N","0","0","0","2","36404","0","","1","01","N","N","1","","0","0","0","0","0","Y","1813","1","2","0","0","0","1","0","3","0","2","N","","","","","","","","","","","1854","03","03","","",""
"1434","3","0","0","0","0","0","0","0","0","4","0","","36","04","2020","2020034195","7","40.031","-76.3209","1417","08","0","0","0","0","0","0","0","0","","0","0","0","14","1","0","01","0","40 01:51.430","","00","76 19:15.123","0","0","0","0","36301","0","0","0","N","0","0","0","2","36301","0","","1","01","N","N","0","","0","0","1","3","2","N","1417","0","5","0","0","0","0","0","3","0","4","N","","","","","","","","","","","","03","  ","","N",""
"0826","1","0","0","0","0","0","0","0","0","7","0","","36","04","2020","2020034231","5","40.104","-76.2542","0820","08","0","0","0","0","0","0","0","0","","0","0","0","08","1","0","00","0","40 06:14.338","","00","76 15:14.948","0","0","0","0","36101","0","0","0","N","0","0","0","1","36101","0","","5","01","N","N","0","","0","0","0","0","0","","0817","0","1","0","0","0","0","0","3","0","1","N","","","","","","","","","","","","03","  ","","",""
"0502","0","0","0","0","0","0","0","0","0","6","1","","36","04","2020","2020034263","4","39.9354","-76.2032","0452","08","0","0","0","0","0","2","0","0","","0","1","0","04","2","1","00","2","39 56:07.599","5","00","76 12:11.486","3","0","0","0","36229","0","0","0","N","0","0","0","3","68J01","0","","1","09","N","N","1","","1","0","1","0","0","Y","0449","1","3","0","0","0","0","0","1","0","3","N","","","","","","","","","","","0645","03","07","","",""
"2047","4","0","0","0","0","0","0","0","0","5","0","","36","04","2020","2020034300","3","40.039","-76.3108","2039","08","0","0","0","0","0","0","0","0","","0","0","0","20","3","0","00","1","40 02:20.379","1","00","76 18:38.964","9","0","0","0","36301","0","0","0","N","0","0","0","3","36301","0","","6","01","N","N","0","","0","0","0","0","0","N","2034","0","4","0","0","0","0","2","3","0","4","N","","","","","","","","","","","2130","03","03","","",""
"1828","1","0","0","0","0","0","0","0","0","7","0","","36","01","2020","2020034321","2","40.1093","-76.4851","1827","08","0","0","0","0","0","0","0","1","","0","0","0","18","3","0","01","0","40 06:33.533","","00","76 29:06.204","0","0","0","0","36413","0","0","0","N","0","0","0","1","36413","0","","5","01","N","N","0","","0","0","0","3","2","","1824","0","1","0","0","0","0","0","2","0","1","N","","","","","","","","","","","","03","  ","","",""
"1842","0","0","0","0","0","0","0","0","0","4","0","","36","04","2020","2020034385","6","39.7566","-76.1019","1822","08","0","0","0","0","0","1","1","0","","0","0","0","18","1","0","01","1","39 45:23.612","2","00","76 06:06.843","0","0","0","0","36222","0","0","0","N","0","0","0","5","68J01","0","","1","01","N","N","1","","0","0","2","3","3","N","1820","0","3","0","0","0","0","0","1","0","3","N","","","","","","","","","","","0100","04","04","","N","N"
"0435","2","0","0","0","0","0","0","0","0","1","0","","36","04","2020","2020034466","3","39.9977","-76.0551","0424","08","0","0","0","0","0","0","0","0","","0","0","0","04","2","0","00","1","39 59:51.581","4","00","76 03:18.246","0","0","0","0","36232","0","0","0","N","0","0","0","4","68J01","0","","1","01","N","N","0","","0","0","0","0","0","N","0421","0","2","0","0","0","0","0","1","0","2","N","","","","","","","","","","","0515","03","03","","N","N"
"1253","0","0","0","0","0","0","0","0","0","0","1","","36","04","2020","2020034467","3","40.0971","-75.9463","1239","08","0","0","0","0","0","0","0","0","","0","1","0","12","1","0","00","1","40 05:49.400","7","00","75 56:46.800","0","0","0","0","36232","0","0","0","N","0","0","0","1","68J01","0","","4","09","N","N","0","","0","0","0","0","0","Y","1230","0","1","0","0","0","0","0","1","0","1","N","","","","","","","","","","","1500","07","04","","",""
"2000","2","0","0","0","0","0","0","0","0","4","0","","36","04","2020","2020034491","5","40.04","-76.3016","1956","08","0","0","1","0","0","0","0","0","","0","0","0","19","3","0","01","1","40 02:24.019","1","00","76 18:05.911","0","0","0","0","36301","0","0","0","N","0","0","0","7","36301","0","","1","09","N","N","0","","0","0","1","3","2","N","1955","0","3","0","0","0","0","0","3","0","3","N","","","","","","","","","","","2040","07","07","","Y",""
"0140","0","0","0","0","0","0","0","0","0","7","0","","36","03","2020","2020034498","1","40.1233","-76.7124","0113","08","0","0","0","0","0","0","0","0","","0","0","0","01","2","2","00","2","40 07:24.028","5","00","76 42:44.755","8","0","0","0","36207","0","0","0","N","0","0","0","2","36504","0","","4","01","N","N","0","","0","0","1","0","0","Y","0110","2","1","0","0","0","2","0","1","0","1","N","","","","","","","","","","","0238","03","  ","","N","N"
"0140","2","0","0","0","0","0","0","0","0","5","0","","36","04","2020","2020034506","1","40.0363","-76.3343","0135","08","0","0","0","0","0","0","0","0","","0","0","0","01","3","0","00","2","40 02:10.500","3","00","76 20:03.640","0","0","0","0","36220","0","0","0","N","0","0","0","1","36101","0","","6","01","N","N","0","","0","0","2","0","0","N","0124","0","4","0","0","0","0","0","3","0","4","N","","","","","","","","","","","0230","03","03","","N","N"
"1619","1","0","0","0","0","0","0","0","0","4","0","","36","04","2020","2020034519","3","40.0378","-76.4937","1615","08","0","0","0","0","0","2","0","0","","0","0","0","16","1","0","01","1","40 02:15.928","1","00","76 29:37.283","0","0","0","0","36404","0","0","0","N","0","0","0","2","36404","0","","1","01","N","N","0","","0","0","1","3","3","Y","1615","0","2","0","0","0","0","0","3","0","2","N","","","","","","","","","","","1640","03","03","","N",""
"1617","3","0","0","0","0","0","0","0","0","1","0","","36","04","2020","2020034527","3","40.0421","-76.2971","1609","08","0","0","0","0","0","1","0","0","","0","0","0","16","1","0","00","0","40 02:31.500","","00","76 17:49.600","9","0","0","0","36301","0","0","0","N","0","0","0","4","36301","0","","1","01","N","N","0","","0","0","0","0","0","","1609","0","3","0","0","0","0","1","3","0","3","N","","","","","","","","","","","","03","  ","","N","Y"
"1318","0","0","0","0","0","0","0","0","0","0","1","","36","04","2020","2020034618","3","40.0685","-76.2886","1318","08","0","0","0","0","0","0","0","0","","0","1","0","13","1","0","00","2","40 04:06.482","2","02","76 17:18.947","0","0","0","0","36101","0","0","0","N","0","0","0","1","36101","0","","1","09","N","N","0","","0","0","0","0","0","Y","1318","0","1","0","0","0","0","0","3","0","1","N","","","","","","","","","","","1520","07","  ","","",""
"2035","2","0","0","0","0","0","0","0","0","1","0","","36","04","2020","2020034619","5","40.0414","-76.4398","2030","08","0","0","0","0","0","0","0","0","","0","0","0","20","2","0","00","2","40 02:29.198","4","00","76 26:23.293","0","0","0","0","36414","0","0","0","N","0","0","0","4","36239","0","","1","09","N","N","1","","0","0","0","0","0","Y","2030","0","3","0","0","0","0","0","3","0","3","N","","","","","","","","","","","2130","07","  ","","Y","N"
"1449","1","0","0","0","0","0","0","0","0","6","0","","36","04","2020","2020034620","1","40.0701","-76.4631","1444","08","0","0","0","0","0","0","0","0","","0","0","0","14","1","1","00","2","40 04:12.230","6","00","76 27:47.330","3","0","0","0","36239","0","0","0","N","0","0","0","1","36239","0","","1","01","N","N","0","","1","0","0","0","0","N","1440","1","2","0","0","0","0","0","3","0","2","N","","","","","","","","","","","1510","03","  ","","N","N"
"0933","1","0","0","0","0","0","0","0","0","4","0","","36","04","2020","2020034621","6","40.0363","-76.4556","0933","08","0","0","0","0","0","1","0","0","","0","0","0","09","1","0","01","0","40 02:10.518","","00","76 27:20.067","0","0","0","0","36239","0","0","0","N","0","0","0","2","36239","0","","1","01","N","N","1","","0","0","0","0","0","","0933","0","2","0","0","0","0","0","3","0","2","N","","","","","","","","","","","","04","04","","",""
"2000","0","0","0","0","0","0","0","0","0","98","0","","36","04","2020","2020034622","4","40.0617","-76.5007","1942","08","0","0","0","0","1","0","0","0","","0","0","0","19","4","1","00","2","40 03:42.221","6","00","76 30:02.370","3","0","0","1","36239","0","0","0","N","0","0","0","1","36239","0","","1","01","N","N","0","","1","0","0","0","0","Y","1942","1","1","0","0","0","0","0","3","0","1","N","","","","","","","","","","","2020","03","03","","",""
"1657","1","0","0","0","0","0","0","0","0","7","0","","36","04","2020","2020034623","6","40.0844","-76.4605","1632","08","0","0","0","0","0","1","0","0","","0","0","0","16","1","0","00","0","40 05:03.940","","00","76 27:37.640","0","0","0","0","36230","0","0","0","N","0","0","0","1","36410","0","","5","01","N","N","0","","0","0","0","0","0","","1632","0","1","0","0","0","0","0","1","0","1","N","","","","","","","","","","","","03","03","","",""
"1717","0","0","0","0","0","0","0","0","0","98","0","","36","04","2020","2020034624","7","40.2118","-76.4286","1714","08","0","0","0","0","0","0","0","0","","0","0","0","17","1","0","00","0","40 12:42.472","","00","76 25:42.968","0","0","0","0","36230","0","0","0","N","0","0","0","1","36410","0","","1","01","N","N","0","","0","0","1","0","0","","1714","0","1","0","0","0","0","0","1","0","1","N","","","","","","","","","","","","03","03","","N","N"
"0555","1","0","0","0","0","0","0","0","0","4","0","","36","04","2020","2020034625","5","40.1485","-76.4416","0548","08","1","0","0","0","0","0","0","0","","0","0","0","05","5","0","02","0","40 08:54.477","","00","76 26:29.720","0","0","0","0","36230","0","0","0","N","0","0","0","4","36410","0","","1","01","N","N","0","","0","0","0","3","3","","0545","0","2","0","0","0","0","0","1","1","2","N","","","","","","","","","","","","03","03","","N",""
"2313","0","0","0","0","0","0","0","0","0","7","0","","36","04","2020","2020034626","5","40.1475","-76.4055","2306","08","0","0","0","0","0","0","0","0","","0","0","0","23","2","0","03","0","40 08:51.140","","00","76 24:19.764","0","0","0","0","36227","0","0","0","N","0","0","0","1","36506","0","","4","09","N","N","1","","0","0","0","0","0","","2303","0","1","0","0","0","0","0","1","0","1","N","","","","","","","","","","","","07","  ","","N",""
"1531","0","0","0","0","0","0","0","0","0","2","0","","36","04","2020","2020034633","6","40.0159","-76.2765","1525","08","0","0","0","0","0","0","0","0","","0","0","0","15","1","1","00","1","40 00:57.351","2","00","76 16:35.568","4","0","0","1","36240","0","0","0","N","0","0","0","1","36240","1","","5","09","N","N","0","","0","0","0","0","0","N","1525","1","1","0","0","0","0","0","1","0","1","N","","","","","","","","","","","1550","07","  ","","",""
"1738","0","0","0","0","0","0","0","0","0","1","1","","36","04","2020","2020034653","3","40.0381","-76.0455","1717","08","0","0","0","0","0","1","1","0","","0","1","0","17","1","0","00","1","40 02:17.003","3","00","76 02:43.811","0","0","0","0","36232","0","0","0","N","0","0","0","2","68J01","0","","1","01","N","N","0","","0","0","1","0","0","N","1717","0","2","0","0","0","0","0","1","0","2","N","","","","","","","","","","","1818","03","  ","","",""
"2056","2","0","0","0","0","0","0","0","0","4","0","","36","04","2020","2020034668","6","40.0331","-76.2973","2054","08","0","0","0","2","0","0","0","0","","0","0","0","20","3","0","01","0","40 01:59.127","","00","76 17:50.352","0","0","0","0","36301","0","0","0","N","0","0","0","2","36301","0","","1","01","N","N","0","","0","0","0","3","3","","2053","0","2","0","0","0","0","0","3","0","2","N","","","","","","","","","","","","03","03","","N",""
"0812","2","0","0","0","0","0","0","0","0","4","0","","36","04","2020","2020034700","6","40.0339","-76.2964","0808","08","0","0","0","0","0","0","0","0","","0","0","0","08","1","0","01","0","40 02:02.004","","00","76 17:47.158","9","0","0","0","36301","0","0","0","N","0","0","0","2","36301","0","","1","09","N","N","0","","0","0","0","3","3","","0808","0","2","0","0","0","0","1","3","0","2","N","","","","","","","","","","","","07","  ","","N","N"
"1328","2","0","0","0","0","0","0","0","0","4","0","","36","04","2020","2020034751","3","40.051","-76.3534","1326","08","0","0","0","0","0","0","0","1","","0","0","0","13","1","1","01","2","40 03:03.625","5","00","76 21:12.345","3","0","0","0","36214","0","0","0","N","0","0","0","5","36214","0","","1","09","N","N","0","","1","0","2","3","2","Y","1324","1","4","0","0","0","0","0","3","0","4","N","","","","","","","","","","","0200","07","  ","","N",""
"1336","1","0","0","0","0","0","0","0","0","1","0","","36","04","2020","2020034807","5","40.0515","-76.29","1331","08","0","0","0","0","0","1","0","0","","0","0","0","13","1","1","01","0","40 03:05.315","","00","76 17:24.091","3","0","0","0","36301","0","0","0","N","0","0","0","2","36301","0","","1","01","N","N","1","","1","0","0","3","2","","1330","1","2","0","0","0","0","0","3","0","2","N","","","","","","","","","","","","03","03","","N",""
"1425","2","0","0","0","0","0","0","0","0","4","0","","36","04","2020","2020034877","5","40.0447","-76.3648","1417","08","0","0","0","0","0","0","0","0","","0","0","0","14","1","0","00","0","40 02:40.800","","07","76 21:53.400","0","0","0","0","36214","0","0","0","N","0","0","0","2","36214","0","","1","01","N","N","0","","0","0","0","3","3","","1415","0","2","0","0","0","0","0","3","0","2","N","","","","","","","","","","","","03","03","","N","N"
"1925","1","0","0","0","0","0","0","0","0","1","0","","36","04","2020","2020034878","6","40.0593","-76.3599","1915","08","0","0","0","0","0","0","0","0","","0","0","0","19","1","1","01","2","40 03:33.488","2","00","76 21:35.562","3","0","0","0","36214","0","0","0","N","0","0","0","3","36214","0","","1","01","N","N","1","","1","0","0","3","2","N","1913","1","2","0","0","0","0","0","3","0","2","N","","","","","","","","","","","2005","04","  ","","N",""
"1036","0","0","0","0","0","0","0","0","0","7","0","","36","04","2020","2020034879","6","39.9448","-76.4119","1050","08","0","0","0","0","1","0","0","0","","0","0","0","10","1","1","00","1","39 56:41.139","2","00","76 24:43.018","8","0","0","0","36223","0","0","0","N","0","0","0","1","36223","0","","5","09","N","N","1","","0","0","0","0","0","N","1035","1","1","0","0","0","1","0","1","0","1","N","","","","","","","","","","","1115","04","  ","","",""
"1636","1","0","0","1","0","0","0","0","0","4","0","","36","04","2020","2020034893","7","39.9705","-76.2735","1630","08","0","0","0","0","0","0","1","0","","0","0","0","16","1","1","00","2","39 58:13.900","6","07","76 16:24.700","3","0","0","0","36228","1","0","0","N","0","0","0","2","36240","0","","1","01","N","N","0","","1","0","0","2","2","Y","1629","1","2","0","0","0","0","0","1","0","1","N","","","","","","","","","","","1701","03","03","","N","N"
"1619","1","0","0","0","0","0","0","0","0","5","0","","36","04","2020","2020034898","7","40.1097","-76.0362","1615","08","1","0","0","0","0","0","0","0","","0","0","0","16","1","0","00","0","40 06:34.820","","00","76 02:10.167","0","0","0","0","36213","0","0","0","N","0","0","0","4","36213","0","","1","01","N","N","1","","0","0","0","0","0","","1610","0","2","0","0","0","0","0","1","0","2","N","","","","","","","","","","","","03","03","","N","N"
"1515","1","0","0","0","0","0","0","0","0","7","0","","36","04","2020","2020035002","1","39.9799","-76.3385","1506","08","0","0","1","0","0","0","0","0","","0","0","0","15","1","0","00","1","39 58:47.702","6","00","76 20:18.565","0","0","0","0","36206","0","0","0","N","0","0","0","1","36228","0","","4","09","N","N","0","","0","0","0","0","0","N","1506","0","1","0","0","0","0","0","1","0","1","N","","","","","","","","","","","1541","07","  ","","N","N"
"1521","1","0","0","0","0","0","0","0","0","4","0","","36","04","2020","2020035008","5","39.9886","-76.1799","1519","08","0","0","0","0","0","0","0","0","","0","0","0","15","1","0","01","0","39 59:18.834","","00","76 10:47.580","0","0","0","0","36417","0","0","0","N","0","0","0","1","36417","0","","5","09","N","N","0","","0","0","0","0","0","","1519","0","2","0","0","0","0","0","1","1","2","N","","","","","","","","","","","","07","  ","","N","N"
"1328","0","0","0","0","0","0","0","0","0","4","0","","36","04","2020","2020035025","2","40.0382","-76.3235","1323","08","0","0","0","0","0","1","1","0","","0","0","0","13","1","0","01","2","40 02:17.653","1","00","76 19:24.603","0","0","0","0","36301","0","0","0","N","0","0","0","3","36301","0","","1","01","N","N","1","","0","0","1","3","2","Y","1320","0","2","0","0","0","0","0","3","0","2","N","","","","","","","","","","","1412","03","03","","N",""
"1719","0","0","0","0","0","0","0","0","0","7","0","","36","04","2020","2020035093","5","40.0681","-76.2919","1715","08","0","0","0","0","0","1","0","0","","0","0","0","17","1","0","00","1","40 04:05.018","4","00","76 17:30.924","0","0","0","0","36101","0","0","0","N","0","0","0","1","36101","0","","3","09","N","N","0","","0","0","1","0","0","N","1713","0","1","0","0","0","0","0","3","0","1","N","","","","","","","","","","","1740","07","  ","","",""
"1731","2","0","0","0","0","0","0","0","0","4","0","","36","04","2020","2020035094","7","40.0275","-76.2218","1722","08","0","0","0","0","1","0","0","0","","0","0","0","17","1","1","00","1","40 01:38.921","3","07","76 13:18.394","3","0","0","0","36215","0","0","0","N","0","0","0","3","36215","0","","1","01","N","N","0","","1","0","0","3","2","N","1719","1","2","0","0","0","0","0","1","0","2","N","","","","","","","","","","","1816","03","  ","","N","N"
"2035","1","0","0","0","0","0","0","0","0","7","0","","36","04","2020","2020035095","1","40.0555","-76.2662","2031","08","0","0","0","0","0","0","0","0","","0","0","0","20","3","0","07","0","40 03:19.710","","02","76 15:58.271","9","0","0","0","36215","0","0","0","N","0","0","0","1","36215","0","","5","01","N","N","0","","0","0","0","0","0","","2026","0","1","0","0","0","0","1","1","0","1","N","","","","","","","","","","","","03","  ","","",""
"2314","1","0","0","0","0","0","0","0","0","7","0","","36","04","2020","2020035096","6","40.1474","-76.3803","2309","08","0","0","1","0","0","0","0","0","","0","0","0","23","3","0","00","2","40 08:50.473","5","00","76 22:49.115","0","0","0","0","36227","0","0","0","N","0","0","0","1","36506","0","","4","01","N","N","0","","0","0","0","0","0","Y","2307","0","1","0","0","0","0","0","1","0","1","N","","","","","","","","","","","0100","03","  ","","",""
"1334","3","0","0","0","0","0","0","0","0","1","0","","36","04","2020","2020035218","7","40.0565","-76.5271","1329","08","0","0","0","1","0","0","0","0","","0","0","0","13","1","0","00","2","40 03:23.375","5","00","76 31:37.585","0","0","0","0","36211","0","0","0","N","0","0","0","8","36504","0","","1","01","N","N","0","","0","0","0","0","0","Y","1329","0","3","0","0","0","0","0","1","0","3","N","","","","","","","","","","","1534","03","03","","",""