"ARRIVAL_TM","AUTOMOBILE_COUNT","BELTED_DEATH_COUNT","BELTED_SUSP_SERIOUS_INJ_COUNT","BICYCLE_COUNT","BICYCLE_DEATH_COUNT","BICYCLE_SUSP_SERIOUS_INJ_COUNT","BUS_COUNT","CHLDPAS_DEATH_COUNT","CHLDPAS_SUSP_SERIOUS_INJ_COUNT","COLLISION_TYPE","COMM_VEH_COUNT","CONS_ZONE_SPD_LIM","COUNTY","CRASH_MONTH","CRASH_YEAR","CRN","DAY_OF_WEEK","DEC_LAT","DEC_LONG","DISPATCH_TM","DISTRICT","DRIVER_COUNT_16YR","DRIVER_COUNT_17YR","DRIVER_COUNT_18YR","DRIVER_COUNT_19YR","DRIVER_COUNT_20YR","DRIVER_COUNT_50_64YR","DRIVER_COUNT_65_74YR","DRIVER_COUNT_75PLUS","EST_HRS_CLOSED","FATAL_COUNT","HEAVY_TRUCK_COUNT","HORSE_BUGGY_COUNT","HOUR_OF_DAY","ILLUMINATION","INJURY_COUNT","INTERSECT_TYPE","LANE_CLOSED","LATITUDE","LN_CLOSE_DIR","LOCATION_TYPE","LONGITUDE","MAX_SEVERITY_LEVEL","MCYCLE_DEATH_COUNT","MCYCLE_SUSP_SERIOUS_INJ_COUNT","MOTORCYCLE_COUNT","MUNICIPALITY","NONMOTR_COUNT","NONMOTR_DEATH_COUNT","NONMOTR_SUSP_SERIOUS_INJ_COUNT","NTFY_HIWY_MAINT","PED_COUNT","PED_DEATH_COUNT","PED_SUSP_SERIOUS_INJ_COUNT","PERSON_COUNT","POLICE_AGCY","POSSIBLE_INJ_COUNT","RDWY_SURF_TYPE_CD","RELATION_TO_ROAD","ROAD_CONDITION","SCH_BUS_IND","SCH_ZONE_IND","SMALL_TRUCK_COUNT","SPEC_JURIS_CD","SUSP_MINOR_INJ_COUNT","SUSP_SERIOUS_INJ_COUNT","SUV_COUNT","TCD_FUNC_CD","TCD_TYPE","TFC_DETOUR_IND","TIME_OF_DAY","TOT_INJ_COUNT","TOTAL_UNITS","UNB_DEATH_COUNT","UNB_SUSP_SERIOUS_INJ_COUNT","UNBELTED_OCC_COUNT","UNK_INJ_DEG_COUNT","UNK_INJ_PER_COUNT","URBAN_RURAL","VAN_COUNT","VEHICLE_COUNT","WORK_ZONE_IND","WORK_ZONE_LOC","WORK_ZONE_TYPE","WORKERS_PRES","WZ_CLOSE_DETOUR","WZ_FLAGGER","WZ_LAW_OFFCR_IND","WZ_LN_CLOSURE","WZ_MOVING","WZ_OTHER","WZ_SHLDER_MDN","ROADWAY_CLEARED","WEATHER1","WEATHER2","WZ_WORKERS_INJ_KILLED","SECONDARY_CRASH","INTERSECTION_RELATED"
"0815","0","0","0","0","0","0","0","0","0","4","0","","36","04","2020","2020035235","6","40.0319","-76.4716","0805","08","0","0","0","0","0","1","0","0","","0","0","0","08","1","1","00","1","40 01:54.949","6","00","76 28:17.870","3","0","0","0","36239","0","0","0","N","0","0","0","2","36239","0","","1","09","N","N","2","","1","0","1","0","0","N","0800","1","4","0","0","0","0","0","3","1","4","N","","","","","","","","","","","0852","07","04","","",""
"1123","0","0","0","0","0","0","0","0","0","7","0","","36","04","2020","2020035299","1","39.9151","-76.2412","1109","08","0","0","0","0","0","0","0","1","","0","0","0","11","1","0","00","0","39 54:54.480","","00","76 14:28.230","0","0","0","0","36229","0","0","0","N","0","0","0","1","68J01","0","","4","01","N","N","0","","0","0","0","0","0","","1105","0","1","0","0","0","0","0","1","1","1","N","","","","","","","","","","","","03","03","","N","N"
"1351","0","0","0","0","0","0","0","0","0","7","0","","36","04","2020","2020035300","1","40.0617","-75.9594","1349","08","0","0","0","0","1","0","0","0","","0","0","0","13","1","1","00","2","40 03:42.150","5","03","75 57:33.750","8","0","0","0","36232","0","0","0","N","0","0","0","1","68J01","0","","4","01","N","N","0","","0","0","1","0","0","Y","1348","1","1","0","0","1","1","0","1","0","1","N","","","","","","","","","","","1434","03","03","","",""
"1724","0","0","0","0","0","0","0","0","0","4","0","","36","04","2020","2020035308","5","40.0008","-76.0797","1722","08","0","0","0","0","0","0","0","1","","0","0","0","17","1","0","01","0","40 00:02.735","","00","76 04:47.090","0","0","0","0","36226","0","0","0","N","0","0","0","4","68J01","0","","1","09","N","N","1","","0","0","1","3","3","","1719","0","2","0","0","0","0","0","1","0","2","N","","","","","","","","","","","","07","04","","",""
"0719","0","0","0","0","0","0","0","0","0","7","0","","36","04","2020","2020035325","2","39.9937","-76.0258","0709","08","0","0","0","0","0","0","0","0","","0","0","0","07","1","0","00","1","39 59:37.471","3","00","76 01:32.878","0","0","0","0","36232","0","0","0","N","0","0","0","1","68J01","0","","4","09","N","N","1","","0","0","0","0","0","N","0706","0","1","0","0","0","0","0","1","0","1","N","","","","","","","","","","","0800","03","03","","",""
"1423","1","0","0","0","0","0","0","0","0","4","0","","36","04","2020","2020035369","4","40.0842","-76.3435","1415","08","0","0","0","0","1","0","0","0","","0","0","0","14","1","2","02","1","40 05:03.282","2","07","76 20:36.575","4","0","0","0","36101","0","0","0","N","0","0","0","2","36101","2","","1","01","N","N","0","","0","0","1","3","2","N","1400","2","2","0","0","1","0","0","3","0","2","N","","","","","","","","","","","1500","03","  ","","N",""
"2043","2","0","0","0","0","0","0","0","0","4","0","","36","04","2020","2020035370","5","40.0432","-76.3285","2039","08","0","0","0","1","0","0","0","0","","0","0","0","20","3","0","01","2","40 02:35.541","5","00","76 19:42.722","0","0","0","0","36220","0","0","0","N","0","0","0","2","36101","0","","1","09","N","N","0","","0","0","0","3","2","Y","2037","0","2","0","0","0","0","0","3","0","2","N","","","","","","","","","","","2130","07","  ","","",""
"0646","0","0","0","0","0","0","0","0","0","98","0","","36","04","2020","2020035371","2","40.0681","-76.296","0639","08","0","0","0","0","0","0","0","0","","0","0","0","06","5","0","00","0","40 04:05.037","","00","76 17:45.593","0","0","0","0","36101","0","0","0","N","0","0","0","1","36101","0","","3","09","N","N","1","","0","0","0","0","0","","0636","0","1","0","0","0","0","0","3","0","1","N","","","","","","","","","","","","07","  ","","",""
"1438","2","0","0","0","0","0","0","0","0","1","0","","36","04","2020","2020035372","2","40.0582","-76.2804","1436","08","0","0","0","0","0","0","0","0","","0","0","0","14","1","2","00","1","40 03:29.351","4","00","76 16:49.507","4","0","0","0","36101","0","0","0","N","0","0","0","2","36101","2","","1","01","N","N","0","","0","0","0","0","0","N","1434","2","2","0","0","0","0","0","3","0","2","N","","","","","","","","","","","0015","04","04","","N","N"
"1729","1","0","0","0","0","0","0","0","0","4","0","","36","04","2020","2020035373","2","40.0441","-76.2836","1724","08","0","0","0","0","0","0","0","0","","0","0","0","17","1","1","01","1","40 02:38.911","4","00","76 17:01.053","4","0","0","0","36220","0","0","0","N","0","0","0","2","36101","1","","1","01","N","N","0","","0","0","1","3","3","N","1714","1","2","0","0","0","0","0","3","0","2","N","","","","","","","","","","","0030","04","04","","N",""
"1248","1","0","0","0","0","0","0","0","0","4","0","","36","04","2020","2020035374","4","40.0936","-76.3558","1242","08","0","0","0","0","0","0","1","0","","0","0","0","12","1","2","02","2","40 05:37.039","5","00","76 21:20.797","4","0","0","0","36214","0","0","0","N","0","0","0","6","36214","2","","1","01","N","N","0","","0","0","0","3","3","Y","1241","2","2","0","0","0","0","0","3","1","2","N","","","","","","","","","","","1350","03","  ","","N",""
"0904","2","0","0","0","0","0","0","0","0","2","0","","36","04","2020","2020035375","5","40.0429","-76.359","0859","08","0","0","0","0","0","0","0","0","","0","0","0","08","1","0","02","2","40 02:34.296","2","00","76 21:32.418","0","0","0","0","36214","0","0","0","N","0","0","0","3","36214","0","","1","01","N","N","0","","0","0","0","3","3","N","0858","0","2","0","0","0","0","0","3","0","2","N","","","","","","","","","","","0951","04","  ","","",""
"1345","1","0","0","0","0","0","0","0","0","4","0","","36","04","2020","2020035382","4","40.1968","-76.1692","1342","08","0","0","0","0","0","0","0","1","","0","0","0","13","1","2","01","1","40 11:48.459","2","00","76 10:08.984","3","0","0","0","36218","0","0","0","N","0","0","0","2","36408","0","","1","01","N","N","0","","2","0","0","3","2","Y","1342","2","2","0","0","0","0","0","1","1","2","N","","","","","","","","","","","1430","03","  ","","N","N"
"1920","2","0","0","0","0","0","0","0","0","4","0","","36","04","2020","2020035443","3","40.0526","-76.3041","1919","08","0","0","0","0","0","1","0","0","","0","0","0","19","1","1","01","0","40 03:09.338","","00","76 18:14.646","3","0","0","0","36301","0","0","0","N","0","0","0","2","36301","0","","1","01","N","N","0","","1","0","0","3","2","","1918","1","2","0","0","0","0","0","3","0","2","N","","","","","","","","","","","","03","03","","",""
"0042","2","0","0","0","0","0","0","0","0","5","0","","36","04","2020","2020035459","5","40.0865","-76.3754","0041","08","0","0","1","0","1","0","0","0","","0","0","0","00","2","4","00","2","40 05:11.339","4","00","76 22:31.284","2","0","0","0","36214","0","0","0","N","0","0","0","4","36214","0","","1","01","N","N","0","","1","3","0","0","0","Y","0038","4","2","0","3","3","0","0","3","0","2","N","","","","","","","","","","","0315","04","04","","",""
"1655","1","0","0","0","0","0","0","0","0","4","0","","36","04","2020","2020035460","5","40.1233","-76.3753","1650","08","0","0","0","0","0","0","0","0","","0","0","0","16","1","1","01","1","40 07:23.702","2","00","76 22:31.147","4","0","0","0","36214","0","0","0","N","0","0","0","2","36214","1","","1","09","N","N","0","","0","0","1","3","3","N","1645","1","2","0","0","0","0","0","3","0","2","N","","","","","","","","","","","1730","07","  ","","",""
"1202","1","0","0","0","0","0","0","0","0","5","0","","36","04","2020","2020035461","2","40.0389","-76.3482","1129","08","0","0","0","0","0","0","0","0","","0","0","0","00","8","0","00","0","40 02:20.060","","00","76 20:53.360","9","0","0","0","36214","0","0","0","N","0","0","0","1","36214","0","","4","99","N","N","0","","0","0","0","0","0","","0000","0","2","0","0","0","0","1","3","0","2","N","","","","","","","","","","","","99","  ","","",""
"1437","0","0","0","0","0","0","0","0","0","4","1","","36","04","2020","2020035462","3","40.0412","-76.3902","1432","08","0","0","0","0","0","0","0","0","","0","1","0","14","1","1","01","2","40 02:28.220","1","00","76 23:24.681","8","0","0","0","36214","0","0","0","N","0","0","0","3","36214","0","","1","01","N","N","0","","0","0","1","3","2","Y","1424","1","2","0","0","0","1","0","3","0","2","N","","","","","","","","","","","1450","03","  ","","",""
"1631","1","0","0","0","0","0","0","0","0","1","0","","36","04","2020","2020035469","1","40.0439","-76.3111","1626","08","0","0","0","0","0","0","0","0","","0","0","0","16","1","1","00","1","40 02:37.938","3","00","76 18:40.034","3","0","0","0","36301","0","0","0","N","0","0","0","1","36301","0","","2","01","N","N","0","","1","0","1","0","0","Y","1622","1","2","0","0","0","0","0","3","0","2","N","","","","","","","","","","","1726","03","  ","","",""
"1619","1","0","0","0","0","0","0","0","0","1","0","","36","04","2020","2020035471","6","40.1629","-76.2014","1616","08","0","0","0","0","0","0","0","0","","0","0","0","16","1","1","03","1","40 09:46.465","5","00","76 12:05.025","3","0","0","0","36218","0","0","0","N","0","0","0","2","36402","0","","1","01","N","N","0","","1","0","0","0","0","N","1616","1","2","0","0","0","0","0","1","1","2","N","","","","","","","","","","","1652","03","  ","","N","N"
"0629","1","0","0","0","0","0","0","0","0","5","0","","36","04","2020","2020035497","1","40.1558","-76.0437","0607","08","0","0","0","0","0","0","0","0","","0","0","0","06","5","0","00","0","40 09:21.024","","00","76 02:37.366","0","0","0","0","36418","0","0","0","N","0","0","0","1","68J01","0","","1","01","N","N","0","","0","0","1","0","0","","0603","0","2","0","0","0","0","0","1","0","2","N","","","","","","","","","","","","03","03","","",""
"2210","3","0","0","0","0","0","0","0","0","2","0","","36","04","2020","2020035501","3","39.9631","-75.9974","2143","08","0","0","0","0","0","0","0","0","","0","0","0","21","3","0","01","0","39 57:47.302","","00","75 59:50.526","0","0","0","0","36231","0","0","0","N","0","0","0","1","68J01","0","","4","01","N","N","0","","0","0","0","0","0","","2141","0","3","0","0","0","0","0","1","0","3","N","","","","","","","","","","","","03","  ","","N",""
"2047","0","0","0","0","0","0","0","0","0","7","0","","36","04","2020","2020035510","1","39.9095","-76.0006","2024","08","0","0","0","0","0","0","0","0","","0","0","0","19","2","0","00","0","39 54:34.050","","00","76 00:02.140","9","0","0","0","36231","0","0","0","N","0","0","0","1","68J01","0","","4","09","N","N","0","","0","0","1","0","0","","1930","0","1","0","0","0","0","1","1","0","1","N","","","","","","","","","","","","07","  ","","",""
"1255","1","0","0","0","0","0","0","0","0","1","0","","36","04","2020","2020035544","3","40.1765","-76.3431","1249","08","0","1","0","0","0","0","0","0","","0","0","0","12","1","0","00","2","40 10:35.336","3","00","76 20:35.276","0","0","0","0","36227","0","0","0","N","0","0","0","2","36506","0","","1","01","N","N","1","","0","0","0","0","0","Y","1248","0","2","0","0","0","0","0","1","0","2","N","","","","","","","","","","","1320","03","  ","","N","N"
"2041","1","0","0","0","0","0","0","0","0","4","0","","36","04","2020","2020035607","4","40.0408","-76.2935","2041","08","0","1","0","0","0","0","0","0","","0","0","0","20","3","2","01","1","40 02:26.970","4","00","76 17:36.562","3","0","0","0","36301","0","0","0","N","0","0","0","3","36301","0","","1","01","N","N","0","","2","0","1","3","3","Y","2038","2","2","0","0","0","0","0","3","0","2","N","","","","","","","","","","","2125","03","03","","",""
"1206","1","0","1","0","0","0","0","0","0","2","0","","36","03","2020","2020035645","7","40.1313","-76.2144","1203","08","0","0","0","0","0","1","1","0","","3","0","0","12","1","1","00","2","40 07:52.623","2","00","76 12:52.007","1","0","0","0","36238","0","0","0","N","0","0","0","4","36238","0","2","1","01","N","N","0","0","0","1","0","0","0","Y","1202","1","2","3","0","3","0","0","3","1","2","N","","","","","","","","","","","1530","03","  ","","N","N"
"0507","1","0","0","0","0","0","0","0","0","7","0","","36","04","2020","2020035659","1","40.131","-76.2171","0501","08","0","0","0","0","0","0","0","0","","0","0","0","04","3","0","01","0","40 07:51.556","","00","76 13:01.609","9","0","0","0","36238","0","0","0","Y","0","0","0","1","36238","0","","3","09","N","N","0","","0","0","0","3","2","","0430","0","1","0","0","0","0","1","3","0","1","N","","","","","","","","","","","","07","  ","","N","N"
"1922","2","0","0","0","0","0","0","0","0","1","0","","36","04","2020","2020035660","7","40.1252","-76.2198","1912","08","0","0","0","0","0","0","0","0","","0","0","0","19","1","0","00","0","40 07:30.721","","00","76 13:11.279","0","0","0","0","36238","0","0","0","N","0","0","0","2","36238","0","","1","01","N","N","0","","0","0","0","0","0","","1912","0","2","0","0","0","0","0","3","0","2","N","","","","","","","","","","","","03","  ","","N","N"
"1226","0","0","0","0","0","0","0","0","0","7","0","","36","04","2020","2020035665","5","40.0345","-76.3079","1223","08","0","0","0","0","0","0","0","0","","0","0","0","12","1","0","01","0","40 02:04.189","","00","76 18:28.439","0","0","0","0","36301","0","0","0","N","0","0","0","1","36301","0","","5","09","N","N","0","","0","0","1","3","3","","1218","0","1","0","0","0","0","0","3","0","1","N","","","","","","","","","","","","04","07","","",""
"1445","0","0","0","0","0","0","0","0","0","7","0","","36","04","2020","2020035732","3","40.1127","-76.3529","1439","08","0","0","0","0","0","1","0","0","","0","0","0","14","1","0","00","2","40 06:45.630","6","00","76 21:10.560","0","0","0","0","36214","0","0","0","N","0","0","0","1","36214","0","","4","09","N","N","1","","0","0","0","0","0","Y","1435","0","1","0","0","0","0","0","3","0","1","N","","","","","","","","","","","1800","04","  ","","",""
"1344","1","0","0","0","0","0","0","0","0","1","0","","36","04","2020","2020035733","1","40.0819","-76.351","1337","08","0","0","0","0","0","1","0","1","","0","0","0","13","1","0","01","1","40 04:54.975","2","00","76 21:03.454","0","0","0","0","36214","0","0","0","N","0","0","0","3","36214","0","","1","09","N","N","1","","0","0","0","3","2","N","1335","0","2","0","0","0","0","0","3","0","2","N","","","","","","","","","","","1415","07","  ","","",""
"1717","0","0","0","0","0","0","0","0","0","7","0","","36","04","2020","2020035834","5","40.0705","-76.3213","1711","08","0","0","0","0","0","0","0","1","","0","0","0","17","1","0","00","1","40 04:13.894","3","00","76 19:16.774","0","0","0","0","36101","0","0","0","N","0","0","0","1","36101","0","","2","08","N","N","0","","0","0","1","0","0","N","1710","0","1","0","0","0","0","0","3","0","1","N","","","","","","","","","","","0528","07","  ","","N","N"
"1105","1","0","0","0","0","0","0","0","0","1","0","","36","05","2020","2020035876","6","40.0399","-76.29","1102","08","0","0","0","0","0","1","0","0","","0","0","0","11","1","1","00","1","40 02:23.646","3","00","76 17:23.887","3","0","0","0","36301","0","0","0","N","0","0","0","2","36301","0","","6","01","N","N","1","","1","0","0","0","0","N","1102","1","2","0","0","0","0","0","3","0","2","N","","","","","","","","","","","1150","03","  ","","",""
"0732","3","0","0","0","0","0","0","0","0","4","0","","36","05","2020","2020035911","6","40.0473","-76.3054","0727","08","0","0","0","0","0","0","0","0","","0","0","0","07","1","1","00","1","40 02:50.399","2","00","76 18:19.384","4","0","0","0","36301","0","0","0","N","0","0","0","1","36301","1","","6","01","N","N","0","","0","0","0","0","0","N","0725","1","3","0","0","0","0","0","3","0","3","N","","","","","","","","","","","0813","03","03","","",""
"1534","2","0","0","0","0","0","0","0","0","4","0","","36","04","2020","2020036029","2","40.1687","-76.6057","1530","08","0","0","0","1","0","0","0","0","","0","0","0","15","1","0","02","1","40 10:07.177","5","00","76 36:20.687","0","0","0","0","36225","0","0","0","N","0","0","0","3","36505","0","","1","01","N","N","0","","0","0","0","3","2","N","1530","0","2","0","0","0","0","0","2","0","2","N","","","","","","","","","","","1600","03","03","","N",""
"1257","2","0","0","0","0","0","0","0","0","4","0","","36","04","2020","2020036080","2","40.0704","-76.2699","1257","08","0","0","0","0","1","0","0","1","","0","0","0","12","1","0","01","0","40 04:13.278","","00","76 16:11.508","0","0","0","0","36101","0","0","0","N","0","0","0","3","36101","0","","1","01","N","N","0","","0","0","0","3","2","","1254","0","2","0","0","0","0","0","3","0","2","N","","","","","","","","","","","","04","03","","",""
"1034","0","0","0","0","0","0","0","0","0","5","0","","36","04","2020","2020036081","5","40.0989","-76.084","0132","08","0","0","0","1","0","0","0","0","","0","0","0","01","3","0","00","0","40 05:56.170","","00","76 05:02.430","0","0","0","0","36415","0","0","0","N","0","0","0","1","36415","0","","1","01","N","N","1","","0","0","2","0","0","","0131","0","3","0","0","0","0","0","1","0","3","N","","","","","","","","","","","","03","03","","N","N"
"2349","2","0","0","0","0","0","0","0","0","1","0","","36","04","2020","2020036106","5","40.1518","-76.5983","2345","08","0","0","0","0","0","0","0","0","","0","0","0","23","3","1","00","0","40 09:06.630","","00","76 35:53.891","4","0","0","0","36407","0","0","0","N","0","0","0","1","36407","1","","6","09","N","N","0","","0","0","0","0","0","","2342","1","2","0","0","0","0","0","2","0","2","N","","","","","","","","","","","","07","  ","","N","Y"
"2031","0","0","0","1","0","1","0","0","0","4","0","","36","04","2020","2020036111","5","40.0034","-76.2937","2026","08","0","0","0","0","1","0","0","0","","0","0","0","20","3","1","00","2","40 00:12.254","5","00","76 17:37.156","2","0","0","0","36240","1","0","1","N","0","0","0","2","36240","0","","2","09","N","N","1","","0","1","0","0","0","Y","2026","1","2","0","0","0","0","0","1","0","1","N","","","","","","","","","","","2244","07","  ","","N","N"
"0058","1","0","0","0","0","0","0","0","0","0","0","","36","04","2020","2020036136","2","40.1532","-76.1349","0044","08","0","0","0","0","0","0","0","0","","0","0","0","00","2","0","00","0","40 09:11.610","","00","76 08:05.660","0","0","0","0","36209","0","0","0","N","0","0","0","1","36415","0","","5","09","N","N","0","","0","0","0","0","0","","0044","0","1","0","0","0","0","0","1","0","1","N","","","","","","","","","","","","07","  ","","N","N"
"1359","1","0","0","0","0","0","0","0","0","1","0","","36","04","2020","2020036140","5","40.1101","-76.4769","1352","08","0","0","0","0","1","1","0","0","","0","0","0","13","1","2","00","0","40 06:36.279","","07","76 28:36.700","4","0","0","0","36413","0","0","0","N","0","0","0","3","36413","2","","1","09","N","N","0","","0","0","1","0","0","","1352","2","2","0","0","0","0","0","2","0","2","N","","","","","","","","","","","","07","04","","N","Y"
"1935","1","0","0","0","0","0","0","0","0","1","0","","36","02","2020","2020036141","3","40.1095","-76.4833","1931","08","0","0","0","0","0","0","0","0","","0","0","0","19","3","0","02","1","40 06:34.071","3","00","76 29:00.035","0","0","0","0","36413","0","0","0","N","0","0","0","2","36413","0","","1","09","N","N","0","","0","0","1","0","0","N","1930","0","2","0","0","0","0","0","2","0","2","N","","","","","","","","","","","2010","07","  ","","",""
"0924","2","0","0","0","0","0","0","0","0","4","0","","36","04","2020","2020036178","5","40.1389","-76.0294","0920","08","0","0","0","0","0","0","0","1","","0","0","0","09","1","0","00","0","40 08:20.004","","00","76 01:45.766","0","0","0","0","36213","0","0","0","N","0","0","0","2","36213","0","","1","01","N","N","0","","0","0","0","0","0","","0915","0","2","0","0","0","0","0","1","0","2","N","","","","","","","","","","","","03","03","","N","N"
"1559","0","0","0","0","0","0","0","0","0","7","0","","36","05","2020","2020036226","1","40.1215","-76.6058","1558","08","0","0","0","0","0","0","0","0","","0","0","0","15","1","1","03","1","40 07:17.461","5","00","76 36:20.800","2","0","1","1","36237","0","0","0","N","0","0","0","1","36505","0","","1","01","N","N","0","","0","1","0","0","0","N","1558","1","1","0","0","0","0","0","1","0","1","N","","","","","","","","","","","1445","03","03","","",""
"1755","0","0","0","0","0","0","0","0","0","7","0","","36","04","2020","2020036271","4","40.2794","-76.2036","1747","08","0","0","0","0","0","0","0","0","","0","0","0","17","1","1","02","2","40 16:45.898","5","00","76 12:13.003","2","0","1","1","36236","0","0","0","N","0","0","0","1","36408","0","","2","01","N","N","0","","0","1","0","0","0","Y","1745","1","1","0","0","0","0","0","1","0","1","N","","","","","","","","","","","1830","03","  ","","",""
"0628","1","0","0","0","0","0","0","0","0","6","0","","36","04","2020","2020036273","2","40.2786","-76.2031","0623","08","0","0","0","0","0","1","0","0","","0","0","0","06","1","1","00","2","40 16:42.874","5","00","76 12:11.291","3","0","0","0","36236","0","0","0","N","0","0","0","2","36408","0","","1","09","N","N","1","","1","0","0","0","0","N","0623","1","2","0","0","0","0","0","1","0","2","N","","","","","","","","","","","0700","03","  ","","",""
"1944","0","0","0","0","0","0","0","0","0","99","0","","36","05","2020","2020036278","1","40.0998","-76.0578","1941","08","0","0","0","0","0","0","0","0","","0","0","0","19","1","0","00","0","40 05:59.407","","00","76 03:28.105","0","0","0","1","36213","0","0","0","N","0","0","0","1","36213","0","","1","01","N","N","0","","0","0","0","0","0","","1940","0","1","0","0","0","0","0","1","0","1","N","","","","","","","","","","","","03","03","","",""
"2025","0","0","0","0","0","0","0","0","0","5","0","","36","05","2020","2020036304","7","40.0376","-76.3278","2015","08","0","0","0","0","0","1","0","0","","0","0","0","20","3","0","00","1","40 02:15.440","1","00","76 19:39.940","0","0","0","0","36220","0","0","0","N","0","0","0","1","36101","0","","1","01","N","N","0","","0","0","2","0","0","N","2013","0","2","0","0","0","0","0","3","0","2","N","","","","","","","","","","","2100","03","03","","N","N"
"0942","2","0","0","0","0","0","0","0","0","4","0","","36","05","2020","2020036321","2","40.0429","-76.3046","0935","08","0","0","0","0","0","1","0","0","","0","0","0","09","1","0","01","1","40 02:34.358","4","00","76 18:16.407","0","0","0","0","36301","0","0","0","N","0","0","0","2","36301","0","","1","01","N","N","0","","0","0","0","3","2","N","0934","0","2","0","0","0","0","0","3","0","2","N","","","","","","","","","","","1050","03","  ","","N",""
"2017","1","0","0","0","0","0","0","0","0","4","0","","36","04","2020","2020036403","5","40.0675","-76.4132","2007","08","0","0","0","0","0","1","0","0","","0","0","0","20","2","0","01","0","40 04:03.061","","00","76 24:47.404","0","0","0","0","36214","0","0","0","N","0","0","0","2","36214","0","","1","09","N","N","0","","0","0","1","3","3","","2003","0","2","0","0","0","0","0","3","0","2","N","","","","","","","","","","","","07","  ","","",""
"1133","2","0","0","0","0","0","0","0","0","4","0","","36","04","2020","2020036404","5","40.1658","-76.3972","1131","08","0","0","0","0","0","0","0","0","","0","0","0","11","1","0","01","1","40 09:56.714","2","00","76 23:50.098","0","0","0","0","36410","0","0","0","N","0","0","0","3","36410","0","","1","09","N","N","0","","0","0","0","0","0","N","1130","0","2","0","0","0","0","0","2","0","2","N","","","","","","","","","","","1143","07","  ","","",""
"1439","0","0","0","0","0","0","0","0","0","1","0","","36","05","2020","2020036405","6","40.1294","-76.4443","1429","08","0","0","0","0","0","0","1","0","","0","0","0","14","1","0","00","0","40 07:45.696","","00","76 26:39.396","0","0","0","0","36230","0","0","0","N","0","0","0","2","36410","0","","1","01","N","N","1","","0","0","1","0","0","","1429","0","2","0","0","0","0","0","1","0","2","N","","","","","","","","","","","","03","03","","N","N"
"1405","1","0","0","0","0","0","0","0","0","98","0","","36","05","2020","2020036406","7","40.1178","-76.4554","1354","08","0","0","0","0","0","0","1","0","","0","0","0","13","1","0","00","0","40 07:04.131","","00","76 27:19.617","0","0","0","0","36230","0","0","0","N","0","0","0","1","36410","0","","1","01","N","N","0","","0","0","0","0","0","","1352","0","1","0","0","0","0","0","1","0","1","N","","","","","","","","","","","","03","  ","","N","N"
"1449","0","0","0","0","0","0","0","0","0","4","0","","36","05","2020","2020036407","7","40.1196","-76.491","1431","08","0","0","0","0","0","0","0","0","","0","0","0","14","1","0","02","1","40 07:10.482","2","00","76 29:27.623","0","0","0","0","36230","0","0","0","N","0","0","0","2","36410","0","","1","01","N","N","0","","0","0","2","0","0","N","1420","0","2","0","0","0","0","0","1","0","2","N","","","","","","","","","","","1510","03","03","","",""
"0052","1","0","0","0","0","0","0","0","0","7","0","","36","05","2020","2020036408","1","40.1295","-76.4938","0037","08","0","0","0","0","0","0","0","0","","0","0","0","00","2","1","00","0","40 07:46.080","","00","76 29:37.711","2","0","0","0","36230","0","0","0","N","0","0","0","1","36410","0","","5","01","N","N","0","","0","1","0","0","0","","0034","1","1","0","0","0","0","0","1","0","1","N","","","","","","","","","","","","03","03","","",""
"0959","1","0","0","0","0","0","0","0","0","7","0","","36","05","2020","2020036660","2","40.1165","-76.5828","0950","08","0","0","0","0","0","0","0","0","","0","0","0","09","1","1","00","0","40 06:59.400","","00","76 34:57.900","8","0","0","0","36237","0","0","0","N","0","0","0","1","36505","0","","4","01","N","N","0","","0","0","0","0","0","N","0949","1","1","0","0","0","1","0","1","0","1","N","","","","","","","","","","","","03","  ","","N","N"
"0952","1","0","1","0","0","0","0","0","0","7","1","","36","04","2020","2020036679","4","40.0272","-76.2205","0948","08","0","0","0","0","0","1","0","0","","0","1","0","09","1","1","00","1","40 01:37.938","6","00","76 13:13.743","2","0","0","0","36215","0","0","0","N","0","0","0","2","36215","0","","2","01","N","N","0","","0","1","0","3","2","Y","0945","1","2","0","0","0","0","0","1","0","2","N","","","","","","","","","","","1045","03","03","","",""
"1508","1","0","0","0","0","0","0","0","0","4","0","","36","04","2020","2020036680","4","40.0761","-76.2059","1501","08","0","0","0","0","0","1","1","0","","0","0","0","14","1","2","01","0","40 04:34.113","","00","76 12:21.249","3","0","0","0","36234","0","0","0","N","0","0","0","2","36215","0","","1","01","N","N","0","","2","0","1","3","3","","1459","2","2","0","0","0","0","0","1","0","2","N","","","","","","","","","","","","03","03","","N",""
"0702","0","0","0","0","0","0","0","0","0","4","0","","36","04","2020","2020036681","4","40.0618","-76.1703","0655","08","0","0","0","0","0","1","0","0","","0","0","0","06","1","0","01","0","40 03:42.602","","00","76 10:12.961","0","0","0","0","36234","0","0","0","N","0","0","0","2","36215","0","","1","01","N","N","1","","0","0","1","3","3","","0630","0","2","0","0","0","0","0","1","0","2","N","","","","","","","","","","","","03","03","","",""
"1208","0","0","0","0","0","0","0","0","0","5","0","","36","05","2020","2020036682","7","40.0315","-76.2382","1204","08","0","0","0","0","0","1","0","1","","0","0","0","11","1","1","01","0","40 01:50.123","","00","76 14:03.641","4","0","0","0","36215","0","0","0","N","0","0","0","2","36215","1","","1","01","N","N","1","","0","0","1","3","2","","1154","1","2","0","0","0","0","0","1","0","2","N","","","","","","","","","","","","03","03","","",""