"ARRIVAL_TM","AUTOMOBILE_COUNT","BELTED_DEATH_COUNT","BELTED_SUSP_SERIOUS_INJ_COUNT","BICYCLE_COUNT","BICYCLE_DEATH_COUNT","BICYCLE_SUSP_SERIOUS_INJ_COUNT","BUS_COUNT","CHLDPAS_DEATH_COUNT","CHLDPAS_SUSP_SERIOUS_INJ_COUNT","COLLISION_TYPE","COMM_VEH_COUNT","CONS_ZONE_SPD_LIM","COUNTY","CRASH_MONTH","CRASH_YEAR","CRN","DAY_OF_WEEK","DEC_LAT","DEC_LONG","DISPATCH_TM","DISTRICT","DRIVER_COUNT_16YR","DRIVER_COUNT_17YR","DRIVER_COUNT_18YR","DRIVER_COUNT_19YR","DRIVER_COUNT_20YR","DRIVER_COUNT_50_64YR","DRIVER_COUNT_65_74YR","DRIVER_COUNT_75PLUS","EST_HRS_CLOSED","FATAL_COUNT","HEAVY_TRUCK_COUNT","HORSE_BUGGY_COUNT","HOUR_OF_DAY","ILLUMINATION","INJURY_COUNT","INTERSECT_TYPE","LANE_CLOSED","LATITUDE","LN_CLOSE_DIR","LOCATION_TYPE","LONGITUDE","MAX_SEVERITY_LEVEL","MCYCLE_DEATH_COUNT","MCYCLE_SUSP_SERIOUS_INJ_COUNT","MOTORCYCLE_COUNT","MUNICIPALITY","NONMOTR_COUNT","NONMOTR_DEATH_COUNT","NONMOTR_SUSP_SERIOUS_INJ_COUNT","NTFY_HIWY_MAINT","PED_COUNT","PED_DEATH_COUNT","PED_SUSP_SERIOUS_INJ_COUNT","PERSON_COUNT","POLICE_AGCY","POSSIBLE_INJ_COUNT","RDWY_SURF_TYPE_CD","RELATION_TO_ROAD","ROAD_CONDITION","SCH_BUS_IND","SCH_ZONE_IND","SMALL_TRUCK_COUNT","SPEC_JURIS_CD","SUSP_MINOR_INJ_COUNT","SUSP_SERIOUS_INJ_COUNT","SUV_COUNT","TCD_FUNC_CD","TCD_TYPE","TFC_DETOUR_IND","TIME_OF_DAY","TOT_INJ_COUNT","TOTAL_UNITS","UNB_DEATH_COUNT","UNB_SUSP_SERIOUS_INJ_COUNT","UNBELTED_OCC_COUNT","UNK_INJ_DEG_COUNT","UNK_INJ_PER_COUNT","URBAN_RURAL","VAN_COUNT","VEHICLE_COUNT","WORK_ZONE_IND","WORK_ZONE_LOC","WORK_ZONE_TYPE","WORKERS_PRES","WZ_CLOSE_DETOUR","WZ_FLAGGER","WZ_LAW_OFFCR_IND","WZ_LN_CLOSURE","WZ_MOVING","WZ_OTHER","WZ_SHLDER_MDN","ROADWAY_CLEARED","WEATHER1","WEATHER2","WZ_WORKERS_INJ_KILLED","SECONDARY_CRASH","INTERSECTION_RELATED"
"0609","0","0","0","0","0","0","0","0","0","7","0","","36","05","2020","2020036683","2","40.0298","-76.3828","0600","08","0","0","0","0","0","0","0","0","","0","0","0","05","1","1","02","0","40 01:47.107","","00","76 22:58.195","3","0","0","0","36223","0","0","0","N","0","0","0","1","36223","0","","4","01","N","N","0","","1","0","1","0","0","","0558","1","1","0","0","0","0","0","1","0","1","N","","","","","","","","","","","","03","  ","","",""
"1837","1","0","0","0","0","0","0","0","0","1","0","","36","05","2020","2020036684","2","40.021","-76.368","1813","08","0","0","0","0","0","1","0","0","","0","0","0","18","1","1","00","1","40 01:15.600","1","00","76 22:04.700","3","0","0","0","36223","0","0","0","N","0","0","0","1","36223","0","","6","01","N","N","0","","1","0","1","0","0","N","1810","1","2","0","0","1","0","0","1","0","2","N","","","","","","","","","","","1900","03","03","","N","N"
"1340","1","0","0","0","0","0","0","0","0","7","0","","36","04","2020","2020036685","5","40.1189","-76.2376","1330","08","0","0","0","0","0","0","1","0","","0","0","0","13","1","0","00","1","40 07:07.938","5","00","76 14:15.424","9","0","0","0","36101","0","0","0","N","0","0","0","1","36506","0","","4","08","N","N","0","","0","0","0","0","0","N","1328","0","1","0","0","0","0","1","3","0","1","N","","","","","","","","","","","0035","07","07","","N","N"
"1524","1","0","0","0","0","0","0","0","0","7","0","","36","05","2020","2020036686","7","40.1365","-76.3232","1517","08","0","0","0","0","0","1","0","0","","0","0","0","15","1","1","00","2","40 08:11.401","5","00","76 19:23.616","8","0","0","0","36235","0","0","0","N","0","0","0","1","36506","0","","4","01","N","N","0","","0","0","0","0","0","Y","1516","1","1","0","0","0","1","0","1","0","1","N","","","","","","","","","","","1600","03","  ","","",""
"1740","1","0","0","0","0","0","0","0","0","4","0","","36","05","2020","2020036687","7","40.2185","-76.2553","1731","08","0","1","0","0","0","0","0","0","","0","0","0","17","1","1","02","2","40 13:06.498","6","00","76 15:18.903","3","0","0","0","36204","0","0","0","N","0","0","0","5","36506","0","","1","01","N","N","1","","1","0","0","3","3","Y","1730","1","3","0","0","0","0","0","1","1","3","N","","","","","","","","","","","0045","03","  ","","N",""
"1925","2","0","0","0","0","0","0","0","0","4","0","","36","04","2020","2020036703","3","40.0321","-76.3007","1904","08","0","0","0","0","1","0","0","0","","0","0","0","19","1","0","01","0","40 01:55.380","","00","76 18:02.365","0","0","0","0","36301","0","0","0","N","0","0","0","4","36301","0","","1","01","","","0","","0","0","0","3","3","","1901","0","2","0","0","0","0","0","3","0","2","N","","","","","","","","","","","","03","  ","","N",""
"1853","1","0","0","0","0","0","0","0","0","4","0","","36","05","2020","2020036796","2","40.0335","-76.3246","1847","08","0","0","0","0","0","1","0","0","","0","0","0","18","1","0","01","2","40 02:00.452","6","00","76 19:28.588","0","0","0","0","36220","0","0","0","N","0","0","0","2","36101","0","","1","01","N","N","0","","0","0","1","3","3","N","1844","0","2","0","0","0","0","0","3","0","2","N","","","","","","","","","","","1909","03","03","","",""
"1235","0","0","0","0","0","0","0","0","0","4","0","","36","05","2020","2020036797","3","40.0709","-76.3176","1225","08","0","0","0","0","0","1","0","1","","0","0","0","12","1","2","01","1","40 04:15.221","1","00","76 19:03.325","3","0","0","0","36101","0","0","0","N","0","0","0","2","36101","0","","1","01","N","N","0","","2","0","2","3","2","N","1223","2","2","0","0","0","0","0","3","0","2","N","","","","","","","","","","","1315","03","03","","N",""
"1428","1","0","0","0","0","0","0","0","0","0","0","","36","04","2020","2020036898","3","40.0373","-76.3202","1422","08","0","0","0","0","0","0","0","0","","0","0","0","14","1","0","00","2","40 02:14.339","1","00","76 19:12.819","0","0","0","0","36301","0","0","0","N","0","0","0","1","36301","0","","6","01","N","N","0","","0","0","1","0","0","Y","1421","0","2","0","0","0","0","0","3","0","2","N","","","","","","","","","","","1430","03","03","","Y","N"
"1040","1","0","0","0","0","0","0","0","0","7","0","","36","04","2020","2020036926","6","40.0677","-76.2898","1040","08","0","0","0","0","0","0","0","0","","0","0","0","10","1","0","06","0","40 04:02.587","","02","76 17:19.151","0","0","0","0","36101","0","0","0","N","0","0","0","1","36101","0","","5","09","N","N","0","","0","0","0","0","0","","1040","0","1","0","0","0","0","0","3","0","1","N","","","","","","","","","","","","07","04","","",""
"0613","1","0","0","0","0","0","0","0","0","7","0","","36","04","2020","2020036927","4","40.0642","-76.2095","0609","08","0","0","0","0","0","0","0","0","","0","0","0","06","1","1","00","2","40 03:51.173","5","00","76 12:34.254","3","0","0","0","36234","0","0","0","N","0","0","0","5","36215","0","","5","01","N","N","1","","1","0","1","0","0","Y","0606","1","3","0","0","3","0","0","1","0","3","N","","","","","","","","","","","0719","04","  ","","",""
"1714","0","0","0","0","0","0","0","0","0","98","0","","36","04","2020","2020036928","5","40.0412","-76.2465","1706","08","0","0","0","0","0","0","0","0","","0","0","0","17","1","0","06","0","40 02:28.288","","02","76 14:47.470","0","0","0","0","36215","0","0","0","N","0","0","0","1","36215","0","","4","08","N","N","0","","0","0","1","0","0","","1700","0","1","0","0","0","0","0","1","0","1","N","","","","","","","","","","","","07","  ","","",""
"0717","1","0","0","0","0","0","0","0","0","7","0","","36","05","2020","2020036929","1","40.0191","-76.4896","0707","08","0","0","1","0","0","0","0","0","","0","0","0","07","1","0","00","2","40 01:08.596","5","00","76 29:22.586","0","0","0","0","36223","0","0","0","N","0","0","0","1","36223","0","","4","09","N","N","0","","0","0","0","3","8","Y","0704","0","1","0","0","0","0","0","1","0","1","N","","","","","","","","","","","0801","04","  ","","",""
"1353","1","0","0","0","0","0","0","0","0","1","0","","36","04","2020","2020036930","5","40.146","-76.1179","1341","08","0","0","0","0","0","0","1","0","","0","0","0","13","1","2","00","1","40 08:45.594","6","00","76 07:04.515","4","0","0","0","36209","0","0","0","N","0","0","0","5","36415","2","","1","01","N","N","0","","0","0","2","0","0","N","1338","2","3","0","0","0","0","0","1","0","3","N","","","","","","","","","","","1451","04","  ","","",""
"0759","0","0","0","0","0","0","0","0","0","7","0","","36","04","2020","2020036931","2","40.1027","-76.0774","0756","08","0","0","0","0","0","1","0","0","","0","0","0","07","1","0","00","0","40 06:09.600","","00","76 04:38.790","0","0","0","0","36415","0","0","0","N","0","0","0","1","36415","0","","5","09","N","N","1","","0","0","0","0","0","","0756","0","1","0","0","0","0","0","1","0","1","N","","","","","","","","","","","","04","  ","","",""
"1835","1","0","0","0","0","0","0","0","0","4","0","","36","05","2020","2020036948","7","40.0214","-76.3189","1828","08","0","0","0","0","0","0","0","0","","0","0","0","18","1","1","02","1","40 01:16.867","1","07","76 19:08.174","3","0","0","0","36301","0","0","0","N","0","0","0","4","36301","0","","1","01","N","N","0","","1","0","1","3","3","Y","1827","1","3","0","0","0","0","0","3","0","2","N","","","","","","","","","","","1917","03","03","","N",""
"1848","0","0","0","0","0","0","0","0","0","7","0","","36","03","2020","2020036951","5","39.985","-76.0498","1845","08","0","0","0","0","1","0","0","0","","0","0","0","18","1","1","00","2","39 59:05.923","6","00","76 02:59.305","8","0","0","0","36232","0","0","0","N","0","0","0","1","68J01","0","","4","01","N","N","0","","0","0","1","0","0","N","1841","1","1","0","0","0","1","0","1","0","1","N","","","","","","","","","","","2100","03","  ","","",""
"2151","1","0","0","0","0","0","0","0","0","7","0","","36","05","2020","2020037041","6","40.1753","-76.1708","2148","08","0","0","0","0","0","0","0","0","","0","0","0","21","3","0","01","0","40 10:31.029","","00","76 10:15.038","0","0","0","0","36408","0","0","0","N","0","0","0","1","36408","0","","4","01","N","N","0","","0","0","0","0","0","","2140","0","1","0","0","0","0","0","2","0","1","N","","","","","","","","","","","","03","03","","N","N"
"2110","1","0","0","0","0","0","0","0","0","8","0","","36","05","2020","2020037042","7","40.1801","-76.1795","2106","08","0","0","0","0","1","0","0","0","","0","0","0","21","3","1","01","1","40 10:48.328","4","00","76 10:46.123","2","0","0","0","36408","1","0","1","N","1","0","1","2","36408","0","","1","01","N","N","0","","0","1","0","3","1","Y","2106","1","2","0","0","0","0","0","2","0","1","N","","","","","","","","","","","2130","03","  ","","",""
"1434","2","0","0","0","0","0","0","0","0","4","0","","36","05","2020","2020037074","4","40.0482","-76.3032","1430","08","0","0","0","0","0","1","0","0","","0","0","0","14","1","0","10","2","40 02:53.639","1","00","76 18:11.682","0","0","0","0","36301","0","0","0","N","0","0","0","3","36301","0","","1","09","N","N","0","","0","0","0","3","3","N","1429","0","2","0","0","0","0","0","3","0","2","N","","","","","","","","","","","1510","04","  ","","",""
"1057","1","0","0","0","0","0","0","0","0","1","0","","36","04","2020","2020037076","2","40.0287","-76.4985","1044","08","0","0","0","0","0","0","0","0","","0","0","0","10","1","0","00","0","40 01:43.300","","00","76 29:54.700","0","0","0","0","36404","0","0","0","N","0","0","0","1","36404","0","","6","09","N","N","0","","0","0","0","0","0","N","1044","0","2","0","0","0","0","0","3","1","2","N","","","","","","","","","","","","07","  ","","N","N"
"0903","0","0","0","0","0","0","0","0","0","4","0","","36","05","2020","2020037077","6","40.1018","-76.6727","0855","08","0","0","0","0","0","0","0","0","","0","0","0","08","1","0","01","1","40 06:06.624","5","00","76 40:21.755","0","0","0","0","36207","0","0","0","N","0","0","0","3","36504","0","","1","01","N","N","0","","0","0","2","3","3","Y","0854","0","2","0","0","0","0","0","1","0","2","N","","","","","","","","","","","1002","03","03","","N",""
"2205","1","0","0","0","0","0","0","0","0","4","0","","36","05","2020","2020037079","1","40.028","-76.481","2154","08","0","0","0","0","0","0","0","0","","0","0","0","21","3","0","01","1","40 01:40.890","1","00","76 28:51.655","0","0","0","0","36239","0","0","0","N","0","0","0","1","36404","0","","5","01","N","N","0","","0","0","1","0","0","N","2154","0","2","0","0","0","0","0","3","0","2","N","","","","","","","","","","","2205","03","  ","","N",""
"1615","1","0","0","0","0","0","0","0","0","4","0","","36","05","2020","2020037088","6","40.0668","-76.6001","1608","08","0","0","0","0","1","0","1","0","","0","0","0","16","1","3","01","2","40 04:00.304","5","00","76 36:00.485","8","0","0","1","36211","0","0","0","N","0","0","0","3","36504","0","","1","01","N","N","0","","0","0","0","3","3","Y","1607","3","2","0","0","0","3","0","1","0","2","N","","","","","","","","","","","1653","03","03","","N",""
"1022","1","0","0","0","0","0","0","0","0","1","1","","36","05","2020","2020037094","4","40.0389","-76.5105","1020","08","0","0","0","0","0","0","0","0","","0","1","0","10","1","0","01","1","40 02:20.202","1","02","76 30:37.819","0","0","0","0","36404","0","0","0","N","0","0","0","3","36404","0","","1","09","N","N","0","","0","0","0","3","2","N","1018","0","2","0","0","0","0","0","3","0","2","N","","","","","","","","","","","1052","07","  ","","",""
"0918","1","0","0","0","0","0","0","0","0","7","0","","36","05","2020","2020037152","4","40.1873","-76.0003","0913","08","0","0","0","0","0","0","0","0","","0","0","0","09","1","0","00","1","40 11:14.310","3","00","76 00:01.014","0","0","0","0","36202","0","0","0","N","0","0","0","1","68T06","0","","2","01","N","N","0","","0","0","0","0","0","N","0913","0","1","0","0","1","0","0","1","0","1","N","","","","","","","","","","","0946","03","  ","","",""
"1436","1","0","0","0","0","0","0","0","0","4","0","","36","05","2020","2020037182","4","40.0376","-76.268","1430","08","0","0","0","0","0","0","0","1","","0","0","0","14","1","4","00","1","40 02:15.407","4","07","76 16:04.939","4","0","0","0","36215","0","0","0","N","0","0","0","4","36215","4","","1","09","N","N","0","","0","0","1","3","3","N","1428","4","2","0","0","0","0","0","1","0","2","N","","","","","","","","","","","1450","07","  ","","N","N"
"1315","3","0","0","0","0","0","0","0","0","4","0","","36","05","2020","2020037183","7","40.0391","-76.4333","1258","08","0","0","0","0","0","1","0","0","","0","0","0","12","1","1","01","0","40 02:20.909","","00","76 25:59.787","3","0","0","0","36414","0","0","0","N","0","0","0","3","36239","0","","1","01","N","N","0","","1","0","0","3","3","","1258","1","3","0","0","0","0","0","3","0","3","N","","","","","","","","","","","","03","  ","","N",""
"0915","0","0","0","0","0","0","0","0","0","4","0","","36","05","2020","2020037184","3","40.0392","-76.4311","0913","08","0","0","0","0","0","1","0","1","","0","0","0","09","1","2","01","2","40 02:20.941","7","00","76 25:51.799","4","0","0","0","36414","0","0","0","N","0","0","0","2","36239","2","","1","01","N","N","0","","0","0","2","3","2","Y","0913","2","2","0","0","0","0","0","3","0","2","N","","","","","","","","","","","1030","03","  ","","N",""
"0450","2","0","0","0","0","0","0","0","0","6","0","","36","04","2020","2020037185","2","40.0589","-76.4631","0444","08","0","0","0","0","0","1","0","0","","0","0","0","04","2","0","00","0","40 03:32.023","","00","76 27:47.096","0","0","0","0","36239","0","0","0","N","0","0","0","2","36239","0","","1","09","N","N","0","","0","0","0","0","0","","0444","0","2","0","0","0","0","0","3","0","2","N","","","","","","","","","","","","07","04","","N","N"
"2037","0","0","0","0","0","0","0","0","0","7","0","","36","04","2020","2020037186","2","40.0564","-76.4055","2033","08","0","0","0","1","0","0","0","0","","0","0","0","20","2","0","00","2","40 03:23.169","5","00","76 24:19.861","9","0","0","0","36214","0","0","0","N","0","0","0","2","36239","0","","4","01","N","N","0","","0","0","1","0","0","Y","2033","0","1","0","0","0","0","1","3","0","1","N","","","","","","","","","","","2136","04","03","","N","N"
"0701","1","0","0","0","0","0","0","0","0","7","0","","36","04","2020","2020037187","5","40.076","-76.461","0655","08","0","0","0","0","0","1","0","0","","0","0","0","06","1","0","00","1","40 04:33.546","5","00","76 27:39.549","0","0","0","0","36239","0","0","0","Y","0","0","0","1","36239","0","","5","09","N","N","0","","0","0","0","0","0","Y","0652","0","1","0","0","0","0","0","3","0","1","N","","","","","","","","","","","0100","04","  ","","",""
"1526","1","0","0","0","0","0","0","0","0","4","0","","36","04","2020","2020037188","5","40.0398","-76.4553","1517","08","0","0","1","0","0","1","0","0","","0","0","0","15","1","1","01","1","40 02:23.536","1","02","76 27:19.113","4","0","0","0","36239","0","0","0","N","0","0","0","2","36239","1","","1","09","N","N","1","","0","0","0","3","2","N","1517","1","2","0","0","0","0","0","3","0","2","N","","","","","","","","","","","1600","07","07","","N",""
"1606","0","0","0","0","0","0","0","0","0","4","0","","36","05","2020","2020037189","6","40.0591","-76.4629","1601","08","0","1","0","0","0","0","0","0","","0","0","0","16","1","0","03","1","40 03:32.814","1","00","76 27:46.398","0","0","0","0","36239","0","0","0","N","0","0","0","2","36239","0","","1","01","N","N","0","","0","0","2","3","3","Y","1601","0","2","0","0","0","0","0","3","0","2","N","","","","","","","","","","","1640","03","03","","",""
"1545","0","0","0","0","0","0","0","0","0","4","0","","36","05","2020","2020037190","7","40.0514","-76.5167","1535","08","0","0","0","0","0","1","0","0","","0","0","0","15","1","1","00","2","40 03:05.130","2","00","76 30:59.948","8","0","0","1","36239","0","0","0","N","0","0","0","2","36239","0","","1","01","N","N","0","","0","0","1","0","0","N","1532","1","2","0","0","0","1","0","3","0","2","N","","","","","","","","","","","1623","03","03","","",""
"1150","2","0","0","0","0","0","0","0","0","5","0","","36","05","2020","2020037191","3","40.0453","-76.4253","1144","08","0","0","0","0","0","1","0","0","","0","0","0","11","1","0","00","1","40 02:42.975","4","00","76 25:31.177","0","0","0","0","36239","0","0","0","N","0","0","0","1","36239","0","","1","01","N","N","0","","0","0","0","0","0","N","1144","0","2","0","0","0","0","0","3","0","2","N","","","","","","","","","","","1230","03","  ","","",""
"1102","1","0","0","0","0","0","0","0","0","7","0","","36","04","2020","2020037217","2","40.2209","-76.0923","1102","08","0","0","0","0","0","0","0","0","","0","0","0","11","1","0","00","0","40 13:15.120","","00","76 05:32.390","0","0","0","0","36210","0","0","0","N","0","0","0","3","68T06","0","","4","09","N","N","0","","0","0","0","0","0","","1102","0","1","0","0","0","0","0","1","0","1","N","","","","","","","","","","","","07","  ","","",""
"1620","0","0","0","0","0","0","0","0","0","7","0","","36","04","2020","2020037218","4","40.1846","-76.0479","1521","08","1","0","0","0","0","0","0","0","","0","0","0","14","1","1","00","0","40 11:04.528","","00","76 02:52.283","3","0","0","0","36202","0","0","0","N","0","0","0","1","68J01","0","","4","01","N","N","0","","1","0","1","0","0","","1439","1","1","0","0","0","0","0","1","0","1","N","","","","","","","","","","","","03","03","","",""
"1500","2","0","0","0","0","0","0","0","0","4","0","","36","05","2020","2020037300","3","40.0399","-76.3089","1459","08","0","0","0","0","0","0","0","0","","0","0","0","14","1","0","00","2","40 02:23.519","5","00","76 18:32.003","0","0","0","0","36301","0","0","0","N","0","0","0","3","36301","0","","1","01","N","N","0","","0","0","0","0","0","Y","1457","0","2","0","0","0","0","0","3","0","2","N","","","","","","","","","","","1605","04","  ","","",""
"1540","0","0","0","0","0","0","0","0","0","7","0","","36","04","2020","2020037349","5","40.2209","-76.2617","1534","08","0","0","0","0","0","0","0","0","","0","0","0","15","1","0","00","1","40 13:15.234","3","00","76 15:42.146","0","0","0","0","36217","0","0","0","N","0","0","0","1","68J01","0","","4","09","N","N","1","","0","0","0","0","0","N","1531","0","1","0","0","0","0","0","1","0","1","N","","","","","","","","","","","1610","07","  ","","",""
"1910","0","0","0","0","0","0","0","0","0","8","0","","36","04","2020","2020037395","4","40.0292","-76.2937","1909","08","0","0","0","0","0","0","0","0","","0","0","0","19","1","1","00","1","40 01:45.186","5","07","76 17:37.214","3","0","0","0","36301","1","0","0","N","1","0","0","3","36301","0","","1","01","N","N","0","","1","0","1","0","0","N","1909","1","2","0","0","0","0","0","3","0","1","N","","","","","","","","","","","1930","03","03","","N","N"
"1857","2","0","0","0","0","0","0","0","0","4","0","","36","05","2020","2020037403","4","40.0146","-76.3261","1857","08","0","0","0","0","0","0","0","0","","0","0","0","18","1","1","02","2","40 00:52.712","5","00","76 19:33.907","3","0","0","0","36220","0","0","0","N","0","0","0","2","36101","0","","1","09","N","N","0","","1","0","0","0","0","N","1857","1","2","0","0","0","0","0","3","0","2","N","","","","","","","","","","","1945","07","  ","","N","N"
"1326","2","0","0","0","0","0","0","0","0","4","0","","36","02","2020","2020037404","1","39.9969","-76.4465","1326","08","1","0","0","0","0","1","0","0","","0","0","0","13","1","0","01","1","39 59:48.725","3","00","76 26:47.502","0","0","0","0","36223","0","0","0","N","0","0","0","4","36223","0","","1","01","N","N","0","","0","0","0","3","3","N","1326","0","2","0","0","0","0","0","1","0","2","N","","","","","","","","","","","1410","03","03","","",""
"0853","0","0","0","0","0","0","0","0","0","1","1","","36","04","2020","2020037429","2","39.9022","-76.2416","0831","08","0","0","0","0","0","0","0","0","","0","1","0","08","1","0","00","1","39 54:07.873","5","00","76 14:29.657","0","0","0","0","36229","0","0","0","N","0","0","0","2","68J01","0","","1","09","N","N","1","","0","0","0","0","0","N","0830","0","2","0","0","0","0","0","1","0","2","N","","","","","","","","","","","1015","04","  ","","",""
"1416","0","0","0","0","0","0","0","0","0","7","0","","36","04","2020","2020037434","5","40.2095","-76.3095","1356","08","0","0","0","0","0","0","0","0","","0","0","0","13","1","1","00","2","40 12:34.378","6","00","76 18:34.155","4","0","0","0","36217","0","0","0","N","0","0","0","1","68J01","1","","4","09","N","N","1","","0","0","0","0","0","Y","1333","1","1","0","0","0","0","0","1","0","1","N","","","","","","","","","","","1500","07","  ","","",""
"1733","0","0","0","0","0","0","0","0","0","7","0","","36","04","2020","2020037436","5","39.9506","-76.0527","1716","08","0","0","0","0","0","0","0","0","","0","0","0","17","1","4","00","2","39 57:02.000","6","00","76 03:09.800","3","0","0","0","36231","0","0","0","N","0","0","0","4","68J01","0","","4","09","N","N","0","","4","0","1","0","0","Y","1711","4","1","0","0","0","0","0","1","0","1","N","","","","","","","","","","","1851","07","07","","N","N"
"0320","3","0","0","0","0","0","0","0","0","4","0","","36","04","2020","2020037462","6","40.0298","-76.3126","0318","08","0","0","0","0","0","0","0","0","","0","0","0","03","3","0","00","1","40 01:47.233","4","00","76 18:45.434","0","0","0","0","36301","0","0","0","N","0","0","0","1","36301","0","","4","09","N","N","0","","0","0","0","0","0","N","0316","0","3","0","0","0","0","0","3","0","3","N","","","","","","","","","","","0400","98","07","","",""
"1824","2","0","0","0","0","0","0","0","0","4","0","","36","04","2020","2020037490","5","40.0032","-76.4519","1807","08","0","0","0","0","1","0","0","0","","0","0","0","18","1","0","01","1","40 00:11.365","3","00","76 27:06.746","0","0","0","0","36223","0","0","0","N","0","0","0","5","36223","0","","1","01","N","N","0","","0","0","0","3","3","N","1806","0","2","0","0","0","0","0","1","0","2","N","","","","","","","","","","","1927","04","  ","","",""
"0740","1","0","0","0","0","0","0","0","0","98","0","","36","05","2020","2020037491","5","40.048","-76.4827","0733","08","0","0","0","0","0","0","0","0","","0","0","0","07","5","1","00","1","40 02:52.660","3","00","76 28:57.880","3","0","0","0","36239","0","0","0","N","0","0","0","1","36239","0","","1","01","N","N","0","","1","0","0","0","0","N","0733","1","1","0","0","0","0","0","3","0","1","N","","","","","","","","","","","0030","03","03","","",""
"1740","3","0","0","0","0","0","0","0","0","4","0","","36","04","2020","2020037506","5","40.0436","-76.3137","1736","08","0","0","0","0","0","1","0","0","","0","0","0","17","1","0","01","1","40 02:37.071","1","00","76 18:49.309","0","0","0","0","36301","0","0","0","N","0","0","0","4","36301","0","","1","09","N","N","0","","0","0","0","3","2","N","1736","0","3","0","0","0","0","0","3","0","3","N","","","","","","","","","","","1800","07","07","","",""
"0617","1","0","0","0","0","0","0","0","0","5","0","","36","05","2020","2020037554","2","40.2111","-76.0479","0600","08","0","0","0","0","1","0","0","0","","0","0","0","06","1","0","00","0","40 12:39.868","","00","76 02:52.466","9","0","0","0","36202","0","0","0","N","0","0","0","3","68T06","0","","1","01","N","N","0","","0","0","0","0","0","","0600","0","2","0","0","0","0","1","1","0","2","N","","","","","","","","","","","","03","  ","","",""
"1130","0","0","0","0","0","0","0","0","0","4","0","","36","05","2020","2020037559","5","40.1737","-76.0083","1051","08","0","0","0","0","0","1","0","1","","0","0","0","10","1","1","02","1","40 10:25.330","1","07","76 00:29.745","8","0","0","0","36202","0","0","0","N","0","0","0","2","68J01","0","","1","01","N","N","0","","0","0","1","3","3","N","1046","1","2","0","0","1","1","0","1","1","2","N","","","","","","","","","","","1218","03","  ","","N","N"
"1033","0","0","0","0","0","0","0","0","0","7","0","","36","05","2020","2020037567","6","39.8651","-76.0549","1024","08","0","0","0","0","0","0","0","0","","0","0","0","10","1","0","00","2","39 51:54.354","6","00","76 03:17.763","0","0","0","0","36205","0","0","0","N","0","0","0","1","68J01","0","","4","09","N","N","1","","0","0","0","0","0","N","1017","0","1","0","0","0","0","0","1","0","1","N","","","","","","","","","","","2359","07","  ","","",""
"1439","1","0","0","0","0","0","0","0","0","4","0","","36","05","2020","2020037575","7","40.0429","-76.3046","1436","08","0","0","0","0","0","0","1","0","","0","0","0","14","1","0","01","0","40 02:34.397","","00","76 18:16.415","0","0","0","0","36301","0","0","0","N","0","0","0","2","36301","0","","1","01","N","N","0","","0","0","1","3","2","","1432","0","2","0","0","0","0","0","3","0","2","N","","","","","","","","","","","","03","  ","","N",""
"1448","2","0","0","0","0","0","0","0","0","1","0","","36","05","2020","2020037591","6","39.9964","-76.2748","1445","08","0","0","0","0","0","0","0","0","","0","0","0","14","1","2","00","2","39 59:47.214","5","00","76 16:29.263","4","0","0","0","36240","0","0","0","N","0","0","0","3","36240","1","","1","09","N","N","1","","0","0","0","0","0","Y","1440","2","3","0","0","0","1","0","1","0","3","N","","","","","","","","","","","1546","07","07","","",""
"0253","1","0","0","0","0","0","0","0","0","7","0","","36","05","2020","2020037600","3","40.0753","-76.2655","0246","08","0","0","0","1","0","0","0","0","","0","0","0","02","3","0","00","0","40 04:30.965","","00","76 15:55.710","0","0","0","0","36101","0","0","0","N","0","0","0","1","36101","0","","5","01","N","N","0","","0","0","0","0","0","","0242","0","1","0","0","1","0","0","3","0","1","N","","","","","","","","","","","","03","  ","","",""
"2010","1","0","0","0","0","0","0","0","0","1","0","","36","05","2020","2020037601","6","40.0776","-76.338","2009","08","0","0","0","0","1","0","0","0","","0","0","0","20","3","0","00","1","40 04:39.234","2","00","76 20:16.762","0","0","0","0","36101","0","0","0","N","0","0","0","3","36101","0","","1","09","N","N","0","","0","0","1","3","2","N","2005","0","2","0","0","0","0","0","3","0","2","N","","","","","","","","","","","2100","07","  ","","",""
"0745","0","0","0","0","0","0","0","0","0","7","0","","36","02","2020","2020037602","1","39.9841","-76.3974","0729","08","0","0","0","0","0","1","0","0","","0","0","0","04","2","0","00","0","39 59:02.670","","00","76 23:50.649","0","0","0","0","36223","0","0","0","N","0","0","0","1","36223","0","","4","01","N","N","0","","0","0","1","0","0","","0430","0","1","0","0","0","0","0","1","0","1","N","","","","","","","","","","","","03","03","","",""
"0751","1","0","0","0","0","0","0","0","0","7","0","","36","05","2020","2020037603","7","40.0262","-76.3946","0740","08","0","0","0","0","0","0","0","0","","0","0","0","07","1","0","00","0","40 01:34.471","","00","76 23:40.536","0","0","0","0","36223","0","0","0","N","0","0","0","1","36223","0","","4","01","N","N","0","","0","0","0","0","0","","0735","0","1","0","0","0","0","0","1","0","1","N","","","","","","","","","","","","03","  ","","",""