"ARRIVAL_TM","AUTOMOBILE_COUNT","BELTED_DEATH_COUNT","BELTED_SUSP_SERIOUS_INJ_COUNT","BICYCLE_COUNT","BICYCLE_DEATH_COUNT","BICYCLE_SUSP_SERIOUS_INJ_COUNT","BUS_COUNT","CHLDPAS_DEATH_COUNT","CHLDPAS_SUSP_SERIOUS_INJ_COUNT","COLLISION_TYPE","COMM_VEH_COUNT","CONS_ZONE_SPD_LIM","COUNTY","CRASH_MONTH","CRASH_YEAR","CRN","DAY_OF_WEEK","DEC_LAT","DEC_LONG","DISPATCH_TM","DISTRICT","DRIVER_COUNT_16YR","DRIVER_COUNT_17YR","DRIVER_COUNT_18YR","DRIVER_COUNT_19YR","DRIVER_COUNT_20YR","DRIVER_COUNT_50_64YR","DRIVER_COUNT_65_74YR","DRIVER_COUNT_75PLUS","EST_HRS_CLOSED","FATAL_COUNT","HEAVY_TRUCK_COUNT","HORSE_BUGGY_COUNT","HOUR_OF_DAY","ILLUMINATION","INJURY_COUNT","INTERSECT_TYPE","LANE_CLOSED","LATITUDE","LN_CLOSE_DIR","LOCATION_TYPE","LONGITUDE","MAX_SEVERITY_LEVEL","MCYCLE_DEATH_COUNT","MCYCLE_SUSP_SERIOUS_INJ_COUNT","MOTORCYCLE_COUNT","MUNICIPALITY","NONMOTR_COUNT","NONMOTR_DEATH_COUNT","NONMOTR_SUSP_SERIOUS_INJ_COUNT","NTFY_HIWY_MAINT","PED_COUNT","PED_DEATH_COUNT","PED_SUSP_SERIOUS_INJ_COUNT","PERSON_COUNT","POLICE_AGCY","POSSIBLE_INJ_COUNT","RDWY_SURF_TYPE_CD","RELATION_TO_ROAD","ROAD_CONDITION","SCH_BUS_IND","SCH_ZONE_IND","SMALL_TRUCK_COUNT","SPEC_JURIS_CD","SUSP_MINOR_INJ_COUNT","SUSP_SERIOUS_INJ_COUNT","SUV_COUNT","TCD_FUNC_CD","TCD_TYPE","TFC_DETOUR_IND","TIME_OF_DAY","TOT_INJ_COUNT","TOTAL_UNITS","UNB_DEATH_COUNT","UNB_SUSP_SERIOUS_INJ_COUNT","UNBELTED_OCC_COUNT","UNK_INJ_DEG_COUNT","UNK_INJ_PER_COUNT","URBAN_RURAL","VAN_COUNT","VEHICLE_COUNT","WORK_ZONE_IND","WORK_ZONE_LOC","WORK_ZONE_TYPE","WORKERS_PRES","WZ_CLOSE_DETOUR","WZ_FLAGGER","WZ_LAW_OFFCR_IND","WZ_LN_CLOSURE","WZ_MOVING","WZ_OTHER","WZ_SHLDER_MDN","ROADWAY_CLEARED","WEATHER1","WEATHER2","WZ_WORKERS_INJ_KILLED","SECONDARY_CRASH","INTERSECTION_RELATED"
"2035","1","0","1","0","0","0","0","0","0","7","0","","36","04","2020","2020037604","5","40.0431","-76.4336","2029","08","0","1","0","0","0","0","0","0","","0","0","0","20","2","3","00","2","40 02:35.067","4","00","76 26:00.976","2","0","0","0","36239","0","0","0","N","0","0","0","3","36239","0","","4","09","N","N","0","","0","1","0","0","0","Y","2029","3","1","0","0","0","2","0","3","0","1","N","","","","","","","","","","","2245","07","07","","",""
"1537","3","0","0","0","0","0","0","0","0","4","0","","36","04","2020","2020037605","5","40.0441","-76.3089","1536","08","0","0","0","0","0","0","0","0","","0","0","0","15","1","1","01","1","40 02:38.765","2","00","76 18:32.003","3","0","0","0","36301","0","0","0","N","0","0","0","5","36301","0","","1","01","N","N","0","","1","0","0","3","2","N","1536","1","3","0","0","3","0","0","3","0","3","N","","","","","","","","","","","1555","03","03","","N",""
"1720","1","0","0","0","0","0","0","0","0","1","0","55","36","04","2020","2020037629","4","40.21","-76.0395","1711","08","0","0","0","0","0","0","0","0","","0","1","0","17","1","0","00","2","40 12:35.960","3","00","76 02:22.090","0","0","0","0","36202","0","0","0","N","0","0","0","5","68T06","0","","1","01","N","N","0","","0","0","0","0","0","Y","1710","0","2","0","0","0","0","0","1","0","2","Y","4","2","Y","N","N","N","Y","N","N","N","1750","03","03","","",""
"1411","0","0","0","0","0","0","0","0","0","7","0","","36","05","2020","2020037695","6","40.0145","-76.3263","1408","08","0","0","0","0","0","0","0","0","","0","0","0","14","1","1","00","0","40 00:52.150","","00","76 19:34.788","3","0","0","0","36220","0","0","0","N","0","0","0","1","36101","0","","4","09","N","N","0","","1","0","1","0","0","","1402","1","1","0","0","0","0","0","3","0","1","N","","","","","","","","","","","","07","04","","N","N"
"1547","1","0","0","0","0","0","0","0","0","4","0","","36","05","2020","2020037723","3","40.0377","-76.3128","1540","08","0","0","0","0","0","0","0","0","","0","0","0","14","1","0","00","1","40 02:15.866","2","00","76 18:45.999","0","0","0","0","36301","0","0","0","N","0","0","0","3","36301","0","","1","09","N","N","0","","0","0","1","0","0","Y","1447","0","2","0","0","0","0","0","3","0","2","N","","","","","","","","","","","1710","07","07","","",""
"2052","1","0","0","0","0","0","0","0","0","7","0","","36","05","2020","2020037858","3","40.1761","-76.2249","2048","08","0","0","0","0","0","0","0","0","","0","0","0","20","2","1","00","2","40 10:34.041","6","00","76 13:29.758","3","0","0","0","36218","0","0","0","N","0","0","0","1","36408","0","","5","01","N","N","0","","1","0","0","0","0","Y","2048","1","1","0","0","0","0","0","1","0","1","N","","","","","","","","","","","2137","03","  ","","",""
"2024","0","0","0","0","0","0","0","0","0","1","0","","36","05","2020","2020037898","4","40.029","-76.5162","2019","08","0","0","0","0","1","0","0","0","","0","0","0","20","3","0","00","0","40 01:44.550","","03","76 30:58.315","0","0","0","0","36239","0","0","0","N","0","0","0","4","36239","0","","1","09","N","N","1","","0","0","0","0","0","","2019","0","2","0","0","0","0","0","3","1","2","N","","","","","","","","","","","","07","98","","N","N"
"1631","1","0","0","0","0","0","0","0","0","4","0","","36","04","2020","2020037981","3","40.1204","-76.2355","1626","08","0","0","0","0","0","1","1","0","","0","0","0","16","1","2","00","2","40 07:13.538","7","00","76 14:07.778","3","0","0","0","36235","0","0","0","Y","0","0","0","4","36238","1","","1","01","N","N","2","","1","0","1","0","0","Y","1626","2","4","0","0","0","0","1","1","0","4","N","","","","","","","","","","","1717","03","  ","","N","Y"
"1720","0","0","0","0","0","0","0","0","0","7","0","","36","04","2020","2020037986","1","40.1264","-76.2187","1716","08","0","0","0","0","0","0","0","0","","0","0","0","17","1","1","00","1","40 07:34.971","1","00","76 13:07.278","8","0","0","1","36238","0","0","0","N","0","0","0","1","36238","0","","3","01","N","N","0","","0","0","0","0","0","N","1716","1","1","0","0","0","1","0","3","0","1","N","","","","","","","","","","","1735","04","  ","","N","N"
"1546","0","0","0","0","0","0","0","0","0","7","0","","36","04","2020","2020037987","1","40.1182","-76.2292","1538","08","0","0","0","0","0","0","0","0","","0","0","0","15","1","1","00","1","40 07:05.524","2","00","76 13:45.019","3","0","0","0","36238","0","0","0","Y","0","0","0","1","36238","0","","4","09","N","N","0","","1","0","1","0","0","N","1535","1","1","0","0","0","0","0","3","0","1","N","","","","","","","","","","","1647","07","  ","","N","N"
"1245","0","0","0","0","0","0","0","0","0","1","0","","36","05","2020","2020037997","2","40.1583","-76.5975","1243","08","0","0","0","0","0","1","0","0","","0","0","0","12","1","1","01","0","40 09:29.743","","00","76 35:50.927","3","0","0","0","36407","0","0","0","N","0","0","0","2","36407","0","","1","01","N","N","0","","1","0","2","0","0","N","1241","1","2","0","0","0","0","0","2","0","2","N","","","","","","","","","","","","03","03","","N",""
"1710","0","0","0","0","0","0","0","0","0","7","0","","36","05","2020","2020038002","4","40.0872","-76.3768","1657","08","0","0","0","0","0","0","0","0","","0","0","0","16","1","1","00","1","40 05:13.847","4","00","76 22:36.646","4","0","0","0","36214","0","0","0","N","0","0","0","1","36214","1","","4","09","N","N","0","","0","0","1","0","0","N","1650","1","1","0","0","0","0","0","3","0","1","N","","","","","","","","","","","1752","07","  ","","N","N"
"0749","0","0","0","0","0","0","0","0","0","4","0","","36","04","2020","2020038003","6","40.1042","-76.0791","0749","08","0","0","0","0","0","0","1","1","","0","0","0","07","1","0","01","1","40 06:15.063","5","00","76 04:44.613","0","0","0","0","36415","0","0","0","N","0","0","0","2","36415","0","","1","09","N","N","1","","0","0","1","3","3","Y","0749","0","2","0","0","0","0","0","1","0","2","N","","","","","","","","","","","0751","07","  ","","N",""
"1420","2","0","0","0","0","0","0","0","0","4","0","","36","05","2020","2020038004","6","40.133","-76.1129","1412","08","0","0","0","1","0","1","0","0","","0","0","0","14","1","1","01","2","40 07:58.926","6","00","76 06:46.330","4","0","0","0","36209","0","0","0","N","0","0","0","2","36415","1","","1","09","N","N","0","","0","0","0","3","3","Y","1410","1","2","0","0","0","0","0","1","0","2","N","","","","","","","","","","","1500","07","04","","N",""
"0920","1","0","0","0","0","0","0","0","0","7","0","","36","05","2020","2020038005","1","40.2309","-76.267","0910","08","0","0","0","0","0","1","0","0","","0","0","0","09","1","0","00","0","40 13:51.360","","00","76 16:01.330","0","0","0","0","36204","0","0","0","N","0","0","0","1","36506","0","","4","01","N","N","0","","0","0","0","0","0","","0906","0","1","0","0","0","0","0","1","0","1","N","","","","","","","","","","","","03","  ","","",""
"0145","1","0","0","0","0","0","0","0","0","7","0","","36","05","2020","2020038006","2","40.2041","-76.2121","0145","08","0","0","0","0","0","0","0","0","","0","0","0","01","3","0","00","0","40 12:14.624","","00","76 12:43.676","0","0","0","0","36204","0","0","0","N","0","0","0","1","36506","0","","2","01","N","N","0","","0","0","0","0","0","","0139","0","1","0","0","0","0","0","1","0","1","N","","","","","","","","","","","","03","03","","N","N"
"1527","1","0","0","0","0","0","0","0","0","5","1","","36","05","2020","2020038058","4","40.0383","-76.5098","1524","08","0","0","0","0","0","0","0","0","","0","1","0","15","1","0","00","1","40 02:17.714","3","00","76 30:35.105","0","0","0","0","36404","0","0","0","Y","0","0","0","2","36404","0","","1","09","N","N","0","","0","0","0","0","0","N","1520","0","2","0","0","0","0","0","3","0","2","N","","","","","","","","","","","1600","07","04","","",""
"1221","0","0","0","0","0","0","0","0","0","7","0","","36","05","2020","2020038112","4","40.0463","-76.4949","1215","08","0","0","0","0","1","0","0","0","","0","0","0","12","1","0","00","2","40 02:46.603","1","00","76 29:41.592","0","0","0","0","36404","0","0","0","N","0","0","0","1","36404","0","","4","09","N","N","0","","0","0","1","0","0","N","1215","0","1","0","0","0","0","0","3","0","1","N","","","","","","","","","","","0030","07","  ","","N","N"
"1407","0","0","0","0","0","0","0","0","0","4","0","","36","05","2020","2020038239","1","39.8143","-76.1891","1402","08","0","0","0","0","0","1","0","0","","0","0","1","13","1","2","02","2","39 48:51.303","5","00","76 11:20.832","2","0","1","1","36208","1","0","0","N","0","0","0","3","68J01","0","","1","01","N","N","0","","1","1","0","0","0","Y","1357","2","2","0","0","0","0","0","1","0","1","N","","","","","","","","","","","1420","03","  ","","N",""
"1551","2","0","0","0","0","0","0","0","0","5","0","","36","05","2020","2020038358","5","40.0431","-76.2872","1547","08","0","0","0","0","0","0","0","0","","0","0","0","15","1","1","00","0","40 02:35.187","","00","76 17:14.025","4","0","0","0","36220","0","0","0","N","0","0","0","2","36101","1","","1","01","N","N","0","","0","0","0","0","0","","1541","1","2","0","0","0","0","0","3","0","2","N","","","","","","","","","","","","03","  ","","",""
"1753","0","0","0","0","0","0","0","0","0","7","0","","36","04","2020","2020038362","5","40.2109","-76.105","1750","08","0","0","0","0","0","0","0","0","","0","0","0","17","1","0","00","1","40 12:39.123","2","00","76 06:18.153","0","0","0","0","36210","0","0","0","Y","0","0","0","1","36210","0","","3","09","N","N","1","","0","0","0","0","0","N","1750","0","1","0","0","0","0","0","1","0","1","N","","","","","","","","","","","1925","07","  ","","N","N"
"0910","1","0","0","0","0","0","0","0","0","8","0","","36","05","2020","2020038376","1","40.1918","-76.1611","0906","08","0","0","0","0","0","0","0","0","","0","0","0","09","1","1","00","0","40 11:30.541","","00","76 09:39.855","3","0","0","0","36218","1","0","0","N","1","0","0","1","36408","0","","1","01","N","N","0","","1","0","0","0","0","","0904","1","3","0","0","0","0","0","1","1","2","N","","","","","","","","","","","","03","03","","Y","N"
"1009","1","0","0","0","0","0","0","0","0","5","0","","36","05","2020","2020038378","4","39.9843","-76.2754","1004","08","0","0","0","0","0","0","1","0","","0","0","0","10","1","1","00","1","39 59:03.606","2","00","76 16:31.394","8","0","0","0","36240","0","0","0","N","0","0","0","2","36240","0","","1","01","N","N","0","","0","0","1","0","0","N","1004","1","2","0","0","0","1","0","1","0","2","N","","","","","","","","","","","1049","03","03","","",""
"0727","0","0","0","0","0","0","0","0","0","2","0","","36","04","2020","2020038428","6","40.1594","-76.2098","0724","08","0","0","0","1","0","0","0","0","","0","0","0","07","1","0","00","1","40 09:33.900","3","00","76 12:35.100","0","0","0","0","36402","0","0","0","N","0","0","0","1","36402","0","","1","01","N","N","0","","0","0","2","0","0","N","0724","0","2","0","0","1","0","0","2","0","2","N","","","","","","","","","","","0802","03","03","","N","N"
"1935","1","0","0","0","0","0","0","0","0","7","0","","36","05","2020","2020038458","2","40.0204","-76.3332","1935","08","0","0","0","0","0","0","0","0","","0","0","0","19","4","0","00","0","40 01:13.480","","00","76 19:59.420","0","0","0","0","36220","0","0","0","N","0","0","0","1","36101","0","","5","01","N","N","0","","0","0","0","0","0","","1925","0","1","0","0","0","0","0","3","0","1","N","","","","","","","","","","","","03","  ","","",""
"1120","0","0","0","0","0","0","0","0","0","7","0","","36","05","2020","2020038459","2","40.0385","-76.1781","1114","08","0","0","0","0","0","0","1","0","","0","0","0","11","1","1","00","0","40 02:18.606","","00","76 10:41.246","4","0","0","0","36215","0","0","0","N","0","0","0","1","36215","1","","4","01","N","N","0","","0","0","1","0","0","","1107","1","1","0","0","1","0","0","1","0","1","N","","","","","","","","","","","","03","03","","",""
"2243","1","0","0","0","0","0","0","0","0","8","0","","36","05","2020","2020038460","4","40.0841","-76.2271","2242","08","0","0","0","0","0","0","0","0","","1","0","0","22","2","0","00","2","40 05:02.660","6","00","76 13:37.651","1","0","0","0","36234","1","1","0","N","1","1","0","2","36215","0","2","1","09","N","N","0","0","0","0","0","0","0","Y","2240","0","2","0","0","0","0","0","1","0","1","N","","","","","","","","","","","0235","07","07","","N","N"
"0404","0","0","0","0","0","0","0","0","0","7","0","","36","05","2020","2020038529","3","40.0397","-76.1284","0357","08","0","0","0","0","0","0","0","0","","0","0","0","03","2","1","00","0","40 02:22.830","","00","76 07:42.186","4","0","0","0","36221","0","0","0","N","0","0","0","1","68J01","1","","4","01","N","N","0","","0","0","1","3","3","","0334","1","1","0","0","0","0","0","1","0","1","N","","","","","","","","","","","","03","03","","",""
"1729","1","0","0","0","0","0","0","0","0","4","0","","36","05","2020","2020038552","4","40.285","-76.1797","1717","08","0","0","0","0","0","2","0","0","","0","1","0","17","1","1","02","1","40 17:06.026","4","00","76 10:46.930","4","0","0","0","36236","0","0","0","N","0","0","0","2","36408","1","","1","01","N","N","0","","0","0","0","3","3","N","1717","1","2","0","0","0","0","0","1","0","2","N","","","","","","","","","","","1805","03","03","","",""
"1813","0","0","0","0","0","0","0","0","0","4","0","","36","05","2020","2020038646","6","39.9756","-75.9939","1748","08","0","0","0","0","0","0","0","0","","0","0","0","17","1","0","01","0","39 58:32.262","","00","75 59:37.905","0","0","0","0","36231","0","0","0","N","0","0","0","2","68J01","0","","1","09","N","N","0","","0","0","2","3","3","","1734","0","2","0","0","0","0","0","1","0","2","N","","","","","","","","","","","","07","04","","",""
"1040","0","0","0","0","0","0","0","0","0","4","0","","36","05","2020","2020038686","4","40.0529","-76.36","1036","08","0","0","0","0","0","0","1","0","","0","0","0","10","1","0","01","0","40 03:10.313","","00","76 21:36.142","0","0","0","0","36214","0","0","0","N","0","0","0","3","36214","0","","1","01","N","N","1","","0","0","1","3","2","","1030","0","2","0","0","0","0","0","3","0","2","N","","","","","","","","","","","","03","03","","N",""
"1320","1","0","0","0","0","0","0","0","0","2","0","","36","05","2020","2020038687","4","40.0476","-76.3641","1311","08","0","0","0","0","0","1","1","0","","0","0","0","13","1","0","00","0","40 02:51.330","","00","76 21:50.830","0","0","0","0","36214","0","0","0","N","0","0","0","2","36214","0","","1","01","N","N","0","","0","0","1","0","0","","1310","0","2","0","0","0","0","0","3","0","2","N","","","","","","","","","","","","03","03","","",""
"0714","1","0","0","0","0","0","0","0","0","4","0","","36","05","2020","2020038688","3","40.0306","-76.2343","0709","08","0","0","0","0","0","0","0","0","","0","0","0","07","1","0","05","1","40 01:50.868","4","00","76 14:03.471","0","0","0","0","36215","0","0","0","N","0","0","0","2","36215","0","","1","01","N","N","1","","0","0","0","3","2","N","0709","0","2","0","0","0","0","0","1","0","2","N","","","","","","","","","","","0100","03","03","","N",""
"0820","0","0","0","0","0","0","0","0","0","4","0","","36","04","2020","2020038689","5","40.1133","-76.4512","0810","08","0","0","0","0","0","1","1","0","","0","0","0","08","1","0","01","1","40 06:47.876","1","00","76 27:04.154","0","0","0","0","36230","0","0","0","N","0","0","0","2","36410","0","","1","01","N","N","1","","0","0","0","3","2","N","0810","0","2","0","0","0","0","0","1","1","2","N","","","","","","","","","","","0835","04","03","","N",""
"1729","2","0","0","0","0","0","0","0","0","1","0","","36","05","2020","2020038690","5","40.1815","-76.4048","1722","08","0","0","0","0","0","0","0","0","","0","0","0","17","1","0","02","1","40 10:53.270","2","00","76 24:17.181","0","0","0","0","36230","0","0","0","N","0","0","0","2","36410","0","","1","01","N","N","0","","0","0","0","0","0","N","1722","0","2","0","0","0","0","0","1","0","2","N","","","","","","","","","","","1755","03","03","","",""
"2114","1","0","0","0","0","0","0","0","0","1","0","","36","05","2020","2020038691","2","40.1141","-76.4878","2111","08","0","0","0","1","0","0","0","0","","0","0","0","21","2","0","00","0","40 06:50.620","","00","76 29:15.910","0","0","0","0","36230","0","0","0","N","0","0","0","1","36410","0","","1","01","N","N","1","","0","0","0","0","0","","2110","0","2","0","0","0","0","0","1","0","2","N","","","","","","","","","","","","03","03","","",""
"1620","1","0","0","0","0","0","0","0","0","4","0","","36","05","2020","2020038791","4","40.0375","-76.4206","1604","08","0","1","0","0","0","0","0","0","","0","0","0","16","1","0","02","1","40 02:15.049","4","00","76 25:14.097","0","0","0","0","36414","0","0","0","N","0","0","0","2","36239","0","","1","01","N","N","1","","0","0","0","3","3","N","1604","0","2","0","0","0","0","0","3","0","2","N","","","","","","","","","","","1700","03","  ","","",""
"1049","1","0","0","0","0","0","0","0","0","1","0","","36","05","2020","2020038837","6","40.1639","-76.1522","1048","08","0","0","0","0","0","0","1","0","","0","0","0","10","1","0","00","1","40 09:50.100","2","02","76 09:08.061","0","0","0","0","36218","0","0","0","N","0","0","0","2","36408","0","","1","01","N","N","0","","0","0","1","3","2","N","1041","0","2","0","0","0","0","0","1","0","2","N","","","","","","","","","","","1129","03","  ","","N","Y"
"1718","2","0","0","0","0","0","0","0","0","1","0","","36","05","2020","2020038890","3","40.042","-76.3906","1718","08","0","0","0","0","0","1","0","0","","0","0","0","17","1","1","00","0","40 02:31.341","","00","76 23:26.025","3","0","0","0","36214","0","0","0","N","0","0","0","2","36214","0","","1","01","N","N","0","","1","0","0","3","8","","1715","1","2","0","0","0","0","0","3","0","2","N","","","","","","","","","","","","03","03","","N","N"
"1744","1","0","0","0","0","0","0","0","0","4","0","","36","04","2020","2020038891","2","40.0224","-76.1929","1739","08","0","0","0","0","0","1","1","0","","0","0","0","17","1","0","01","1","40 01:20.631","7","00","76 11:34.338","0","0","0","0","36215","0","0","0","N","0","0","0","3","36215","0","","1","01","N","N","0","","0","0","1","3","2","N","1736","0","2","0","0","0","0","0","1","0","2","N","","","","","","","","","","","1845","03","  ","","N",""
"0107","2","0","0","0","0","0","0","0","0","4","0","","36","05","2020","2020038913","6","40.0447","-76.309","0107","08","1","0","0","0","0","0","0","0","","0","0","0","01","3","1","00","2","40 02:40.988","2","00","76 18:32.389","3","0","0","0","36301","0","0","0","N","0","0","0","1","36301","0","","6","01","N","N","0","","1","0","0","0","0","Y","0107","1","2","0","0","0","0","0","3","0","2","N","","","","","","","","","","","0145","03","03","","",""
"1318","0","0","0","0","0","0","0","0","0","4","0","","36","04","2020","2020038935","4","39.7822","-76.0899","1309","08","0","0","0","0","0","0","1","1","","0","1","0","13","1","1","01","2","39 46:56.066","3","00","76 05:23.608","3","0","0","0","36222","0","0","0","Y","0","0","0","2","68J01","0","","1","01","N","N","0","","1","0","1","0","0","Y","1306","1","2","0","0","1","0","0","1","0","2","N","","","","","","","","","","","0010","03","03","","",""
"1724","2","0","0","0","0","0","0","0","0","4","0","","36","05","2020","2020038939","3","40.0105","-76.1324","1723","08","0","0","0","0","0","0","0","0","","0","0","0","17","1","1","00","2","40 00:37.874","3","00","76 07:56.531","3","0","0","0","36226","0","0","0","N","0","0","0","2","68J01","0","","1","01","N","N","0","","1","0","0","3","3","N","1721","1","2","0","0","0","0","0","1","0","2","N","","","","","","","","","","","1745","03","  ","","",""
"1421","0","0","0","0","0","0","0","0","0","4","0","","36","05","2020","2020038942","4","40.2077","-76.0179","1355","08","0","0","1","0","0","1","0","0","","0","0","0","13","1","1","02","1","40 12:27.743","1","00","76 01:04.285","3","0","0","0","36202","0","0","0","N","0","0","0","2","68J01","0","","1","09","N","N","1","","1","0","1","0","0","N","1342","1","2","0","0","0","0","0","1","0","2","N","","","","","","","","","","","0045","07","  ","","",""
"1608","1","0","0","0","0","0","0","0","0","4","0","","36","05","2020","2020038948","7","40.0288","-76.0823","1608","08","0","0","0","0","0","1","0","0","","0","1","0","16","1","2","00","0","40 01:43.643","","00","76 04:56.256","3","0","0","0","36221","0","0","0","N","0","0","0","3","68J01","0","","1","01","N","N","0","","1","0","0","3","3","","1608","2","2","0","0","0","1","0","1","0","2","N","","","","","","","","","","","","03","03","","",""
"2240","0","0","0","0","0","0","0","0","0","4","0","","36","05","2020","2020038963","5","40.0392","-76.0644","2222","08","0","0","0","0","0","1","0","1","","0","0","0","22","2","0","01","2","40 02:21.008","6","00","76 03:51.801","0","0","0","0","36221","0","0","0","N","0","0","0","3","68J01","0","","1","01","N","N","0","","0","0","0","3","3","Y","2222","0","2","0","0","0","0","0","1","2","2","N","","","","","","","","","","","0030","03","03","","N","N"
"1745","1","0","0","0","0","0","0","0","0","0","0","","36","05","2020","2020039081","6","40.0432","-76.3285","1741","08","0","0","1","0","0","0","0","0","","0","0","0","17","1","0","01","2","40 02:35.541","6","00","76 19:42.722","0","0","0","0","36220","0","0","0","N","0","0","0","1","36101","0","","1","01","N","N","0","","0","0","0","3","2","Y","1738","0","1","0","0","0","0","0","3","0","1","N","","","","","","","","","","","1800","03","  ","","",""
"1706","1","0","0","0","0","0","0","0","0","1","0","","36","05","2020","2020039082","3","40.0224","-76.3623","1704","08","0","0","0","0","0","0","1","0","","0","0","0","17","1","2","00","0","40 01:20.650","","00","76 21:44.240","3","0","0","0","36223","0","0","0","N","0","0","0","3","36223","1","","1","01","N","N","0","","1","0","1","0","0","","1702","2","2","0","0","2","0","0","1","0","2","N","","","","","","","","","","","","04","03","","",""
"0432","1","0","0","0","0","0","0","0","0","7","0","","36","05","2020","2020039083","1","40.0451","-76.4263","0428","08","0","0","0","0","0","0","0","0","","0","0","0","04","2","0","00","0","40 02:42.265","","00","76 25:34.735","0","0","0","0","36239","0","0","0","N","0","0","0","1","36239","0","","2","01","N","N","0","","0","0","0","0","0","","0423","0","1","0","0","0","0","0","3","0","1","N","","","","","","","","","","","","03","03","","",""
"1650","1","0","0","0","0","0","0","0","0","4","0","","36","05","2020","2020039096","7","40.1333","-76.0259","1646","08","0","0","0","0","0","2","0","0","","0","0","0","16","1","2","01","1","40 08:00.043","1","00","76 01:33.130","3","0","0","0","36213","0","0","0","Y","0","0","0","4","36213","0","","1","01","","","1","","2","0","0","3","3","N","1642","2","2","0","0","0","0","0","1","0","2","N","","","","","","","","","","","1800","03","  ","","",""
"0825","1","0","0","0","0","0","0","0","0","4","0","","36","05","2020","2020039166","6","40.0377","-76.3078","0825","08","0","0","0","0","0","1","0","0","","0","0","0","08","1","1","01","0","40 02:15.851","","00","76 18:28.000","3","0","0","0","36301","0","0","0","N","0","0","0","2","36301","0","","1","01","N","N","0","","1","0","1","3","2","","0825","1","2","0","0","0","0","0","3","0","2","N","","","","","","","","","","","","03","  ","","",""
"1423","1","0","0","0","0","0","0","0","0","7","0","","36","05","2020","2020039248","7","40.0848","-76.3714","1414","08","0","0","0","0","0","0","0","0","","0","0","0","14","1","0","00","0","40 05:05.138","","00","76 22:17.034","0","0","0","0","36214","0","0","0","N","0","0","0","1","36214","0","","1","01","N","N","0","","0","0","0","0","0","","1413","0","1","0","0","0","0","0","3","0","1","N","","","","","","","","","","","","03","  ","","N","N"
"2309","0","0","0","0","0","0","0","0","0","1","0","","36","05","2020","2020039341","1","40.0402","-76.3017","2303","08","0","0","0","0","0","0","0","0","","0","0","0","23","3","1","00","2","40 02:24.696","1","00","76 18:06.037","3","0","0","0","36301","0","0","0","N","0","0","0","2","36301","0","","1","01","N","N","0","","1","0","2","0","0","N","2302","1","2","0","0","2","0","0","3","0","2","N","","","","","","","","","","","2353","03","03","","N","N"
"1544","0","0","0","0","0","0","0","0","0","4","0","","36","05","2020","2020039364","6","40.0677","-76.0682","1538","08","0","0","0","0","0","2","0","0","","0","0","0","15","1","0","03","1","40 04:03.798","5","00","76 04:05.435","9","0","0","0","36209","0","0","0","N","0","0","0","4","36415","0","","1","01","N","N","0","","0","0","2","3","3","N","1535","0","2","0","0","0","0","1","1","0","2","N","","","","","","","","","","","1640","04","04","","N",""
"1040","0","0","0","1","0","0","0","0","0","5","0","","36","05","2020","2020039507","6","40.0139","-76.3074","1026","08","0","0","0","0","0","0","0","0","","0","0","0","10","1","1","00","0","40 00:50.110","","00","76 18:26.750","3","0","0","0","36220","1","0","0","N","0","0","0","2","36101","0","","2","01","N","N","0","","1","0","0","0","0","","1016","1","2","0","0","0","0","0","3","0","1","N","","","","","","","","","","","","03","03","","N","N"
"1846","0","0","0","0","0","0","0","0","0","5","0","","36","05","2020","2020039508","6","40.0498","-76.4138","1838","08","0","0","1","0","0","0","0","0","","0","0","0","18","1","0","00","2","40 02:59.130","5","00","76 24:49.600","0","0","0","0","36239","1","0","0","N","0","0","0","3","36239","0","","1","01","N","N","0","","0","0","2","0","0","Y","1838","0","2","0","0","0","0","0","3","0","2","N","","","","","","","","","","","1928","03","03","","",""
"1608","1","0","0","0","0","0","0","0","0","4","0","","36","05","2020","2020039509","7","40.0619","-76.4988","1603","08","0","0","0","0","0","0","0","0","","0","0","0","16","1","2","01","1","40 03:42.752","4","00","76 29:55.590","8","0","0","0","36239","0","0","0","N","0","0","0","3","36239","0","","1","01","N","N","0","","0","0","1","3","3","N","1600","2","2","0","0","0","2","0","3","0","2","N","","","","","","","","","","","1640","03","03","","N",""
"2020","0","0","0","0","0","0","0","0","0","4","0","","36","05","2020","2020039510","4","40.1781","-76.3932","2015","08","0","0","0","0","0","0","0","0","","0","0","","20","4","0","00","0","40 10:41.100","","07","76 23:35.600","9","0","0","0","36230","0","0","0","N","0","0","0","2","36410","0","","1","01","N","N","0","","0","0","0","0","0","","2015","0","2","0","0","0","0","0","1","0","0","N","","","","","","","","","","","","03","03","","N","N"
"0401","0","0","0","0","0","0","0","0","0","7","0","","36","05","2020","2020039511","1","40.2338","-76.2595","0349","08","0","0","0","0","0","0","0","0","","0","0","0","03","2","0","00","0","40 14:01.706","","00","76 15:34.183","9","0","0","0","36204","0","0","0","N","0","0","0","1","36506","0","","5","01","N","N","0","","0","0","0","0","0","","0349","0","1","0","0","0","0","1","1","1","1","N","","","","","","","","","","","","03","  ","","N","N"