"ARRIVAL_TM","AUTOMOBILE_COUNT","BELTED_DEATH_COUNT","BELTED_SUSP_SERIOUS_INJ_COUNT","BICYCLE_COUNT","BICYCLE_DEATH_COUNT","BICYCLE_SUSP_SERIOUS_INJ_COUNT","BUS_COUNT","CHLDPAS_DEATH_COUNT","CHLDPAS_SUSP_SERIOUS_INJ_COUNT","COLLISION_TYPE","COMM_VEH_COUNT","CONS_ZONE_SPD_LIM","COUNTY","CRASH_MONTH","CRASH_YEAR","CRN","DAY_OF_WEEK","DEC_LAT","DEC_LONG","DISPATCH_TM","DISTRICT","DRIVER_COUNT_16YR","DRIVER_COUNT_17YR","DRIVER_COUNT_18YR","DRIVER_COUNT_19YR","DRIVER_COUNT_20YR","DRIVER_COUNT_50_64YR","DRIVER_COUNT_65_74YR","DRIVER_COUNT_75PLUS","EST_HRS_CLOSED","FATAL_COUNT","HEAVY_TRUCK_COUNT","HORSE_BUGGY_COUNT","HOUR_OF_DAY","ILLUMINATION","INJURY_COUNT","INTERSECT_TYPE","LANE_CLOSED","LATITUDE","LN_CLOSE_DIR","LOCATION_TYPE","LONGITUDE","MAX_SEVERITY_LEVEL","MCYCLE_DEATH_COUNT","MCYCLE_SUSP_SERIOUS_INJ_COUNT","MOTORCYCLE_COUNT","MUNICIPALITY","NONMOTR_COUNT","NONMOTR_DEATH_COUNT","NONMOTR_SUSP_SERIOUS_INJ_COUNT","NTFY_HIWY_MAINT","PED_COUNT","PED_DEATH_COUNT","PED_SUSP_SERIOUS_INJ_COUNT","PERSON_COUNT","POLICE_AGCY","POSSIBLE_INJ_COUNT","RDWY_SURF_TYPE_CD","RELATION_TO_ROAD","ROAD_CONDITION","SCH_BUS_IND","SCH_ZONE_IND","SMALL_TRUCK_COUNT","SPEC_JURIS_CD","SUSP_MINOR_INJ_COUNT","SUSP_SERIOUS_INJ_COUNT","SUV_COUNT","TCD_FUNC_CD","TCD_TYPE","TFC_DETOUR_IND","TIME_OF_DAY","TOT_INJ_COUNT","TOTAL_UNITS","UNB_DEATH_COUNT","UNB_SUSP_SERIOUS_INJ_COUNT","UNBELTED_OCC_COUNT","UNK_INJ_DEG_COUNT","UNK_INJ_PER_COUNT","URBAN_RURAL","VAN_COUNT","VEHICLE_COUNT","WORK_ZONE_IND","WORK_ZONE_LOC","WORK_ZONE_TYPE","WORKERS_PRES","WZ_CLOSE_DETOUR","WZ_FLAGGER","WZ_LAW_OFFCR_IND","WZ_LN_CLOSURE","WZ_MOVING","WZ_OTHER","WZ_SHLDER_MDN","ROADWAY_CLEARED","WEATHER1","WEATHER2","WZ_WORKERS_INJ_KILLED","SECONDARY_CRASH","INTERSECTION_RELATED"
"1711","2","0","0","0","0","0","0","0","0","1","0","","36","05","2020","2020039512","1","40.247","-76.358","1700","08","0","2","0","0","0","0","1","0","","0","0","0","16","1","0","00","1","40 14:49.073","4","07","76 21:28.696","0","0","0","0","36227","0","0","0","N","0","0","0","3","36506","0","","1","09","N","N","0","","0","0","1","0","0","N","1656","0","3","0","0","0","0","0","1","0","3","N","","","","","","","","","","","1743","07","  ","","N","N"
"1432","0","0","0","0","0","0","0","0","0","7","0","","36","04","2020","2020039531","2","40.2155","-75.9976","1411","08","0","0","0","0","0","0","0","0","","0","0","0","14","1","0","00","2","40 12:55.770","6","00","75 59:51.270","0","0","0","0","36202","0","0","0","N","0","0","0","1","68J01","0","","5","01","N","N","0","","0","0","1","0","0","Y","1411","0","1","0","0","0","0","0","1","0","1","N","","","","","","","","","","","2000","03","03","","",""
"1726","0","0","0","0","0","0","0","0","0","5","1","","36","05","2020","2020039548","1","40.1739","-75.9704","1721","08","0","0","0","0","0","0","0","0","","0","1","0","17","1","0","00","1","40 10:25.952","3","00","75 58:13.302","0","0","0","0","36203","0","0","0","N","0","0","0","2","68T06","0","","1","01","N","N","1","","0","0","0","0","0","N","1720","0","2","0","0","0","0","0","1","0","2","N","","","","","","","","","","","1830","03","  ","","",""
"1903","0","0","0","0","0","0","0","0","0","98","0","","36","05","2020","2020039550","1","40.0595","-76.1544","1857","08","0","0","0","0","0","1","0","0","","0","0","0","18","1","1","00","1","40 03:34.020","1","00","76 09:15.750","3","0","0","1","36221","0","0","0","N","0","0","0","1","68J01","0","","1","01","N","N","0","","1","0","0","0","0","N","1846","1","1","0","0","0","0","0","1","0","1","N","","","","","","","","","","","1710","03","  ","","",""
"1629","0","0","0","0","0","0","0","0","0","4","0","","36","05","2020","2020039560","5","39.8434","-76.2645","1603","08","1","0","0","0","0","1","0","0","","0","0","0","16","1","1","02","1","39 50:36.301","5","00","76 15:52.243","3","0","0","1","36208","0","0","0","N","0","0","0","3","68J01","0","","1","01","N","N","1","","1","0","0","3","3","Y","1601","1","2","0","0","0","0","0","1","0","2","N","","","","","","","","","","","1705","03","03","","N","N"
"0902","0","0","0","0","0","0","0","0","0","7","0","","36","05","2020","2020039562","6","39.9915","-75.9834","0851","08","0","0","0","0","0","1","0","0","","0","0","0","08","1","1","00","0","39 59:29.560","","00","75 59:00.200","4","0","0","0","36232","0","0","0","N","0","0","0","1","68J01","1","","4","01","N","N","0","","0","0","1","0","0","","0850","1","1","0","0","0","0","0","1","0","1","N","","","","","","","","","","","","04","  ","","",""
"0608","1","0","0","0","0","0","0","0","0","4","0","","36","05","2020","2020039575","4","39.8951","-76.0585","0554","08","0","0","0","0","0","0","0","0","","0","0","0","05","5","1","02","2","39 53:42.518","6","00","76 03:30.758","4","0","0","0","36201","0","0","0","N","0","0","0","3","68J01","1","","1","01","N","N","0","","0","0","0","3","3","Y","0544","1","2","0","0","0","0","0","1","1","2","N","","","","","","","","","","","0712","03","03","","N","N"
"1932","1","0","0","0","0","0","0","0","0","2","0","","36","05","2020","2020039579","4","39.9045","-76.2018","1915","08","0","0","0","0","0","1","0","0","","0","0","0","19","1","2","00","2","39 54:16.315","6","00","76 12:06.524","3","0","0","0","36229","0","0","0","N","0","0","0","3","68J01","0","","1","01","N","N","1","","2","0","0","3","3","Y","1915","2","2","0","0","0","0","0","1","0","2","N","","","","","","","","","","","2017","03","  ","","",""
"1746","2","0","0","0","0","0","0","0","0","4","0","","36","05","2020","2020039584","5","39.9079","-76.1215","1735","08","0","0","0","0","0","0","0","1","","0","0","0","17","1","0","02","2","39 54:28.552","6","00","76 07:17.494","0","0","0","0","36216","0","0","0","N","0","0","0","2","68J01","0","","1","01","N","N","0","","0","0","0","3","3","Y","1729","0","2","0","0","1","0","0","1","0","2","N","","","","","","","","","","","1825","03","  ","","",""
"2053","0","0","0","0","0","0","0","0","0","0","0","","36","05","2020","2020039608","7","40.1019","-75.9516","2033","08","0","0","0","0","0","0","0","0","","0","0","0","20","1","1","00","1","40 06:06.950","3","00","75 57:05.890","8","0","0","1","36232","0","0","0","N","0","0","0","1","68J01","0","","1","01","N","N","0","","0","0","0","0","0","N","2030","1","1","0","0","0","1","0","1","0","1","N","","","","","","","","","","","0030","03","03","","N","N"
"2345","5","0","1","0","0","0","0","0","0","4","0","","36","05","2020","2020039643","3","40.0349","-76.3128","2345","08","0","0","0","1","0","0","0","0","","0","0","0","23","3","1","01","2","40 02:05.600","4","00","76 18:46.040","2","0","0","0","36301","0","0","0","N","0","0","0","4","36301","0","","1","01","","","0","","0","1","2","3","3","N","2345","1","8","0","0","0","0","3","3","1","8","N","","","","","","","","","","","0050","03","03","","N",""
"2219","1","0","0","0","0","0","0","0","0","7","0","","36","05","2020","2020039659","6","40.0069","-76.2674","2212","08","0","0","0","0","1","0","0","0","","0","0","0","22","2","0","00","1","40 00:24.888","5","00","76 16:02.606","0","0","0","0","36240","0","0","0","Y","0","0","0","2","36240","0","","2","01","N","N","0","","0","0","0","0","0","Y","2210","0","1","0","0","0","0","0","1","0","1","N","","","","","","","","","","","2327","03","  ","","N","N"
"0846","0","0","0","0","0","0","0","0","0","7","0","","36","05","2020","2020039660","4","40.0084","-76.3106","0843","08","0","0","0","0","0","0","0","0","","0","0","0","01","3","0","02","0","40 00:30.151","","00","76 18:38.037","0","0","0","0","36220","0","0","0","N","0","0","0","1","36101","0","","4","01","N","N","1","","0","0","0","3","3","","0115","0","1","0","0","0","0","0","3","0","1","N","","","","","","","","","","","","03","  ","","N",""
"1628","1","0","0","0","0","0","0","0","0","7","0","","36","05","2020","2020039669","2","40.1935","-76.1655","1624","08","0","0","0","0","0","1","0","0","","0","0","0","16","1","1","00","2","40 11:36.596","6","00","76 09:55.909","8","0","0","0","36218","0","0","0","Y","0","0","0","1","36408","0","","2","01","N","N","0","","0","0","0","0","0","Y","1624","1","1","0","0","0","1","0","1","0","1","N","","","","","","","","","","","1649","03","03","","",""
"1051","1","0","0","0","0","0","0","0","0","1","0","","36","05","2020","2020039675","7","39.9827","-76.1864","1048","08","0","0","0","0","0","0","1","0","","0","0","0","10","1","1","00","1","39 58:57.840","4","00","76 11:11.143","3","0","0","0","36417","0","0","0","N","0","0","0","4","36417","0","","1","01","N","N","2","","1","0","0","0","0","Y","1048","1","3","0","0","0","0","0","1","0","3","N","","","","","","","","","","","1100","03","  ","","",""
"0845","0","0","0","0","0","0","0","0","0","7","0","","36","05","2020","2020039706","3","40.2853","-76.1631","0835","08","0","0","0","0","0","0","0","0","","0","1","0","08","1","0","00","0","40 17:06.927","","00","76 09:47.085","0","0","0","0","36236","0","0","0","N","0","0","0","1","36408","0","","5","01","N","N","0","","0","0","0","0","0","","0835","0","1","0","0","0","0","0","1","0","1","N","","","","","","","","","","","","03","  ","","N","Y"
"1650","0","0","0","0","0","0","0","0","0","7","0","","36","05","2020","2020039707","1","40.2403","-76.0591","1643","08","0","0","0","0","0","1","0","0","","0","0","0","16","1","1","00","0","40 14:25.044","","00","76 03:32.758","4","0","0","0","36401","0","0","0","N","0","0","0","1","36408","1","","4","01","N","N","1","","0","0","0","0","0","","1643","1","1","0","0","1","0","0","1","0","1","N","","","","","","","","","","","","03","  ","","N","N"
"1518","1","0","0","0","0","0","0","0","0","4","0","","36","05","2020","2020039780","7","40.0888","-76.4208","1516","08","0","0","0","0","0","1","0","0","","0","0","0","15","1","0","01","0","40 05:19.784","","00","76 25:14.797","0","0","0","0","36214","0","0","0","N","0","0","0","2","36214","0","","1","01","N","N","1","","0","0","0","3","3","","1510","0","2","0","0","0","0","0","3","0","2","N","","","","","","","","","","","","03","03","","N",""
"1608","2","0","0","0","0","0","0","0","0","4","0","","36","05","2020","2020039781","4","40.0453","-76.4472","1601","08","0","0","0","0","0","0","1","0","","0","0","0","16","1","0","00","2","40 02:43.094","5","07","76 26:49.781","0","0","0","0","36239","0","0","0","N","0","0","0","5","36239","0","","1","01","N","N","0","","0","0","0","3","3","Y","1601","0","2","0","0","0","0","0","3","0","2","N","","","","","","","","","","","1645","03","03","","N","N"
"1145","1","0","0","0","0","0","0","0","0","4","0","","36","05","2020","2020039782","2","40.1266","-76.3051","1140","08","0","0","0","0","0","0","0","0","","0","0","0","11","1","1","02","2","40 07:35.600","7","00","76 18:18.296","3","0","0","0","36235","0","0","0","N","0","0","0","3","36506","0","","1","01","N","N","1","","1","0","0","3","2","Y","1140","1","2","0","0","0","0","1","1","0","2","N","","","","","","","","","","","0100","03","03","","N",""
"0945","1","0","0","0","0","0","0","0","0","1","0","","36","04","2020","2020039823","2","39.9863","-76.1521","0936","08","0","0","0","0","0","0","1","0","","0","0","1","09","1","0","00","1","39 59:10.540","5","00","76 09:07.700","0","0","0","0","36226","1","0","0","N","0","0","0","2","68J01","0","","1","01","N","N","0","","0","0","0","0","0","N","0935","0","2","0","0","0","0","0","1","0","1","N","","","","","","","","","","","0030","03","  ","","N","N"
"0652","1","0","0","0","0","0","0","0","0","98","0","","36","05","2020","2020039895","6","40.2299","-76.4426","0637","08","0","0","0","0","0","0","0","0","","0","0","0","06","1","0","00","0","40 13:47.473","","00","76 26:33.249","0","0","0","0","36230","0","0","0","N","0","0","0","1","68T06","0","","1","01","N","N","0","","0","0","0","0","0","","0635","0","1","0","0","0","0","0","1","0","1","N","","","","","","","","","","","","03","  ","","",""
"2004","0","0","0","0","0","0","0","0","0","0","0","","36","05","2020","2020039953","2","40.1053","-76.506","2001","08","0","0","0","0","0","0","0","0","","0","0","0","20","1","1","00","0","40 06:18.900","","00","76 30:21.600","3","0","0","1","36413","0","0","0","N","0","0","0","1","36413","0","","1","01","N","N","0","","1","0","0","0","0","","2001","1","1","0","0","0","0","0","2","0","1","N","","","","","","","","","","","","03","  ","","N","Y"
"1158","2","0","0","0","0","0","0","0","0","4","0","","36","05","2020","2020040024","4","40.0444","-76.2902","1154","08","0","0","0","0","0","0","0","0","","0","0","0","11","1","0","01","0","40 02:39.861","","00","76 17:24.701","0","0","0","0","36301","0","0","0","N","0","0","0","2","36301","0","","1","01","N","N","0","","0","0","0","3","3","","1151","0","2","0","0","0","0","0","3","0","2","N","","","","","","","","","","","","03","03","","",""
"1443","0","0","0","0","0","0","0","0","0","1","0","","36","05","2020","2020040073","4","40.0497","-76.2924","1435","08","0","0","0","0","0","0","0","0","","0","0","","14","1","1","01","0","40 02:58.972","","00","76 17:32.578","9","0","0","0","36301","0","0","0","N","0","0","0","3","36301","0","","1","01","N","N","0","","0","0","0","0","0","","1435","0","2","0","0","0","0","0","3","0","0","N","","","","","","","","","","","","03","03","","N",""
"1718","2","0","0","0","0","0","0","0","0","4","0","","36","05","2020","2020040108","3","40.0606","-76.3063","1714","08","0","0","0","1","0","1","0","0","","0","0","0","17","1","1","05","2","40 03:38.254","1","00","76 18:22.514","3","0","0","0","36101","0","0","0","N","0","0","0","4","36101","0","","1","01","N","N","0","","1","0","0","3","2","Y","1709","1","2","0","0","2","0","0","3","0","2","N","","","","","","","","","","","1745","03","03","","N",""
"1416","2","0","0","0","0","0","0","0","0","4","0","","36","05","2020","2020040109","6","40.0348","-76.3245","1412","08","0","0","0","0","0","1","0","1","","0","0","0","14","1","0","02","0","40 02:05.326","","00","76 19:28.020","0","0","0","0","36220","0","0","0","N","0","0","0","2","36101","0","","1","01","N","N","0","","0","0","0","3","3","","1409","0","2","0","0","0","0","0","3","0","2","N","","","","","","","","","","","","03","03","","N",""
"1715","1","0","0","0","0","0","0","0","0","1","0","","36","05","2020","2020040110","6","40.0709","-76.3176","1703","08","0","0","0","0","0","0","0","0","","0","0","0","17","1","0","01","1","40 04:15.219","2","00","76 19:04.188","0","0","0","0","36101","0","0","0","N","0","0","0","2","36101","0","","1","01","N","N","0","","0","0","1","3","2","N","1703","0","2","0","0","0","0","0","3","0","2","N","","","","","","","","","","","1730","03","03","","N",""
"1436","0","0","0","0","0","0","0","0","0","8","0","","36","05","2020","2020040111","7","40.1083","-76.3064","1431","08","0","0","0","0","0","0","1","0","","0","0","0","14","1","1","00","0","40 06:29.800","","00","76 18:23.100","3","0","0","0","36101","1","0","0","N","1","0","0","2","36101","0","","1","01","N","N","0","","1","0","1","0","0","","1430","1","2","0","0","0","0","0","3","0","1","N","","","","","","","","","","","","03","03","","N","N"
"1348","2","0","0","0","0","0","0","0","0","1","0","","36","05","2020","2020040112","4","40.0523","-76.3963","1344","08","0","0","0","0","0","1","1","0","","0","0","0","13","1","0","00","0","40 03:08.287","","00","76 23:46.718","0","0","0","0","36214","0","0","0","N","0","0","0","2","36214","0","","1","01","N","N","0","","0","0","0","3","2","","1344","0","2","0","0","0","0","0","3","0","2","N","","","","","","","","","","","","04","  ","","",""
"2314","2","0","0","0","0","0","0","0","0","98","0","","36","05","2020","2020040195","1","40.2441","-76.1929","2301","08","0","1","0","0","0","0","0","0","","0","0","0","22","2","0","00","0","40 14:38.726","","00","76 11:34.360","0","0","0","0","36236","0","0","0","N","0","0","0","2","36408","0","","1","01","N","N","0","","0","0","0","0","0","","2258","0","2","0","0","0","0","0","1","0","2","N","","","","","","","","","","","","03","03","","",""
"2227","1","0","0","0","0","0","0","0","0","7","0","","36","05","2020","2020040240","4","40.0221","-76.3044","2219","08","0","1","0","0","0","0","0","0","","0","0","0","22","3","0","00","1","40 01:19.623","2","00","76 18:15.960","0","0","0","0","36220","0","0","0","N","0","0","0","1","36101","0","","5","01","N","N","0","","0","0","0","0","0","N","2209","0","1","0","0","0","0","0","3","0","1","N","","","","","","","","","","","2319","03","03","","",""
"2134","1","0","0","0","0","0","0","0","0","7","0","","36","05","2020","2020040241","6","40.0251","-76.3635","2132","08","0","0","0","0","0","0","0","0","","0","0","0","21","2","0","00","0","40 01:30.330","","00","76 21:48.640","0","0","0","0","36223","0","0","0","Y","0","0","0","1","36223","0","","5","01","N","N","0","","0","0","0","0","0","","2131","0","1","0","0","0","0","0","1","0","1","N","","","","","","","","","","","","03","03","","",""
"1751","2","0","0","0","0","0","0","0","0","1","0","","36","05","2020","2020040263","1","40.0299","-76.2948","1744","08","0","0","0","0","0","0","1","0","","0","0","0","17","1","1","01","0","40 01:47.729","","00","76 17:41.305","8","0","0","0","36301","0","0","0","N","0","0","0","2","36301","0","","1","01","N","N","0","","0","0","0","3","2","","1744","1","2","0","0","0","1","0","3","0","2","N","","","","","","","","","","","","03","03","","N",""
"0814","0","0","0","0","0","0","0","0","0","7","0","","36","05","2020","2020040278","4","40.1107","-76.2057","0805","08","0","0","0","0","0","0","0","1","","0","0","0","08","1","0","02","1","40 06:38.660","4","00","76 12:20.396","0","0","0","0","36238","0","0","0","N","0","0","0","1","36238","0","","5","01","N","N","0","","0","0","1","0","0","N","0800","0","1","0","0","0","0","0","3","0","1","N","","","","","","","","","","","0856","03","03","","N","N"
"1532","0","0","0","0","0","0","0","0","0","0","0","","36","05","2020","2020040279","5","40.1182","-76.2292","1519","08","0","0","0","0","0","1","0","0","","0","0","0","15","1","0","00","0","40 07:05.524","","00","76 13:45.019","0","0","0","1","36238","0","0","0","N","0","0","0","1","36238","0","","1","01","N","N","0","","0","0","0","0","0","","1516","0","1","0","0","0","0","0","3","0","1","N","","","","","","","","","","","","03","03","","N","N"
"1600","1","0","0","0","0","0","0","0","0","4","0","","36","05","2020","2020040280","5","40.1389","-76.2223","1556","08","0","0","0","0","0","1","0","0","","0","0","0","15","1","0","01","1","40 08:20.182","3","06","76 13:20.414","0","0","0","0","36238","0","0","0","N","0","0","0","2","36238","0","","1","01","N","N","0","","0","0","1","3","3","N","1556","0","2","0","0","0","0","0","3","0","2","N","","","","","","","","","","","1626","03","  ","","N",""
"1341","0","0","0","0","0","0","0","0","0","4","0","","36","05","2020","2020040284","4","40.1777","-76.142","1338","08","0","0","0","0","0","0","0","0","","0","0","","13","1","0","01","1","40 10:39.874","1","00","76 08:31.236","9","0","0","0","36218","0","0","0","N","0","0","0","2","36408","0","","1","01","N","N","0","","0","0","0","3","3","N","1335","0","2","0","0","0","0","0","1","0","0","N","","","","","","","","","","","1417","03","  ","","N",""
"1848","1","0","0","0","0","0","0","0","0","7","0","","36","05","2020","2020040363","4","40.0428","-76.3909","1839","08","0","0","0","0","0","0","0","0","","0","0","0","18","1","0","00","0","40 02:34.210","","00","76 23:27.220","0","0","0","0","36214","0","0","0","N","0","0","0","1","36214","0","","4","01","N","N","0","","0","0","0","0","0","","1835","0","1","0","0","0","0","0","3","0","1","N","","","","","","","","","","","","03","  ","","",""
"1525","0","0","0","0","0","0","0","0","0","7","0","","36","05","2020","2020040365","3","40.1475","-76.4406","1513","08","0","0","0","0","0","0","0","0","","0","0","0","15","1","0","00","0","40 08:50.830","","00","76 26:26.090","0","0","0","0","36230","0","0","0","N","0","0","0","2","36410","0","","5","01","N","N","0","","0","0","1","0","0","","1511","0","1","0","0","0","0","0","1","0","1","N","","","","","","","","","","","","03","03","","",""
"1342","0","0","0","0","0","0","0","0","0","7","0","","36","05","2020","2020040366","4","40.1433","-76.2903","1342","08","0","0","0","0","0","0","0","0","","0","0","","13","1","0","00","2","40 08:36.000","6","00","76 17:25.200","9","0","0","0","36235","0","0","0","N","0","0","0","1","36506","0","","4","01","N","N","0","","0","0","0","0","0","Y","1339","0","1","0","0","0","0","0","1","0","0","N","","","","","","","","","","","1426","03","  ","","N","N"
"1720","1","0","0","0","0","0","0","0","0","1","0","","36","05","2020","2020040386","5","39.9838","-76.0922","1704","08","1","0","1","0","0","1","0","0","","0","0","0","17","1","2","00","2","39 59:01.678","6","00","76 05:31.875","2","0","1","2","36226","0","0","0","N","0","0","0","3","68J01","0","","1","01","N","N","0","","1","1","0","0","0","Y","1701","2","3","0","0","0","0","0","1","0","3","N","","","","","","","","","","","1835","03","  ","","N","N"
"1911","0","0","0","0","0","0","0","0","0","7","0","","36","05","2020","2020040450","5","40.2673","-76.1568","1903","08","0","0","0","0","0","0","0","0","","1","0","0","19","1","0","00","1","40 16:02.316","6","00","76 09:24.339","1","0","0","0","36236","0","0","0","N","0","0","0","1","36408","0","2","5","01","N","N","1","0","0","0","0","0","0","Y","1901","0","1","0","0","0","0","0","1","0","1","N","","","","","","","","","","","2200","03","03","","",""
"1058","0","0","0","0","0","0","0","0","0","4","0","","36","05","2020","2020040459","5","40.074","-76.2711","1054","08","0","0","0","0","0","0","0","0","","0","0","","10","1","1","01","0","40 04:26.551","","00","76 16:15.902","9","0","0","0","36101","0","0","0","N","0","0","0","2","36101","0","","1","01","N","N","0","","0","0","0","3","3","","1052","0","2","0","0","0","0","0","3","0","0","N","","","","","","","","","","","","03","03","","N",""
"1335","0","0","0","0","0","0","0","0","0","4","0","","36","05","2020","2020040549","6","39.9751","-76.2473","1326","08","0","0","0","0","0","0","0","1","","0","0","0","13","1","0","01","0","39 58:30.378","","00","76 14:50.447","0","0","0","0","36240","0","0","0","N","0","0","0","2","36240","0","","1","09","N","N","0","","0","0","2","3","2","","1325","0","2","0","0","1","0","0","1","0","2","N","","","","","","","","","","","","07","  ","","",""
"1250","0","0","0","0","0","0","0","0","0","0","1","","36","05","2020","2020040551","6","40.103","-76.0483","1245","08","0","0","0","0","0","0","0","0","","0","1","0","12","1","0","00","2","40 06:10.900","5","00","76 02:53.816","0","0","0","0","36213","0","0","0","N","0","0","0","1","36213","0","","5","09","N","N","0","","0","0","0","0","0","N","1230","0","1","0","0","0","0","0","1","0","1","N","","","","","","","","","","","1338","07","  ","","",""
"0954","1","0","0","0","0","0","0","0","0","7","0","","36","05","2020","2020040586","6","40.068","-76.2998","0949","08","0","0","0","0","0","0","0","0","","0","0","0","09","1","0","00","0","40 04:04.658","","00","76 17:59.294","0","0","0","0","36101","0","0","0","N","0","0","0","1","36101","0","","2","09","N","N","0","","0","0","0","0","0","","0947","0","1","0","0","0","0","0","3","0","1","N","","","","","","","","","","","","07","  ","","",""
"1624","1","0","0","0","0","0","0","0","0","1","0","","36","05","2020","2020040587","2","40.0903","-76.1732","1617","08","0","0","0","0","0","1","1","0","","0","0","0","16","1","1","00","1","40 05:24.933","6","00","76 10:23.477","3","0","0","0","36234","0","0","0","N","0","0","0","3","36215","0","","1","01","N","N","1","","1","0","1","0","0","N","1615","1","3","0","0","0","0","0","1","0","3","N","","","","","","","","","","","1702","03","03","","N","N"
"1826","1","0","0","0","0","0","0","0","0","4","0","","36","05","2020","2020040588","4","40.0784","-76.2336","1821","08","0","0","0","0","0","0","1","0","","0","0","0","18","1","1","00","2","40 04:42.210","5","00","76 14:00.900","8","0","0","0","36234","0","0","0","N","0","0","0","3","36215","0","","1","01","N","N","1","","0","0","0","0","0","N","1819","1","2","0","0","0","1","0","1","0","2","N","","","","","","","","","","","0100","03","03","","",""
"1806","1","0","0","0","0","0","0","0","0","6","0","","36","05","2020","2020040590","1","40.0777","-76.2576","1756","08","0","0","0","0","0","0","0","0","","0","0","0","17","1","0","00","0","40 04:39.560","","00","76 15:27.267","0","0","0","0","36215","0","0","0","N","0","0","0","1","36215","0","","1","01","N","N","0","","0","0","0","0","0","","1753","0","2","0","0","0","0","0","1","0","2","N","","","","","","","","","","","","04","04","","",""
"1235","2","0","0","0","0","0","0","0","0","1","0","40","36","05","2020","2020040591","2","40.0163","-76.1616","1224","08","0","0","0","0","0","0","0","1","","0","0","0","12","1","0","00","0","40 00:58.610","","00","76 09:41.867","0","0","0","0","36215","0","0","0","N","0","0","0","3","36215","0","","1","01","N","N","0","","0","0","0","0","0","","1220","0","2","0","0","0","0","0","1","0","2","Y","4","2","Y","N","N","N","N","Y","N","N","","04","  ","N","N","N"
"1216","0","0","0","0","0","0","0","0","0","4","0","","36","05","2020","2020040592","2","40.0306","-76.2343","1214","08","0","0","0","0","0","1","1","0","","0","0","0","12","1","3","05","2","40 01:50.868","1","00","76 14:03.471","4","0","0","0","36215","0","0","0","N","0","0","0","3","36215","3","","1","01","N","N","0","","0","0","2","3","2","Y","1213","3","2","0","0","0","0","0","1","0","2","N","","","","","","","","","","","1307","03","  ","","N",""
"2319","2","0","0","0","0","0","0","0","0","7","0","","36","05","2020","2020040593","4","40.0852","-76.2142","2318","08","0","0","0","0","0","1","0","0","","0","0","0","23","2","1","00","2","40 05:06.542","6","00","76 12:51.036","3","0","0","0","36234","0","0","0","N","0","0","0","2","36215","0","","5","01","N","N","0","","1","0","0","0","0","Y","2311","1","2","0","0","0","0","0","1","0","2","N","","","","","","","","","","","0000","03","  ","","",""
"1130","0","0","0","0","0","0","0","0","0","1","2","","36","05","2020","2020040594","6","40.1287","-76.5649","1124","08","0","0","0","0","0","0","0","0","","0","2","0","11","1","1","01","2","40 07:43.434","7","00","76 33:53.722","8","0","0","0","36225","0","0","0","N","0","0","0","3","36505","0","","1","09","N","N","0","","0","0","1","3","3","Y","1122","1","3","0","0","0","1","0","2","0","3","N","","","","","","","","","","","1243","07","  ","","",""
"1633","0","0","0","0","0","0","0","0","0","1","0","","36","05","2020","2020040595","4","40.1622","-76.6095","1632","08","0","0","0","0","0","0","0","0","","0","0","0","16","1","1","03","0","40 09:43.940","","00","76 36:34.092","3","0","0","0","36407","0","0","0","N","0","0","0","4","36505","0","","1","01","N","N","0","","1","0","3","0","0","","1630","1","3","0","0","0","0","0","2","0","3","N","","","","","","","","","","","","03","  ","","Y",""
"1136","1","0","0","0","0","0","0","0","0","4","0","","36","05","2020","2020040596","5","40.1413","-76.5925","1130","08","0","1","0","0","0","1","0","0","","0","0","0","11","1","2","02","1","40 08:28.737","2","00","76 35:32.831","3","0","0","0","36237","0","0","0","N","0","0","0","2","36505","0","","1","01","N","N","0","","2","0","1","3","3","Y","1130","2","2","0","0","0","0","0","1","0","2","N","","","","","","","","","","","1200","03","03","","N",""
"1736","2","1","0","0","0","0","0","0","0","4","0","","36","05","2020","2020040642","3","40.1119","-75.9903","1732","08","0","0","0","0","0","0","0","0","","1","0","0","17","1","2","02","2","40 06:42.745","6","00","75 59:24.907","1","0","0","0","36213","0","0","0","N","0","0","0","3","36213","0","2","1","01","N","N","0","0","2","0","0","3","3","Y","1731","2","2","0","0","0","0","0","1","0","2","N","","","","","","","","","","","2029","03","  ","","N",""
"0408","1","0","0","0","0","0","0","0","0","98","0","","36","05","2020","2020040670","4","40.0465","-76.2804","0400","08","0","0","0","0","0","0","0","0","","0","0","0","04","3","1","00","2","40 02:47.488","4","00","76 16:49.386","3","0","0","0","36301","0","0","0","N","0","0","0","1","36301","0","","1","01","N","N","0","","1","0","0","0","0","N","0400","1","1","0","0","0","0","0","3","0","1","N","","","","","","","","","","","0419","03","  ","","N","N"
"1926","1","0","0","0","0","0","0","0","0","1","0","","36","05","2020","2020040680","2","40.0695","-76.3076","1923","08","0","0","0","0","0","0","0","0","","0","0","0","19","1","0","01","0","40 04:10.226","","00","76 18:28.241","0","0","0","0","36101","0","0","0","N","0","0","0","3","36101","0","","1","01","N","N","0","","0","0","1","3","4","","1920","0","2","0","0","0","0","0","3","0","2","N","","","","","","","","","","","","03","  ","","N",""