"ARRIVAL_TM","AUTOMOBILE_COUNT","BELTED_DEATH_COUNT","BELTED_SUSP_SERIOUS_INJ_COUNT","BICYCLE_COUNT","BICYCLE_DEATH_COUNT","BICYCLE_SUSP_SERIOUS_INJ_COUNT","BUS_COUNT","CHLDPAS_DEATH_COUNT","CHLDPAS_SUSP_SERIOUS_INJ_COUNT","COLLISION_TYPE","COMM_VEH_COUNT","CONS_ZONE_SPD_LIM","COUNTY","CRASH_MONTH","CRASH_YEAR","CRN","DAY_OF_WEEK","DEC_LAT","DEC_LONG","DISPATCH_TM","DISTRICT","DRIVER_COUNT_16YR","DRIVER_COUNT_17YR","DRIVER_COUNT_18YR","DRIVER_COUNT_19YR","DRIVER_COUNT_20YR","DRIVER_COUNT_50_64YR","DRIVER_COUNT_65_74YR","DRIVER_COUNT_75PLUS","EST_HRS_CLOSED","FATAL_COUNT","HEAVY_TRUCK_COUNT","HORSE_BUGGY_COUNT","HOUR_OF_DAY","ILLUMINATION","INJURY_COUNT","INTERSECT_TYPE","LANE_CLOSED","LATITUDE","LN_CLOSE_DIR","LOCATION_TYPE","LONGITUDE","MAX_SEVERITY_LEVEL","MCYCLE_DEATH_COUNT","MCYCLE_SUSP_SERIOUS_INJ_COUNT","MOTORCYCLE_COUNT","MUNICIPALITY","NONMOTR_COUNT","NONMOTR_DEATH_COUNT","NONMOTR_SUSP_SERIOUS_INJ_COUNT","NTFY_HIWY_MAINT","PED_COUNT","PED_DEATH_COUNT","PED_SUSP_SERIOUS_INJ_COUNT","PERSON_COUNT","POLICE_AGCY","POSSIBLE_INJ_COUNT","RDWY_SURF_TYPE_CD","RELATION_TO_ROAD","ROAD_CONDITION","SCH_BUS_IND","SCH_ZONE_IND","SMALL_TRUCK_COUNT","SPEC_JURIS_CD","SUSP_MINOR_INJ_COUNT","SUSP_SERIOUS_INJ_COUNT","SUV_COUNT","TCD_FUNC_CD","TCD_TYPE","TFC_DETOUR_IND","TIME_OF_DAY","TOT_INJ_COUNT","TOTAL_UNITS","UNB_DEATH_COUNT","UNB_SUSP_SERIOUS_INJ_COUNT","UNBELTED_OCC_COUNT","UNK_INJ_DEG_COUNT","UNK_INJ_PER_COUNT","URBAN_RURAL","VAN_COUNT","VEHICLE_COUNT","WORK_ZONE_IND","WORK_ZONE_LOC","WORK_ZONE_TYPE","WORKERS_PRES","WZ_CLOSE_DETOUR","WZ_FLAGGER","WZ_LAW_OFFCR_IND","WZ_LN_CLOSURE","WZ_MOVING","WZ_OTHER","WZ_SHLDER_MDN","ROADWAY_CLEARED","WEATHER1","WEATHER2","WZ_WORKERS_INJ_KILLED","SECONDARY_CRASH","INTERSECTION_RELATED"
"1322","0","0","0","0","0","0","0","0","0","1","0","","36","05","2020","2020040681","6","40.0651","-76.344","1314","08","0","0","0","0","0","0","0","0","","0","0","","13","1","1","01","0","40 03:54.350","","00","76 20:38.377","9","0","0","0","36101","0","0","0","N","0","0","0","2","36101","0","","1","09","N","N","0","","0","0","0","3","4","","1310","0","2","0","0","0","0","0","3","0","0","N","","","","","","","","","","","","07","  ","","N","N"
"1451","2","0","0","0","0","0","0","0","0","4","0","","36","05","2020","2020040687","3","40.0289","-76.2977","1451","08","0","0","0","0","0","0","0","0","","0","0","0","14","1","0","01","2","40 01:44.047","3","00","76 17:51.838","0","0","0","0","36301","0","0","0","N","0","0","0","3","36301","0","","1","01","N","N","0","","0","0","0","0","0","Y","1451","0","2","0","0","0","0","0","3","0","2","N","","","","","","","","","","","1540","03","03","","N",""
"1434","1","0","0","0","0","0","0","0","0","1","0","","36","05","2020","2020040696","6","40.0294","-76.2964","1433","08","0","1","0","0","0","0","1","0","","0","0","0","14","1","1","00","2","40 01:45.801","6","00","76 17:46.946","8","0","0","0","36301","0","0","0","N","0","0","0","4","36301","0","","1","09","N","N","0","","0","0","1","0","0","Y","1432","1","4","0","0","0","1","0","3","2","4","N","","","","","","","","","","","1450","07","  ","","",""
"0619","1","0","0","0","0","0","0","0","0","7","0","","36","05","2020","2020040720","3","40.2896","-76.2077","0613","08","0","0","0","0","0","0","0","0","","0","0","0","06","1","1","00","1","40 17:22.637","3","00","76 12:27.697","3","0","0","0","36236","0","0","0","N","0","0","0","1","36408","0","","5","01","N","N","0","","1","0","0","0","0","N","0610","1","1","0","0","0","0","0","1","0","1","N","","","","","","","","","","","0650","03","03","","",""
"1240","0","0","0","0","0","0","0","0","0","4","0","","36","05","2020","2020040767","6","40.088","-76.329","1238","08","0","0","0","0","0","0","0","0","","0","0","","12","1","1","01","1","40 05:16.970","4","00","76 19:44.246","9","0","0","0","36101","0","0","0","N","0","0","0","4","36101","0","","1","09","N","N","0","","0","0","0","3","2","N","1237","0","2","0","0","0","0","0","3","0","0","N","","","","","","","","","","","1319","07","07","","N",""
"1507","2","0","0","0","0","0","0","0","0","4","0","","36","05","2020","2020040768","6","40.0762","-76.3477","1503","08","0","0","0","0","0","1","0","0","","0","0","0","15","1","1","02","1","40 04:34.187","3","00","76 20:51.755","4","0","0","0","36101","0","0","0","N","0","0","0","2","36101","1","","1","09","N","N","0","","0","0","0","3","3","Y","1501","1","2","0","0","0","0","0","3","0","2","N","","","","","","","","","","","1545","07","  ","","",""
"1656","1","0","0","0","0","0","0","0","0","5","0","","36","05","2020","2020040817","7","40.0043","-76.3596","1654","08","0","0","0","0","0","0","0","0","","0","0","0","16","1","0","02","0","40 00:15.429","","00","76 21:34.408","9","0","0","0","36412","0","0","0","N","0","0","0","1","36412","0","","1","01","N","N","1","","0","0","0","0","0","","1654","0","2","0","0","0","0","1","3","0","2","N","","","","","","","","","","","","02","  ","","N","N"
"1522","1","0","0","0","0","0","0","0","0","0","0","","36","05","2020","2020040825","7","40.0868","-76.0512","1507","08","0","0","0","0","0","0","0","0","","0","0","0","15","1","1","00","0","40 05:12.517","","00","76 03:04.404","3","0","0","0","36213","0","0","0","N","0","0","0","1","36213","0","","1","01","N","N","0","","1","0","0","0","0","","1500","1","1","0","0","0","0","0","1","0","1","N","","","","","","","","","","","","03","  ","","",""
"0452","0","0","0","0","0","0","0","0","0","4","0","","36","05","2020","2020040839","7","40.0679","-76.3034","0451","08","0","0","0","0","0","0","0","0","","0","0","","04","3","1","01","1","40 04:04.462","2","00","76 18:12.202","9","0","0","0","36101","0","0","0","N","0","0","0","3","36101","0","","1","09","N","N","0","","0","0","0","3","2","N","0449","0","2","0","0","0","0","0","3","0","0","N","","","","","","","","","","","0538","07","  ","","N",""
"1454","0","0","0","0","0","0","0","0","0","7","0","","36","05","2020","2020040850","6","40.0903","-76.1891","1451","08","0","0","0","0","0","0","0","0","","0","0","0","14","1","0","00","0","40 05:24.934","","00","76 11:20.811","0","0","0","0","36301","0","0","0","N","0","0","0","1","36301","0","","5","09","N","N","0","","0","0","1","0","0","","1451","0","1","0","0","0","0","0","3","0","1","N","","","","","","","","","","","","07","07","","",""
"1045","0","0","0","0","0","0","0","0","0","4","0","","36","05","2020","2020040910","6","40.0382","-76.3414","1045","08","0","0","0","0","0","0","0","0","","0","0","","10","1","1","01","0","40 02:17.361","","00","76 20:28.994","9","0","0","0","36220","0","0","0","N","0","0","0","2","36101","0","","1","09","N","N","0","","0","0","0","3","2","","1045","0","2","0","0","0","0","0","3","0","0","N","","","","","","","","","","","","07","  ","","N",""
"1853","1","0","0","0","0","0","0","0","0","4","0","","36","05","2020","2020040984","1","40.0512","-76.3062","1849","08","0","1","0","0","0","0","0","0","","0","0","0","18","1","1","10","0","40 03:04.433","","00","76 18:22.148","3","0","0","1","36301","0","0","0","N","0","0","0","2","36301","0","","1","01","N","N","0","","1","0","0","3","3","","1849","1","2","0","0","0","0","0","3","0","2","N","","","","","","","","","","","","03","03","","",""
"1525","1","0","0","0","0","0","0","0","0","4","0","","36","05","2020","2020040992","6","40.0798","-76.2795","1518","08","0","0","0","0","1","0","0","0","","0","0","0","15","1","1","00","1","40 04:47.284","2","00","76 16:46.224","4","0","0","0","36101","0","0","0","N","0","0","0","3","36101","1","","1","09","N","N","1","","0","0","1","0","0","N","1515","1","3","0","0","0","0","0","3","0","3","N","","","","","","","","","","","0100","07","  ","","",""
"0216","1","0","0","0","0","0","0","0","0","7","0","","36","05","2020","2020040993","1","40.0782","-76.327","0215","08","0","0","0","0","0","1","0","0","","0","0","0","02","2","1","00","1","40 04:41.341","1","00","76 19:37.294","4","0","0","0","36101","0","0","0","N","0","0","0","2","36101","1","","4","01","N","N","0","","0","0","0","0","0","N","0213","1","1","0","0","0","0","0","3","0","1","N","","","","","","","","","","","0248","03","  ","","",""
"1230","2","0","0","0","0","0","0","0","0","1","0","","36","05","2020","2020040994","3","40.0486","-76.3935","1213","08","0","0","0","1","0","0","0","1","","0","0","0","12","1","0","02","0","40 02:54.862","","00","76 23:36.513","0","0","0","0","36214","0","0","0","N","0","0","0","2","36214","0","","1","01","N","N","0","","0","0","0","3","2","","1210","0","2","0","0","0","0","0","3","0","2","N","","","","","","","","","","","","03","  ","","N",""
"1925","0","0","0","0","0","0","0","0","0","4","1","","36","05","2020","2020041074","5","40.0595","-76.3346","1925","08","0","0","0","0","0","0","0","0","","0","1","0","19","1","0","00","2","40 03:34.367","3","07","76 20:04.638","0","0","0","0","36101","0","0","0","N","0","0","0","4","36101","0","","1","01","N","N","0","","0","0","0","0","0","N","1915","0","2","0","0","0","0","0","3","1","2","N","","","","","","","","","","","2030","03","  ","","",""
"2321","0","0","0","0","0","0","0","0","0","7","0","","36","05","2020","2020041075","1","40.0802","-76.3274","2319","08","0","0","0","0","0","0","0","0","","0","0","0","23","2","0","00","2","40 04:48.558","5","00","76 19:38.670","0","0","0","0","36101","0","0","0","N","0","0","0","2","36101","0","","4","01","N","N","0","","0","0","1","0","0","Y","2316","0","1","0","0","0","0","0","3","0","1","N","","","","","","","","","","","0021","03","  ","","",""
"0512","0","0","0","0","0","0","0","0","0","4","0","","36","05","2020","2020041076","4","40.133","-76.1129","0511","08","0","0","0","0","0","0","0","0","","0","0","","05","5","1","01","0","40 07:58.926","","00","76 06:46.330","9","0","0","0","36209","0","0","0","N","0","0","0","2","36415","0","","1","01","N","N","0","","0","0","0","3","3","","0511","0","2","0","0","0","0","0","1","0","0","N","","","","","","","","","","","","03","03","","N",""
"0720","0","0","0","0","0","0","0","0","0","4","0","","36","05","2020","2020041287","3","40.0403","-76.3228","0715","08","0","0","0","0","0","0","0","0","","0","0","","07","1","0","01","1","40 02:25.256","4","00","76 19:21.943","9","0","0","0","36301","0","0","0","N","0","0","0","2","36301","0","","1","01","N","N","0","","0","0","0","3","2","N","0710","0","2","0","0","0","0","0","3","0","0","N","","","","","","","","","","","0815","03","  ","","",""
"1238","1","0","0","0","0","0","0","0","0","4","0","","36","05","2020","2020041341","5","40.0733","-76.3241","1238","08","0","0","0","0","0","0","0","1","","0","0","0","12","1","0","00","1","40 04:23.750","3","00","76 19:26.760","0","0","0","0","36101","0","0","0","N","0","0","0","8","36101","0","","1","01","N","N","0","","0","0","2","0","0","N","1238","0","3","0","0","0","0","0","3","0","3","N","","","","","","","","","","","1300","03","03","","",""
"1457","2","0","0","0","0","0","0","0","0","4","0","","36","05","2020","2020041343","5","40.0377","-76.2689","1453","08","0","0","0","0","0","0","2","0","","0","0","0","14","1","0","00","1","40 02:15.596","4","00","76 16:07.901","0","0","0","0","36215","0","0","0","N","0","0","0","2","36215","0","","1","01","N","N","0","","0","0","0","0","0","N","1448","0","2","0","0","0","0","0","1","0","2","N","","","","","","","","","","","1525","03","03","","",""
"1657","2","0","0","0","0","0","0","0","0","4","0","","36","05","2020","2020041344","7","40.0262","-76.2507","1654","08","1","0","0","0","0","0","0","0","","0","0","0","16","1","0","01","1","40 01:34.388","4","00","76 15:02.386","0","0","0","0","36215","0","0","0","N","0","0","0","3","36215","0","","1","01","N","N","0","","0","0","0","3","3","N","1654","0","2","0","0","0","0","0","1","0","2","N","","","","","","","","","","","1747","03","  ","","",""
"1734","0","0","0","0","0","0","0","0","0","0","0","","36","05","2020","2020041345","2","40.0476","-76.233","1731","08","0","0","0","0","0","0","0","0","","0","0","","17","1","1","00","0","40 02:51.438","","00","76 13:58.922","9","0","0","0","36215","0","0","0","N","0","0","0","1","36215","0","","1","03","N","N","0","","0","0","0","0","0","","1730","0","1","0","0","0","0","0","1","0","0","N","","","","","","","","","","","","03","03","","N","N"
"2118","1","0","0","0","0","0","0","0","0","7","0","","36","05","2020","2020041346","5","39.9623","-76.4422","2102","08","0","0","0","0","0","0","0","0","","0","0","0","21","2","0","00","2","39 57:44.151","5","00","76 26:32.009","0","0","0","0","36223","0","0","0","N","0","0","0","1","36223","0","","4","01","N","N","0","","0","0","0","0","0","N","2100","0","1","0","0","0","0","0","1","0","1","N","","","","","","","","","","","2158","04","  ","","",""
"1803","0","0","0","0","0","0","0","0","0","4","0","","36","05","2020","2020041475","2","40.1818","-76.1838","1743","08","0","0","0","0","0","0","0","0","","0","0","","17","1","0","01","0","40 10:54.622","","00","76 11:01.750","9","0","0","0","36408","0","0","0","N","0","0","0","2","36408","0","","1","01","N","N","0","","0","0","0","3","3","","1743","0","2","0","0","0","0","0","2","0","0","N","","","","","","","","","","","","03","03","","N",""
"1700","0","0","0","0","0","0","0","0","0","7","0","","36","05","2020","2020041377","7","39.9287","-76.0322","1654","08","0","0","0","0","0","0","0","0","","0","0","0","16","1","1","00","2","39 55:43.442","5","00","76 01:55.972","8","0","0","0","36231","0","0","0","Y","0","0","0","1","68J01","0","","4","01","N","N","1","","0","0","0","0","0","Y","1652","1","1","0","0","1","1","0","1","0","1","N","","","","","","","","","","","1742","03","03","","",""
"1843","0","0","0","0","0","0","0","0","0","4","1","","36","05","2020","2020041380","1","40.0049","-76.1051","1815","08","0","0","0","0","0","0","0","1","","0","1","0","18","1","0","01","0","40 00:17.506","","00","76 06:18.451","9","0","0","0","36226","0","0","0","N","0","0","0","2","68J01","0","","4","01","N","N","0","","0","0","1","3","2","","1811","0","2","0","0","0","0","1","1","0","2","N","","","","","","","","","","","","03","  ","","",""
"1748","0","0","0","0","0","0","0","0","0","0","0","","36","05","2020","2020041392","7","40.209","-76.3186","1735","08","0","0","0","0","0","0","0","0","","0","0","0","17","1","2","01","0","40 12:32.566","","00","76 19:06.915","8","0","0","1","36217","0","0","0","N","0","0","0","2","68J01","0","","1","01","N","N","0","","0","0","0","3","3","","1733","2","2","0","0","0","2","0","1","0","1","N","","","","","","","","","","","","03","  ","","N","N"
"1526","1","0","0","0","0","0","0","0","0","4","0","","36","05","2020","2020041408","4","39.9615","-76.1028","1505","08","0","0","0","0","1","0","0","0","","0","0","0","15","1","0","01","2","39 57:41.266","6","00","76 06:10.058","0","0","0","0","36226","0","0","0","N","0","0","0","3","68J01","0","","1","01","N","N","1","","0","0","0","0","0","Y","1502","0","2","0","0","0","0","0","1","0","2","N","","","","","","","","","","","1530","03","  ","","",""
"2237","0","0","0","0","0","0","0","0","0","0","0","","36","05","2020","2020041415","5","40.2182","-76.059","2222","08","0","0","0","0","0","0","0","0","","0","0","","21","2","1","00","2","40 13:05.465","5","00","76 03:32.506","9","0","0","0","36202","0","0","0","N","0","0","0","1","68J01","0","","1","01","N","N","0","","0","0","0","0","0","Y","2156","0","1","0","0","0","0","0","1","0","0","N","","","","","","","","","","","2240","03","03","","N","N"
"0910","1","0","0","0","0","0","0","0","0","4","0","","36","05","2020","2020041417","6","40.2261","-76.3024","0909","08","0","0","0","0","0","0","1","0","","0","0","0","09","1","0","01","1","40 13:34.012","2","00","76 18:08.758","0","0","0","0","36217","0","0","0","N","0","0","0","2","68J01","0","","1","09","N","N","0","","0","0","1","3","2","N","0908","0","2","0","0","0","0","0","1","0","2","N","","","","","","","","","","","0939","07","  ","","",""
"1915","1","0","0","0","0","0","0","0","0","0","0","","36","05","2020","2020041460","2","40.2353","-76.2895","1859","08","0","0","0","0","0","0","0","0","","0","0","0","18","1","2","00","0","40 14:07.019","","00","76 17:22.375","3","0","0","0","36217","0","0","0","N","0","0","0","2","68T06","0","","4","01","N","N","0","","2","0","0","0","0","","1859","2","1","0","0","0","0","0","1","0","1","N","","","","","","","","","","","","03","  ","","N","N"
"2233","1","0","0","0","0","0","0","0","0","7","0","","36","05","2020","2020041476","3","40.1041","-76.0503","2229","08","0","0","1","0","0","0","0","0","","0","0","0","22","2","0","00","2","40 06:14.643","5","00","76 03:00.956","0","0","0","0","36213","0","0","0","N","0","0","0","2","36213","0","","2","01","N","N","0","","0","0","0","0","0","Y","2220","0","1","0","0","0","0","0","1","0","1","N","","","","","","","","","","","2315","03","03","","",""
"0510","1","0","0","0","0","0","0","0","0","7","0","","36","04","2020","2020041497","6","40.1612","-76.6349","0504","08","0","0","0","0","0","0","0","0","","0","0","0","04","2","0","00","0","40 09:40.391","","00","76 38:05.612","0","0","0","0","36237","0","0","0","N","0","0","0","1","36505","0","","5","09","N","N","0","","0","0","0","0","0","N","0455","0","1","0","0","0","0","0","1","0","1","N","","","","","","","","","","","","07","  ","","N","N"
"1714","0","0","0","0","0","0","0","0","0","7","0","","36","05","2020","2020041506","1","40.0606","-76.3357","1706","08","0","0","0","0","0","0","0","0","","0","0","","17","1","1","00","1","40 03:38.197","1","00","76 20:08.607","9","0","0","0","36301","0","0","0","N","0","0","0","1","36301","0","","2","01","N","N","0","","0","0","0","0","0","N","1700","0","1","0","0","0","0","0","3","0","0","N","","","","","","","","","","","1810","03","03","","N","N"
"1527","1","0","0","0","0","0","0","0","0","1","0","","36","05","2020","2020041511","2","40.1439","-76.5981","1524","08","0","0","0","0","1","0","0","0","","0","0","0","15","1","1","00","1","40 08:38.022","2","00","76 35:53.144","4","0","0","0","36407","0","0","0","N","0","0","0","2","36407","1","","1","01","N","N","1","","0","0","0","0","0","N","1524","1","2","0","0","0","0","0","2","0","2","N","","","","","","","","","","","1603","03","  ","","N","N"
"1043","1","0","0","0","0","0","0","0","0","7","0","","36","05","2020","2020041538","2","40.2021","-76.1332","1039","08","0","0","0","0","0","0","0","0","","0","0","0","10","1","1","00","2","40 12:07.669","5","00","76 07:59.439","4","0","0","0","36210","0","0","0","N","0","0","0","1","36210","1","","4","01","N","N","0","","0","0","0","0","0","N","1037","1","1","0","0","0","0","0","1","0","1","N","","","","","","","","","","","1120","03","  ","","N","N"
"1428","0","0","0","0","0","0","0","0","0","7","0","","36","05","2020","2020041660","6","40.0555","-76.2662","1423","08","0","0","0","0","0","0","0","0","","0","0","0","14","1","1","02","0","40 03:19.710","","02","76 15:58.271","2","0","1","1","36215","0","0","0","N","0","0","0","1","36215","0","","4","01","N","N","0","","0","1","0","0","0","","1420","1","1","0","0","0","0","0","1","0","1","N","","","","","","","","","","","","03","03","","N",""
"1223","0","0","0","0","0","0","0","0","0","1","0","35","36","05","2020","2020041661","3","40.0852","-76.2137","1223","08","0","1","0","0","0","0","1","0","","0","0","0","12","1","0","00","2","40 05:06.687","6","00","76 12:49.308","0","0","0","0","36234","0","0","0","N","0","0","0","4","36215","0","","1","01","N","N","0","","0","0","2","0","0","N","1223","0","2","0","0","0","0","0","1","0","2","Y","2","1","N","N","Y","N","Y","N","N","Y","1305","03","03","","",""
"0212","1","0","0","0","0","0","0","0","0","1","1","","36","05","2020","2020041662","7","40.0361","-76.5214","0207","08","0","0","0","0","0","0","0","0","","0","1","0","02","3","0","00","0","40 02:10.028","","03","76 31:16.958","0","0","0","0","36239","0","0","0","N","0","0","0","2","36239","0","","1","01","N","N","0","","0","0","0","0","0","","0207","0","2","0","0","0","0","0","3","0","2","N","","","","","","","","","","","","03","  ","","",""
"1528","0","0","0","0","0","0","0","0","0","4","0","","36","05","2020","2020041663","7","40.0363","-76.4554","1524","08","0","0","0","0","0","0","0","1","","0","0","0","15","1","1","01","0","40 02:10.903","","00","76 27:18.690","4","0","0","0","36239","0","0","0","N","0","0","0","2","36239","1","","1","01","N","N","0","","0","0","2","3","2","","1524","1","2","0","0","0","0","0","3","0","2","N","","","","","","","","","","","","03","  ","","",""
"2202","0","0","0","0","0","0","0","0","0","98","0","","36","05","2020","2020041664","1","40.1343","-76.5428","2153","08","0","0","0","0","0","0","0","0","","0","0","","21","2","0","00","0","40 08:03.362","","00","76 32:34.034","9","0","0","0","36225","0","0","0","N","0","0","0","2","36505","0","","1","01","N","N","0","","0","0","0","0","0","","2149","0","1","0","0","0","0","0","2","0","0","N","","","","","","","","","","","","03","  ","","N","N"
"1335","0","0","0","0","0","0","0","0","0","1","1","","36","05","2020","2020041665","6","40.2185","-76.2553","1325","08","0","1","0","0","0","1","0","0","","0","1","0","13","1","0","02","0","40 13:06.498","","00","76 15:18.903","0","0","0","0","36204","0","0","0","N","0","0","0","3","36506","0","","1","09","N","N","0","","0","0","1","0","0","","1325","0","2","0","0","0","0","0","1","0","2","N","","","","","","","","","","","","07","  ","","N",""
"1818","1","0","0","0","0","0","0","0","0","2","0","","36","05","2020","2020041693","7","39.802","-76.176","1812","08","0","0","0","0","0","0","0","1","","0","0","0","18","1","0","00","2","39 48:07.318","5","00","76 10:33.646","0","0","0","0","36219","0","0","0","N","0","0","0","2","68J01","0","","1","01","N","N","1","","0","0","0","0","0","N","1811","0","2","0","0","1","0","0","1","0","2","N","","","","","","","","","","","1901","03","  ","","N","N"
"1318","1","0","0","0","0","0","0","0","0","7","0","","36","05","2020","2020041701","2","40.0266","-76.2151","1318","08","0","0","0","0","0","1","0","0","","0","0","0","13","1","0","00","0","40 01:35.813","","00","76 12:54.348","0","0","0","0","36215","0","0","0","Y","0","0","0","2","68J01","0","","5","01","N","N","0","","0","0","0","0","0","","1318","0","1","0","0","0","0","0","1","0","1","N","","","","","","","","","","","","03","  ","","",""
"1206","1","0","0","0","0","0","0","0","0","7","0","","36","05","2020","2020041706","5","39.963","-76.3598","1146","08","0","0","0","0","0","0","0","0","","0","0","0","11","1","2","00","0","39 57:46.860","","00","76 21:35.240","4","0","0","0","36206","0","0","0","N","0","0","0","2","68J01","2","","2","01","N","N","0","","0","0","0","0","0","","1142","2","1","0","0","0","0","0","1","0","1","N","","","","","","","","","","","","03","03","","",""
"1820","1","0","0","0","0","0","0","0","0","7","0","","36","05","2020","2020041712","6","40.0353","-76.0258","1807","08","0","0","0","0","0","0","0","0","","0","0","0","18","1","0","00","0","40 02:06.947","","00","76 01:32.790","0","0","0","0","36232","0","0","0","N","0","0","0","1","68J01","0","","4","09","N","N","0","","0","0","0","0","0","","1800","0","1","0","0","0","0","0","1","0","1","N","","","","","","","","","","","","07","  ","","",""
"1537","0","0","0","0","0","0","0","0","0","4","0","","36","05","2020","2020041737","3","39.9615","-76.1028","1531","08","0","0","0","0","0","0","0","0","","0","0","","15","1","1","01","2","39 57:41.266","5","00","76 06:10.058","9","0","0","0","36226","0","0","0","N","0","0","0","5","68J01","0","","1","01","N","N","0","","0","0","0","3","3","Y","1522","0","2","0","0","0","0","0","1","0","0","N","","","","","","","","","","","1630","03","  ","","N","N"
"2351","0","0","0","0","0","0","0","0","0","7","0","","36","05","2020","2020041766","2","40.0711","-76.3258","2347","08","0","0","0","0","1","0","0","0","","0","0","0","23","3","0","00","2","40 04:15.787","4","03","76 19:33.004","0","0","0","0","36301","0","0","0","N","0","0","0","3","36301","0","","4","01","N","N","0","","0","0","1","0","0","N","2334","0","1","0","0","0","0","0","3","0","1","N","","","","","","","","","","","0019","03","03","","N","N"
"0100","0","0","0","0","0","0","0","0","0","7","0","","36","05","2020","2020041781","2","40.0611","-76.3543","0053","08","0","0","0","0","0","0","0","0","","0","0","","00","3","0","00","0","40 03:40.045","","00","76 21:15.405","9","0","0","0","36214","0","0","0","N","0","0","0","1","36214","0","","3","01","N","N","0","","0","0","0","0","0","","0050","0","1","0","0","0","0","0","3","0","0","N","","","","","","","","","","","","03","03","","N","N"
"2137","2","0","0","0","0","0","0","0","0","5","0","","36","05","2020","2020041782","2","40.053","-76.4073","2133","08","0","0","0","0","0","0","0","0","","0","0","0","21","2","0","00","0","40 03:10.630","","00","76 24:26.350","0","0","0","0","36239","0","0","0","N","0","0","0","2","36239","0","","5","01","N","N","0","","0","0","0","0","0","","2132","0","2","0","0","0","0","0","3","0","2","N","","","","","","","","","","","","03","03","","",""
"1820","0","0","0","0","0","0","0","0","0","7","0","","36","05","2020","2020041798","7","40.0432","-76.4942","1816","08","0","0","0","0","0","0","0","0","","0","0","","18","1","0","00","0","40 02:35.608","","00","76 29:39.018","9","0","0","0","36404","0","0","0","N","0","0","0","1","36404","0","","3","09","N","","0","","0","0","0","0","0","","1814","0","1","0","0","0","0","0","3","0","0","N","","","","","","","","","","","","04","  ","","N","N"
"1753","0","0","0","0","0","0","0","0","0","7","0","","36","05","2020","2020041862","6","40.2297","-76.3503","1729","08","0","0","0","0","0","1","0","0","","0","0","0","17","1","1","00","2","40 13:47.094","3","00","76 21:01.207","8","0","0","0","36217","0","0","0","N","0","0","0","2","68T06","0","","4","09","N","N","0","","0","0","1","0","0","Y","1728","1","2","0","0","0","1","0","1","1","2","N","","","","","","","","","","","1820","07","  ","","N","N"
"0159","0","0","0","0","0","0","0","0","0","5","0","","36","05","2020","2020041869","4","40.1726","-75.981","0159","08","0","0","0","0","0","0","0","0","","0","0","0","01","2","0","00","0","40 10:21.261","","00","75 58:51.684","0","0","0","1","36202","0","0","0","N","0","0","0","1","68T06","0","","1","01","N","N","1","","0","0","0","0","0","","0159","0","2","0","0","0","0","0","1","0","2","N","","","","","","","","","","","","03","  ","","Y","N"
"0159","0","0","0","0","0","0","0","0","0","7","0","","36","05","2020","2020041870","4","40.1726","-75.981","0159","08","0","0","0","0","0","0","0","0","","0","0","0","01","2","0","00","0","40 10:21.261","","00","75 58:51.684","9","0","0","1","36202","0","0","0","N","0","0","0","1","68T06","0","","4","01","N","N","0","","0","0","0","0","0","","0159","0","1","0","0","0","0","1","1","0","1","N","","","","","","","","","","","","03","  ","","N","N"
"2217","0","0","0","0","0","0","0","0","0","7","0","","36","05","2020","2020041908","7","40.0918","-76.1601","2212","08","0","0","0","0","0","1","0","0","","0","0","0","22","3","1","00","2","40 05:30.314","6","00","76 09:36.363","4","0","0","0","36234","0","0","0","N","0","0","0","1","36215","1","","5","01","N","N","1","","0","0","0","0","0","N","2211","1","1","0","0","0","0","0","1","0","1","N","","","","","","","","","","","0140","03","03","","",""
"0601","1","0","0","0","0","0","0","0","0","1","0","","36","05","2020","2020041909","2","40.2339","-76.4347","0553","08","0","0","0","0","0","0","0","0","","0","0","0","05","1","2","02","1","40 14:01.894","2","02","76 26:05.025","8","0","0","0","36230","0","0","0","N","0","0","0","2","36410","0","","1","01","N","N","0","","0","0","0","3","2","Y","0550","2","2","0","0","0","2","0","1","1","2","N","","","","","","","","","","","0634","03","  ","","N",""
"1514","0","0","0","0","0","0","0","0","0","7","0","","36","05","2020","2020041918","5","40.1098","-76.0071","1509","08","0","0","0","0","0","0","0","0","","0","0","","15","1","0","00","0","40 06:35.249","","00","76 00:25.602","9","0","0","0","36213","0","0","0","N","0","0","0","1","36213","0","","5","01","N","N","0","","0","0","0","0","0","","1505","0","1","0","0","0","0","0","1","0","0","N","","","","","","","","","","","","03","03","","N","Y"
"0211","0","0","0","0","0","0","0","0","0","7","0","","36","04","2020","2020041950","1","40.0198","-76.0665","0205","08","0","0","0","0","0","0","0","0","","0","0","0","02","2","1","00","2","40 01:11.229","6","00","76 03:59.279","4","0","0","0","36221","0","0","0","Y","0","0","0","1","68J01","1","","4","01","N","N","1","","0","0","0","0","0","N","0203","1","1","0","0","0","0","0","1","0","1","N","","","","","","","","","","","0100","03","  ","","N","N"
"0701","1","0","0","0","0","0","0","0","0","7","0","","36","04","2020","2020041952","5","39.8957","-76.22","0644","08","0","0","0","0","0","0","0","0","","0","0","0","06","5","1","00","1","39 53:44.460","2","00","76 13:12.020","3","0","0","0","36229","0","0","0","N","0","0","0","1","68J01","0","","4","01","N","N","0","","1","0","0","0","0","N","0642","1","1","0","0","0","0","0","1","0","1","N","","","","","","","","","","","0710","03","03","","",""