"ARRIVAL_TM","AUTOMOBILE_COUNT","BELTED_DEATH_COUNT","BELTED_SUSP_SERIOUS_INJ_COUNT","BICYCLE_COUNT","BICYCLE_DEATH_COUNT","BICYCLE_SUSP_SERIOUS_INJ_COUNT","BUS_COUNT","CHLDPAS_DEATH_COUNT","CHLDPAS_SUSP_SERIOUS_INJ_COUNT","COLLISION_TYPE","COMM_VEH_COUNT","CONS_ZONE_SPD_LIM","COUNTY","CRASH_MONTH","CRASH_YEAR","CRN","DAY_OF_WEEK","DEC_LAT","DEC_LONG","DISPATCH_TM","DISTRICT","DRIVER_COUNT_16YR","DRIVER_COUNT_17YR","DRIVER_COUNT_18YR","DRIVER_COUNT_19YR","DRIVER_COUNT_20YR","DRIVER_COUNT_50_64YR","DRIVER_COUNT_65_74YR","DRIVER_COUNT_75PLUS","EST_HRS_CLOSED","FATAL_COUNT","HEAVY_TRUCK_COUNT","HORSE_BUGGY_COUNT","HOUR_OF_DAY","ILLUMINATION","INJURY_COUNT","INTERSECT_TYPE","LANE_CLOSED","LATITUDE","LN_CLOSE_DIR","LOCATION_TYPE","LONGITUDE","MAX_SEVERITY_LEVEL","MCYCLE_DEATH_COUNT","MCYCLE_SUSP_SERIOUS_INJ_COUNT","MOTORCYCLE_COUNT","MUNICIPALITY","NONMOTR_COUNT","NONMOTR_DEATH_COUNT","NONMOTR_SUSP_SERIOUS_INJ_COUNT","NTFY_HIWY_MAINT","PED_COUNT","PED_DEATH_COUNT","PED_SUSP_SERIOUS_INJ_COUNT","PERSON_COUNT","POLICE_AGCY","POSSIBLE_INJ_COUNT","RDWY_SURF_TYPE_CD","RELATION_TO_ROAD","ROAD_CONDITION","SCH_BUS_IND","SCH_ZONE_IND","SMALL_TRUCK_COUNT","SPEC_JURIS_CD","SUSP_MINOR_INJ_COUNT","SUSP_SERIOUS_INJ_COUNT","SUV_COUNT","TCD_FUNC_CD","TCD_TYPE","TFC_DETOUR_IND","TIME_OF_DAY","TOT_INJ_COUNT","TOTAL_UNITS","UNB_DEATH_COUNT","UNB_SUSP_SERIOUS_INJ_COUNT","UNBELTED_OCC_COUNT","UNK_INJ_DEG_COUNT","UNK_INJ_PER_COUNT","URBAN_RURAL","VAN_COUNT","VEHICLE_COUNT","WORK_ZONE_IND","WORK_ZONE_LOC","WORK_ZONE_TYPE","WORKERS_PRES","WZ_CLOSE_DETOUR","WZ_FLAGGER","WZ_LAW_OFFCR_IND","WZ_LN_CLOSURE","WZ_MOVING","WZ_OTHER","WZ_SHLDER_MDN","ROADWAY_CLEARED","WEATHER1","WEATHER2","WZ_WORKERS_INJ_KILLED","SECONDARY_CRASH","INTERSECTION_RELATED"
"2000","0","0","0","0","0","0","0","0","0","4","0","","36","05","2020","2020042030","4","40.0316","-76.3045","1958","08","0","0","0","0","0","0","0","0","","0","0","","19","1","1","01","1","40 01:53.832","1","00","76 18:16.263","9","0","0","0","36301","0","0","0","N","0","0","0","4","36301","0","","1","01","N","N","0","","0","0","0","3","3","N","1957","0","2","0","0","0","0","0","3","0","0","N","","","","","","","","","","","2048","03","  ","","N",""
"1559","1","0","0","0","0","0","0","0","0","7","0","","36","05","2020","2020042060","4","40.0576","-76.3116","1556","08","0","0","0","0","0","0","0","0","","0","0","0","15","1","0","00","1","40 03:27.361","2","00","76 18:41.817","0","0","0","0","36101","0","0","0","N","0","0","0","1","36101","0","","5","01","N","N","0","","0","0","0","0","0","N","1554","0","1","0","0","1","0","0","3","0","1","N","","","","","","","","","","","1645","03","03","","",""
"1655","1","0","1","0","0","0","0","0","0","4","0","","36","05","2020","2020042061","4","40.0685","-76.3074","1651","08","0","0","0","0","0","1","0","0","","0","1","0","16","1","2","01","1","40 04:06.605","6","00","76 18:27.559","2","0","0","0","36101","0","0","0","N","0","0","0","3","36101","0","","1","01","N","N","0","","1","1","0","3","2","Y","1649","2","2","0","0","0","0","0","3","0","2","N","","","","","","","","","","","1743","04","  ","","N",""
"1420","0","0","0","0","0","0","0","0","0","4","0","","36","05","2020","2020042076","5","39.9748","-76.2795","1409","08","0","0","0","0","0","0","0","0","","0","0","","14","1","2","01","1","39 58:29.119","6","00","76 16:46.355","9","0","0","0","36240","0","0","0","N","0","0","0","3","36228","0","","1","01","N","N","0","","0","0","0","0","0","Y","1409","0","2","0","0","0","0","0","1","0","0","N","","","","","","","","","","","1515","03","  ","","Y","N"
"1033","2","0","0","0","0","0","0","0","0","4","0","","36","05","2020","2020042102","3","40.1567","-76.6015","1031","08","0","0","0","0","0","0","0","2","","0","0","0","10","1","1","01","1","40 09:24.299","3","00","76 36:05.223","3","0","0","0","36407","0","0","0","N","0","0","0","2","36407","0","","1","01","N","N","0","","1","0","0","3","3","N","1028","1","2","0","0","0","0","0","2","0","2","N","","","","","","","","","","","1112","03","  ","","",""
"1820","1","0","0","0","0","0","0","0","0","0","0","","36","04","2020","2020042110","6","40.014","-76.0517","1804","08","0","0","0","0","0","0","0","0","","0","0","0","18","1","0","00","0","40 00:50.375","","00","76 03:06.229","0","0","0","0","36232","0","0","0","N","0","0","0","2","68J01","0","","4","01","N","N","0","","0","0","0","0","0","","1802","0","1","0","0","0","0","0","1","0","1","N","","","","","","","","","","","","03","  ","","N","N"
"1733","0","0","0","0","0","0","0","0","0","1","0","","36","05","2020","2020042133","4","40.1334","-76.2134","1730","08","0","0","0","0","0","0","0","0","","0","0","","17","1","1","02","1","40 08:00.196","1","00","76 12:48.318","9","0","0","0","36238","0","0","0","N","0","0","0","2","36238","0","","1","01","N","N","0","","0","0","0","0","0","N","1730","0","2","0","0","0","0","0","3","0","0","N","","","","","","","","","","","1801","03","  ","","N","N"
"1404","0","0","0","0","0","0","0","0","0","7","0","","36","05","2020","2020042134","4","40.142","-76.1988","1404","08","0","0","0","0","0","0","0","0","","0","0","","14","1","0","00","0","40 08:31.354","","00","76 11:55.611","9","0","0","0","36238","0","0","0","N","0","0","0","1","36238","0","","1","01","N","N","0","","0","0","0","0","0","","1404","0","1","0","0","0","0","0","3","0","0","N","","","","","","","","","","","","03","  ","","N","Y"
"0949","1","0","0","0","0","0","0","0","0","4","0","","36","05","2020","2020042171","3","40.0432","-76.3285","0947","08","0","0","0","0","0","0","0","0","","0","0","0","09","1","0","01","1","40 02:35.541","3","00","76 19:42.722","0","0","0","0","36220","0","0","0","N","0","0","0","2","36101","0","","1","01","N","N","0","","0","0","1","3","2","Y","0947","0","2","0","0","0","0","0","3","0","2","N","","","","","","","","","","","1024","03","03","","",""
"1643","2","0","0","0","0","0","0","0","0","4","0","","36","05","2020","2020042172","4","40.0328","-76.2431","1637","08","0","0","0","0","0","1","0","0","","0","0","0","16","1","0","01","0","40 01:57.997","","02","76 14:35.031","0","0","0","0","36215","0","0","0","N","0","0","0","2","36215","0","","1","01","N","N","0","","0","0","0","3","2","","1637","0","2","0","0","0","0","0","1","0","2","N","","","","","","","","","","","","03","03","","N",""
"1302","1","0","0","0","0","0","0","0","0","1","0","","36","05","2020","2020042174","3","40.0387","-76.1822","1258","08","0","0","1","0","0","0","0","0","","0","0","0","12","1","2","00","2","40 02:19.148","6","00","76 10:56.069","3","0","0","0","36215","0","0","0","N","0","0","0","5","36215","0","","1","01","N","N","1","","2","0","0","0","0","Y","1256","2","2","0","0","0","0","0","1","0","2","N","","","","","","","","","","","1333","03","  ","","",""
"1513","2","0","0","0","0","0","0","0","0","1","0","","36","05","2020","2020042175","6","40.0646","-76.4655","1509","08","0","1","0","0","0","0","0","1","","0","0","0","14","1","0","01","1","40 03:52.700","6","00","76 27:55.854","0","0","0","0","36239","0","0","0","N","0","0","0","2","36239","0","","1","09","N","N","0","","0","0","0","0","0","N","1458","0","2","0","0","1","0","0","3","0","2","N","","","","","","","","","","","1545","07","04","","",""
"1815","0","0","0","0","0","0","0","0","0","1","0","","36","05","2020","2020042176","3","40.143","-76.5566","1811","08","0","0","0","0","0","0","0","0","","0","0","","18","1","1","03","1","40 08:34.209","3","02","76 33:24.479","9","0","0","0","36225","0","0","0","N","0","0","0","2","36505","0","","1","01","N","N","0","","0","0","0","3","3","Y","1811","0","2","0","0","0","0","0","2","0","0","N","","","","","","","","","","","1840","03","03","","N",""
"1350","1","0","0","0","0","0","0","0","0","1","0","","36","05","2020","2020042230","3","40.1751","-76.1424","1325","08","0","0","0","0","0","1","0","0","","0","0","0","13","1","0","00","0","40 10:30.403","","00","76 08:32.761","0","0","0","0","36218","0","0","0","N","0","0","0","2","36408","0","","1","01","N","N","1","","0","0","0","0","0","","1325","0","2","0","0","0","0","0","1","0","2","N","","","","","","","","","","","","03","  ","","N","N"
"0710","1","0","0","1","0","1","0","0","0","1","0","","36","05","2020","2020042232","3","40.2539","-76.184","0702","08","0","0","0","0","0","0","0","0","","0","0","0","07","1","1","00","2","40 15:14.100","5","00","76 11:02.300","2","0","0","0","36236","1","0","1","N","0","0","0","2","36408","0","","1","01","N","N","0","","0","1","0","0","0","Y","0702","1","2","0","0","1","0","0","1","0","1","N","","","","","","","","","","","0800","03","  ","","N","N"
"1430","0","0","0","0","0","0","0","0","0","98","0","","36","05","2020","2020042233","6","40.1693","-76.1996","1424","08","0","0","0","0","0","0","0","0","","0","0","0","14","1","0","00","1","40 10:09.573","3","00","76 11:58.517","0","0","0","0","36218","0","0","0","N","0","0","0","1","36408","0","","1","01","N","N","0","","0","0","0","0","0","N","1424","0","1","0","0","0","0","0","1","1","1","N","","","","","","","","","","","1600","03","  ","","N","N"
"1603","0","0","0","0","0","0","0","0","0","4","0","","36","05","2020","2020042277","3","40.0349","-76.5007","1558","08","0","0","0","0","0","0","0","0","","0","0","","15","1","0","01","0","40 02:05.517","","00","76 30:02.514","9","0","0","0","36404","0","0","0","N","0","0","0","3","36404","0","","1","01","N","N","0","","0","0","0","3","3","","1558","0","2","0","0","0","0","0","3","0","0","N","","","","","","","","","","","","03","03","","N",""
"1653","0","0","0","0","0","0","0","0","0","4","0","","36","05","2020","2020042280","5","40.0354","-76.5039","1649","08","0","0","0","0","0","0","0","0","","0","0","","16","1","0","01","2","40 02:07.458","7","00","76 30:14.122","9","0","0","0","36404","0","0","0","N","0","0","0","2","36404","0","","1","01","N","N","0","","0","0","0","0","0","Y","1649","0","2","0","0","0","0","0","3","0","0","N","","","","","","","","","","","1722","03","03","","N",""
"0906","0","0","0","0","0","0","0","0","0","1","0","","36","05","2020","2020042386","6","40.1558","-76.3072","0905","08","0","0","0","0","0","0","0","0","","0","0","","09","1","0","00","1","40 09:21.003","1","00","76 18:26.062","9","0","0","0","36409","0","0","0","N","0","0","0","2","36409","0","","1","01","N","N","0","","0","0","0","0","0","N","0904","0","2","0","0","0","0","0","3","0","0","N","","","","","","","","","","","0040","04","  ","","N","N"
"0106","0","0","0","0","0","0","0","0","0","7","0","","36","05","2020","2020042623","2","40.2202","-76.101","0103","08","0","0","0","1","0","0","0","0","","0","0","0","00","3","0","00","0","40 13:12.717","","00","76 06:03.515","0","0","0","0","36210","0","0","0","N","0","0","0","1","36210","0","","2","01","N","N","1","","0","0","0","0","0","","0050","0","1","0","0","0","0","0","1","0","1","N","","","","","","","","","","","","03","  ","","N","N"
"1555","0","0","0","0","0","0","0","0","0","1","0","","36","05","2020","2020042624","3","40.2291","-76.1332","1550","08","0","0","0","0","0","0","0","0","","0","0","","15","1","1","00","2","40 13:44.638","6","00","76 07:59.394","9","0","0","0","36405","0","0","0","N","0","0","0","2","36210","0","","1","01","N","N","0","","0","0","0","0","0","Y","1550","0","2","0","0","0","0","0","1","0","0","N","","","","","","","","","","","1623","03","03","","N","Y"
"1718","0","0","0","0","0","0","0","0","0","5","1","","36","05","2020","2020042625","6","40.2011","-76.1203","1712","08","0","0","0","0","0","0","0","0","","0","1","0","17","1","0","00","0","40 12:04.000","","00","76 07:12.934","0","0","0","0","36210","0","0","0","N","0","0","0","3","36210","0","","2","09","N","N","1","","0","0","0","0","0","","1712","0","2","0","0","0","0","0","1","0","2","N","","","","","","","","","","","","07","  ","","N","N"
"2046","0","0","0","0","0","0","0","0","0","4","0","","36","05","2020","2020042640","2","40.1575","-76.2047","2044","08","0","0","0","0","0","1","1","0","","0","0","0","20","1","2","01","9","40 09:27.092","2","00","76 12:17.018","3","0","0","0","36402","0","0","0","N","0","0","0","7","36402","0","","1","01","N","N","2","","2","0","1","3","2","Y","2044","2","3","0","0","0","0","0","2","0","3","N","","","","","","","","","","","2130","03","03","","",""
"1458","1","0","0","0","0","0","0","0","0","7","0","","36","05","2020","2020042641","2","40.1531","-76.2069","1457","08","0","0","0","0","0","0","0","0","","0","0","0","14","1","0","00","1","40 09:11.289","1","00","76 12:24.672","0","0","0","0","36218","0","0","0","N","0","0","0","1","36402","0","","4","01","N","N","0","","0","0","0","0","0","N","1457","0","1","0","0","0","0","0","1","0","1","N","","","","","","","","","","","1520","03","  ","","N","N"
"0614","1","0","0","0","0","0","0","0","0","7","0","","36","06","2020","2020042704","2","40.0464","-76.3346","0611","08","0","0","0","0","0","0","0","0","","0","0","0","06","1","0","00","0","40 02:47.169","","00","76 20:04.536","0","0","0","0","36220","0","0","0","N","0","0","0","1","36101","0","","5","01","N","N","0","","0","0","0","0","0","","0609","0","1","0","0","0","0","0","3","0","1","N","","","","","","","","","","","","03","03","","N","N"
"1844","1","0","0","0","0","0","0","0","0","7","0","","36","04","2020","2020042716","5","39.9925","-76.1883","1842","08","0","0","0","0","0","0","0","0","","0","0","0","18","1","0","00","0","39 59:32.830","","00","76 11:18.050","0","0","0","0","36233","0","0","0","N","0","0","0","1","68J01","0","","2","01","N","N","0","","0","0","0","0","0","","1841","0","1","0","0","0","0","0","1","0","1","N","","","","","","","","","","","","03","03","","",""
"2043","1","1","1","0","0","0","0","0","0","4","0","","36","05","2020","2020042723","1","39.7493","-76.164","2043","08","0","0","0","1","0","1","0","0","","1","0","0","18","1","2","01","0","39 44:57.547","","00","76 09:50.312","1","0","0","0","36219","0","0","0","N","0","0","0","3","68J01","0","2","1","01","N","N","0","0","1","1","1","3","3","","1807","2","2","0","0","0","0","0","1","0","2","N","","","","","","","","","","","","03","03","","N","N"
"1327","1","0","0","0","0","0","0","0","0","1","0","","36","05","2020","2020042726","4","40.0054","-76.1861","1314","08","0","0","0","0","0","0","0","0","","0","0","0","13","1","0","00","0","40 00:19.453","","00","76 11:09.994","0","0","0","0","36233","0","0","0","N","0","0","0","2","68J01","0","","1","01","N","N","1","","0","0","0","0","0","","1311","0","2","0","0","0","0","0","1","0","2","N","","","","","","","","","","","","03","  ","","N","N"
"2037","0","0","0","0","0","0","0","0","0","7","0","","36","05","2020","2020042736","2","40.2247","-76.404","2029","08","0","0","0","0","0","0","0","0","","0","0","0","20","2","0","00","2","40 13:29.076","4","00","76 24:14.492","0","0","0","0","36230","0","0","0","N","0","0","0","1","68T06","0","","4","01","N","N","0","","0","0","1","0","0","Y","2028","0","1","0","0","0","0","0","1","0","1","N","","","","","","","","","","","2110","03","03","","",""
"1621","0","0","0","0","0","0","0","0","0","4","0","","36","05","2020","2020042832","5","40.0564","-76.3056","1614","08","0","0","0","0","0","0","0","0","","0","0","","16","1","1","01","1","40 03:22.924","2","00","76 18:20.469","9","0","0","0","36101","0","0","0","N","0","0","0","3","36101","0","","1","01","N","N","0","","0","0","0","3","2","Y","1612","0","2","0","0","0","0","0","3","0","0","N","","","","","","","","","","","1715","04","  ","","N",""
"1250","1","0","0","0","0","0","0","0","0","1","0","","36","05","2020","2020042833","5","40.1034","-76.435","1244","08","0","0","0","0","0","0","0","0","","0","0","0","12","1","0","02","0","40 06:12.325","","00","76 26:05.839","0","0","0","0","36239","0","0","0","N","0","0","0","2","36239","0","","1","09","N","N","0","","0","0","1","3","3","","1244","0","2","0","0","0","0","0","3","0","2","N","","","","","","","","","","","","07","04","","",""
"0417","1","0","0","0","0","0","0","0","0","8","0","","36","04","2020","2020042840","7","40.222","-76.0727","0413","08","0","0","0","0","0","0","0","0","","1","0","0","04","2","0","00","1","40 13:19.123","2","00","76 04:21.560","1","0","0","0","36210","1","1","0","N","1","1","0","2","36210","0","2","1","01","N","N","0","0","0","0","0","0","0","N","0413","0","2","0","0","0","0","0","1","0","1","N","","","","","","","","","","","0654","03","  ","","N","N"
"0726","0","0","0","0","0","0","0","0","0","4","0","","36","05","2020","2020042977","5","40.1056","-76.4262","0718","08","0","0","0","0","0","0","0","0","","0","0","","07","1","1","07","2","40 06:20.215","2","02","76 25:34.404","9","0","0","0","36214","0","0","0","N","0","0","0","2","36214","0","","7","09","N","N","0","","0","0","0","0","0","N","0715","0","2","0","0","0","0","0","3","0","0","N","","","","","","","","","","","0813","07","04","","N",""
"1001","0","0","0","0","0","0","0","0","0","6","1","","36","05","2020","2020042978","2","40.0821","-76.192","0954","08","0","0","0","0","0","1","0","0","","0","1","0","09","1","1","00","2","40 04:55.440","5","03","76 11:31.096","4","0","0","0","36234","0","0","0","N","0","0","0","2","36215","1","","1","09","N","N","0","","0","0","1","0","0","Y","0952","1","2","0","0","0","0","0","1","0","2","N","","","","","","","","","","","1035","07","  ","","",""
"1534","0","0","0","0","0","0","0","0","0","5","2","","36","04","2020","2020042993","5","39.9948","-76.0284","1528","08","0","0","0","0","0","0","0","0","","0","2","0","15","1","0","00","1","39 59:41.376","4","00","76 01:42.074","0","0","0","0","36232","0","0","0","N","0","0","0","2","68J01","0","","1","01","N","N","0","","0","0","0","0","0","N","1514","0","2","0","0","0","0","0","1","0","2","N","","","","","","","","","","","1859","03","03","","",""
"1752","1","0","0","0","0","0","0","0","0","7","0","","36","05","2020","2020042997","1","39.8102","-76.0994","1745","08","0","0","0","0","0","0","0","0","","0","0","0","17","1","1","00","2","39 48:36.640","6","00","76 05:57.810","8","0","0","0","36222","0","0","0","N","0","0","0","1","68J01","0","","4","01","N","N","0","","0","0","0","0","0","Y","1745","1","1","0","0","0","1","0","1","0","1","N","","","","","","","","","","","1842","03","  ","","",""
"1132","0","0","0","0","0","0","0","0","0","7","0","","36","05","2020","2020043037","4","40.0208","-76.0679","1117","08","0","0","0","0","0","0","0","0","","0","0","","11","1","0","00","0","40 01:14.789","","00","76 04:04.324","9","0","0","0","36221","0","0","0","N","0","0","0","1","68J01","0","","4","01","N","N","0","","0","0","0","0","0","","1115","0","1","0","0","0","0","0","1","0","0","N","","","","","","","","","","","","03","  ","","N","N"
"1139","2","0","0","0","0","0","0","0","0","1","0","35","36","05","2020","2020043038","4","39.9867","-76.0278","1135","08","0","0","0","0","0","0","0","0","","0","0","0","11","1","0","00","0","39 59:12.031","","00","76 01:40.068","0","0","0","0","36232","0","0","0","N","0","0","0","2","68J01","0","","1","01","N","N","0","","0","0","0","3","7","","1132","0","2","0","0","0","0","0","1","0","2","Y","4","2","Y","N","Y","N","Y","Y","N","Y","","03","  ","","",""
"0701","1","0","0","0","0","0","0","0","0","4","1","","36","05","2020","2020043040","5","39.8588","-76.2703","0636","08","0","0","0","0","0","0","1","0","","0","1","0","06","1","1","01","1","39 51:31.698","4","00","76 16:13.124","3","0","0","0","36224","0","0","0","N","0","0","0","2","68J01","0","","1","09","N","N","0","","1","0","0","3","3","N","0633","1","2","0","0","0","0","0","1","0","2","N","","","","","","","","","","","0701","07","  ","","",""
"1304","0","0","0","0","0","0","0","0","0","98","0","","36","05","2020","2020043046","6","39.9896","-75.9961","1256","08","0","0","0","0","0","0","0","0","","0","0","0","12","1","0","00","0","39 59:22.395","","00","75 59:45.907","0","0","0","0","36232","0","0","0","N","0","0","0","4","68J01","0","","1","01","N","N","1","","0","0","0","0","0","","1253","0","1","0","0","0","0","0","1","0","1","N","","","","","","","","","","","","03","  ","","",""
"1906","1","0","0","0","0","0","0","0","0","7","0","","36","05","2020","2020043048","6","39.8841","-76.1355","1853","08","0","0","0","0","0","1","0","0","","0","0","0","18","1","0","00","0","39 53:02.637","","00","76 08:07.872","0","0","0","0","36205","0","0","0","N","0","0","0","1","68J01","0","","4","08","N","N","0","","0","0","0","0","0","","1849","0","1","0","0","0","0","0","1","0","1","N","","","","","","","","","","","","07","  ","","",""
"1250","0","0","0","0","0","0","0","0","0","1","0","","36","05","2020","2020043052","7","39.9016","-76.2415","1219","08","0","0","0","0","0","0","0","0","","0","0","","12","1","0","00","0","39 54:05.890","","00","76 14:29.261","9","0","0","0","36229","0","0","0","N","0","0","0","3","68J01","0","","1","01","N","N","0","","0","0","0","0","0","","1217","0","2","0","0","0","0","0","1","0","0","N","","","","","","","","","","","","03","  ","","N","N"
"1040","1","0","0","0","0","0","0","0","0","7","0","","36","06","2020","2020043114","3","40.0386","-76.3358","1038","08","0","0","0","0","0","0","0","0","","0","0","0","10","1","0","01","0","40 02:18.842","","00","76 20:08.849","0","0","0","0","36220","0","0","0","N","0","0","0","2","36101","0","","4","01","N","N","0","","0","0","0","3","2","","1035","0","1","0","0","0","0","0","3","0","1","N","","","","","","","","","","","","04","  ","","",""
"1348","1","0","0","0","0","0","0","0","0","3","0","","36","06","2020","2020043115","3","40.0733","-76.3045","1345","08","1","0","0","0","0","0","0","0","","0","0","0","13","1","0","00","0","40 04:23.700","","07","76 18:16.300","0","0","0","0","36101","1","0","0","N","0","0","0","2","36101","0","","6","01","N","N","0","","0","0","0","0","0","","1342","0","2","0","0","0","0","0","3","1","2","N","","","","","","","","","","","","03","  ","","N","N"
"1450","0","0","0","0","0","0","0","0","0","1","0","","36","06","2020","2020043116","3","40.0601","-76.32","1444","08","0","0","0","0","0","1","0","0","","0","0","0","14","1","1","01","1","40 03:36.187","1","00","76 19:12.147","3","0","0","0","36301","0","0","0","N","0","0","0","3","36101","0","","1","01","N","N","1","","1","0","1","3","2","N","1444","1","2","0","0","0","0","0","3","0","2","N","","","","","","","","","","","0030","03","03","","N","N"
"1523","1","0","0","0","0","0","0","0","0","6","0","","36","06","2020","2020043117","2","40.0391","-76.4333","1512","08","0","0","0","0","0","0","0","0","","0","0","0","15","1","1","01","1","40 02:20.909","6","00","76 25:59.787","8","0","0","0","36414","0","0","0","N","0","0","0","1","36239","0","","1","01","N","N","0","","0","0","1","0","0","N","1512","1","2","0","0","0","1","0","3","0","2","N","","","","","","","","","","","1550","03","  ","","N",""
"1921","1","0","0","0","0","0","0","0","0","2","0","","36","06","2020","2020043118","2","40.0656","-76.4485","1902","08","0","0","0","0","1","1","0","0","","0","0","0","19","1","0","00","0","40 03:56.332","","00","76 26:54.546","0","0","0","0","36239","0","0","0","N","0","0","0","2","36239","0","","1","01","N","N","0","","0","0","1","0","0","","1902","0","2","0","0","0","0","0","3","0","2","N","","","","","","","","","","","","03","  ","","",""
"2018","0","0","0","0","0","0","0","0","0","98","0","","36","05","2020","2020043119","1","40.1711","-76.5916","2018","08","0","0","0","0","0","0","0","0","","0","0","","20","1","0","00","0","40 10:15.877","","00","76 35:29.785","9","0","0","0","36225","0","0","0","N","0","0","0","1","36505","0","","1","01","N","N","0","","0","0","0","0","0","","2018","0","1","0","0","0","0","0","2","0","0","N","","","","","","","","","","","","03","03","","N","N"
"1506","1","0","0","0","0","0","0","0","0","1","0","","36","06","2020","2020043120","2","40.134","-76.6174","1504","08","0","0","0","0","0","0","1","0","","0","0","0","15","1","1","02","0","40 08:02.398","","00","76 37:02.499","3","0","0","0","36237","0","0","0","N","0","0","0","2","36505","0","","1","01","N","N","0","","1","0","1","0","0","","1501","1","2","0","0","0","0","0","1","0","2","N","","","","","","","","","","","","03","  ","","N",""
"0642","0","0","0","0","0","0","0","0","0","8","0","","36","04","2020","2020043131","2","40.1566","-76.6418","0628","08","0","0","0","0","0","0","0","0","","0","0","0","06","2","1","00","0","40 09:23.900","","00","76 38:30.300","4","0","0","0","36237","1","0","0","N","1","0","0","2","36505","1","","1","01","N","N","0","","0","0","1","0","0","","0628","1","2","0","0","0","0","0","1","0","1","N","","","","","","","","","","","","99","  ","","N","N"
"0743","0","0","0","0","0","0","0","0","0","4","0","","36","05","2020","2020043135","1","40.049","-76.3057","0742","08","0","0","0","0","0","0","0","0","","0","0","","07","1","0","01","1","40 02:56.518","2","00","76 18:20.618","9","0","0","0","36301","0","0","0","N","0","0","0","2","36301","0","","1","01","N","N","0","","0","0","0","3","3","N","0734","0","2","0","0","0","0","0","3","0","0","N","","","","","","","","","","","0832","03","03","","",""
"0855","0","0","0","0","0","0","0","0","0","4","0","","36","05","2020","2020043152","7","40.0818","-76.5285","0852","08","0","0","0","0","0","1","0","0","","0","0","0","08","1","1","02","2","40 04:54.349","6","00","76 31:42.515","3","0","0","1","36211","0","0","0","N","0","0","0","2","36504","0","","1","01","N","N","0","","1","0","1","3","3","Y","0850","1","2","0","0","0","0","0","1","0","2","N","","","","","","","","","","","0938","03","03","","",""
"1215","0","0","0","0","0","0","0","0","0","7","0","","36","05","2020","2020043279","6","40.0681","-76.2934","1208","08","0","0","0","0","0","0","0","0","","0","0","","12","1","0","00","1","40 04:05.143","4","00","76 17:36.304","9","0","0","0","36101","0","0","0","N","0","0","0","1","36101","0","","3","09","N","N","0","","0","0","0","0","0","N","1206","0","1","0","0","0","0","0","3","0","0","N","","","","","","","","","","","1250","07","04","","N","N"
"1130","2","0","0","0","0","0","0","0","0","1","0","","36","05","2020","2020043280","5","40.042","-76.3293","1122","08","0","0","0","1","1","0","0","0","","0","0","0","11","1","0","00","0","40 02:31.130","","00","76 19:45.450","0","0","0","0","36220","0","0","0","N","0","0","0","2","36101","0","","1","09","N","N","0","","0","0","0","0","0","","1122","0","2","0","0","0","0","0","3","0","2","N","","","","","","","","","","","","07","  ","","",""
"1407","0","0","0","0","0","0","0","0","0","1","0","","36","05","2020","2020043281","7","40.0757","-76.3087","1405","08","0","0","0","0","0","0","0","0","","0","0","","14","1","1","00","1","40 04:32.425","1","00","76 18:31.147","9","0","0","0","36101","0","0","0","N","0","0","0","2","36101","0","","1","01","N","N","0","","0","0","0","0","0","N","1402","0","2","0","0","0","0","0","3","0","0","N","","","","","","","","","","","1500","03","03","","N","N"
"0028","1","0","0","0","0","0","0","0","0","7","0","","36","06","2020","2020043282","3","40.0141","-76.3277","0025","08","0","0","0","0","0","0","0","0","","0","0","0","00","2","1","00","1","40 00:50.932","3","00","76 19:39.583","3","0","0","0","36220","0","0","0","N","0","0","0","1","36101","0","","5","01","N","N","0","","1","0","0","0","0","N","0020","1","1","0","0","0","0","0","3","0","1","N","","","","","","","","","","","0050","03","  ","","",""
"1939","0","0","0","0","0","0","0","0","0","4","0","","36","05","2020","2020043283","4","40.134","-76.6174","1931","08","0","0","0","0","0","0","0","0","","0","0","","19","1","0","02","0","40 08:02.398","","00","76 37:02.499","9","0","0","0","36237","0","0","0","N","0","0","0","5","36505","0","","1","01","N","N","0","","0","0","0","0","0","","1931","0","2","0","0","0","0","0","1","0","0","N","","","","","","","","","","","","03","03","","N",""
"1309","0","0","0","0","0","0","0","0","0","4","0","","36","05","2020","2020043284","7","40.1326","-76.347","1309","08","0","0","0","0","0","0","0","0","","0","0","","13","1","0","01","2","40 07:57.364","7","00","76 20:49.148","9","0","0","0","36227","0","0","0","N","0","0","0","3","36506","0","","1","01","N","N","0","","0","0","0","3","3","Y","1309","0","2","0","0","0","0","0","1","0","0","N","","","","","","","","","","","1340","03","  ","","N",""
"0707","0","0","0","0","0","0","0","0","0","1","1","","36","05","2020","2020043363","7","40.2441","-76.1603","0655","08","0","0","0","0","0","0","1","0","","0","1","0","06","1","1","00","0","40 14:38.921","","00","76 09:37.184","4","0","0","0","36236","0","0","0","N","0","0","0","2","68T06","1","","1","01","N","N","0","","0","0","1","0","0","","0655","1","2","0","0","0","0","0","1","0","2","N","","","","","","","","","","","","03","  ","","",""