"ARRIVAL_TM","AUTOMOBILE_COUNT","BELTED_DEATH_COUNT","BELTED_SUSP_SERIOUS_INJ_COUNT","BICYCLE_COUNT","BICYCLE_DEATH_COUNT","BICYCLE_SUSP_SERIOUS_INJ_COUNT","BUS_COUNT","CHLDPAS_DEATH_COUNT","CHLDPAS_SUSP_SERIOUS_INJ_COUNT","COLLISION_TYPE","COMM_VEH_COUNT","CONS_ZONE_SPD_LIM","COUNTY","CRASH_MONTH","CRASH_YEAR","CRN","DAY_OF_WEEK","DEC_LAT","DEC_LONG","DISPATCH_TM","DISTRICT","DRIVER_COUNT_16YR","DRIVER_COUNT_17YR","DRIVER_COUNT_18YR","DRIVER_COUNT_19YR","DRIVER_COUNT_20YR","DRIVER_COUNT_50_64YR","DRIVER_COUNT_65_74YR","DRIVER_COUNT_75PLUS","EST_HRS_CLOSED","FATAL_COUNT","HEAVY_TRUCK_COUNT","HORSE_BUGGY_COUNT","HOUR_OF_DAY","ILLUMINATION","INJURY_COUNT","INTERSECT_TYPE","LANE_CLOSED","LATITUDE","LN_CLOSE_DIR","LOCATION_TYPE","LONGITUDE","MAX_SEVERITY_LEVEL","MCYCLE_DEATH_COUNT","MCYCLE_SUSP_SERIOUS_INJ_COUNT","MOTORCYCLE_COUNT","MUNICIPALITY","NONMOTR_COUNT","NONMOTR_DEATH_COUNT","NONMOTR_SUSP_SERIOUS_INJ_COUNT","NTFY_HIWY_MAINT","PED_COUNT","PED_DEATH_COUNT","PED_SUSP_SERIOUS_INJ_COUNT","PERSON_COUNT","POLICE_AGCY","POSSIBLE_INJ_COUNT","RDWY_SURF_TYPE_CD","RELATION_TO_ROAD","ROAD_CONDITION","SCH_BUS_IND","SCH_ZONE_IND","SMALL_TRUCK_COUNT","SPEC_JURIS_CD","SUSP_MINOR_INJ_COUNT","SUSP_SERIOUS_INJ_COUNT","SUV_COUNT","TCD_FUNC_CD","TCD_TYPE","TFC_DETOUR_IND","TIME_OF_DAY","TOT_INJ_COUNT","TOTAL_UNITS","UNB_DEATH_COUNT","UNB_SUSP_SERIOUS_INJ_COUNT","UNBELTED_OCC_COUNT","UNK_INJ_DEG_COUNT","UNK_INJ_PER_COUNT","URBAN_RURAL","VAN_COUNT","VEHICLE_COUNT","WORK_ZONE_IND","WORK_ZONE_LOC","WORK_ZONE_TYPE","WORKERS_PRES","WZ_CLOSE_DETOUR","WZ_FLAGGER","WZ_LAW_OFFCR_IND","WZ_LN_CLOSURE","WZ_MOVING","WZ_OTHER","WZ_SHLDER_MDN","ROADWAY_CLEARED","WEATHER1","WEATHER2","WZ_WORKERS_INJ_KILLED","SECONDARY_CRASH","INTERSECTION_RELATED"
"0522","0","0","0","0","0","0","0","0","0","98","0","","36","06","2020","2020043377","2","40.2017","-76.0136","0517","08","0","0","0","0","0","0","0","0","","0","0","0","05","2","0","00","0","40 12:06.086","","00","76 00:49.118","0","0","0","0","36202","0","0","0","N","0","0","0","2","68T06","0","","1","01","N","N","0","","0","0","1","0","0","","0517","0","1","0","0","0","0","0","1","0","1","N","","","","","","","","","","","","03","  ","","N","N"
"1626","1","0","0","0","0","0","0","0","0","7","0","","36","06","2020","2020043405","4","40.1493","-76.0293","1626","08","0","0","0","0","0","1","0","0","","0","0","0","16","1","0","00","0","40 08:57.592","","00","76 01:45.533","0","0","0","0","36213","0","0","0","Y","0","0","0","3","36213","0","","5","01","N","","0","","0","0","0","0","0","","1621","0","1","0","0","0","0","0","1","0","1","N","","","","","","","","","","","","03","03","","",""
"2126","1","0","0","0","0","0","0","0","0","4","0","","36","05","2020","2020043451","3","40.0685","-76.3074","2121","08","0","1","0","0","0","1","0","0","","0","0","0","21","3","0","01","2","40 04:06.527","3","00","76 18:26.750","0","0","0","0","36101","0","0","0","N","0","0","0","2","36101","0","","1","01","N","N","1","","0","0","0","3","2","N","2120","0","2","0","0","0","0","0","3","0","2","N","","","","","","","","","","","2145","03","03","","",""
"1953","0","0","0","0","0","0","0","0","0","0","0","","36","05","2020","2020043452","1","40.0681","-76.3045","1946","08","0","0","0","0","0","0","0","0","","0","0","0","19","1","1","00","0","40 04:05.032","","00","76 18:16.055","3","0","0","1","36101","0","0","0","N","0","0","0","1","36101","0","","1","01","N","N","0","","1","0","0","3","2","","1945","1","1","0","0","0","0","0","3","0","1","N","","","","","","","","","","","","03","03","","",""
"1805","0","0","0","0","0","0","0","0","0","5","0","","36","06","2020","2020043453","4","40.0941","-76.4068","1747","08","0","0","0","0","0","1","0","0","","0","0","0","17","1","0","00","1","40 05:38.627","4","00","76 24:24.493","0","0","0","0","36214","0","0","0","N","0","0","0","1","36214","0","","2","01","N","N","1","","0","0","1","0","0","N","1747","0","3","0","0","0","0","0","3","1","3","N","","","","","","","","","","","1900","04","  ","","N","N"
"1657","2","0","0","0","0","0","0","0","0","4","0","","36","05","2020","2020043454","6","40.0315","-76.3608","1656","08","0","0","0","0","1","0","0","0","","0","0","0","16","1","2","02","2","40 01:53.274","7","00","76 21:38.852","3","0","0","0","36223","0","0","0","N","0","0","0","5","36223","0","","1","09","N","N","1","","2","0","0","3","3","Y","1654","2","3","0","0","1","0","0","1","0","3","N","","","","","","","","","","","1750","07","  ","","",""
"0610","0","0","0","0","0","0","0","0","0","4","0","","36","06","2020","2020043468","4","40.0443","-76.3069","0607","08","0","0","0","0","0","0","0","0","","0","0","0","06","1","3","01","1","40 02:39.403","6","00","76 18:24.797","3","0","0","0","36301","0","0","0","N","0","0","0","4","36301","0","","1","09","N","N","0","","3","0","2","3","2","Y","0607","3","2","0","0","0","0","0","3","0","2","N","","","","","","","","","","","0645","07","  ","","N","N"
"1350","0","0","0","0","0","0","0","0","0","4","0","","36","05","2020","2020043486","2","40.0296","-76.3231","1347","08","0","0","0","0","0","0","0","0","","0","0","","13","1","0","01","1","40 01:46.727","1","00","76 19:23.150","9","0","0","0","36301","0","0","0","N","0","0","0","2","36301","0","","1","01","N","N","0","","0","0","0","3","2","N","1344","0","2","0","0","0","0","0","3","0","0","N","","","","","","","","","","","1430","03","  ","","",""
"1329","0","0","0","0","0","0","0","0","0","1","0","","36","05","2020","2020043572","5","40.1285","-76.2158","1323","08","0","0","0","0","0","0","0","0","","0","0","","13","1","0","02","1","40 07:42.870","2","02","76 12:56.670","9","0","0","0","36238","0","0","0","N","0","0","0","3","36238","0","","1","01","N","N","0","","0","0","0","0","0","N","1323","0","2","0","0","0","0","0","3","0","0","N","","","","","","","","","","","1422","04","  ","","N","N"
"2202","1","0","0","0","0","0","0","0","0","1","2","","36","05","2020","2020043588","6","40.1451","-76.1907","2157","08","0","0","0","0","0","2","0","0","","0","2","0","21","2","2","00","2","40 08:42.442","2","00","76 11:26.571","3","0","0","0","36238","0","0","0","N","0","0","0","2","36238","0","","2","01","N","N","0","","2","0","0","0","0","Y","2157","2","3","0","0","0","0","0","3","0","3","N","","","","","","","","","","","0051","03","  ","","",""
"1810","0","0","0","0","0","0","0","0","0","4","0","","36","05","2020","2020043606","6","40.1","-76.3541","1801","08","0","0","0","0","0","0","0","0","","0","0","","18","1","0","01","0","40 06:00.025","","00","76 21:14.898","9","0","0","0","36406","0","0","0","N","0","0","0","2","36506","0","","1","09","N","N","0","","0","0","0","3","2","","1800","0","2","0","0","0","0","0","3","0","0","N","","","","","","","","","","","","03","03","","N",""
"1936","1","0","0","0","0","0","0","0","0","7","0","","36","06","2020","2020043607","4","40.1507","-76.2647","1932","08","0","1","0","0","0","0","0","0","","0","0","0","19","1","1","00","1","40 09:02.452","4","00","76 15:53.062","3","0","0","0","36235","0","0","0","N","0","0","0","1","36506","0","","4","09","N","N","0","","1","0","0","0","0","N","1930","1","1","0","0","0","0","0","1","0","1","N","","","","","","","","","","","2039","03","  ","","",""
"1510","1","0","0","1","1","0","0","0","0","4","0","","36","05","2020","2020043653","1","40.0197","-75.9933","1459","08","0","0","1","0","0","0","0","0","","1","0","0","14","1","0","01","2","40 01:10.742","7","00","75 59:35.787","1","0","0","0","36232","1","1","0","N","0","0","0","2","68J01","0","2","1","01","N","N","0","0","0","0","0","3","3","Y","1457","0","2","0","0","0","0","0","1","0","1","N","","","","","","","","","","","1724","03","03","","N","N"
"0118","0","0","0","0","0","0","0","0","0","98","0","","36","05","2020","2020043748","1","40.2033","-76.1189","0101","08","0","0","0","0","0","0","0","0","","0","0","","01","2","0","00","0","40 12:12.040","","00","76 07:08.087","9","0","0","0","36210","0","0","0","N","0","0","0","1","36210","0","","1","01","N","N","0","","0","0","0","0","0","","0101","0","1","0","0","0","0","0","1","0","0","N","","","","","","","","","","","","03","  ","","N","N"
"2128","1","0","0","0","0","0","0","0","0","7","0","","36","06","2020","2020043751","4","40.2357","-76.1007","2126","08","0","0","1","0","0","0","0","0","","0","0","0","21","3","1","00","2","40 14:08.500","6","00","76 06:02.400","8","0","0","0","36210","0","0","0","N","0","0","0","4","36210","0","","4","09","N","N","0","","0","0","0","0","0","Y","2126","1","1","0","0","0","1","0","1","0","1","N","","","","","","","","","","","2229","03","  ","","N","N"
"1451","2","0","0","0","0","0","0","0","0","2","0","","36","05","2020","2020043752","1","40.0609","-76.568","1441","08","0","1","0","0","0","0","0","0","","0","0","0","14","1","1","01","0","40 03:39.357","","00","76 34:04.694","3","0","0","0","36211","0","0","0","N","0","0","0","2","36504","0","","1","01","N","N","0","","1","0","0","0","0","N","1440","1","2","0","0","0","0","0","1","0","2","N","","","","","","","","","","","","03","  ","","",""
"0737","0","0","0","0","0","0","0","0","0","4","0","","36","06","2020","2020043769","6","40.012","-76.2263","0734","08","0","0","0","0","0","1","0","0","","0","1","0","07","1","1","01","2","40 00:43.379","3","00","76 13:34.666","3","0","0","0","36240","0","0","0","N","0","0","0","3","36240","0","","1","01","N","N","0","","1","0","1","3","3","Y","0731","1","2","0","0","0","0","0","1","0","2","N","","","","","","","","","","","0821","03","  ","","N",""
"0224","2","0","0","0","0","0","0","0","0","5","0","","36","06","2020","2020043891","6","40.1522","-76.3072","0222","08","0","0","0","0","1","0","0","0","","0","0","0","02","2","0","00","1","40 09:08.016","1","00","76 18:25.789","0","0","0","0","36409","0","0","0","N","0","0","0","1","36409","0","","6","09","N","N","0","","0","0","0","0","0","N","0219","0","2","0","0","0","0","0","3","0","2","N","","","","","","","","","","","0332","07","  ","","",""
"1327","2","0","0","0","0","0","0","0","0","4","0","","36","06","2020","2020043950","6","40.1251","-76.052","1321","08","0","0","0","0","0","0","0","2","","0","0","0","13","1","1","00","2","40 07:30.400","6","07","76 03:07.100","3","0","0","0","36213","0","0","0","N","0","0","0","3","36213","0","","1","01","N","N","0","","1","0","0","0","0","Y","1318","1","2","0","0","0","0","0","1","0","2","N","","","","","","","","","","","1425","04","04","","N","N"
"1614","0","0","0","0","0","0","0","0","0","1","0","","36","06","2020","2020043989","3","40.2183","-76.1073","1610","08","0","0","0","0","1","0","0","0","","0","0","0","16","1","1","00","0","40 13:06.008","","00","76 06:26.412","8","0","0","0","36210","0","0","0","N","0","0","0","3","36210","0","","1","01","N","N","0","","0","0","2","0","0","","1610","1","2","0","0","1","1","0","1","0","2","N","","","","","","","","","","","","03","  ","","N","N"
"1352","0","0","0","0","0","0","0","0","0","4","0","","36","06","2020","2020043999","3","40.044","-76.3096","1351","08","0","0","0","0","0","0","0","0","","0","0","0","13","1","3","01","0","40 02:38.526","","00","76 18:34.563","4","0","0","0","36301","0","0","0","N","0","0","0","3","36301","3","","1","01","N","N","1","","0","0","1","3","3","","1351","3","2","0","0","0","0","0","3","0","2","N","","","","","","","","","","","","04","  ","","N",""
"1132","2","0","0","0","0","0","0","0","0","5","0","","36","06","2020","2020044022","7","40.0019","-76.2456","1125","08","0","0","0","0","0","0","0","0","","0","0","0","11","1","0","02","0","40 00:06.681","","00","76 14:44.073","9","0","0","0","36240","2","0","0","N","0","0","0","3","36240","0","","4","01","N","N","0","","0","0","0","0","0","","1125","0","2","0","0","0","0","1","1","0","2","N","","","","","","","","","","","","03","  ","","N",""
"1242","1","0","0","0","0","0","0","0","0","1","0","","36","06","2020","2020044052","7","40.228","-76.067","1238","08","0","0","0","0","0","0","0","0","","0","0","0","12","1","0","00","0","40 13:40.666","","00","76 04:01.317","0","0","0","0","36210","0","0","0","N","0","0","0","6","36210","0","","1","01","N","N","1","","0","0","0","0","0","","1238","0","2","0","0","0","0","0","1","0","2","N","","","","","","","","","","","","03","  ","","N","N"
"1341","1","0","0","0","0","0","0","0","0","1","0","","36","06","2020","2020044053","6","40.1638","-76.201","1336","08","0","0","0","0","0","1","0","0","","0","0","0","13","1","1","03","1","40 09:49.807","2","00","76 12:03.535","3","0","0","0","36218","0","0","0","N","0","0","0","3","36408","0","","1","01","N","N","0","","1","0","1","0","0","N","1334","1","3","0","0","0","0","0","1","1","3","N","","","","","","","","","","","1410","03","03","","N",""
"1411","0","0","0","0","0","0","0","0","0","1","0","","36","06","2020","2020044072","6","40.0889","-76.305","1411","08","0","0","0","0","0","0","0","0","","0","0","","14","1","0","00","1","40 05:19.988","1","00","76 18:18.125","9","0","0","0","36101","0","0","0","N","0","0","0","3","36101","0","","1","01","N","N","0","","0","0","0","0","0","N","1408","0","2","0","0","0","0","0","3","0","0","N","","","","","","","","","","","0020","04","04","","",""
"1616","0","0","0","0","0","0","0","0","0","1","0","15","36","06","2020","2020044073","6","40.0687","-76.3304","1602","08","0","0","0","0","0","0","0","0","","0","0","","16","1","0","00","1","40 04:07.425","2","00","76 19:49.600","9","0","0","0","36101","0","0","0","N","0","0","0","3","36101","0","","1","09","N","N","0","","0","0","0","3","2","N","1600","0","2","0","0","0","0","0","3","0","0","Y","4","2","N","N","N","N","Y","N","N","N","0030","07","07","","",""
"0534","2","0","0","0","0","0","0","0","0","4","0","","36","06","2020","2020044134","4","40.0389","-76.2971","0532","08","0","0","0","0","0","0","1","0","","0","0","0","05","1","2","01","1","40 02:20.042","3","00","76 17:49.594","3","0","0","0","36301","0","0","0","N","0","0","0","4","36301","0","","1","09","N","N","0","","2","0","0","3","2","N","0527","2","2","0","0","0","0","0","3","0","2","N","","","","","","","","","","","0633","03","  ","","N",""
"0024","0","0","0","0","0","0","0","0","0","7","0","","36","06","2020","2020044142","7","39.9822","-76.278","0024","08","0","0","0","0","0","0","0","0","","0","0","0","00","3","0","01","2","39 58:55.869","6","00","76 16:40.851","0","0","0","0","36240","0","0","0","N","0","0","0","1","36240","0","","2","01","N","N","0","","0","0","1","3","3","Y","0020","0","1","0","0","0","0","0","1","0","1","N","","","","","","","","","","","0500","03","  ","","N","N"
"1436","0","0","0","0","0","0","0","0","0","4","0","","36","05","2020","2020044159","5","40.0519","-76.4306","1428","08","0","0","0","0","0","0","0","0","","0","0","","14","1","2","01","2","40 03:06.739","7","00","76 25:50.203","9","0","0","0","36239","0","0","0","N","0","0","0","2","36239","0","","1","01","N","N","0","","0","0","0","3","3","Y","1428","0","2","0","0","0","0","0","3","0","0","N","","","","","","","","","","","1516","03","  ","","N",""
"1405","0","0","0","0","0","0","0","0","0","5","0","","36","05","2020","2020044160","1","40.0445","-76.4282","1400","08","0","0","0","0","0","0","0","0","","0","0","","13","1","0","00","1","40 02:40.032","3","00","76 25:41.514","9","0","0","0","36239","0","0","0","N","0","0","0","2","36239","0","","1","01","N","N","0","","0","0","0","0","0","N","1355","0","2","0","0","0","0","0","3","0","0","N","","","","","","","","","","","1537","03","  ","","N","N"
"1550","0","0","0","0","0","0","0","0","0","7","0","","36","06","2020","2020044161","6","40.0267","-76.4547","1546","08","0","0","0","0","0","0","0","0","","0","0","","15","1","0","00","2","40 01:36.240","5","04","76 27:17.040","9","0","0","0","36239","0","0","0","N","0","0","0","1","36239","0","","5","08","N","N","0","","0","0","0","3","3","Y","1546","0","1","0","0","0","0","0","3","0","0","N","","","","","","","","","","","1550","07","04","","",""
"0922","0","0","0","0","0","0","0","0","0","7","0","","36","06","2020","2020044204","1","40.0151","-76.2751","0916","08","0","0","0","0","0","0","0","0","","0","0","0","09","1","1","00","2","40 00:54.306","6","00","76 16:30.438","3","0","0","0","36240","0","0","0","N","0","0","0","1","36240","0","","5","01","N","N","0","","1","0","1","0","0","Y","0910","1","1","0","0","0","0","0","1","0","1","N","","","","","","","","","","","1008","03","  ","","",""
"1219","1","0","0","0","0","0","0","0","0","1","0","","36","06","2020","2020044286","7","40.0775","-76.2959","1217","08","0","0","0","0","0","1","1","0","","0","0","0","12","1","0","00","0","40 04:39.083","","07","76 17:45.072","0","0","0","0","36101","0","0","0","N","0","0","0","2","36101","0","","1","01","N","N","0","","0","0","1","0","0","","1213","0","2","0","0","0","0","0","3","0","2","N","","","","","","","","","","","","03","  ","","N","N"
"0916","0","0","0","0","0","0","0","0","0","1","0","","36","06","2020","2020044373","7","40.0805","-76.3833","0914","08","0","0","0","0","0","2","0","0","","0","0","0","09","1","1","01","1","40 04:49.623","1","00","76 22:59.948","3","0","0","0","36214","0","0","0","N","0","0","0","5","36214","0","","1","01","N","N","0","","1","0","1","3","2","N","0910","1","2","0","0","0","0","0","3","1","2","N","","","","","","","","","","","0950","03","  ","","N",""
"1102","1","0","0","0","0","0","0","0","0","7","0","","36","05","2020","2020044390","4","40.077","-76.5541","1100","08","0","0","0","0","0","0","1","0","","0","0","0","10","1","0","01","2","40 04:37.275","5","00","76 33:14.778","0","0","0","0","36211","0","0","0","N","0","0","0","1","36504","0","","5","09","N","N","0","","0","0","0","0","0","Y","1055","0","1","0","0","0","0","0","1","0","1","N","","","","","","","","","","","1135","07","  ","","N","N"
"0823","2","0","0","0","0","0","0","0","0","4","0","","36","06","2020","2020044408","5","40.0389","-76.5105","0820","08","0","0","0","0","0","0","0","0","","0","0","0","08","1","0","01","1","40 02:20.202","1","02","76 30:37.819","0","0","0","0","36239","0","0","0","N","0","0","0","2","36404","0","","1","01","N","N","0","","0","0","0","3","2","N","0820","0","2","0","0","0","0","0","3","0","2","N","","","","","","","","","","","0845","03","03","","N","N"
"2216","2","0","0","0","0","0","0","0","0","4","0","","36","04","2020","2020044470","3","40.1825","-76.1745","2213","08","0","0","1","0","0","1","0","0","","0","0","0","22","3","1","01","2","40 10:57.079","5","00","76 10:28.081","4","0","0","0","36408","0","0","0","N","0","0","0","2","36408","1","","1","01","N","N","0","","0","0","2","3","3","Y","2213","1","4","0","0","0","0","0","2","0","4","N","","","","","","","","","","","2300","03","  ","","N","N"
"1714","2","0","0","0","0","0","0","0","0","4","0","","36","05","2020","2020044482","7","40.0394","-76.2932","1717","08","0","0","0","0","0","1","0","0","","0","0","0","17","1","1","01","1","40 02:21.963","3","00","76 17:35.707","3","0","0","0","36301","0","0","0","N","0","0","0","2","36301","0","","1","01","N","N","0","","1","0","0","3","3","N","1713","1","2","0","0","0","0","0","3","0","2","N","","","","","","","","","","","1730","03","  ","","N",""
"1310","0","0","0","0","0","0","0","0","0","7","0","","36","06","2020","2020044568","4","40.033","-76.3246","1305","08","0","0","0","0","0","0","0","0","","0","0","","13","1","0","00","0","40 01:58.820","","00","76 19:28.570","9","0","0","0","36220","0","0","0","N","0","0","0","2","36101","0","","4","09","N","N","0","","0","0","0","0","0","","1301","0","5","0","0","0","0","0","3","0","0","N","","","","","","","","","","","","03","  ","","",""
"1810","0","0","0","0","0","0","0","0","0","99","0","","36","05","2020","2020044569","7","40.0378","-76.3637","1809","08","0","0","0","0","0","0","0","0","","0","0","","18","1","2","01","1","40 02:16.155","2","00","76 21:49.258","9","0","0","0","36223","0","0","0","N","0","0","0","2","36223","0","","1","01","N","N","0","","0","0","0","3","3","Y","1808","0","2","0","0","0","0","0","1","0","0","N","","","","","","","","","","","1900","03","03","","",""
"2210","0","0","0","0","0","0","0","0","0","7","0","","36","06","2020","2020044570","5","40.2045","-76.213","2210","08","0","0","0","0","0","0","0","0","","0","0","","22","2","0","00","0","40 12:16.028","","00","76 12:46.741","9","0","0","0","36204","0","0","0","N","0","0","0","1","36506","0","","4","09","N","N","0","","0","0","0","0","0","","2209","0","1","0","0","0","0","0","1","0","0","N","","","","","","","","","","","","07","  ","","",""
"0736","1","0","0","0","0","0","0","0","0","4","0","","36","06","2020","2020044571","2","40.1399","-76.3827","0731","08","0","0","0","0","0","0","1","0","","0","0","0","07","1","1","01","1","40 08:23.771","1","00","76 22:57.704","3","0","0","0","36227","0","0","0","N","0","0","0","3","36506","0","","1","01","N","N","1","","1","0","1","3","2","Y","0730","1","3","0","0","0","0","0","1","0","3","N","","","","","","","","","","","0030","03","03","","N",""
"2120","1","0","0","0","0","0","0","0","0","7","0","","36","06","2020","2020044715","2","40.1275","-75.9991","2116","08","0","0","0","0","0","0","1","0","","0","0","0","21","2","0","00","2","40 07:39.045","6","00","75 59:56.839","0","0","0","0","36213","0","0","0","Y","0","0","0","3","36213","0","","5","01","N","N","0","","0","0","0","0","0","Y","2114","0","1","0","0","0","0","0","1","0","1","N","","","","","","","","","","","2320","03","03","","",""
"1823","1","0","0","0","0","0","0","0","0","1","0","","36","06","2020","2020044747","5","40.0985","-76.0897","1821","08","0","0","0","0","0","1","0","0","","0","0","0","18","1","0","00","0","40 05:54.470","","00","76 05:23.080","0","0","0","0","36415","0","0","0","N","0","0","0","2","36415","0","","1","01","N","N","0","","0","0","1","0","0","","1821","0","2","0","0","1","0","0","1","0","2","N","","","","","","","","","","","","03","03","","N","N"
"2258","0","0","0","0","0","0","0","0","0","7","0","","36","06","2020","2020044748","1","40.1535","-76.0865","2253","08","0","0","0","0","0","0","0","0","","0","0","","22","2","0","00","1","40 09:12.578","3","00","76 05:11.284","9","0","0","0","36209","0","0","0","N","0","0","0","1","36415","0","","4","01","N","N","0","","0","0","0","0","0","Y","2253","0","1","0","0","0","0","0","1","0","0","N","","","","","","","","","","","0100","03","03","","",""
"1700","0","0","0","0","0","0","0","0","0","0","0","","36","06","2020","2020044757","2","40.1716","-76.1589","1657","08","0","0","0","0","0","0","0","0","","0","0","","16","1","1","00","1","40 10:17.723","2","00","76 09:32.139","9","0","0","0","36218","0","0","0","N","0","0","0","3","36408","0","","1","01","N","N","0","","0","0","0","0","0","Y","1656","0","2","0","0","0","0","0","1","0","0","N","","","","","","","","","","","1735","03","03","","",""
"1251","0","0","0","0","0","0","0","0","0","4","0","","36","04","2020","2020044775","5","40.0783","-76.5371","1246","08","0","0","0","0","0","0","0","0","","0","0","","12","1","1","02","2","40 04:42.020","5","00","76 32:13.568","9","0","0","0","36211","0","0","0","N","0","0","0","3","36504","0","","1","01","N","N","0","","0","0","0","3","3","Y","1244","0","2","0","0","0","0","0","1","0","0","N","","","","","","","","","","","1323","03","03","","",""
"0754","0","0","0","0","0","0","0","0","0","4","0","","36","06","2020","2020044792","3","39.9898","-76.2566","0752","08","0","0","0","0","0","0","0","0","","0","0","","07","1","1","02","1","39 59:23.416","7","00","76 15:23.588","9","0","0","0","36240","0","0","0","N","0","0","0","2","36240","0","","1","01","N","N","0","","0","0","0","0","0","N","0751","0","2","0","0","0","0","0","1","0","0","N","","","","","","","","","","","0840","03","03","","",""
"2133","0","0","0","0","0","0","0","0","0","98","0","","36","06","2020","2020044828","3","39.9658","-76.2732","2132","08","0","0","0","0","0","0","0","0","","0","0","","21","3","0","00","0","39 57:56.978","","00","76 16:23.417","9","0","0","0","36228","0","0","0","N","0","0","0","1","36228","0","","1","01","N","N","0","","0","0","0","0","0","","2132","0","1","0","0","0","0","0","1","0","0","N","","","","","","","","","","","","03","  ","","",""
"2013","2","0","0","0","0","0","0","0","0","4","0","","36","06","2020","2020044895","5","40.1289","-76.212","2009","08","0","0","0","0","0","0","0","0","","0","0","0","20","4","1","02","0","40 07:44.007","","00","76 12:43.023","8","0","0","0","36238","0","0","0","N","0","0","0","2","36238","0","","1","09","N","N","0","","0","0","0","0","0","","2009","1","2","0","0","0","1","0","3","0","2","N","","","","","","","","","","","","07","  ","","N",""
"1907","0","0","0","0","0","0","0","0","0","1","0","","36","05","2020","2020044932","1","40.0579","-76.2808","1902","08","0","0","0","0","0","0","0","0","","0","0","","18","1","0","01","2","40 03:28.276","3","00","76 16:50.908","9","0","0","0","36101","0","0","0","N","0","0","0","3","36101","0","","1","01","N","N","0","","0","0","0","3","2","N","1849","0","2","0","0","0","0","0","3","0","0","N","","","","","","","","","","","1945","03","03","","N",""
"1104","3","0","0","0","0","0","0","0","0","4","0","","36","06","2020","2020044933","5","40.0685","-76.3074","1104","08","0","0","0","0","0","0","1","1","","0","0","0","11","1","0","01","1","40 04:06.605","2","00","76 18:27.559","9","0","0","0","36101","0","0","0","N","0","0","0","3","36101","0","","1","01","N","N","0","","0","0","0","3","2","N","1103","0","3","0","0","0","0","1","3","0","3","N","","","","","","","","","","","1100","03","03","","N",""
"1328","0","0","0","0","0","0","0","0","0","4","0","","36","06","2020","2020044934","5","40.063","-76.341","1324","08","0","0","0","0","0","0","0","0","","0","0","","13","1","1","00","0","40 03:46.793","","00","76 20:27.449","9","0","0","0","36101","0","0","0","N","0","0","0","2","36101","0","","7","01","N","N","0","","0","0","0","0","0","","1320","0","2","0","0","0","0","0","3","0","0","N","","","","","","","","","","","","03","  ","","",""
"1926","0","0","0","0","0","0","0","0","0","0","0","","36","06","2020","2020044935","2","40.0595","-76.306","1922","08","0","0","0","0","0","0","0","0","","0","0","0","19","1","1","02","0","40 03:34.219","","00","76 18:21.626","3","0","0","1","36101","0","0","0","N","0","0","0","1","36101","0","","1","01","N","N","0","","1","0","0","3","3","","1919","1","1","0","0","0","0","0","3","0","1","N","","","","","","","","","","","","03","03","","N",""
"0918","0","0","0","0","0","0","0","0","0","4","0","","36","05","2020","2020044936","4","40.0471","-76.2413","0912","08","0","0","0","0","0","0","0","0","","0","0","","09","1","0","02","0","40 02:49.700","","00","76 14:28.800","9","0","0","0","36215","0","0","0","N","0","0","0","2","36215","0","","1","01","N","N","0","","0","0","0","0","0","","0909","0","2","0","0","0","0","0","1","0","0","N","","","","","","","","","","","","03","  ","","N","N"
"0212","1","0","0","0","0","0","0","0","0","7","0","","36","06","2020","2020044937","2","40.0807","-76.2444","0211","08","0","0","0","0","0","0","0","0","","0","0","0","01","2","1","02","2","40 04:50.622","6","00","76 14:40.012","3","0","0","0","36215","0","0","0","N","0","0","0","1","36215","0","","4","01","N","N","0","","1","0","0","0","0","Y","0157","1","1","0","0","0","0","0","1","0","1","N","","","","","","","","","","","0916","03","  ","","N",""
"0521","1","0","0","0","0","0","0","0","0","1","0","","36","06","2020","2020044938","4","40.0248","-76.2048","0521","08","0","0","0","0","0","0","0","0","","0","0","0","05","3","1","01","1","40 01:29.358","3","07","76 12:17.190","3","0","0","0","36215","0","0","0","N","0","0","0","3","36215","0","","1","09","N","N","1","","1","0","0","3","2","N","0521","1","2","0","0","0","0","0","1","0","2","N","","","","","","","","","","","0627","07","  ","","N",""
"1550","1","0","0","0","0","0","0","0","0","7","0","","36","06","2020","2020044939","6","40.0712","-76.2057","1548","08","0","0","0","0","0","0","0","0","","0","0","0","15","1","0","00","0","40 04:16.284","","00","76 12:20.561","0","0","0","0","36234","0","0","0","N","0","0","0","1","36215","0","","4","08","N","N","0","","0","0","0","0","0","","1548","0","1","0","0","0","0","0","1","0","1","N","","","","","","","","","","","","07","  ","","N","N"
"1119","1","0","0","0","0","0","0","0","0","7","0","","36","06","2020","2020044940","7","40.037","-76.2097","1116","08","0","0","0","0","0","0","0","0","","0","0","0","11","1","0","02","2","40 02:13.236","5","00","76 12:34.970","0","0","0","0","36215","0","0","0","N","0","0","0","1","36215","0","","2","01","N","N","0","","0","0","0","3","3","Y","1114","0","2","0","0","0","0","0","1","0","1","N","","","","","","","","","","","1204","03","03","","N",""