"ARRIVAL_TM","AUTOMOBILE_COUNT","BELTED_DEATH_COUNT","BELTED_SUSP_SERIOUS_INJ_COUNT","BICYCLE_COUNT","BICYCLE_DEATH_COUNT","BICYCLE_SUSP_SERIOUS_INJ_COUNT","BUS_COUNT","CHLDPAS_DEATH_COUNT","CHLDPAS_SUSP_SERIOUS_INJ_COUNT","COLLISION_TYPE","COMM_VEH_COUNT","CONS_ZONE_SPD_LIM","COUNTY","CRASH_MONTH","CRASH_YEAR","CRN","DAY_OF_WEEK","DEC_LAT","DEC_LONG","DISPATCH_TM","DISTRICT","DRIVER_COUNT_16YR","DRIVER_COUNT_17YR","DRIVER_COUNT_18YR","DRIVER_COUNT_19YR","DRIVER_COUNT_20YR","DRIVER_COUNT_50_64YR","DRIVER_COUNT_65_74YR","DRIVER_COUNT_75PLUS","EST_HRS_CLOSED","FATAL_COUNT","HEAVY_TRUCK_COUNT","HORSE_BUGGY_COUNT","HOUR_OF_DAY","ILLUMINATION","INJURY_COUNT","INTERSECT_TYPE","LANE_CLOSED","LATITUDE","LN_CLOSE_DIR","LOCATION_TYPE","LONGITUDE","MAX_SEVERITY_LEVEL","MCYCLE_DEATH_COUNT","MCYCLE_SUSP_SERIOUS_INJ_COUNT","MOTORCYCLE_COUNT","MUNICIPALITY","NONMOTR_COUNT","NONMOTR_DEATH_COUNT","NONMOTR_SUSP_SERIOUS_INJ_COUNT","NTFY_HIWY_MAINT","PED_COUNT","PED_DEATH_COUNT","PED_SUSP_SERIOUS_INJ_COUNT","PERSON_COUNT","POLICE_AGCY","POSSIBLE_INJ_COUNT","RDWY_SURF_TYPE_CD","RELATION_TO_ROAD","ROAD_CONDITION","SCH_BUS_IND","SCH_ZONE_IND","SMALL_TRUCK_COUNT","SPEC_JURIS_CD","SUSP_MINOR_INJ_COUNT","SUSP_SERIOUS_INJ_COUNT","SUV_COUNT","TCD_FUNC_CD","TCD_TYPE","TFC_DETOUR_IND","TIME_OF_DAY","TOT_INJ_COUNT","TOTAL_UNITS","UNB_DEATH_COUNT","UNB_SUSP_SERIOUS_INJ_COUNT","UNBELTED_OCC_COUNT","UNK_INJ_DEG_COUNT","UNK_INJ_PER_COUNT","URBAN_RURAL","VAN_COUNT","VEHICLE_COUNT","WORK_ZONE_IND","WORK_ZONE_LOC","WORK_ZONE_TYPE","WORKERS_PRES","WZ_CLOSE_DETOUR","WZ_FLAGGER","WZ_LAW_OFFCR_IND","WZ_LN_CLOSURE","WZ_MOVING","WZ_OTHER","WZ_SHLDER_MDN","ROADWAY_CLEARED","WEATHER1","WEATHER2","WZ_WORKERS_INJ_KILLED","SECONDARY_CRASH","INTERSECTION_RELATED"
"1206","1","0","0","1","0","0","0","0","0","4","0","","36","06","2020","2020044941","7","40.0239","-76.1935","1202","08","0","0","0","0","0","0","0","1","","0","0","0","12","1","1","00","0","40 01:26.111","","07","76 11:36.420","3","0","0","0","36215","1","0","0","N","0","0","0","2","36215","0","","1","01","N","N","0","","1","0","0","0","0","","1202","1","2","0","0","0","0","0","1","0","1","N","","","","","","","","","","","","03","03","","N","N"
"1102","0","0","0","0","0","0","0","0","0","4","0","","36","05","2020","2020044942","4","40.2","-76.421","1059","08","0","0","0","0","0","0","0","0","","0","0","","10","1","0","01","1","40 11:59.848","1","00","76 25:15.755","9","0","0","0","36230","0","0","0","N","0","0","0","2","36410","0","","1","01","N","N","0","","0","0","0","3","3","N","1057","0","2","0","0","0","0","0","1","0","0","N","","","","","","","","","","","1126","03","  ","","N",""
"1205","0","0","0","0","0","0","0","0","0","8","0","","36","05","2020","2020044943","6","40.1638","-76.3951","1201","08","0","0","0","0","0","0","0","0","","0","0","","11","1","1","01","1","40 09:49.597","4","00","76 23:42.519","9","0","0","0","36410","0","0","0","N","0","0","0","2","36410","0","","1","01","N","N","0","","0","0","0","3","2","N","1159","0","2","0","0","0","0","0","2","0","0","N","","","","","","","","","","","0010","04","  ","","",""
"1150","0","0","0","0","0","0","0","0","0","4","0","","36","05","2020","2020044944","7","40.2203","-76.4404","1140","08","0","0","0","0","0","0","0","0","","0","0","","11","1","0","01","0","40 13:12.958","","00","76 26:25.539","9","0","0","0","36230","0","0","0","N","0","0","0","2","36410","0","","1","01","N","N","0","","0","0","0","3","3","","1136","0","2","0","0","0","0","0","1","0","0","N","","","","","","","","","","","","03","  ","","N",""
"2023","0","0","0","0","0","0","0","0","0","4","0","","36","06","2020","2020044945","5","40.1112","-76.4583","2022","08","0","0","0","0","0","0","0","0","","0","0","","20","2","0","00","1","40 06:40.446","3","00","76 27:30.011","9","0","0","0","36230","0","0","0","N","0","0","0","3","36410","0","","1","09","N","N","0","","0","0","0","0","0","N","2021","0","2","0","0","0","0","0","1","0","0","N","","","","","","","","","","","2100","07","07","","",""
"0625","0","0","0","0","0","0","0","0","0","7","0","","36","06","2020","2020044947","1","40.2346","-76.4351","0617","08","0","0","0","0","0","1","0","0","","0","0","0","06","1","1","00","0","40 14:04.413","","00","76 26:06.355","3","0","0","0","36230","0","0","0","N","0","0","0","1","36410","0","","4","01","N","N","0","","1","0","1","9","8","","0615","1","1","0","0","0","0","0","1","0","1","N","","","","","","","","","","","","03","  ","","N","N"
"1408","2","0","0","0","0","0","0","0","0","1","0","","36","06","2020","2020044948","2","40.1527","-76.2571","1405","08","0","0","0","0","0","2","0","0","","0","0","0","14","1","2","02","2","40 09:09.737","5","00","76 15:25.718","3","0","0","0","36235","0","0","0","N","0","0","0","4","36506","1","","1","01","N","N","0","","1","0","0","0","0","N","1401","2","3","0","0","0","0","0","1","1","3","N","","","","","","","","","","","1440","03","  ","","N","N"
"1430","1","0","0","0","0","0","0","0","0","0","0","","36","06","2020","2020044949","2","40.2174","-76.2519","1430","08","0","0","0","0","0","1","0","0","","0","0","0","14","1","0","00","0","40 13:02.695","","00","76 15:06.801","0","0","0","0","36204","0","0","0","N","0","0","0","3","36506","0","","1","01","N","N","0","","0","0","2","0","0","","1430","0","3","0","0","0","0","0","1","0","3","N","","","","","","","","","","","","03","  ","","N","N"
"1730","1","0","0","0","0","0","0","0","0","1","0","","36","06","2020","2020044968","5","40.1771","-76.1817","1726","08","0","0","0","0","0","0","0","0","","0","0","0","17","1","0","00","0","40 10:37.484","","00","76 10:54.163","0","0","0","0","36408","0","0","0","N","0","0","0","1","36408","0","","1","01","N","N","1","","0","0","0","0","0","","1720","0","2","0","0","0","0","0","2","0","2","N","","","","","","","","","","","","03","03","","",""
"1601","0","0","0","0","0","0","0","0","0","1","0","","36","06","2020","2020045059","7","40.2283","-76.4601","1546","08","0","0","0","0","0","0","0","0","","0","0","","15","1","1","00","0","40 13:41.805","","00","76 27:36.308","9","0","0","0","36230","0","0","0","N","0","0","0","5","68T06","0","","1","01","N","N","0","","0","0","0","0","0","","1546","0","2","0","0","0","0","0","1","0","0","N","","","","","","","","","","","","03","  ","","",""
"0815","0","0","0","0","0","0","0","0","0","1","0","","36","06","2020","2020045084","3","40.1719","-75.9784","0759","08","0","0","0","0","0","0","0","0","","0","0","","07","1","0","00","0","40 10:18.881","","00","75 58:42.175","9","0","0","0","36202","0","0","0","N","0","0","0","3","68T06","0","","1","01","N","N","0","","0","0","0","0","0","","0759","0","3","0","0","0","0","0","1","0","0","N","","","","","","","","","","","","03","  ","","",""
"1850","2","0","0","0","0","0","0","0","0","4","0","","36","06","2020","2020045087","3","40.0382","-76.3036","1846","08","0","0","0","0","0","0","0","0","","0","0","0","18","1","1","01","1","40 02:17.489","2","00","76 18:12.922","3","0","0","0","36301","0","0","0","N","0","0","0","3","36301","0","","1","01","N","N","0","","1","0","0","3","2","Y","1844","1","2","0","0","0","0","0","3","0","2","N","","","","","","","","","","","1912","03","03","","N","N"
"2027","2","0","0","0","0","0","0","0","0","4","0","","36","06","2020","2020045114","2","40.038","-76.2929","2025","08","0","0","0","0","0","0","0","0","","0","0","0","20","1","0","01","0","40 02:16.645","","00","76 17:34.447","0","0","0","0","36301","0","0","0","N","0","0","0","1","36301","0","","1","01","N","N","0","","0","0","1","3","3","","2020","0","3","0","0","0","0","0","3","0","3","N","","","","","","","","","","","","03","  ","","N",""
"2333","0","0","0","0","0","0","0","0","0","1","0","","36","05","2020","2020045119","1","40.0384","-76.317","2328","08","0","0","0","0","0","0","0","0","","0","0","","23","3","0","00","2","40 02:18.112","4","00","76 19:01.331","9","0","0","0","36301","0","0","0","N","0","0","0","2","36301","0","","1","01","N","N","0","","0","0","0","0","0","Y","2328","0","4","0","0","0","0","0","3","0","0","N","","","","","","","","","","","0023","03","03","","",""
"0807","1","0","0","0","0","0","0","0","0","7","0","","36","06","2020","2020045122","3","40.1951","-76.1227","0800","08","0","0","0","0","0","1","0","0","","0","0","0","08","1","0","00","0","40 11:42.474","","00","76 07:21.756","0","0","0","0","36210","0","0","0","Y","0","0","0","1","36210","0","","3","01","N","N","0","","0","0","0","0","0","","0800","0","1","0","0","0","0","0","1","0","1","N","","","","","","","","","","","","03","  ","","N","Y"
"0450","0","0","0","0","0","0","0","0","0","98","0","","36","06","2020","2020045124","4","40.2481","-76.0851","0446","08","0","0","0","0","0","0","0","0","","0","0","","04","2","1","00","2","40 14:53.200","6","00","76 05:06.538","9","0","0","0","36210","0","0","0","N","0","0","0","2","36210","0","","1","09","N","N","0","","0","0","0","0","0","Y","0446","0","2","0","0","0","0","0","1","0","0","N","","","","","","","","","","","0604","07","  ","","",""
"1054","0","0","0","0","0","0","0","0","0","4","0","","36","06","2020","2020045127","4","40.051","-76.3534","1051","08","0","0","0","0","0","0","1","0","","0","0","0","10","1","1","01","0","40 03:03.625","","00","76 21:12.345","3","0","0","0","36214","0","0","0","N","0","0","0","4","36214","0","","1","01","N","N","0","","1","0","1","3","2","","1047","1","2","0","0","1","0","0","3","1","2","N","","","","","","","","","","","","03","  ","","N",""
"0913","0","0","0","0","0","0","0","0","0","4","0","","36","06","2020","2020045165","4","40.0369","-76.2985","0912","08","0","0","0","0","0","0","0","0","","0","0","","09","1","0","01","1","40 02:12.821","3","00","76 17:54.459","9","0","0","0","36301","0","0","0","N","0","0","0","2","36301","0","","1","01","N","N","0","","0","0","0","3","3","Y","0911","0","2","0","0","0","0","0","3","0","0","N","","","","","","","","","","","0953","03","03","","",""
"1136","0","0","0","0","0","0","0","0","0","4","0","","36","05","2020","2020045185","7","40.0463","-76.3029","1132","08","0","0","0","0","0","0","0","0","","0","0","","11","1","0","01","0","40 02:46.621","","00","76 18:10.343","9","0","0","0","36301","0","0","0","N","0","0","0","4","36301","0","","1","01","N","N","0","","0","0","0","3","2","","1120","0","3","0","0","0","0","0","3","0","0","N","","","","","","","","","","","","03","  ","","Y",""
"1135","0","0","0","0","0","0","0","0","0","4","0","","36","05","2020","2020045196","4","40.0435","-76.298","1131","08","0","0","0","0","0","0","0","0","","0","0","","11","1","0","01","0","40 02:36.501","","00","76 17:52.632","9","0","0","0","36301","0","0","0","N","0","0","0","2","36301","0","","1","01","N","N","0","","0","0","0","3","2","","1131","0","2","0","0","0","0","0","3","0","0","N","","","","","","","","","","","","03","  ","","N",""
"0952","0","0","0","0","0","0","0","0","0","1","0","","36","06","2020","2020045248","4","40.0637","-76.5843","0948","08","0","0","0","0","0","0","0","0","","0","0","","09","1","0","00","0","40 03:49.357","","07","76 35:03.407","9","0","0","0","36211","0","0","0","N","0","0","0","2","36504","0","","1","01","N","N","0","","0","0","0","0","0","","0946","0","2","0","0","0","0","0","1","0","0","N","","","","","","","","","","","","03","  ","","",""
"1123","2","0","0","0","0","0","0","0","0","4","0","","36","06","2020","2020045283","4","40.1155","-76.2427","1114","08","0","1","0","0","0","0","1","0","","0","0","0","11","1","0","02","0","40 06:55.751","","00","76 14:33.696","0","0","0","0","36101","0","0","0","N","0","0","0","3","36101","0","","1","01","N","N","0","","0","0","0","0","0","","1111","0","2","0","0","1","0","0","3","0","2","N","","","","","","","","","","","","03","  ","","N",""
"1605","0","0","0","0","0","0","0","0","0","7","0","","36","06","2020","2020045284","6","40.2167","-76.2402","1556","08","0","0","0","0","0","0","0","0","","0","0","0","15","1","1","00","2","40 13:00.040","5","00","76 14:24.750","3","0","0","0","36204","0","0","0","N","0","0","0","2","36506","0","","5","09","N","N","1","","1","0","1","0","0","Y","1556","1","2","0","0","0","0","0","1","0","2","N","","","","","","","","","","","0100","04","  ","","N","N"
"1134","0","0","0","0","0","0","0","0","0","4","0","","36","06","2020","2020045285","3","40.1568","-76.3815","1129","08","0","0","0","0","0","0","1","1","","0","0","0","11","1","0","01","0","40 09:24.452","","00","76 22:53.325","0","0","0","0","36227","0","0","0","N","0","0","0","3","36506","0","","1","01","N","N","0","","0","0","2","3","3","","1128","0","2","0","0","0","0","0","1","0","2","N","","","","","","","","","","","","03","  ","","N",""
"1735","0","0","0","0","0","0","0","0","0","0","0","","36","06","2020","2020045286","3","40.1412","-76.3826","1726","08","0","0","0","0","0","0","0","0","","0","0","","17","1","1","00","1","40 08:28.335","2","00","76 22:57.445","9","0","0","0","36227","0","0","0","N","0","0","0","1","36506","0","","1","01","N","N","0","","0","0","0","0","0","Y","1725","0","1","0","0","0","0","0","1","0","0","N","","","","","","","","","","","1800","03","03","","",""
"2202","2","0","0","0","0","0","0","0","0","4","0","","36","06","2020","2020045287","3","40.1885","-76.3253","2156","08","0","0","0","0","0","1","0","0","","0","0","0","21","2","1","01","2","40 11:18.768","7","00","76 19:30.989","4","0","0","0","36235","0","0","0","N","0","0","0","2","36506","1","","1","01","N","N","0","","0","0","0","3","3","Y","2154","1","2","0","0","0","0","0","1","0","2","N","","","","","","","","","","","2242","03","  ","","N",""
"0746","1","0","0","0","0","0","0","0","0","4","0","","36","06","2020","2020045288","4","40.1297","-76.3113","0736","08","0","0","0","0","0","1","0","0","","0","0","0","07","1","0","02","0","40 07:46.855","","00","76 18:40.680","0","0","0","0","36235","0","0","0","N","0","0","0","2","36506","0","","1","01","N","N","1","","0","0","0","3","3","","0735","0","2","0","0","0","0","0","1","0","2","N","","","","","","","","","","","","03","03","","N",""
"0950","0","0","0","0","0","0","0","0","0","6","0","","36","05","2020","2020045325","7","39.9094","-76.1601","0930","08","0","0","0","0","0","0","0","0","","0","0","","09","1","0","00","0","39 54:33.940","","00","76 09:36.350","9","0","0","0","36216","0","0","0","N","0","0","0","2","68J01","0","","1","01","N","N","0","","0","0","0","0","0","","0915","0","2","0","0","0","0","0","1","0","0","N","","","","","","","","","","","","03","03","","",""
"1734","0","0","0","0","0","0","0","0","0","4","0","","36","05","2020","2020045334","2","40.0392","-76.0644","1706","08","0","0","0","0","0","1","0","0","","0","0","0","17","1","1","01","2","40 02:21.008","6","00","76 03:51.801","3","0","0","0","36221","0","0","0","N","0","0","0","3","68J01","0","","1","01","N","N","1","","1","0","1","3","3","Y","1704","1","2","0","0","0","0","0","1","0","2","N","","","","","","","","","","","1810","03","  ","","N",""
"1628","0","0","0","0","0","0","0","0","0","4","0","","36","06","2020","2020045355","3","40.0105","-76.1324","1623","08","0","0","0","0","0","0","0","0","","0","0","0","16","1","1","01","1","40 00:37.874","4","00","76 07:56.531","4","0","0","0","36226","0","0","0","N","0","0","0","2","68J01","1","","1","01","N","N","1","","0","0","1","3","3","N","1615","1","2","0","0","0","0","0","1","0","2","N","","","","","","","","","","","1814","03","  ","","N","N"
"0801","0","0","0","0","0","0","0","0","0","5","0","","36","06","2020","2020045397","3","40.1721","-75.9796","0801","08","0","0","0","0","0","0","0","0","","0","0","","08","1","0","00","1","40 10:19.640","4","00","75 58:46.603","9","0","0","0","36202","0","0","0","N","0","0","0","2","68T06","0","","1","01","N","N","0","","0","0","0","0","0","N","0800","0","2","0","0","0","0","0","1","0","0","N","","","","","","","","","","","0015","03","  ","","",""
"1939","1","0","0","0","0","0","0","0","0","4","0","","36","06","2020","2020045422","4","40.1216","-76.06","1913","08","0","0","0","0","0","0","1","0","","0","0","0","19","1","0","01","0","40 07:17.847","","00","76 03:36.087","0","0","0","0","36213","0","0","0","N","0","0","0","2","36213","0","","1","01","N","N","1","","0","0","0","3","2","","1913","0","2","0","0","0","0","0","1","0","2","N","","","","","","","","","","","","04","  ","","",""
"1446","0","0","0","0","0","0","0","0","0","6","0","","36","05","2020","2020045445","6","40.1875","-76.1595","1446","08","0","0","0","0","0","0","0","0","","0","0","","14","1","0","00","0","40 11:14.900","","00","76 09:34.200","9","0","0","0","36218","0","0","0","N","0","0","0","5","36408","0","","1","09","N","N","0","","0","0","0","0","0","","1446","0","2","0","0","0","0","0","1","0","0","N","","","","","","","","","","","","07","  ","","N","N"
"1536","2","0","0","0","0","0","0","0","0","4","0","","36","05","2020","2020045446","2","40.1929","-76.1858","1533","08","0","0","0","0","0","0","1","0","","0","0","0","15","1","0","02","0","40 11:34.317","","00","76 11:08.880","0","0","0","0","36218","0","0","0","N","0","0","0","2","36408","0","","1","01","N","N","0","","0","0","0","3","3","","1533","0","2","0","0","0","0","0","1","0","2","N","","","","","","","","","","","","03","  ","","N","N"
"1424","0","0","0","0","0","0","0","0","0","0","0","","36","05","2020","2020045455","1","40.0397","-76.4771","1412","08","0","0","0","0","0","0","0","0","","0","0","","14","1","1","00","2","40 02:22.905","3","00","76 28:37.589","9","0","0","0","36239","0","0","0","N","0","0","0","1","36239","0","","1","01","N","N","0","","0","0","0","0","0","N","1409","0","1","0","0","0","0","0","3","0","0","N","","","","","","","","","","","1559","03","  ","","",""
"0828","0","0","0","0","0","0","0","0","0","1","0","","36","06","2020","2020045456","3","40.0699","-76.4596","0826","08","0","0","0","0","0","0","0","0","","0","0","","08","1","0","00","0","40 04:11.539","","00","76 27:34.434","9","0","0","0","36239","0","0","0","N","0","0","0","1","36239","0","","4","01","N","N","0","","0","0","0","3","3","","0826","0","2","0","0","0","0","0","3","0","0","N","","","","","","","","","","","","03","03","","",""
"0652","0","0","0","0","0","0","0","0","0","4","0","","36","06","2020","2020045602","4","40.0824","-76.351","0647","08","0","0","0","0","0","0","0","0","","0","0","","06","1","1","02","1","40 04:56.816","1","00","76 21:03.528","9","0","0","0","36214","0","0","0","N","0","0","0","2","36214","0","","1","01","N","N","0","","0","0","0","3","2","N","0640","0","2","0","0","0","0","0","3","0","0","N","","","","","","","","","","","0740","03","03","","",""
"1339","0","0","0","0","0","0","0","0","0","1","0","","36","06","2020","2020045603","4","40.081","-76.3507","1339","08","0","0","0","0","0","0","0","0","","0","0","","13","1","0","00","1","40 04:51.684","3","03","76 21:02.387","9","0","0","0","36101","0","0","0","N","0","0","0","4","36214","0","","1","01","N","N","0","","0","0","0","0","0","N","1325","0","3","0","0","0","0","0","3","0","0","N","","","","","","","","","","","1452","03","03","","",""
"1144","0","0","0","0","0","0","0","0","0","5","0","","36","06","2020","2020045604","4","40.0308","-76.2343","1142","08","0","0","0","0","0","0","0","0","","0","0","0","11","1","0","05","1","40 01:50.373","4","00","76 14:03.670","0","0","0","0","36215","0","0","0","N","0","0","0","4","36215","0","","1","01","N","N","1","","0","0","1","3","2","N","1140","0","2","0","0","0","0","0","1","0","2","N","","","","","","","","","","","1212","03","03","","N",""
"1809","0","0","0","0","0","0","0","0","0","7","0","","36","05","2020","2020045640","6","40.0383","-76.048","1755","08","0","0","0","0","0","0","0","0","","0","0","","17","1","1","00","1","40 02:17.964","4","00","76 02:52.735","9","0","0","0","36232","0","0","0","N","0","0","0","2","68J01","0","","4","09","N","N","0","","0","0","0","0","0","N","1751","0","1","0","0","0","0","0","1","0","0","N","","","","","","","","","","","1900","07","  ","","",""
"2156","0","0","0","0","0","0","0","0","0","7","0","","36","05","2020","2020045641","6","39.8973","-76.3247","2141","08","0","0","0","0","0","0","0","0","","0","0","","21","2","0","00","2","39 53:50.345","5","00","76 19:28.778","9","0","0","0","36224","0","0","0","N","0","0","0","1","68J01","0","","4","09","N","N","0","","0","0","0","0","0","N","2137","0","1","0","0","0","0","0","1","0","0","N","","","","","","","","","","","1035","05","07","","",""
"1858","0","0","0","0","0","0","0","0","0","4","0","","36","05","2020","2020045643","2","39.9","-76.1807","1850","08","0","0","0","0","0","0","0","0","","0","0","","18","1","1","00","1","39 54:00.141","2","07","76 10:50.613","9","0","0","0","36229","0","0","0","N","0","0","0","2","68J01","0","","1","01","N","N","0","","0","0","0","0","0","Y","1843","0","2","0","0","0","0","0","1","0","0","N","","","","","","","","","","","1944","03","03","","N","N"
"1338","0","0","0","0","0","0","0","0","0","1","0","","36","06","2020","2020045654","4","40.1115","-75.9774","1338","08","0","0","0","0","0","0","0","0","","0","0","","13","1","1","00","2","40 06:41.553","4","00","75 58:38.506","9","0","0","0","36203","0","0","0","N","0","0","0","3","68J01","0","","1","01","N","N","0","","0","0","0","0","0","N","1336","0","2","0","0","0","0","0","1","0","0","N","","","","","","","","","","","1400","03","  ","","",""
"0054","0","0","0","0","0","0","0","0","0","1","0","","36","06","2020","2020045673","4","39.9922","-76.0218","0044","08","0","0","0","0","0","0","0","0","","0","0","","00","3","1","01","1","39 59:31.961","3","00","76 01:18.356","9","0","0","0","36232","0","0","0","N","0","0","0","2","68J01","0","","1","01","N","N","0","","0","0","0","3","2","N","0035","0","2","0","0","0","0","0","1","0","0","N","","","","","","","","","","","0030","03","03","","",""
"0935","0","0","0","0","0","0","0","0","0","2","0","","36","06","2020","2020045674","4","39.8681","-76.2489","0923","08","0","0","0","0","0","0","0","0","","0","0","","09","1","2","00","2","39 52:05.031","7","00","76 14:55.969","9","0","0","0","36208","0","0","0","N","0","0","0","4","68J01","0","","1","01","N","N","0","","0","0","0","0","0","Y","0923","0","2","0","0","0","0","0","1","0","0","N","","","","","","","","","","","0030","03","03","","",""
"1822","2","0","0","0","0","0","0","0","0","4","0","","36","06","2020","2020045711","5","40.0431","-76.3198","1754","08","0","0","0","0","1","0","0","0","","0","0","0","17","1","0","01","0","40 02:35.131","","00","76 19:11.233","0","0","0","0","36301","0","0","0","N","0","0","0","3","36301","0","","1","01","N","N","0","","0","0","0","3","2","","1754","0","2","0","0","0","0","0","3","0","2","N","","","","","","","","","","","","03","03","","",""
"2331","0","0","0","0","0","0","0","0","0","8","0","","36","06","2020","2020045716","6","40.0251","-76.3176","2329","08","0","0","0","0","0","0","0","0","","0","0","0","23","3","1","00","2","40 01:30.392","2","00","76 19:03.503","2","0","0","0","36301","1","0","1","N","1","0","1","2","36301","0","","1","09","N","N","0","","0","1","1","0","0","N","2328","1","2","0","0","0","0","0","3","0","1","N","","","","","","","","","","","0004","07","  ","","N","N"
"1310","0","0","0","0","0","0","0","0","0","1","0","","36","06","2020","2020045740","5","40.0493","-76.3988","1301","08","0","0","0","0","0","0","0","0","","0","0","","13","1","0","00","0","40 02:57.500","","00","76 23:55.760","9","0","0","0","36214","0","0","0","N","0","0","0","2","36214","0","","1","01","N","N","0","","0","0","0","0","0","","1300","0","2","0","0","0","0","0","3","0","0","N","","","","","","","","","","","","03","03","","",""
"0748","0","0","0","0","0","0","0","0","0","1","0","","36","06","2020","2020045741","4","40.0399","-76.3659","0743","08","0","0","0","0","0","0","0","0","","0","0","","07","1","0","02","0","40 02:23.570","","00","76 21:57.088","9","0","0","0","36223","0","0","0","N","0","0","0","2","36223","0","","1","01","N","N","0","","0","0","0","0","0","","0726","0","2","0","0","0","0","0","1","0","0","N","","","","","","","","","","","","03","  ","","",""
"1706","1","0","0","0","0","0","0","0","0","1","0","","36","06","2020","2020045780","5","40.0404","-76.2914","1702","08","0","0","1","0","0","0","0","0","","0","0","0","17","1","2","00","0","40 02:25.400","","00","76 17:29.200","3","0","0","0","36301","0","0","0","N","0","0","0","4","36301","1","","1","01","N","N","0","","1","0","1","0","0","","1702","2","2","0","0","1","0","0","3","0","2","N","","","","","","","","","","","","03","  ","","N","Y"
"1654","0","0","0","0","0","0","0","0","0","8","0","","36","06","2020","2020045861","2","40.0885","-76.3053","1644","08","0","0","0","0","0","0","0","0","","0","0","0","16","1","1","00","1","40 05:18.664","1","00","76 18:18.922","3","0","0","0","36101","1","0","0","N","1","0","0","2","36101","0","","2","01","N","N","0","","1","0","0","0","0","N","1641","1","2","0","0","0","0","0","3","1","1","N","","","","","","","","","","","1710","03","  ","","N","N"
"0827","0","0","0","0","0","0","0","0","0","7","0","","36","06","2020","2020045862","3","40.1922","-76.2529","0827","08","1","0","0","0","0","0","0","0","","0","0","0","08","1","0","00","0","40 11:32.000","","00","76 15:10.400","0","0","0","0","36204","0","0","0","N","0","0","0","1","36506","0","","4","01","N","N","0","","0","0","1","0","0","","0827","0","1","0","0","0","0","0","1","0","1","N","","","","","","","","","","","","03","  ","","N","N"
"1706","1","0","0","0","0","0","0","0","0","4","0","","36","06","2020","2020045863","3","40.1835","-76.2679","1705","08","0","0","0","0","0","1","0","0","","0","0","0","17","1","0","03","1","40 11:00.742","1","00","76 16:04.539","0","0","0","0","36235","0","0","0","N","0","0","0","3","36506","0","","1","01","N","N","0","","0","0","0","3","3","N","1705","0","2","0","0","0","0","0","1","1","2","N","","","","","","","","","","","0020","03","  ","","N",""
"1749","0","0","0","0","0","0","0","0","0","1","1","","36","06","2020","2020045864","4","40.1062","-76.353","1738","08","0","0","0","0","0","0","0","1","","0","0","0","17","1","0","00","2","40 06:22.268","6","00","76 21:10.754","0","0","0","0","36406","0","0","0","N","0","0","0","2","36506","0","","1","01","N","N","1","","0","0","0","0","0","Y","1734","0","2","0","0","1","0","0","3","1","2","N","","","","","","","","","","","1849","03","03","","N","N"
"1529","0","0","0","0","0","0","0","0","0","7","0","","36","06","2020","2020045865","5","40.1732","-76.3772","1529","08","0","0","0","0","0","0","0","0","","0","0","0","15","1","0","01","0","40 10:23.492","","00","76 22:37.961","0","0","0","0","36227","0","0","0","N","0","0","0","1","36506","0","","2","01","N","N","0","","0","0","1","0","0","","1525","0","1","0","0","0","0","0","1","0","1","N","","","","","","","","","","","","03","03","","N",""
"1546","0","0","0","0","0","0","0","0","0","7","0","","36","06","2020","2020045866","5","40.1499","-76.3554","1542","08","0","0","0","0","0","1","0","0","","0","0","0","15","1","1","00","2","40 08:59.700","7","00","76 21:19.300","3","0","0","0","36227","0","0","0","N","0","0","0","1","36506","0","","4","01","N","N","0","","1","0","1","0","0","Y","1541","1","1","0","0","1","0","0","1","0","1","N","","","","","","","","","","","1627","03","03","","N","N"
"2351","1","0","0","0","0","0","0","0","0","4","0","","36","06","2020","2020045888","6","40.0626","-76.542","2345","08","0","0","0","0","0","1","0","0","","0","0","0","23","3","0","01","0","40 03:45.412","","00","76 32:31.057","0","0","0","0","36211","0","0","0","N","0","0","0","2","36504","0","","1","01","N","N","1","","0","0","0","3","2","","2348","0","2","0","0","1","0","0","1","0","2","N","","","","","","","","","","","","03","03","","",""
"1658","0","0","0","0","0","0","0","0","0","4","0","","36","06","2020","2020045981","6","39.8948","-76.2288","1655","08","0","0","0","0","0","0","0","0","","0","0","","15","1","0","02","1","39 53:41.103","3","00","76 13:43.723","9","0","0","0","36229","0","0","0","N","0","0","0","2","68J01","0","","1","09","N","N","0","","0","0","0","3","3","N","1553","0","2","0","0","0","0","0","1","0","0","N","","","","","","","","","","","1658","07","  ","","",""
"0803","0","0","0","0","0","0","0","0","0","1","0","","36","06","2020","2020045993","3","40.1785","-75.9884","0747","08","0","0","0","0","0","0","0","0","","0","0","","07","1","0","00","1","40 10:42.486","4","00","75 59:18.251","9","0","0","0","36202","0","0","0","N","0","0","0","2","68T06","0","","1","01","N","N","0","","0","0","0","0","0","N","0745","0","2","0","0","0","0","0","1","0","0","N","","","","","","","","","","","0930","03","  ","","",""
"1946","2","0","0","0","0","0","0","0","0","5","0","","36","06","2020","2020046020","6","40.1832","-76.1918","1943","08","0","0","1","0","0","1","0","0","","0","0","0","19","1","0","01","1","40 10:59.536","1","00","76 11:30.551","0","0","0","0","36408","0","0","0","N","0","0","0","4","36408","0","","1","01","N","N","0","","0","0","0","3","2","N","1940","0","2","0","0","0","0","0","2","0","2","N","","","","","","","","","","","1950","03","  ","","",""