"ARRIVAL_TM","AUTOMOBILE_COUNT","BELTED_DEATH_COUNT","BELTED_SUSP_SERIOUS_INJ_COUNT","BICYCLE_COUNT","BICYCLE_DEATH_COUNT","BICYCLE_SUSP_SERIOUS_INJ_COUNT","BUS_COUNT","CHLDPAS_DEATH_COUNT","CHLDPAS_SUSP_SERIOUS_INJ_COUNT","COLLISION_TYPE","COMM_VEH_COUNT","CONS_ZONE_SPD_LIM","COUNTY","CRASH_MONTH","CRASH_YEAR","CRN","DAY_OF_WEEK","DEC_LAT","DEC_LONG","DISPATCH_TM","DISTRICT","DRIVER_COUNT_16YR","DRIVER_COUNT_17YR","DRIVER_COUNT_18YR","DRIVER_COUNT_19YR","DRIVER_COUNT_20YR","DRIVER_COUNT_50_64YR","DRIVER_COUNT_65_74YR","DRIVER_COUNT_75PLUS","EST_HRS_CLOSED","FATAL_COUNT","HEAVY_TRUCK_COUNT","HORSE_BUGGY_COUNT","HOUR_OF_DAY","ILLUMINATION","INJURY_COUNT","INTERSECT_TYPE","LANE_CLOSED","LATITUDE","LN_CLOSE_DIR","LOCATION_TYPE","LONGITUDE","MAX_SEVERITY_LEVEL","MCYCLE_DEATH_COUNT","MCYCLE_SUSP_SERIOUS_INJ_COUNT","MOTORCYCLE_COUNT","MUNICIPALITY","NONMOTR_COUNT","NONMOTR_DEATH_COUNT","NONMOTR_SUSP_SERIOUS_INJ_COUNT","NTFY_HIWY_MAINT","PED_COUNT","PED_DEATH_COUNT","PED_SUSP_SERIOUS_INJ_COUNT","PERSON_COUNT","POLICE_AGCY","POSSIBLE_INJ_COUNT","RDWY_SURF_TYPE_CD","RELATION_TO_ROAD","ROAD_CONDITION","SCH_BUS_IND","SCH_ZONE_IND","SMALL_TRUCK_COUNT","SPEC_JURIS_CD","SUSP_MINOR_INJ_COUNT","SUSP_SERIOUS_INJ_COUNT","SUV_COUNT","TCD_FUNC_CD","TCD_TYPE","TFC_DETOUR_IND","TIME_OF_DAY","TOT_INJ_COUNT","TOTAL_UNITS","UNB_DEATH_COUNT","UNB_SUSP_SERIOUS_INJ_COUNT","UNBELTED_OCC_COUNT","UNK_INJ_DEG_COUNT","UNK_INJ_PER_COUNT","URBAN_RURAL","VAN_COUNT","VEHICLE_COUNT","WORK_ZONE_IND","WORK_ZONE_LOC","WORK_ZONE_TYPE","WORKERS_PRES","WZ_CLOSE_DETOUR","WZ_FLAGGER","WZ_LAW_OFFCR_IND","WZ_LN_CLOSURE","WZ_MOVING","WZ_OTHER","WZ_SHLDER_MDN","ROADWAY_CLEARED","WEATHER1","WEATHER2","WZ_WORKERS_INJ_KILLED","SECONDARY_CRASH","INTERSECTION_RELATED"
"1552","0","0","0","0","0","0","0","0","0","7","0","","36","05","2020","2020046043","1","40.0447","-76.331","1546","08","0","0","0","0","0","0","0","0","","0","0","","15","1","0","00","0","40 02:40.752","","00","76 19:51.459","9","0","0","0","36220","0","0","0","N","0","0","0","1","36101","0","","4","01","N","N","0","","0","0","0","0","0","","1544","0","1","0","0","0","0","0","3","0","0","N","","","","","","","","","","","","03","03","","N","N"
"0745","1","0","0","0","0","0","0","0","0","7","0","","36","06","2020","2020046061","6","40.0072","-76.2676","0740","08","0","0","0","0","0","0","0","0","","0","0","0","07","1","1","00","2","40 00:26.001","5","00","76 16:03.283","8","0","0","0","36240","0","0","0","Y","0","0","0","2","36240","0","","4","01","N","N","0","","0","0","0","0","0","Y","0738","1","1","0","0","2","1","0","1","0","1","N","","","","","","","","","","","0849","03","03","","",""
"1147","2","0","0","0","0","0","0","0","0","1","0","","36","06","2020","2020046093","7","39.99","-76.2551","1143","08","1","0","0","0","0","0","0","0","","0","0","0","11","1","0","00","0","39 59:23.887","","00","76 15:18.456","0","0","0","0","36240","0","0","0","N","0","0","0","4","36240","0","","1","01","N","N","0","","0","0","0","0","0","","1143","0","2","0","0","0","0","0","1","0","2","N","","","","","","","","","","","","03","  ","","",""
"1200","0","0","0","0","0","0","0","0","0","7","0","","36","06","2020","2020046163","2","40.1274","-76.3437","1156","08","0","0","0","0","0","0","1","0","","0","0","0","11","1","1","00","2","40 07:38.799","5","00","76 20:37.186","3","0","0","0","36227","0","0","0","N","0","0","0","1","36101","0","","4","01","N","N","0","","1","0","0","0","0","Y","1153","1","1","0","0","1","0","0","1","1","1","N","","","","","","","","","","","1325","03","03","","N","N"
"1006","1","0","0","0","0","0","0","0","0","7","0","","36","06","2020","2020046164","6","40.076","-76.2949","0930","08","1","0","0","0","0","0","0","0","","0","0","0","09","1","0","00","0","40 04:33.670","","07","76 17:41.690","0","0","0","0","36101","0","0","0","N","0","0","0","2","36101","0","","4","01","N","N","0","","0","0","0","0","0","","0928","0","2","0","0","0","0","0","3","0","1","N","","","","","","","","","","","","03","03","","N","Y"
"2120","1","0","0","0","0","0","0","0","0","0","0","","36","06","2020","2020046250","6","40.0996","-76.5678","2115","08","0","0","0","0","0","0","0","0","","0","0","0","21","2","0","00","0","40 05:58.538","","00","76 34:04.180","0","0","0","0","36211","0","0","0","N","0","0","0","1","36504","0","","5","01","N","N","0","","0","0","0","0","0","N","2113","0","1","0","0","0","0","0","1","0","1","N","","","","","","","","","","","","03","03","","N","N"
"1746","2","0","0","0","0","0","0","0","0","4","0","","36","06","2020","2020046259","3","40.1139","-76.3863","1738","08","0","0","0","0","0","0","1","0","","0","0","0","17","1","1","02","2","40 06:50.151","6","00","76 23:10.518","4","0","0","0","36214","0","0","0","N","0","0","0","4","36214","1","","1","01","N","N","0","","0","0","0","3","3","Y","1738","1","2","0","0","0","0","0","3","0","2","N","","","","","","","","","","","1837","03","  ","","N",""
"1519","0","0","0","0","0","0","0","0","0","4","0","","36","05","2020","2020046269","3","40.2264","-76.1804","1514","08","0","0","0","0","0","0","0","0","","0","0","","15","1","2","01","1","40 13:34.893","5","00","76 10:49.273","9","0","0","0","36236","0","0","0","N","0","0","0","2","36408","0","","1","01","N","N","0","","0","0","0","0","0","Y","1514","0","2","0","0","0","0","0","1","0","0","N","","","","","","","","","","","1600","03","  ","","N","N"
"0655","2","0","0","0","0","0","0","0","0","4","0","","36","06","2020","2020046282","4","40.2264","-76.1804","0646","08","0","0","0","0","1","0","0","0","","0","0","0","06","1","0","01","1","40 13:34.893","5","00","76 10:49.273","0","0","0","0","36236","0","0","0","N","0","0","0","3","36408","0","","1","09","N","N","0","","0","0","0","3","3","N","0643","0","2","0","0","0","0","0","1","0","2","N","","","","","","","","","","","0740","03","  ","","N","N"
"1327","0","0","0","0","0","0","0","0","0","1","0","","36","06","2020","2020046304","6","40.1645","-76.1557","1313","08","0","0","0","0","0","1","0","0","","0","0","0","13","1","0","00","0","40 09:52.179","","00","76 09:20.348","0","0","0","0","36218","0","0","0","N","0","0","0","3","36408","0","","1","01","N","N","1","","0","0","1","0","0","","1311","0","2","0","0","0","0","0","1","0","2","N","","","","","","","","","","","","03","  ","","",""
"1028","1","0","0","0","0","0","0","0","0","4","0","","36","06","2020","2020046336","3","40.1694","-76.1985","1024","08","0","0","0","0","0","0","0","0","","0","0","0","10","1","1","00","1","40 10:09.744","3","07","76 11:54.608","3","0","0","0","36408","0","0","0","N","0","0","0","3","36408","0","","1","01","N","N","0","","1","0","0","0","0","N","1024","1","2","0","0","0","0","0","2","1","2","N","","","","","","","","","","","1100","03","  ","","N","N"
"1329","1","0","0","0","0","0","0","0","0","4","0","","36","06","2020","2020046340","3","40.1686","-76.2362","1326","08","0","0","0","0","0","0","0","0","","0","0","0","13","1","2","01","2","40 10:06.990","7","00","76 14:10.429","3","0","0","0","36218","0","0","0","N","0","0","0","8","36408","0","","1","01","N","N","0","","1","0","0","3","3","Y","1326","2","2","0","0","0","1","0","1","1","2","N","","","","","","","","","","","1430","03","  ","","N","N"
"1245","2","0","0","0","0","0","0","0","0","4","0","","36","06","2020","2020046348","1","40.0497","-76.2924","1238","08","0","0","0","0","0","1","0","0","","0","0","0","12","1","0","01","0","40 02:58.972","","00","76 17:32.578","0","0","0","0","36301","0","0","0","N","0","0","0","2","36301","0","","1","01","N","N","0","","0","0","0","3","3","","1237","0","2","0","0","0","0","0","3","0","2","N","","","","","","","","","","","","03","03","","N",""
"2154","0","0","0","0","0","0","0","0","0","7","0","","36","06","2020","2020046422","7","40.169","-76.1741","2152","08","0","0","0","0","0","0","0","0","","0","0","0","21","3","1","00","1","40 10:08.400","3","00","76 10:26.800","4","0","0","1","36408","0","0","0","N","0","0","0","1","36408","1","","2","01","N","N","0","","0","0","0","0","0","N","2150","1","1","0","0","0","0","0","2","0","1","N","","","","","","","","","","","2225","03","  ","","N","N"
"1946","1","0","0","0","0","0","0","0","0","1","0","","36","06","2020","2020046439","1","40.1873","-76.1844","1941","08","0","0","0","0","0","0","1","0","","0","0","0","16","1","0","01","0","40 11:14.631","","00","76 11:03.908","0","0","0","0","36408","0","0","0","N","0","0","0","3","36408","0","","1","01","N","N","1","","0","0","0","3","2","","1641","0","2","0","0","0","0","0","2","0","2","N","","","","","","","","","","","","03","  ","","N",""
"2158","2","0","0","0","0","0","0","0","0","4","0","","36","06","2020","2020046444","6","40.0456","-76.2924","2151","08","0","0","0","0","2","0","0","0","","0","0","0","21","3","1","01","1","40 02:44.163","1","00","76 17:32.546","3","0","0","0","36301","0","0","0","N","0","0","0","4","36301","0","","1","01","N","N","0","","1","0","1","3","3","Y","2146","1","4","0","0","0","0","0","3","1","4","N","","","","","","","","","","","2318","03","03","","N","N"
"0141","1","0","0","0","0","0","0","0","0","5","0","","36","06","2020","2020046449","7","40.0283","-76.2922","0140","08","0","0","0","0","0","0","0","0","","0","0","0","00","3","0","00","0","40 01:42.024","","00","76 17:32.079","0","0","0","0","36301","0","0","0","N","0","0","0","1","36301","0","","4","01","N","N","0","","0","0","0","0","0","","0051","0","2","0","0","0","0","0","3","1","2","N","","","","","","","","","","","","03","03","","N","Y"
"2301","2","0","0","0","0","0","0","0","0","4","0","","36","06","2020","2020046451","1","40.0491","-76.3057","2258","08","0","0","0","0","0","1","0","0","","0","0","0","22","3","1","01","2","40 02:56.518","2","00","76 18:20.618","3","0","0","1","36301","0","0","0","N","0","0","0","3","36301","0","","1","01","N","N","0","","1","0","0","3","3","Y","2255","1","3","0","0","0","0","0","3","0","3","N","","","","","","","","","","","2345","03","03","","N",""
"1923","1","0","0","0","0","0","0","0","0","1","0","","36","06","2020","2020046459","1","40.052","-76.3102","1916","08","0","0","0","0","0","0","0","0","","0","0","0","19","1","1","00","1","40 03:07.058","4","00","76 18:36.898","3","0","0","1","36301","0","0","0","N","0","0","0","3","36301","0","","1","01","N","N","0","","1","0","0","0","0","N","1912","1","2","0","0","0","0","0","3","0","2","N","","","","","","","","","","","1945","03","03","","",""
"0900","0","0","0","0","0","0","0","0","0","7","0","","36","05","2020","2020046468","5","40.2529","-76.0857","0852","08","0","0","0","0","0","0","0","0","","0","0","","08","1","0","00","1","40 15:10.378","4","00","76 05:08.609","9","0","0","0","36210","0","0","0","Y","0","0","0","1","36210","0","","2","01","N","N","0","","0","0","0","0","0","N","0852","0","1","0","0","0","0","0","1","0","0","N","","","","","","","","","","","1000","04","  ","","N","N"
"0714","1","0","0","0","0","0","0","0","0","1","1","","36","06","2020","2020046469","2","40.2159","-76.0902","0710","08","0","0","0","0","0","1","1","0","","0","1","0","07","1","1","01","1","40 12:57.429","1","02","76 05:24.644","3","0","0","0","36210","0","0","0","N","0","0","0","2","36210","0","","1","01","N","N","0","","1","0","0","3","2","N","0705","1","2","0","0","0","0","0","1","0","2","N","","","","","","","","","","","0735","03","  ","","",""
"0543","0","0","0","0","0","0","0","0","0","7","0","","36","06","2020","2020046473","7","40.0446","-76.2757","0538","08","0","0","0","0","0","0","0","0","","0","0","0","05","1","0","00","2","40 02:40.390","6","00","76 16:32.680","0","0","0","0","36220","0","0","0","N","0","0","0","1","36101","0","","2","01","N","N","0","","0","0","1","0","0","Y","0535","0","1","0","0","0","0","0","3","0","1","N","","","","","","","","","","","0630","03","  ","","",""
"0143","0","0","0","0","0","0","0","0","0","7","0","","36","05","2020","2020046478","1","40.2418","-76.0828","0137","08","0","0","0","0","0","0","0","0","","0","0","","01","2","0","00","2","40 14:30.603","3","00","76 04:58.174","9","0","0","0","36210","0","0","0","N","0","0","0","1","36210","0","","2","01","N","N","0","","0","0","0","0","0","N","0137","0","1","0","0","0","0","0","1","0","0","N","","","","","","","","","","","0246","03","  ","","N","N"
"0649","1","0","0","0","0","0","0","0","0","1","0","","36","06","2020","2020046520","2","40.0546","-76.2693","0643","08","0","0","0","0","0","0","0","0","","0","0","0","06","1","1","03","0","40 03:16.501","","02","76 16:09.408","8","0","0","0","36301","0","0","0","N","0","0","0","2","36301","0","","1","01","N","N","1","","0","0","0","3","4","","0639","1","2","0","0","0","1","0","3","0","2","N","","","","","","","","","","","","03","03","","N",""
"1624","2","0","0","0","0","0","0","0","0","4","0","","36","06","2020","2020046587","1","40.0493","-76.3258","1619","08","0","0","0","0","0","1","0","1","","0","0","0","16","1","1","01","0","40 02:57.591","","00","76 19:32.898","3","0","0","0","36301","0","0","0","N","0","0","0","3","36301","0","","1","01","N","N","0","","1","0","0","3","3","","1619","1","2","0","0","0","0","0","3","0","2","N","","","","","","","","","","","","03","03","","",""
"1012","0","0","0","0","0","0","0","0","0","1","1","","36","05","2020","2020046589","2","40.1236","-76.0129","1008","08","0","0","0","0","0","0","0","0","","0","1","0","10","1","0","00","0","40 07:25.036","","00","76 00:46.312","0","0","0","0","36213","0","0","0","N","0","0","0","2","36213","0","","1","01","N","N","0","","0","0","1","0","0","","1005","0","2","0","0","0","0","0","1","0","2","N","","","","","","","","","","","","03","03","","",""
"2011","0","0","0","0","0","0","0","0","0","7","0","","36","06","2020","2020046613","4","40.0561","-76.3299","1945","08","0","0","0","0","0","0","0","0","","0","0","0","19","1","0","00","0","40 03:21.851","","00","76 19:47.551","0","0","0","0","36101","0","0","0","N","0","0","0","1","36101","0","","5","01","N","N","0","","0","0","1","0","0","","1942","0","1","0","0","0","0","0","3","0","1","N","","","","","","","","","","","","03","  ","","N","N"
"1633","1","0","0","0","0","0","0","0","0","1","1","","36","06","2020","2020046614","4","40.0181","-76.1706","1628","08","0","0","0","0","0","0","1","0","","0","0","0","16","1","1","00","1","40 01:05.059","3","00","76 10:14.182","3","0","0","0","36215","0","0","0","N","0","0","0","2","36215","0","","1","01","N","N","0","","1","0","0","0","0","Y","1619","1","2","0","0","0","0","0","1","1","2","N","","","","","","","","","","","1722","03","03","","N","N"
"1419","1","0","0","0","0","0","0","0","0","6","0","","36","06","2020","2020046615","4","40.068","-76.1667","1415","08","0","0","0","0","0","1","0","0","","0","0","0","14","1","1","00","1","40 04:04.795","4","00","76 09:59.954","3","0","0","0","36234","0","0","0","N","0","0","0","3","36215","0","","1","01","N","N","0","","1","0","1","0","0","N","1414","1","2","0","0","0","0","0","1","0","2","N","","","","","","","","","","","1514","03","  ","","",""
"1959","0","0","0","0","0","0","0","0","0","4","0","","36","06","2020","2020046616","7","40.0776","-76.2587","1953","08","0","0","0","0","0","1","0","0","","0","0","0","19","4","2","02","1","40 04:39.294","6","00","76 15:31.416","3","0","0","0","36215","0","0","0","N","0","0","0","5","36215","0","","1","01","N","N","2","","2","0","0","0","0","N","1952","2","2","0","0","1","0","0","1","0","2","N","","","","","","","","","","","1952","03","03","","N",""
"1823","0","0","0","0","0","0","0","0","0","4","0","","36","06","2020","2020046617","7","40.1157","-76.5938","1820","08","0","0","0","0","0","1","0","0","","0","0","0","18","1","2","01","2","40 06:56.595","7","00","76 35:37.705","3","0","0","0","36237","0","0","0","N","0","0","0","5","36505","0","","1","01","N","N","0","","2","0","1","3","3","Y","1818","2","2","0","0","0","0","0","1","1","2","N","","","","","","","","","","","1925","03","03","","N",""
"1601","1","0","0","0","0","0","0","0","0","2","0","","36","06","2020","2020046618","6","40.1521","-76.2873","1548","08","0","0","0","1","0","0","0","0","","0","0","0","15","1","1","00","1","40 09:07.394","3","00","76 17:14.256","3","0","0","0","36235","0","0","0","N","0","0","0","2","36506","0","","1","01","N","N","1","","1","0","0","0","0","Y","1545","1","2","0","0","0","0","0","1","0","2","N","","","","","","","","","","","1630","03","03","","",""
"1835","1","0","0","0","0","0","0","0","0","1","0","","36","06","2020","2020046619","1","40.1533","-76.3688","1819","08","0","0","0","0","0","0","0","0","","0","0","0","18","1","1","02","1","40 09:11.989","3","00","76 22:07.535","8","0","0","0","36227","0","0","0","N","0","0","0","4","36506","0","","1","01","N","N","1","","0","0","0","0","0","N","1819","1","2","0","0","4","1","0","1","0","2","N","","","","","","","","","","","1925","03","03","","N",""
"1941","0","0","0","0","0","0","0","0","0","0","0","","36","06","2020","2020046762","7","40.1753","-76.1708","1938","08","0","0","0","0","0","0","0","0","","0","0","0","19","1","1","01","2","40 10:31.029","5","00","76 10:15.038","2","0","0","0","36408","0","0","0","N","0","0","0","1","36408","0","","1","01","N","N","0","","0","1","0","0","0","Y","1937","1","1","0","0","0","0","0","2","0","1","N","","","","","","","","","","","2050","03","03","","",""
"2202","0","0","0","0","0","0","0","0","0","7","0","","36","05","2020","2020046763","5","40.1402","-76.6793","2148","08","0","0","0","0","0","0","0","0","","0","0","","21","2","0","00","1","40 08:24.792","4","00","76 40:45.355","9","0","0","0","36207","0","0","0","N","0","0","0","2","36504","0","","4","01","N","N","0","","0","0","0","0","0","N","2144","0","1","0","0","0","0","0","1","0","0","N","","","","","","","","","","","2239","03","  ","","N","N"
"0526","1","0","0","0","0","0","0","0","0","2","0","","36","06","2020","2020046803","1","40.0734","-76.5803","0519","08","0","0","0","0","0","0","0","0","","0","0","0","05","5","0","00","2","40 04:24.212","5","00","76 34:49.166","0","0","0","0","36211","0","0","0","N","0","0","0","1","36504","0","","2","01","N","N","0","","0","0","2","0","0","Y","0516","0","3","0","0","0","0","0","1","0","3","N","","","","","","","","","","","0622","03","  ","","N","Y"
"2110","0","0","0","0","0","0","0","0","0","5","0","","36","06","2020","2020046808","2","40.2082","-76.1189","2108","08","0","0","0","0","0","1","0","0","","0","0","0","21","3","1","00","2","40 12:29.686","6","00","76 07:07.901","2","0","0","0","36210","0","0","0","N","0","0","0","1","36210","0","","4","01","N","N","0","","0","1","2","0","0","Y","2108","1","2","0","1","1","0","0","1","0","2","N","","","","","","","","","","","2222","03","  ","","N","N"
"0904","1","0","0","0","0","0","0","0","0","5","0","","36","06","2020","2020046813","2","40.0282","-76.3581","0900","08","0","0","0","0","0","0","1","0","","0","0","0","09","1","0","00","0","40 01:41.400","","00","76 21:29.150","0","0","0","0","36223","0","0","0","N","0","0","0","1","36223","0","","6","01","N","N","0","","0","0","1","0","0","","0900","0","2","0","0","0","0","0","1","0","2","N","","","","","","","","","","","","04","  ","","N","N"
"0752","0","0","0","0","0","0","0","0","0","1","2","","36","06","2020","2020046922","4","40.0293","-76.4934","0739","08","0","0","0","0","0","0","0","0","","0","2","0","07","1","0","00","2","40 01:45.604","3","00","76 29:36.084","9","0","0","0","36404","0","0","0","N","0","0","0","1","36404","0","","1","01","N","N","0","","0","0","1","0","0","Y","0728","0","3","0","0","0","0","1","3","0","3","N","","","","","","","","","","","0900","03","03","","Y","N"
"1414","1","0","0","0","0","0","0","0","0","7","0","","36","06","2020","2020046935","3","40.1419","-76.1801","1400","08","0","0","0","1","0","0","0","0","","0","0","0","14","1","0","02","0","40 08:30.995","","00","76 10:48.460","0","0","0","0","36238","0","0","0","N","0","0","0","2","36238","0","","1","01","N","N","0","","0","0","0","3","3","","1400","0","1","0","0","0","0","0","3","0","1","N","","","","","","","","","","","","03","  ","","",""
"2148","1","0","0","0","0","0","0","0","0","7","0","","36","05","2020","2020046941","1","40.131","-76.2171","2143","08","0","0","0","0","0","0","0","0","","0","0","0","21","3","0","01","0","40 07:51.556","","00","76 13:01.609","0","0","0","0","36238","0","0","0","N","0","0","0","1","36238","0","","2","01","N","N","0","","0","0","0","3","4","","2143","0","1","0","0","0","0","0","3","0","1","N","","","","","","","","","","","","03","  ","","N","N"
"1140","1","0","1","0","0","0","0","0","0","4","0","","36","06","2020","2020046955","5","40.1586","-76.2041","1138","08","0","0","0","0","0","0","2","0","","0","0","0","11","1","2","01","2","40 09:31.136","1","00","76 12:14.809","2","0","0","0","36402","0","0","0","N","0","0","0","2","36402","0","","1","01","N","N","0","","1","1","1","0","0","N","1138","2","2","0","0","0","0","0","2","0","2","N","","","","","","","","","","","1212","03","  ","","N",""
"1121","2","0","0","0","0","0","0","0","0","4","0","","36","06","2020","2020047020","3","40.0339","-76.5048","1120","08","0","0","0","0","0","0","0","1","","0","0","0","11","1","1","01","1","40 02:01.889","5","00","76 30:17.169","4","0","0","0","36404","0","0","0","N","0","0","0","4","36404","1","","1","01","N","N","0","","0","0","0","3","2","Y","1118","1","2","0","0","0","0","0","3","0","2","N","","","","","","","","","","","1155","03","  ","","",""
"0255","1","0","0","0","0","0","0","0","0","7","0","","36","06","2020","2020047035","1","39.9796","-76.1998","0239","08","0","0","0","0","0","0","0","0","","0","0","0","02","6","0","00","0","39 58:46.504","","00","76 11:59.405","0","0","0","0","36417","0","0","0","N","0","0","0","1","36417","0","","4","01","N","N","0","","0","0","0","0","0","","0239","0","1","0","0","1","0","0","1","0","1","N","","","","","","","","","","","","03","  ","","N","N"
"1525","1","0","0","0","0","0","0","0","0","2","0","","36","06","2020","2020047074","2","40.0777","-76.2958","1525","08","0","0","0","0","0","1","0","0","","0","0","0","15","1","0","00","1","40 04:39.546","1","00","76 17:44.816","0","0","0","0","36101","0","0","0","N","0","0","0","2","36101","0","","1","01","N","N","0","","0","0","1","3","3","N","1520","0","2","0","0","0","0","0","3","0","2","N","","","","","","","","","","","0030","03","  ","","",""
"0703","0","0","0","0","0","0","0","0","0","0","0","","36","06","2020","2020047075","3","40.0784","-76.2817","0701","08","0","0","0","0","0","0","0","0","","0","0","0","06","1","1","00","1","40 04:42.285","2","00","76 16:54.177","3","0","0","1","36101","0","0","0","N","0","0","0","1","36101","0","","1","01","N","N","0","","1","0","0","0","0","N","0650","1","1","0","0","0","0","0","3","0","1","N","","","","","","","","","","","0708","03","  ","","",""
"2100","0","0","0","0","0","0","0","0","0","7","0","","36","06","2020","2020047076","7","40.0489","-76.413","2056","08","0","0","0","0","0","0","1","0","","0","0","0","20","3","0","02","0","40 02:55.986","","00","76 24:46.735","0","0","0","0","36239","0","0","0","N","0","0","0","1","36239","0","","5","01","N","N","0","","0","0","1","0","0","","2053","0","1","0","0","0","0","0","3","0","1","N","","","","","","","","","","","","03","03","","",""
"1823","1","0","0","0","0","0","0","0","0","7","0","","36","05","2020","2020047077","6","40.1742","-76.4017","1818","08","0","0","0","0","0","0","0","0","","0","0","0","18","1","0","00","0","40 10:27.059","","00","76 24:05.960","0","0","0","0","36230","0","0","0","N","0","0","0","1","36410","0","","4","09","N","N","0","","0","0","0","0","0","","1813","0","1","0","0","0","0","0","1","0","1","N","","","","","","","","","","","","07","  ","","N","N"
"1145","2","0","0","0","0","0","0","0","0","1","0","","36","06","2020","2020047078","3","40.1196","-76.491","1138","08","0","0","0","0","0","1","0","0","","0","0","0","11","1","2","02","1","40 07:10.482","6","00","76 29:27.623","4","0","0","0","36230","0","0","0","N","0","0","0","2","36410","2","","1","01","N","N","0","","0","0","0","0","0","N","1134","2","2","0","0","0","0","0","1","0","2","N","","","","","","","","","","","1230","04","  ","","",""
"2228","1","0","0","0","0","0","0","0","0","5","0","","36","06","2020","2020047079","1","40.161","-76.3921","2225","08","0","0","0","0","0","0","0","0","","0","0","0","22","3","1","02","2","40 09:39.430","5","00","76 23:31.458","3","0","0","0","36410","0","0","0","N","0","0","0","2","36410","0","","1","01","N","N","0","","1","0","1","0","0","Y","2225","1","2","0","0","0","0","0","2","0","2","N","","","","","","","","","","","2300","03","03","","N",""
"0646","1","0","0","0","0","0","0","0","0","4","0","","36","06","2020","2020047080","1","40.1663","-76.3964","0646","08","0","0","0","0","0","2","0","0","","0","0","0","06","1","1","01","9","40 09:58.539","","00","76 23:47.130","3","0","0","0","36410","0","0","0","N","0","0","0","3","36410","0","","1","01","N","N","0","","1","0","1","3","3","","0643","1","2","0","0","0","0","0","2","0","2","N","","","","","","","","","","","","03","03","","N",""
"0142","1","0","0","0","0","0","0","0","0","98","0","","36","06","2020","2020047081","3","40.1156","-76.451","0135","08","0","0","0","0","0","1","0","0","","0","0","0","01","2","0","00","0","40 06:56.100","","00","76 27:03.501","0","0","0","0","36230","0","0","0","N","0","0","0","1","36410","0","","1","01","N","N","0","","0","0","0","0","0","","0100","0","1","0","0","0","0","0","1","0","1","N","","","","","","","","","","","","03","03","","N","N"
"1431","2","0","0","0","0","0","0","0","0","4","0","","36","06","2020","2020047224","5","40.1641","-76.1539","1424","08","0","0","0","0","0","0","0","0","","0","0","0","14","1","0","02","1","40 09:50.746","4","07","76 09:14.014","0","0","0","0","36218","0","0","0","N","0","0","0","2","36408","0","","1","01","N","N","0","","0","0","0","3","2","N","1421","0","2","0","0","0","0","0","1","0","2","Y","","","","","","","","","","","1515","03","03","","N",""
"1716","0","0","0","0","0","0","0","0","0","7","0","","36","06","2020","2020047227","3","40.2631","-76.1571","1707","08","0","0","0","0","0","0","0","0","","0","0","0","17","1","0","00","2","40 15:47.100","5","00","76 09:25.462","0","0","0","0","36236","0","0","0","N","0","0","0","1","36408","0","","2","01","N","N","1","","0","0","0","0","0","Y","1704","0","1","0","0","0","0","0","1","0","1","N","","","","","","","","","","","2100","03","03","","N","N"
"1616","2","0","0","0","0","0","0","0","0","1","0","","36","06","2020","2020047261","5","40.1063","-76.3218","1557","08","0","0","0","0","0","1","0","0","","0","0","0","15","1","0","01","0","40 06:22.525","","00","76 19:18.628","0","0","0","0","36101","0","0","0","N","0","0","0","2","36101","0","","1","01","N","N","0","","0","0","0","3","2","","1555","0","2","0","0","0","0","0","3","0","2","N","","","","","","","","","","","","03","03","","N",""
"2226","1","0","0","0","0","0","0","0","0","7","0","","36","06","2020","2020047262","2","40.0944","-76.296","2220","08","1","0","0","0","0","0","0","0","","0","0","0","22","2","1","10","1","40 05:39.796","1","00","76 17:45.427","3","0","0","0","36101","0","0","0","N","0","0","0","1","36101","0","","2","01","N","N","0","","1","0","0","0","0","N","2218","1","1","0","0","0","0","0","3","0","1","N","","","","","","","","","","","0030","03","03","","",""
"1320","0","0","0","0","0","0","0","0","0","4","0","","36","06","2020","2020047266","3","40.1081","-76.504","1318","08","0","0","0","0","0","2","0","0","","0","0","0","13","1","1","01","1","40 06:29.141","7","00","76 30:14.243","3","0","0","1","36413","0","0","0","N","0","0","0","2","36413","0","","1","01","N","N","0","","1","0","1","3","3","N","1318","1","2","0","0","0","0","0","2","0","2","N","","","","","","","","","","","1325","03","  ","","N","N"
"0835","0","0","0","0","0","0","0","0","0","1","0","","36","06","2020","2020047276","4","40.0406","-76.2956","0829","08","0","0","0","0","0","1","0","0","","0","0","0","08","1","0","00","2","40 02:26.300","4","00","76 17:44.000","0","0","0","0","36301","0","0","0","N","0","0","0","1","36301","0","","6","01","N","N","0","","0","0","2","3","2","N","0829","0","2","0","0","0","0","0","3","0","2","N","","","","","","","","","","","0900","03","03","","N","N"
"0723","0","0","0","0","0","0","0","0","0","4","0","","36","06","2020","2020047378","3","40.077","-76.5541","0719","08","0","0","0","0","0","2","0","0","","0","0","0","07","1","0","01","2","40 04:37.275","7","00","76 33:14.778","0","0","0","0","36211","0","0","0","N","0","0","0","2","36504","0","","1","01","N","N","0","","0","0","2","3","3","Y","0715","0","2","0","0","0","0","0","1","0","2","N","","","","","","","","","","","0804","03","  ","","N","N"