"ARRIVAL_TM","AUTOMOBILE_COUNT","BELTED_DEATH_COUNT","BELTED_SUSP_SERIOUS_INJ_COUNT","BICYCLE_COUNT","BICYCLE_DEATH_COUNT","BICYCLE_SUSP_SERIOUS_INJ_COUNT","BUS_COUNT","CHLDPAS_DEATH_COUNT","CHLDPAS_SUSP_SERIOUS_INJ_COUNT","COLLISION_TYPE","COMM_VEH_COUNT","CONS_ZONE_SPD_LIM","COUNTY","CRASH_MONTH","CRASH_YEAR","CRN","DAY_OF_WEEK","DEC_LAT","DEC_LONG","DISPATCH_TM","DISTRICT","DRIVER_COUNT_16YR","DRIVER_COUNT_17YR","DRIVER_COUNT_18YR","DRIVER_COUNT_19YR","DRIVER_COUNT_20YR","DRIVER_COUNT_50_64YR","DRIVER_COUNT_65_74YR","DRIVER_COUNT_75PLUS","EST_HRS_CLOSED","FATAL_COUNT","HEAVY_TRUCK_COUNT","HORSE_BUGGY_COUNT","HOUR_OF_DAY","ILLUMINATION","INJURY_COUNT","INTERSECT_TYPE","LANE_CLOSED","LATITUDE","LN_CLOSE_DIR","LOCATION_TYPE","LONGITUDE","MAX_SEVERITY_LEVEL","MCYCLE_DEATH_COUNT","MCYCLE_SUSP_SERIOUS_INJ_COUNT","MOTORCYCLE_COUNT","MUNICIPALITY","NONMOTR_COUNT","NONMOTR_DEATH_COUNT","NONMOTR_SUSP_SERIOUS_INJ_COUNT","NTFY_HIWY_MAINT","PED_COUNT","PED_DEATH_COUNT","PED_SUSP_SERIOUS_INJ_COUNT","PERSON_COUNT","POLICE_AGCY","POSSIBLE_INJ_COUNT","RDWY_SURF_TYPE_CD","RELATION_TO_ROAD","ROAD_CONDITION","SCH_BUS_IND","SCH_ZONE_IND","SMALL_TRUCK_COUNT","SPEC_JURIS_CD","SUSP_MINOR_INJ_COUNT","SUSP_SERIOUS_INJ_COUNT","SUV_COUNT","TCD_FUNC_CD","TCD_TYPE","TFC_DETOUR_IND","TIME_OF_DAY","TOT_INJ_COUNT","TOTAL_UNITS","UNB_DEATH_COUNT","UNB_SUSP_SERIOUS_INJ_COUNT","UNBELTED_OCC_COUNT","UNK_INJ_DEG_COUNT","UNK_INJ_PER_COUNT","URBAN_RURAL","VAN_COUNT","VEHICLE_COUNT","WORK_ZONE_IND","WORK_ZONE_LOC","WORK_ZONE_TYPE","WORKERS_PRES","WZ_CLOSE_DETOUR","WZ_FLAGGER","WZ_LAW_OFFCR_IND","WZ_LN_CLOSURE","WZ_MOVING","WZ_OTHER","WZ_SHLDER_MDN","ROADWAY_CLEARED","WEATHER1","WEATHER2","WZ_WORKERS_INJ_KILLED","SECONDARY_CRASH","INTERSECTION_RELATED"
"1355","1","0","0","0","0","0","0","0","0","4","0","","36","06","2020","2020047405","2","40.073","-76.3511","1351","08","0","0","0","0","1","0","1","0","","0","0","0","13","1","0","02","2","40 04:22.932","5","00","76 21:03.988","0","0","0","0","36214","0","0","0","N","0","0","0","2","36214","0","","1","01","N","N","0","","0","0","1","3","3","Y","1345","0","2","0","0","0","0","0","3","0","2","N","","","","","","","","","","","0100","03","03","","N",""
"0945","1","0","0","0","0","0","0","0","0","1","1","","36","06","2020","2020047406","3","40.128","-76.0755","0943","08","0","0","0","0","0","1","0","0","","0","1","0","09","1","0","02","1","40 07:40.726","6","00","76 04:31.787","0","0","0","0","36209","0","0","0","N","0","0","0","3","36415","0","","1","01","N","N","0","","0","0","0","0","0","N","0941","0","2","0","0","0","0","0","1","0","2","N","","","","","","","","","","","1031","03","03","","",""
"0840","1","0","0","0","0","0","0","0","0","4","0","","36","06","2020","2020047407","4","40.1009","-76.0823","0831","08","0","0","0","0","0","1","0","1","","0","0","0","08","1","0","01","0","40 06:03.334","","00","76 04:56.150","0","0","0","0","36415","0","0","0","N","0","0","0","2","36415","0","","1","01","N","N","1","","0","0","0","3","3","","0830","0","2","0","0","0","0","0","1","0","2","N","","","","","","","","","","","","03","03","","N",""
"1542","2","0","0","0","0","0","0","0","0","4","0","","36","06","2020","2020047526","6","39.9688","-76.2458","1533","08","0","0","0","0","0","1","0","0","","0","0","0","15","1","0","00","0","39 58:07.788","","00","76 14:44.853","0","0","0","0","36240","0","0","0","N","0","0","0","3","36240","0","","1","01","N","N","0","","0","0","0","0","0","","1530","0","2","0","0","0","0","0","1","0","2","N","","","","","","","","","","","","03","  ","","",""
"1219","0","0","0","0","0","0","0","0","0","4","0","","36","06","2020","2020047536","3","40.012","-76.2263","1212","08","0","0","0","0","0","2","0","0","","0","0","0","12","1","0","01","0","40 00:43.379","","00","76 13:34.666","0","0","0","0","36240","0","0","0","N","0","0","0","2","36240","0","","1","01","N","N","1","","0","0","1","3","3","","1210","0","2","0","0","0","0","0","1","0","2","N","","","","","","","","","","","","03","03","","N","N"
"1418","1","0","0","0","0","0","0","0","0","1","0","","36","06","2020","2020047563","5","40.0387","-76.2789","1411","08","0","0","0","0","0","0","1","0","","0","0","0","14","1","1","00","1","40 02:19.447","3","00","76 16:44.171","3","0","0","0","36220","0","0","0","N","0","0","0","4","36101","0","","1","01","N","N","0","","1","0","1","0","0","Y","1409","1","3","0","0","0","0","0","3","1","3","N","","","","","","","","","","","1615","03","03","","N","N"
"0906","1","0","0","0","0","0","0","0","0","1","0","","36","06","2020","2020047726","5","40.068","-76.3042","0900","08","0","0","0","0","0","0","0","0","","0","0","0","08","1","0","00","1","40 04:04.894","3","00","76 18:15.055","0","0","0","0","36101","0","0","0","N","0","0","0","2","36101","0","","1","01","N","N","0","","0","0","1","0","0","N","0855","0","2","0","0","0","0","0","3","0","2","N","","","","","","","","","","","1000","04","  ","","",""
"0837","0","0","0","0","0","0","0","0","0","6","0","","36","06","2020","2020047727","4","39.977","-76.4421","0827","08","0","0","0","0","0","0","0","1","","0","0","0","08","1","0","00","0","39 58:37.180","","00","76 26:31.550","0","0","0","0","36223","0","0","0","N","0","0","0","2","36223","0","","1","01","N","N","1","","0","0","0","0","0","","0823","0","2","0","0","0","0","0","1","0","2","N","","","","","","","","","","","","03","03","","N","N"
"1128","1","0","0","0","0","0","0","0","0","4","0","","36","06","2020","2020047728","7","40.1656","-76.6077","1123","08","0","0","0","0","0","0","0","0","","0","0","0","11","1","1","01","1","40 09:56.313","5","07","76 36:27.773","3","0","0","0","36225","0","0","0","N","0","0","0","3","36505","0","","1","01","N","N","0","","1","0","1","3","2","N","1123","1","2","0","0","0","0","0","2","0","2","N","","","","","","","","","","","1159","03","03","","N",""
"0752","1","0","0","0","0","0","0","0","0","1","1","","36","06","2020","2020047729","4","40.1503","-76.5646","0746","08","0","0","0","0","0","1","0","0","","0","1","0","07","1","2","00","1","40 09:00.990","4","00","76 33:52.722","3","0","0","0","36225","0","0","0","N","0","0","0","2","36505","0","","1","01","N","N","0","","2","0","0","0","0","N","0745","2","2","0","0","0","0","0","2","0","2","N","","","","","","","","","","","0839","03","03","","",""
"1800","2","0","0","0","0","0","0","0","0","4","0","","36","06","2020","2020047823","5","40.0377","-76.2948","1756","08","0","0","0","0","0","0","0","0","","0","0","0","17","1","2","00","2","40 02:15.742","5","00","76 17:41.140","3","0","0","1","36301","1","0","0","N","1","0","0","3","36301","1","","1","01","N","N","0","","1","0","0","3","3","Y","1755","2","4","0","0","0","0","0","3","0","3","N","","","","","","","","","","","1830","03","03","","",""
"1149","1","0","0","0","0","0","0","0","0","1","0","","36","06","2020","2020047865","1","40.1858","-76.6018","1144","08","0","0","0","0","0","1","0","0","","0","0","0","11","1","0","00","1","40 11:08.877","5","00","76 36:06.358","0","0","0","0","36225","0","0","0","N","0","0","0","3","36505","0","","1","01","N","N","0","","0","0","1","0","0","Y","1143","0","2","0","0","1","0","0","2","0","2","N","","","","","","","","","","","1233","03","  ","","",""
"0505","0","0","0","0","0","0","0","0","0","98","0","","36","06","2020","2020047869","1","40.2218","-76.0733","0453","08","0","0","0","0","0","0","0","0","","0","0","0","04","2","0","00","1","40 13:18.454","2","00","76 04:23.886","0","0","0","0","36210","0","0","0","N","0","0","0","3","36210","0","","1","01","N","N","0","","0","0","1","0","0","N","0453","0","1","0","0","0","0","0","1","0","1","N","","","","","","","","","","","0525","03","  ","","N","N"
"1638","1","0","0","0","0","0","0","0","0","1","0","","36","06","2020","2020047926","2","40.1567","-76.1334","1633","08","0","0","2","0","0","0","0","0","","0","0","0","16","1","0","02","0","40 09:23.996","","00","76 08:00.121","0","0","0","0","36218","0","0","0","N","0","0","0","2","36408","0","","1","01","N","N","0","","0","0","1","0","0","","1633","0","2","0","0","0","0","0","1","0","2","N","","","","","","","","","","","","03","  ","","",""
"0258","1","0","0","0","0","0","0","0","0","7","0","","36","06","2020","2020047999","6","40.0579","-76.3328","0253","08","0","0","0","0","0","0","0","0","","0","0","0","02","3","0","00","0","40 03:28.619","","00","76 19:57.978","0","0","0","0","36101","0","0","0","N","0","0","0","1","36101","0","","4","01","N","N","0","","0","0","0","0","0","","0250","0","1","0","0","0","0","0","3","0","1","N","","","","","","","","","","","","03","  ","","N","N"
"0243","0","0","0","0","0","0","0","0","0","7","0","","36","06","2020","2020048000","6","40.0604","-76.361","0237","08","0","0","0","0","1","0","0","0","","0","0","0","02","3","0","00","0","40 03:37.426","","00","76 21:39.424","0","0","0","0","36214","0","0","0","N","0","0","0","1","36214","0","","3","01","N","N","1","","0","0","0","0","0","","0234","0","1","0","0","0","0","0","3","0","1","N","","","","","","","","","","","","04","  ","","N","N"
"1626","1","0","0","0","0","0","0","0","0","4","0","","36","06","2020","2020048001","2","40.017","-76.1651","1617","08","0","0","0","0","0","1","0","0","","0","0","0","16","1","0","01","0","40 01:01.095","","00","76 09:54.353","0","0","0","0","36215","0","0","0","N","0","0","0","2","36215","0","","1","01","N","N","0","","0","0","1","3","2","","1615","0","2","0","0","0","0","0","1","0","2","N","","","","","","","","","","","","03","  ","","",""
"0734","0","0","0","0","0","0","0","0","0","98","0","","36","06","2020","2020048002","6","40.059","-76.469","0733","08","0","0","0","0","0","1","0","0","","0","0","0","07","1","1","00","2","40 03:32.270","6","00","76 28:08.520","3","0","0","1","36239","0","0","0","N","0","0","0","1","36239","0","","1","01","N","N","0","","1","0","0","0","0","N","0703","1","1","0","0","0","0","0","3","0","1","N","","","","","","","","","","","0812","03","  ","","",""
"1309","2","0","0","0","0","0","0","0","0","1","0","","36","06","2020","2020048061","6","39.9955","-76.2047","1304","08","1","0","0","0","0","1","0","0","","0","0","0","12","1","0","00","1","39 59:43.677","2","00","76 12:16.847","0","0","0","0","36240","0","0","0","N","0","0","0","2","36240","0","","1","01","N","N","0","","0","0","0","0","0","N","1240","0","2","0","0","0","0","0","1","0","2","N","","","","","","","","","","","1438","03","03","","",""
"1842","1","0","0","0","0","0","0","0","0","4","0","","36","06","2020","2020048101","5","40.0392","-76.4311","1836","08","0","0","0","0","1","1","0","0","","0","0","0","18","1","1","01","1","40 02:20.941","3","00","76 25:51.799","3","0","0","0","36414","0","0","0","N","0","0","0","4","36239","0","","1","01","N","N","0","","1","0","1","3","2","N","1836","1","2","0","0","0","0","0","3","0","2","N","","","","","","","","","","","0030","04","04","","N",""
"0515","0","0","0","0","0","0","0","0","0","7","0","","36","06","2020","2020048102","6","40.1032","-76.4341","0506","08","0","0","1","0","0","0","0","0","","0","0","0","05","3","0","00","0","40 06:11.530","","00","76 26:02.880","0","0","0","0","36239","0","0","0","N","0","0","0","1","36239","0","","5","01","N","N","1","","0","0","0","0","0","","0506","0","1","0","0","0","0","0","3","0","1","N","","","","","","","","","","","","03","  ","","",""
"2148","1","0","0","0","0","0","0","0","0","7","0","","36","06","2020","2020048103","4","40.0591","-76.4622","2144","08","0","0","1","0","0","0","0","0","","0","0","0","21","3","0","00","9","40 03:32.883","","00","76 27:43.825","0","0","0","0","36239","0","0","0","N","0","0","0","1","36239","0","","4","01","N","N","0","","0","0","0","0","0","","2144","0","1","0","0","0","0","0","3","0","1","N","","","","","","","","","","","","03","03","","N","N"
"1623","0","0","0","0","0","0","0","0","0","4","0","","36","06","2020","2020048119","5","40.033","-76.506","1623","08","0","0","0","0","0","0","0","0","","0","0","0","16","1","0","01","1","40 01:58.979","6","00","76 30:21.554","0","0","0","0","36404","0","0","0","N","0","0","0","2","36404","0","","1","01","N","N","0","","0","0","2","3","3","Y","1623","0","2","0","0","0","0","0","3","0","2","N","","","","","","","","","","","1700","03","  ","","N",""
"1907","0","0","0","0","0","0","0","0","0","7","0","","36","06","2020","2020048237","6","40.0445","-76.49","1906","08","0","0","0","0","0","0","0","0","","0","0","0","19","1","1","00","1","40 02:40.267","3","00","76 29:23.905","2","0","1","1","36404","0","0","0","N","0","0","0","1","36404","0","","3","09","N","N","0","","0","1","0","0","0","N","1905","1","1","0","0","0","0","0","3","0","1","N","","","","","","","","","","","1942","98","  ","","N","N"
"1621","1","0","0","0","0","0","0","0","0","4","0","","36","06","2020","2020048328","5","40.245","-76.0465","1608","08","0","0","0","0","0","0","1","0","","0","0","0","16","1","0","01","1","40 14:41.925","4","00","76 02:47.244","0","0","0","0","36401","0","0","0","N","0","0","0","3","36408","0","","1","01","N","N","0","","0","0","1","3","3","Y","1608","0","2","0","0","0","0","0","1","0","2","N","","","","","","","","","","","1710","03","03","","",""
"1408","2","0","2","0","0","0","0","0","0","2","0","","36","06","2020","2020048331","7","40.077","-76.5541","1403","08","0","0","0","0","0","1","0","0","","0","0","0","14","1","3","01","2","40 04:37.275","7","00","76 33:14.778","2","0","0","0","36211","0","0","0","N","0","0","0","3","36504","0","","1","09","N","N","0","","1","2","0","0","0","Y","1403","3","2","0","0","0","0","0","1","0","2","N","","","","","","","","","","","1424","07","  ","","",""
"0732","2","0","0","0","0","0","0","0","0","4","0","","36","06","2020","2020048351","1","40.039","-76.3108","0727","08","0","0","0","0","0","0","0","0","","0","0","0","07","1","2","01","2","40 02:20.496","1","00","76 18:38.878","3","0","0","0","36301","0","0","0","N","0","0","0","3","36301","0","","1","01","N","N","0","","2","0","0","3","2","N","0726","2","2","0","0","0","0","0","3","0","2","N","","","","","","","","","","","0832","03","  ","","N","N"
"1455","1","0","0","0","0","0","0","0","0","3","0","","36","06","2020","2020048421","7","40.0568","-76.3057","1455","08","0","0","0","0","0","1","0","0","","0","0","0","14","1","0","00","0","40 03:24.391","","07","76 18:20.677","0","0","0","0","36101","0","0","0","N","0","0","0","4","36101","0","","1","01","N","N","0","","0","0","1","0","0","","1451","0","2","0","0","0","0","0","3","0","2","N","","","","","","","","","","","","04","  ","","N","N"
"1603","0","0","0","0","0","0","0","0","0","0","0","","36","06","2020","2020048422","7","40.0226","-76.3049","1558","08","0","0","0","0","0","0","0","0","","0","0","0","15","1","0","00","2","40 01:21.492","7","00","76 18:17.798","0","0","0","0","36220","0","0","0","N","0","0","0","1","36101","0","","1","09","N","N","1","","0","0","0","0","0","Y","1556","0","1","0","0","0","0","0","3","0","1","N","","","","","","","","","","","1619","07","07","","N","N"
"1633","1","0","0","0","0","0","0","0","0","4","0","","36","06","2020","2020048423","7","40.0421","-76.2807","1627","08","0","0","0","0","0","0","0","1","","0","0","0","16","1","0","01","0","40 02:31.645","","00","76 16:50.522","0","0","0","0","36220","0","0","0","N","0","0","0","2","36101","0","","1","01","N","N","0","","0","0","1","0","0","","1622","0","2","0","0","0","0","0","3","0","2","N","","","","","","","","","","","","04","  ","","N",""
"2142","0","0","0","0","0","0","0","0","0","4","0","","36","06","2020","2020048515","7","40.0506","-76.3014","2137","08","0","0","0","1","0","1","0","0","","0","0","0","21","2","2","01","2","40 03:02.073","7","00","76 18:05.147","4","0","0","0","36301","0","0","0","N","0","0","0","3","36301","2","","1","01","N","N","0","","0","0","2","3","3","Y","2137","2","2","0","0","0","0","0","3","0","2","N","","","","","","","","","","","2232","03","03","","",""
"1940","2","0","0","0","0","0","0","0","0","4","0","","36","06","2020","2020048518","7","40.0416","-76.318","1933","08","0","0","0","0","0","0","0","0","","0","0","0","19","4","0","10","2","40 02:29.810","1","00","76 19:04.817","0","0","0","0","36301","0","0","0","N","0","0","0","2","36301","0","","1","01","N","N","0","","0","0","0","3","3","Y","1933","0","2","0","0","0","0","0","3","0","2","N","","","","","","","","","","","2039","03","03","","",""
"2339","1","0","0","0","0","0","0","0","0","4","0","","36","06","2020","2020048523","1","40.0562","-76.5509","2335","08","0","0","0","0","0","0","0","0","","0","0","0","23","3","0","00","2","40 03:22.436","4","00","76 33:03.305","0","0","0","0","36301","0","0","0","N","0","0","0","2","36301","0","","6","01","N","N","0","","0","0","1","0","0","Y","2335","0","3","0","0","0","0","0","3","1","3","N","","","","","","","","","","","0020","03","03","","",""
"2349","1","0","0","0","0","0","0","0","0","98","0","","36","06","2020","2020048534","7","40.0886","-76.2658","2341","08","0","0","0","0","0","0","0","0","","0","0","0","23","2","0","00","0","40 05:18.850","","00","76 15:56.789","0","0","0","0","36101","0","0","0","N","0","0","0","1","36101","0","","1","01","N","N","0","","0","0","0","0","0","","2339","0","1","0","0","0","0","0","3","0","1","N","","","","","","","","","","","","03","  ","","",""
"1533","0","0","0","0","0","0","0","0","0","7","0","","36","06","2020","2020048542","5","40.1659","-76.1811","1529","08","0","0","0","0","0","0","0","0","","0","0","0","15","1","1","00","2","40 09:57.117","6","00","76 10:51.990","8","0","0","1","36218","0","0","0","N","0","0","0","1","36408","0","","5","01","N","N","0","","0","0","0","0","0","Y","1527","1","1","0","0","0","1","0","1","0","1","N","","","","","","","","","","","1610","03","  ","","",""
"1745","0","0","0","0","0","0","0","0","0","2","0","","36","06","2020","2020048781","2","40.0763","-76.3249","1733","08","0","0","0","1","0","0","0","0","","0","0","0","17","1","2","01","2","40 04:34.598","1","00","76 19:29.610","3","0","0","0","36101","0","0","0","N","0","0","0","3","36101","0","","1","01","N","N","1","","2","0","1","3","2","Y","1732","2","2","0","0","0","0","0","3","0","2","N","","","","","","","","","","","1840","03","03","","",""
"1906","1","0","0","0","0","0","0","0","0","7","0","","36","06","2020","2020048782","7","40.1085","-76.2472","1858","08","0","0","1","0","0","0","0","0","","0","0","0","18","1","0","00","0","40 06:30.699","","00","76 14:50.091","0","0","0","0","36101","0","0","0","N","0","0","0","1","36101","0","","3","01","N","N","0","","0","0","0","0","0","","1856","0","1","0","0","0","0","0","3","0","1","N","","","","","","","","","","","","03","03","","",""
"1230","2","0","0","0","0","0","0","0","0","4","0","","36","06","2020","2020048783","1","40.0943","-76.1129","1224","08","0","0","1","0","0","1","0","0","","0","0","0","12","1","1","01","1","40 05:39.586","4","00","76 06:46.260","3","0","0","0","36209","0","0","0","N","0","0","0","2","36415","0","","1","01","N","N","0","","1","0","0","3","2","Y","1222","1","2","0","0","0","0","0","1","0","2","N","","","","","","","","","","","1250","03","  ","","N",""
"1242","0","0","0","0","0","0","0","0","0","1","0","","36","06","2020","2020048784","4","40.095","-76.111","1240","08","1","0","0","0","0","1","0","0","","0","0","0","12","1","0","00","0","40 05:41.829","","00","76 06:39.736","0","0","0","0","36209","0","0","0","N","0","0","0","2","36415","0","","1","01","N","N","2","","0","0","0","0","0","","1240","0","2","0","0","2","0","0","1","0","2","N","","","","","","","","","","","","03","  ","","N","N"
"1330","0","0","0","0","0","0","0","0","0","0","0","","36","06","2020","2020048785","1","40.1641","-76.266","1328","08","0","0","0","0","0","1","0","0","","0","0","0","13","1","1","00","2","40 09:50.770","6","00","76 15:57.640","2","0","1","1","36235","0","0","0","N","0","0","0","1","36506","0","","1","01","N","N","0","","0","1","0","0","0","Y","1324","1","1","0","0","0","0","0","1","0","1","N","","","","","","","","","","","1406","03","  ","","N","N"
"1027","2","0","0","0","0","0","0","0","0","4","0","","36","06","2020","2020048786","2","40.1395","-76.2464","1019","08","0","1","0","0","0","0","1","0","","0","0","0","10","1","2","01","0","40 08:22.315","","00","76 14:47.144","3","0","0","0","36235","0","0","0","N","0","0","0","4","36506","0","","1","01","N","N","0","","2","0","0","3","3","","1016","2","2","0","0","0","0","0","1","0","2","N","","","","","","","","","","","","03","  ","","N",""
"1255","2","0","0","0","0","0","0","0","0","4","0","","36","06","2020","2020048955","5","40.0761","-76.2966","1252","08","0","0","0","0","0","0","0","1","","0","0","0","12","1","1","02","2","40 04:34.134","2","07","76 17:47.799","4","0","0","0","36101","0","0","0","N","0","0","0","3","36101","1","","1","01","N","N","0","","0","0","0","0","0","N","1250","1","2","0","0","0","0","0","3","0","2","N","","","","","","","","","","","1351","04","  ","","N",""
"1709","1","0","0","1","0","0","0","0","0","4","0","","36","06","2020","2020048991","4","40.0487","-76.3088","1705","08","0","0","0","0","0","0","0","0","","0","0","0","17","1","1","01","0","40 02:55.474","","00","76 18:31.528","3","0","0","0","36301","1","0","0","N","0","0","0","2","36301","0","","1","01","N","N","0","","1","0","0","3","3","","1704","1","2","0","0","0","0","0","3","0","1","N","","","","","","","","","","","","03","  ","","",""
"1653","0","0","0","0","0","0","0","0","0","8","0","","36","06","2020","2020048996","1","40.0339","-76.3163","1652","08","0","0","0","0","0","0","0","0","","0","0","0","16","1","2","00","2","40 02:02.212","7","00","76 18:58.656","3","0","0","1","36301","1","0","0","N","1","0","0","2","36301","0","","1","01","N","N","0","","1","0","0","0","0","Y","1652","2","2","0","0","0","1","0","3","0","1","N","","","","","","","","","","","1747","03","03","","N","N"
"1719","0","0","0","0","0","0","0","0","0","7","0","","36","06","2020","2020049092","2","40.0231","-76.2757","1712","08","0","0","0","0","0","1","0","0","","0","0","0","17","1","2","00","2","40 01:23.303","3","00","76 16:32.595","3","0","0","0","36240","0","0","0","N","0","0","0","2","36240","1","","5","01","N","N","0","","1","0","1","0","0","Y","1706","2","1","0","0","2","0","0","1","0","1","N","","","","","","","","","","","2100","03","03","","",""
"0313","1","0","0","0","0","0","0","0","0","7","0","","36","06","2020","2020049127","2","40.0677","-76.2713","0311","08","0","0","0","0","0","0","0","0","","0","0","0","03","3","1","00","0","40 04:03.681","","00","76 16:16.695","3","0","0","0","36101","0","0","0","N","0","0","0","1","36101","0","","5","01","N","N","0","","1","0","0","0","0","","0309","1","1","0","0","1","0","0","3","0","1","N","","","","","","","","","","","","03","03","","",""
"0701","0","0","0","0","0","0","0","0","0","1","1","","36","06","2020","2020049128","2","40.0837","-76.3429","0650","08","0","0","0","0","0","2","0","0","","0","1","0","06","1","2","00","1","40 05:01.445","1","00","76 20:34.435","4","0","0","0","36101","0","0","0","N","0","0","0","3","36101","2","","1","01","N","N","0","","0","0","2","0","0","N","0645","2","3","0","0","0","0","0","3","0","3","N","","","","","","","","","","","0745","03","03","","",""
"1042","1","0","0","0","0","0","0","0","0","1","1","","36","06","2020","2020049129","2","40.0686","-76.33","1037","08","0","0","0","0","0","2","0","0","","0","1","0","10","1","2","00","2","40 04:06.978","4","00","76 19:48.037","3","0","0","0","36101","0","0","0","N","0","0","0","3","36101","0","","1","01","N","N","0","","2","0","1","0","0","N","1034","2","3","0","0","0","0","0","3","0","3","N","","","","","","","","","","","1119","03","03","","",""
"1421","1","0","0","0","0","0","0","0","0","5","1","","36","06","2020","2020049130","2","40.0794","-76.3442","1413","08","0","0","1","0","0","0","0","0","","0","1","0","14","1","0","00","0","40 04:45.892","","00","76 20:39.031","9","0","0","0","36101","0","0","0","N","0","0","0","2","36101","0","","1","01","N","N","0","","0","0","0","0","0","","1400","0","2","0","0","1","0","1","3","0","2","N","","","","","","","","","","","","03","03","","N","N"
"1210","0","0","0","0","0","0","0","0","0","1","0","","36","06","2020","2020049131","5","40.0536","-76.3597","1207","08","0","1","0","1","0","0","0","0","","0","0","0","12","1","1","00","1","40 03:13.091","2","00","76 21:34.984","3","0","0","0","36214","0","0","0","N","0","0","0","3","36214","0","","1","01","N","N","0","","1","0","2","0","0","N","1200","1","2","0","0","0","0","0","3","0","2","N","","","","","","","","","","","1300","04","03","","",""
"1834","1","0","0","0","0","0","0","0","0","7","0","","36","05","2020","2020049162","3","39.9775","-75.9987","1829","08","0","0","0","0","0","1","0","0","","0","0","0","18","1","0","00","2","39 58:39.178","6","00","75 59:55.336","0","0","0","0","36231","0","0","0","N","0","0","0","1","68J01","0","","4","01","N","N","0","","0","0","0","0","0","Y","1827","0","1","0","0","0","0","0","1","0","1","N","","","","","","","","","","","1930","03","03","","N","N"
"2217","1","0","0","0","0","0","0","0","0","1","0","","36","05","2020","2020049163","4","40.1842","-76.0106","2130","08","0","0","0","0","0","1","0","0","","0","0","0","21","2","0","00","2","40 11:03.012","5","00","76 00:38.060","0","0","0","0","36202","0","0","0","Y","0","0","0","2","68J01","0","","1","01","N","N","0","","0","0","0","0","0","Y","2123","0","2","0","0","0","0","0","1","0","2","N","","","","","","","","","","","0059","03","  ","","N","N"
"1355","1","0","0","0","0","0","0","0","0","7","0","","36","05","2020","2020049168","1","39.8856","-76.1762","1349","08","0","0","1","0","0","0","0","0","","0","0","0","13","1","0","00","0","39 53:08.310","","00","76 10:34.370","0","0","0","0","36212","0","0","0","N","0","0","0","1","68J01","0","","4","01","N","N","0","","0","0","0","0","0","","1347","0","1","0","0","0","0","0","1","0","1","N","","","","","","","","","","","","03","03","","",""
"1115","2","0","0","0","0","0","0","0","0","4","0","","36","06","2020","2020049179","2","39.9856","-76.0178","1049","08","0","0","0","0","0","1","0","1","","0","0","0","10","1","0","01","0","39 59:08.196","","00","76 01:04.123","0","0","0","0","36232","1","0","0","N","0","0","0","3","68J01","0","","1","01","N","N","1","","0","0","0","3","2","","1045","0","3","0","0","0","0","0","1","0","3","N","","","","","","","","","","","","03","  ","","N","N"
"0538","1","0","0","0","0","0","0","0","0","4","0","","36","06","2020","2020049180","4","40.1969","-76.0196","0514","08","0","0","0","0","0","0","0","0","","0","0","0","05","5","0","00","0","40 11:49.002","","07","76 01:10.394","0","0","0","0","36202","0","0","0","N","0","0","0","2","68J01","0","","1","09","N","N","0","","0","0","1","3","3","","0507","0","2","0","0","0","0","0","1","0","2","N","","","","","","","","","","","","07","  ","","N","N"
"2215","0","0","0","0","0","0","0","0","0","98","0","","36","06","2020","2020049194","3","40.2265","-76.0577","2142","08","0","0","0","0","0","0","0","0","","0","0","0","21","2","0","00","0","40 13:35.371","","00","76 03:27.565","0","0","0","0","36202","0","0","0","N","0","0","0","1","68J01","0","","1","01","N","N","0","","0","0","1","0","0","","2137","0","1","0","0","0","0","0","1","0","1","N","","","","","","","","","","","","03","  ","","",""
"0635","0","0","0","0","0","0","0","0","0","7","0","","36","06","2020","2020049195","4","39.7806","-76.1013","0614","08","0","0","0","0","0","0","0","0","","0","0","0","06","1","0","00","0","39 46:50.140","","00","76 06:04.854","0","0","0","0","36222","0","0","0","N","0","0","0","1","68J01","0","","4","01","N","N","1","","0","0","0","0","0","","0614","0","1","0","0","1","0","0","1","0","1","N","","","","","","","","","","","","03","03","","",""
"1408","0","0","0","0","0","0","0","0","0","98","0","","36","06","2020","2020049203","5","40.2409","-76.0408","1357","08","0","0","0","0","0","0","0","0","","0","0","0","13","1","1","00","0","40 14:27.335","","00","76 02:26.772","3","0","0","0","36202","0","0","0","N","0","0","0","1","68J01","0","","1","01","N","N","0","","1","0","1","0","0","","1356","1","1","0","0","0","0","0","1","0","1","N","","","","","","","","","","","","03","03","","",""
"1417","1","0","0","0","0","0","0","0","0","5","1","","36","06","2020","2020049209","6","40.0106","-76.1325","1417","08","0","0","1","0","0","0","1","0","","0","1","0","14","1","0","00","0","40 00:37.982","","00","76 07:57.066","0","0","0","0","36226","0","0","0","N","0","0","0","4","68J01","0","","1","01","N","N","0","","0","0","1","0","0","","1413","0","3","0","0","0","0","0","1","0","3","N","","","","","","","","","","","","03","  ","","",""