"ARRIVAL_TM","AUTOMOBILE_COUNT","BELTED_DEATH_COUNT","BELTED_SUSP_SERIOUS_INJ_COUNT","BICYCLE_COUNT","BICYCLE_DEATH_COUNT","BICYCLE_SUSP_SERIOUS_INJ_COUNT","BUS_COUNT","CHLDPAS_DEATH_COUNT","CHLDPAS_SUSP_SERIOUS_INJ_COUNT","COLLISION_TYPE","COMM_VEH_COUNT","CONS_ZONE_SPD_LIM","COUNTY","CRASH_MONTH","CRASH_YEAR","CRN","DAY_OF_WEEK","DEC_LAT","DEC_LONG","DISPATCH_TM","DISTRICT","DRIVER_COUNT_16YR","DRIVER_COUNT_17YR","DRIVER_COUNT_18YR","DRIVER_COUNT_19YR","DRIVER_COUNT_20YR","DRIVER_COUNT_50_64YR","DRIVER_COUNT_65_74YR","DRIVER_COUNT_75PLUS","EST_HRS_CLOSED","FATAL_COUNT","HEAVY_TRUCK_COUNT","HORSE_BUGGY_COUNT","HOUR_OF_DAY","ILLUMINATION","INJURY_COUNT","INTERSECT_TYPE","LANE_CLOSED","LATITUDE","LN_CLOSE_DIR","LOCATION_TYPE","LONGITUDE","MAX_SEVERITY_LEVEL","MCYCLE_DEATH_COUNT","MCYCLE_SUSP_SERIOUS_INJ_COUNT","MOTORCYCLE_COUNT","MUNICIPALITY","NONMOTR_COUNT","NONMOTR_DEATH_COUNT","NONMOTR_SUSP_SERIOUS_INJ_COUNT","NTFY_HIWY_MAINT","PED_COUNT","PED_DEATH_COUNT","PED_SUSP_SERIOUS_INJ_COUNT","PERSON_COUNT","POLICE_AGCY","POSSIBLE_INJ_COUNT","RDWY_SURF_TYPE_CD","RELATION_TO_ROAD","ROAD_CONDITION","SCH_BUS_IND","SCH_ZONE_IND","SMALL_TRUCK_COUNT","SPEC_JURIS_CD","SUSP_MINOR_INJ_COUNT","SUSP_SERIOUS_INJ_COUNT","SUV_COUNT","TCD_FUNC_CD","TCD_TYPE","TFC_DETOUR_IND","TIME_OF_DAY","TOT_INJ_COUNT","TOTAL_UNITS","UNB_DEATH_COUNT","UNB_SUSP_SERIOUS_INJ_COUNT","UNBELTED_OCC_COUNT","UNK_INJ_DEG_COUNT","UNK_INJ_PER_COUNT","URBAN_RURAL","VAN_COUNT","VEHICLE_COUNT","WORK_ZONE_IND","WORK_ZONE_LOC","WORK_ZONE_TYPE","WORKERS_PRES","WZ_CLOSE_DETOUR","WZ_FLAGGER","WZ_LAW_OFFCR_IND","WZ_LN_CLOSURE","WZ_MOVING","WZ_OTHER","WZ_SHLDER_MDN","ROADWAY_CLEARED","WEATHER1","WEATHER2","WZ_WORKERS_INJ_KILLED","SECONDARY_CRASH","INTERSECTION_RELATED"
"1602","2","0","0","0","0","0","0","0","0","1","0","","36","06","2020","2020049324","5","39.9937","-76.4711","1552","08","0","0","0","1","0","0","0","0","","0","0","0","15","1","2","02","2","39 59:37.416","5","00","76 28:15.903","3","0","0","0","36223","0","0","0","N","0","0","0","2","36223","0","","1","01","N","N","0","","2","0","0","0","0","Y","1550","2","2","0","0","0","0","0","1","0","2","N","","","","","","","","","","","1700","04","04","","",""
"1215","0","0","0","0","0","0","0","0","0","0","0","","36","06","2020","2020049325","3","40.1296","-76.5908","1208","08","0","1","0","0","0","0","0","0","","0","0","0","12","1","1","02","1","40 07:46.412","1","00","76 35:26.948","3","0","0","1","36237","0","0","0","N","0","0","0","1","36505","0","","1","98","N","N","0","","1","0","0","0","0","N","1206","1","1","0","0","0","0","0","1","0","1","N","","","","","","","","","","","1251","03","03","","",""
"1230","0","0","0","0","0","0","0","0","0","1","0","","36","06","2020","2020049326","5","40.1724","-76.5984","1226","08","0","0","0","0","0","0","0","0","","0","0","0","12","1","1","00","0","40 10:20.716","","07","76 35:54.101","4","0","0","0","36225","0","0","0","N","0","0","0","3","36505","1","","1","01","N","N","0","","0","0","2","0","0","","1224","1","2","0","0","0","0","0","2","0","2","N","","","","","","","","","","","","03","  ","","N","N"
"0755","2","0","0","0","0","0","0","0","0","7","0","","36","06","2020","2020049335","7","40.0429","-76.3046","0755","08","0","0","0","0","0","0","1","0","","0","0","0","07","1","1","00","1","40 02:34.525","2","00","76 18:16.440","4","0","0","0","36301","0","0","0","Y","0","0","0","1","36301","1","","4","01","N","N","0","","0","0","2","0","0","Y","0755","1","4","0","0","0","0","0","3","0","4","N","","","","","","","","","","","0825","03","  ","","",""
"1704","0","0","0","0","0","0","0","0","0","7","0","","36","06","2020","2020049346","1","40.0383","-76.324","1702","08","0","0","0","0","0","1","0","0","","0","0","0","16","1","0","00","1","40 02:17.826","3","00","76 19:26.504","0","0","0","0","36301","0","0","0","N","0","0","0","1","36301","0","","4","01","N","N","1","","0","0","0","0","0","N","1657","0","1","0","0","0","0","0","3","0","1","N","","","","","","","","","","","1735","03","03","","N","N"
"1636","0","0","0","0","0","0","0","0","0","7","0","","36","06","2020","2020049385","3","40.0156","-75.9696","1612","08","0","0","0","0","0","0","0","0","","0","0","0","15","1","0","00","1","40 00:55.980","4","00","75 58:10.680","0","0","0","0","36232","0","0","0","N","0","0","0","1","68J01","0","","4","01","N","N","1","","0","0","0","0","0","N","1556","0","1","0","0","0","0","0","1","0","1","N","","","","","","","","","","","1730","03","03","","",""
"1645","1","0","0","0","0","0","0","0","0","1","0","","36","06","2020","2020049445","2","40.1708","-76.3836","1640","08","0","0","0","0","0","0","0","0","","0","0","0","16","1","0","00","2","40 10:14.936","6","07","76 23:01.133","0","0","0","0","36227","0","0","0","N","0","0","0","2","36506","0","","1","01","N","N","0","","0","0","1","0","0","Y","1637","0","2","0","0","0","0","0","1","0","2","N","","","","","","","","","","","0510","03","03","","N","N"
"1750","2","0","0","0","0","0","0","0","0","4","0","","36","06","2020","2020049446","2","40.2166","-76.2493","1745","08","0","0","0","0","0","1","0","0","","0","0","0","17","1","1","00","0","40 12:59.744","","07","76 14:57.443","3","0","0","0","36204","0","0","0","N","0","0","0","2","36506","0","","1","01","N","N","0","","1","0","0","0","0","","1740","1","2","0","0","0","0","0","1","0","2","N","","","","","","","","","","","","03","  ","","N","N"
"2343","0","0","0","0","0","0","0","0","0","0","0","","36","05","2020","2020049474","2","39.8846","-76.2021","2333","08","0","0","0","0","1","0","0","0","","0","0","0","23","2","1","00","2","39 53:04.723","6","00","76 12:07.487","3","0","0","0","36212","0","0","0","N","0","0","0","3","68J01","0","","4","01","N","N","0","","1","0","1","0","0","Y","2331","1","1","0","0","2","0","0","1","0","1","N","","","","","","","","","","","0044","03","  ","","",""
"0053","1","0","0","0","0","0","0","0","0","7","0","","36","06","2020","2020049478","1","40.1787","-76.0395","0025","08","0","0","0","0","0","0","0","0","","0","0","0","00","2","1","00","2","40 10:43.320","6","00","76 02:22.040","3","0","0","0","36202","0","0","0","N","0","0","0","1","68J01","0","","4","01","N","N","0","","1","0","0","0","0","Y","0025","1","1","0","0","0","0","0","1","0","1","N","","","","","","","","","","","0300","03","  ","","",""
"1443","0","0","0","0","0","0","0","0","0","5","0","","36","06","2020","2020049504","3","40.0081","-76.0917","1413","08","0","0","0","0","0","0","1","0","","0","0","1","14","1","1","00","1","40 00:29.260","2","00","76 05:30.050","3","0","0","0","36226","2","0","0","N","0","0","0","3","68J01","0","","1","01","N","N","0","","1","0","1","0","0","N","1413","1","2","0","0","0","0","0","1","0","1","N","","","","","","","","","","","1515","03","  ","","N","N"
"1515","0","0","0","0","0","0","0","0","0","1","0","","36","06","2020","2020049507","4","39.9899","-76.0009","1503","08","0","0","0","0","0","0","0","0","","0","0","0","14","1","1","00","2","39 59:23.650","6","00","76 00:03.218","3","0","0","0","36232","0","0","0","N","0","0","0","7","68J01","0","","1","01","N","N","0","","1","0","1","0","0","Y","1456","1","2","0","0","0","0","0","1","1","2","N","","","","","","","","","","","1545","03","03","","",""
"1829","0","0","0","0","0","0","0","0","0","0","0","","36","06","2020","2020049526","2","39.8849","-76.3023","1803","08","0","0","0","0","0","0","0","0","","0","0","0","18","1","1","00","2","39 53:05.640","6","00","76 18:08.368","3","0","0","0","36224","0","0","0","N","0","0","0","1","68J01","0","","4","01","N","N","0","","1","0","1","0","0","Y","1801","1","1","0","0","1","0","0","1","0","1","N","","","","","","","","","","","1900","03","  ","","",""
"1331","1","0","0","0","0","0","0","0","0","4","1","","36","06","2020","2020049554","4","39.9924","-76.2859","1327","08","0","0","0","0","0","2","0","0","","0","1","0","13","1","0","01","1","39 59:32.484","1","00","76 17:09.068","0","0","0","0","36240","0","0","0","N","0","0","0","2","36240","0","","1","01","N","N","0","","0","0","0","3","2","N","1326","0","2","0","0","0","0","0","1","0","2","N","","","","","","","","","","","1432","03","03","","",""
"0649","1","0","0","0","0","0","0","0","0","4","1","","36","06","2020","2020049616","6","40.0524","-76.3064","0646","08","0","0","0","0","0","0","0","0","","0","1","0","06","1","0","01","0","40 03:08.600","","00","76 18:22.873","0","0","0","0","36301","0","0","0","N","0","0","0","2","36301","0","","1","01","N","N","0","","0","0","0","3","2","","0642","0","2","0","0","0","0","0","3","0","2","N","","","","","","","","","","","","03","  ","","",""
"1857","1","0","0","0","0","0","0","0","0","5","0","","36","06","2020","2020049653","4","40.1486","-76.1862","1853","08","0","0","0","0","0","0","0","0","","0","0","0","18","1","1","00","0","40 08:55.090","","00","76 11:10.206","8","0","0","0","36238","0","0","0","N","0","0","0","2","36238","0","","1","01","N","N","0","","0","0","1","0","0","","1853","1","2","0","0","0","1","0","3","0","2","N","","","","","","","","","","","","03","  ","","N","N"
"0609","1","0","0","0","0","0","0","0","0","7","0","","36","06","2020","2020049654","6","40.1396","-76.2039","0600","08","0","0","0","0","0","0","0","0","","0","0","0","06","1","2","00","1","40 08:22.593","1","00","76 12:14.123","3","0","0","0","36238","0","0","0","N","0","0","0","2","36238","0","","5","01","N","N","0","","2","0","0","0","0","N","0600","2","1","0","0","0","0","0","3","0","1","N","","","","","","","","","","","0656","03","  ","","",""
"1916","0","0","0","0","0","0","0","0","0","7","0","","36","06","2020","2020049693","2","39.8535","-76.3338","1903","08","0","0","0","0","0","0","0","0","","0","0","0","19","1","2","00","1","39 51:12.710","4","00","76 20:01.620","3","0","0","1","36224","0","0","0","N","0","0","0","2","68J01","0","","5","01","N","N","0","","2","0","0","0","0","N","1900","2","1","0","0","0","0","0","1","0","1","N","","","","","","","","","","","1930","03","03","","N","N"
"1736","0","0","0","0","0","0","0","0","0","7","0","","36","06","2020","2020049698","5","40.0373","-76.1035","1728","08","0","0","0","1","0","0","0","0","","0","0","0","17","1","0","00","1","40 02:14.428","3","00","76 06:12.475","0","0","0","0","36221","0","0","0","N","0","0","0","1","68J01","0","","5","01","N","N","1","","0","0","0","0","0","N","1726","0","1","0","0","0","0","0","1","0","1","N","","","","","","","","","","","1759","03","03","","",""
"1349","2","0","0","0","0","0","0","0","0","1","0","","36","06","2020","2020049731","5","40.1803","-76.1951","1339","08","0","0","0","0","0","1","0","1","","0","0","0","13","1","0","00","1","40 10:49.032","5","00","76 11:42.198","0","0","0","0","36218","0","0","0","N","0","0","0","3","36408","0","","1","01","N","N","1","","0","0","0","3","2","N","1338","0","3","0","0","0","0","0","1","0","3","N","","","","","","","","","","","1433","03","03","","",""
"1945","2","0","0","0","0","0","0","0","0","4","0","","36","06","2020","2020049761","3","40.0503","-76.5161","1942","08","0","1","0","0","0","0","0","0","","0","0","0","19","1","0","00","1","40 03:01.093","2","00","76 30:57.961","0","0","0","0","36239","0","0","0","N","0","0","0","5","36239","0","","4","01","N","N","1","","0","0","0","0","0","N","1942","0","3","0","0","0","0","0","3","0","3","N","","","","","","","","","","","2015","03","03","","",""
"1606","2","0","0","0","0","0","0","0","0","4","0","","36","06","2020","2020049762","7","40.0306","-76.3102","1602","08","0","0","0","0","0","0","0","0","","0","0","0","16","1","0","02","2","40 01:50.232","7","00","76 18:36.594","0","0","0","0","36301","0","0","0","N","0","0","0","3","36301","0","","1","01","N","N","0","","0","0","0","9","3","Y","1600","0","2","0","0","2","0","0","3","0","2","N","","","","","","","","","","","0100","03","03","","",""
"1747","1","0","0","0","0","0","0","0","0","1","0","","36","06","2020","2020049802","1","40.2443","-76.1623","1731","08","0","0","0","0","0","0","1","0","","0","0","0","17","1","0","00","2","40 14:39.515","3","00","76 09:44.410","0","0","0","0","36236","0","0","0","N","0","0","0","4","68T06","0","","1","01","N","N","3","","0","0","0","0","0","Y","1731","0","4","0","0","0","0","0","1","0","4","N","","","","","","","","","","","1830","03","03","","Y","N"
"0244","1","0","0","0","0","0","0","0","0","7","0","","36","06","2020","2020049859","1","40.0666","-76.604","0237","08","0","0","0","0","1","0","0","0","","0","0","0","02","2","1","00","2","40 03:59.920","5","00","76 36:14.549","2","0","0","0","36211","0","0","0","N","0","0","0","1","36504","0","","5","01","N","N","0","","0","1","0","0","0","Y","0237","1","1","0","1","1","0","0","1","0","1","N","","","","","","","","","","","0430","03","  ","","",""
"1605","1","0","0","0","0","0","0","0","0","1","0","","36","06","2020","2020049900","3","40.1919","-76.1765","1559","08","0","0","0","0","0","1","0","0","","0","0","0","15","1","1","02","0","40 11:30.663","","00","76 10:35.439","3","0","0","0","36218","0","0","0","N","0","0","0","3","36408","0","","1","01","N","N","0","","1","0","2","3","2","","1559","1","3","0","0","0","0","0","1","0","3","N","","","","","","","","","","","","03","  ","","N",""
"1747","0","0","0","0","0","0","0","0","0","4","0","","36","06","2020","2020049928","4","40.031","-76.3209","1747","08","0","0","0","0","0","0","0","0","","0","0","0","17","1","1","01","0","40 01:51.430","","00","76 19:15.123","3","0","0","0","36301","0","0","0","N","0","0","0","3","36301","0","","1","01","N","N","0","","1","0","2","3","2","N","1747","1","2","0","0","0","0","0","3","0","2","N","","","","","","","","","","","","03","  ","","N","N"
"1526","0","0","0","1","0","0","0","0","0","4","0","","36","06","2020","2020049948","4","40.0227","-76.3126","1515","08","0","0","0","0","0","0","0","0","","0","0","0","15","1","1","01","0","40 01:21.770","","00","76 18:45.518","3","0","0","0","36301","1","0","0","N","0","0","0","2","36301","0","","1","01","N","N","0","","1","0","1","3","3","N","1514","1","2","0","0","0","0","0","3","0","1","N","","","","","","","","","","","","04","03","","N",""
"0713","0","0","0","0","0","0","0","0","0","7","1","","36","06","2020","2020050037","2","40.0273","-76.1691","0710","08","0","0","0","0","0","0","0","1","","0","1","0","07","1","1","00","1","40 01:38.440","2","01","76 10:08.726","8","0","0","0","36215","0","0","0","N","0","0","0","1","36215","0","","1","01","N","N","0","","0","0","0","0","0","N","0710","1","1","0","0","0","1","0","1","0","1","N","","","","","","","","","","","0200","03","03","","",""
"1631","1","0","0","0","0","0","1","0","0","1","1","","36","06","2020","2020050038","3","40.0364","-76.2436","1626","08","0","0","0","0","0","1","0","0","","0","0","0","16","1","0","00","0","40 02:11.066","","00","76 14:37.022","0","0","0","0","36215","0","0","0","N","0","0","0","3","36215","0","","1","01","N","N","0","","0","0","1","0","0","","1623","0","3","0","0","0","0","0","1","0","3","N","","","","","","","","","","","","03","03","","N","N"
"1713","1","0","0","0","0","0","0","0","0","1","0","","36","06","2020","2020050039","3","40.0959","-76.1083","1708","08","0","0","0","0","0","0","0","0","","0","0","0","17","1","0","00","0","40 05:45.220","","00","76 06:30.034","0","0","0","0","36415","0","0","0","N","0","0","0","4","36415","0","","1","01","N","N","0","","0","0","0","0","0","","1705","0","2","0","0","0","0","0","1","1","2","N","","","","","","","","","","","","03","  ","","N","N"
"1408","2","0","0","0","0","0","0","0","0","1","0","","36","06","2020","2020050145","3","40.0412","-76.3902","1405","08","0","0","0","0","0","1","0","0","","0","0","0","14","1","0","01","0","40 02:28.220","","00","76 23:24.681","0","0","0","0","36214","0","0","0","N","0","0","0","5","36223","0","","1","01","N","N","0","","0","0","1","3","2","","1404","0","3","0","0","0","0","0","3","0","3","N","","","","","","","","","","","","04","04","","N",""
"0911","1","0","0","0","0","0","0","0","0","4","0","","36","06","2020","2020050166","6","40.0457","-76.3092","0908","08","0","0","0","0","0","0","0","0","","0","0","0","09","1","2","01","1","40 02:44.405","2","00","76 18:32.982","3","0","0","0","36301","0","0","0","N","0","0","0","3","36301","0","","1","01","N","N","0","","2","0","1","3","2","Y","0907","2","2","0","0","0","0","0","3","0","2","N","","","","","","","","","","","0955","03","03","","N","N"
"2146","1","0","0","0","0","0","0","0","0","98","0","","36","06","2020","2020050183","6","39.9823","-76.3233","2146","08","0","0","0","0","0","1","0","0","","0","0","0","21","2","0","00","0","39 58:56.334","","00","76 19:23.912","0","0","0","0","36228","0","0","0","N","0","0","0","1","36228","0","","1","01","N","N","0","","0","0","0","0","0","","2146","0","1","0","0","0","0","0","1","0","1","N","","","","","","","","","","","","03","  ","","",""
"1859","0","0","0","0","0","0","0","0","0","7","0","","36","05","2020","2020050201","7","40.1579","-76.0541","1836","08","0","0","0","0","0","1","0","0","","0","0","0","18","1","0","02","0","40 09:28.503","","00","76 03:14.619","9","0","0","1","36418","0","0","0","N","0","0","0","1","68J01","0","","4","01","N","N","0","","0","0","0","0","0","","1834","0","1","0","0","0","0","1","1","0","1","N","","","","","","","","","","","","03","03","","",""
"1406","0","0","0","0","0","0","0","0","0","4","0","","36","06","2020","2020050248","7","40.1587","-76.2079","1404","08","0","0","0","0","0","0","0","1","","0","0","0","14","1","1","01","2","40 09:31.183","3","00","76 12:28.335","3","0","0","0","36402","0","0","0","N","0","0","0","3","36402","0","","1","01","N","N","0","","1","0","2","0","0","Y","1404","1","2","0","0","0","0","0","2","0","2","N","","","","","","","","","","","1440","03","  ","","N","N"
"1901","1","0","0","0","0","0","0","0","0","4","0","","36","06","2020","2020050343","7","40.1216","-76.06","1856","08","0","0","0","1","0","0","0","0","","0","0","0","18","1","0","01","2","40 07:17.847","5","00","76 03:36.087","0","0","0","0","36213","0","0","0","N","0","0","0","4","36213","0","","1","01","N","N","1","","0","0","0","3","2","Y","1852","0","2","0","0","3","0","0","1","0","2","N","","","","","","","","","","","1953","03","03","","",""
"1928","1","0","0","0","0","0","0","0","0","7","0","","36","06","2020","2020050361","6","40.1629","-76.2996","1926","08","0","0","0","0","0","0","1","0","","0","0","0","19","1","0","00","1","40 09:46.480","1","00","76 17:58.660","0","0","0","0","36409","0","0","0","N","0","0","0","3","36409","0","","2","01","N","N","0","","0","0","0","0","0","Y","1925","0","1","0","0","0","0","0","3","0","1","N","","","","","","","","","","","2005","03","  ","","N","N"
"1631","0","0","0","0","0","0","0","0","0","4","0","","36","06","2020","2020050384","7","40.214","-76.1583","1627","08","0","0","0","0","0","2","0","0","","0","0","0","16","1","0","01","1","40 12:50.235","2","00","76 09:29.758","0","0","0","0","36236","0","0","0","N","0","0","0","4","36408","0","","1","01","N","N","1","","0","0","1","3","3","Y","1627","0","2","0","0","0","0","0","1","0","2","N","","","","","","","","","","","1700","03","  ","","",""
"1301","1","0","0","0","0","0","0","0","0","7","0","","36","06","2020","2020050423","1","40.0519","-76.2772","1301","08","0","0","0","1","0","0","0","0","","0","0","0","12","1","0","00","2","40 03:06.863","3","00","76 16:37.759","0","0","0","0","36301","0","0","0","N","0","0","0","1","36301","0","","2","01","N","N","0","","0","0","0","3","2","N","1222","0","1","0","0","0","0","0","3","0","1","N","","","","","","","","","","","1345","03","03","","N","N"
"1525","0","0","0","0","0","0","0","0","0","1","0","","36","06","2020","2020050480","5","40.0961","-76.1078","1512","08","0","0","0","0","0","1","0","0","","0","0","0","15","1","0","00","0","40 05:45.847","","00","76 06:28.217","0","0","0","0","36415","0","0","0","N","0","0","0","6","36415","0","","1","01","N","N","0","","0","0","3","0","0","","1511","0","3","0","0","0","0","0","1","0","3","N","","","","","","","","","","","","04","  ","","",""
"1111","2","0","0","0","0","0","0","0","0","4","0","","36","06","2020","2020050481","6","40.1026","-76.0971","1106","08","0","0","0","0","0","0","1","1","","0","0","0","11","1","0","01","0","40 06:09.478","","00","76 05:49.434","0","0","0","0","36415","0","0","0","N","0","0","0","2","36415","0","","1","01","N","N","0","","0","0","0","3","3","","1103","0","2","0","0","0","0","0","1","0","2","N","","","","","","","","","","","","03","03","","N",""
"1430","1","0","0","0","0","0","0","0","0","4","0","","36","06","2020","2020050482","6","40.1327","-76.0868","1426","08","0","0","0","0","0","0","1","1","","0","0","0","14","1","2","01","1","40 07:57.704","4","00","76 05:12.652","4","0","0","0","36209","0","0","0","N","0","0","0","6","36415","2","","1","01","N","N","0","","0","0","1","3","3","N","1425","2","2","0","0","0","0","0","1","0","2","N","","","","","","","","","","","1530","03","03","","N",""
"1425","1","0","0","0","0","0","0","0","0","2","0","","36","06","2020","2020050489","5","40.237","-76.0714","1415","08","0","0","0","0","0","1","0","0","","0","0","0","14","1","1","00","1","40 14:13.375","2","00","76 04:16.986","3","0","0","1","36401","0","0","0","N","0","0","0","3","36408","0","","1","01","N","N","0","","1","0","0","0","0","Y","1414","1","2","0","0","1","0","0","1","0","2","N","","","","","","","","","","","1435","03","  ","","N","N"
"2102","1","0","0","0","0","0","0","0","0","4","0","","36","06","2020","2020050586","2","40.0157","-76.3496","2101","08","0","0","0","0","1","0","0","0","","0","0","0","21","3","1","01","2","40 00:56.470","5","00","76 20:58.524","3","0","0","0","36412","0","0","0","N","0","0","0","3","36412","0","","1","01","N","N","0","","1","0","1","3","2","Y","2101","1","2","0","0","0","0","0","3","0","2","N","","","","","","","","","","","2152","03","  ","","",""
"0244","3","0","0","0","0","0","0","0","0","5","0","","36","06","2020","2020050610","7","40.0388","-76.3213","0237","08","0","0","0","0","0","0","0","0","","0","0","0","02","2","1","00","1","40 02:19.500","2","00","76 19:16.700","4","0","0","0","36301","0","0","0","N","0","0","0","1","36301","1","","4","01","N","N","0","","0","0","0","0","0","Y","0214","1","3","0","0","1","0","0","3","0","3","N","","","","","","","","","","","0327","03","03","","N","N"
"1913","1","0","0","0","0","0","0","0","0","7","0","","36","03","2020","2020050623","3","40.1896","-76.125","1906","08","0","0","0","0","0","0","0","0","","0","0","0","18","4","0","00","0","40 11:22.573","","00","76 07:29.924","9","0","0","0","36210","0","0","0","Y","0","0","0","1","36210","0","","3","01","N","N","0","","0","0","0","0","0","","1855","0","1","0","0","1","0","1","1","0","1","N","","","","","","","","","","","","03","  ","","N","N"
"0817","0","0","0","0","0","0","0","0","0","1","0","","36","06","2020","2020050624","7","40.2302","-76.082","0814","08","0","0","0","0","0","1","0","0","","0","0","0","08","1","0","00","0","40 13:48.668","","07","76 04:55.282","0","0","0","0","36210","0","0","0","N","0","0","0","2","36210","0","","1","09","N","N","1","","0","0","1","0","0","","0814","0","2","0","0","0","0","0","1","0","2","N","","","","","","","","","","","","04","  ","","N","N"
"1808","1","0","0","0","0","0","0","0","0","7","0","","36","06","2020","2020050625","5","40.2184","-76.1505","1803","08","0","0","0","0","0","0","0","0","","0","0","0","18","1","1","00","2","40 13:06.268","5","00","76 09:01.652","4","0","0","0","36210","0","0","0","N","0","0","0","1","36210","1","","2","09","N","N","0","","0","0","0","0","0","Y","1803","1","1","0","0","0","0","0","1","0","1","N","","","","","","","","","","","1835","07","  ","","",""
"1847","2","0","0","0","0","0","0","0","0","4","0","","36","06","2020","2020050635","6","40.0512","-76.3225","1842","08","0","0","0","0","0","1","0","0","","0","0","0","18","1","1","00","1","40 03:04.380","6","00","76 19:21.140","4","0","0","0","36101","0","0","0","N","0","0","0","3","36101","1","","1","01","N","N","0","","0","0","0","0","0","N","1841","1","2","0","0","0","0","0","3","0","2","N","","","","","","","","","","","1915","03","03","","",""
"0817","1","0","0","0","0","0","0","0","0","7","0","","36","06","2020","2020050636","7","40.1037","-76.2546","0812","08","0","0","0","1","0","0","0","0","","0","0","0","08","1","1","00","1","40 06:13.197","2","00","76 15:16.408","3","0","0","0","36101","0","0","0","N","0","0","0","3","36101","0","","3","09","N","N","0","","1","0","1","0","0","N","0811","1","2","0","0","1","0","0","3","0","2","N","","","","","","","","","","","0045","03","03","","N","N"
"1827","2","0","0","0","0","0","0","0","0","1","0","","36","06","2020","2020050637","7","40.0786","-76.3384","1821","08","0","1","1","0","0","0","0","0","","0","0","0","18","1","0","01","1","40 04:42.891","1","00","76 20:18.294","0","0","0","0","36101","0","0","0","N","0","0","0","4","36101","0","","1","01","N","N","0","","0","0","0","3","2","N","1817","0","2","0","0","0","0","0","3","0","2","N","","","","","","","","","","","1850","03","03","","N","N"
"1739","1","0","0","0","0","0","0","0","0","7","0","","36","06","2020","2020050638","1","40.0896","-76.3253","1734","08","0","0","0","0","0","0","0","0","","0","0","0","03","2","0","00","0","40 05:22.710","","00","76 19:31.220","0","0","0","0","36101","0","0","0","N","0","0","0","1","36101","0","","4","01","N","N","0","","0","0","0","0","0","","0300","0","1","0","0","0","0","0","3","0","1","N","","","","","","","","","","","","03","03","","",""
"0108","0","0","1","0","0","0","0","0","0","7","0","","36","06","2020","2020050639","7","40.0403","-76.3772","0106","08","0","0","0","0","0","0","0","0","","0","0","0","01","3","1","02","2","40 02:25.158","6","00","76 22:37.996","2","0","0","0","36214","0","0","0","N","0","0","0","1","36214","0","","4","01","N","N","0","","0","1","1","0","0","Y","0100","1","1","0","0","0","0","0","3","0","1","N","","","","","","","","","","","0200","03","  ","","N",""
"0120","1","0","0","0","0","0","0","0","0","5","0","","36","06","2020","2020050640","7","40.0403","-76.3772","0104","08","0","0","0","0","0","0","1","0","","0","0","0","01","3","1","00","2","40 02:25.121","6","00","76 22:37.756","8","0","0","0","36223","0","0","0","N","0","0","0","1","36214","0","","1","01","N","N","0","","0","0","1","0","0","N","0102","1","2","0","0","0","1","0","1","0","2","N","","","","","","","","","","","0230","04","  ","","Y","N"
"0226","1","0","0","0","0","0","0","0","0","7","0","","36","06","2020","2020050650","1","39.9943","-76.2949","0223","08","0","0","0","0","0","0","0","0","","0","0","0","02","3","0","02","1","39 59:39.653","4","00","76 17:41.664","9","0","0","0","36240","0","0","0","N","0","0","0","1","36240","0","","5","01","N","N","0","","0","0","0","3","3","N","0220","0","1","0","0","0","0","1","1","0","1","N","","","","","","","","","","","0245","03","  ","","",""
"1611","1","0","1","0","0","0","0","0","0","4","0","","36","06","2020","2020050667","1","40.0516","-76.3062","1610","08","0","0","0","0","0","0","0","0","","0","0","0","16","1","3","00","0","40 03:05.743","","00","76 18:22.376","2","0","0","0","36301","0","0","0","N","0","0","0","4","36301","0","","1","01","N","N","0","","2","1","1","0","0","","1608","3","2","0","0","0","0","0","3","0","2","N","","","","","","","","","","","","03","  ","","",""
"1711","0","0","0","1","0","1","0","0","0","4","0","","36","06","2020","2020050802","5","40.1109","-76.2803","1704","08","0","0","0","0","0","0","1","0","","0","0","0","17","1","1","02","1","40 06:39.223","6","00","76 16:48.936","2","0","0","0","36101","1","0","1","N","0","0","0","2","36101","0","","1","01","N","N","0","","0","1","1","0","0","N","1703","1","2","0","0","0","0","0","3","0","1","N","","","","","","","","","","","1730","03","03","","N",""
"1434","0","0","0","0","0","0","0","0","0","7","0","","36","06","2020","2020050803","1","40.2489","-76.2491","1429","08","0","0","0","0","0","1","0","0","","0","0","0","14","1","1","00","1","40 14:56.117","2","00","76 14:56.898","4","0","0","0","36204","0","0","0","N","0","0","0","1","36506","1","","5","01","N","N","0","","0","0","1","0","0","N","1426","1","1","0","0","0","0","0","1","0","1","N","","","","","","","","","","","1514","03","03","","",""
"0032","0","0","0","0","0","0","0","0","0","4","0","","36","06","2020","2020050804","2","40.2039","-76.3488","0032","08","0","0","2","0","0","0","0","0","","0","0","0","00","2","0","05","1","40 12:13.879","3","00","76 20:55.622","0","0","0","0","36217","0","0","0","N","0","0","0","2","36506","0","","1","01","N","N","1","","0","0","1","3","3","N","0032","0","2","0","0","0","0","0","1","0","2","N","","","","","","","","","","","0030","03","03","","N",""