"ARRIVAL_TM","AUTOMOBILE_COUNT","BELTED_DEATH_COUNT","BELTED_SUSP_SERIOUS_INJ_COUNT","BICYCLE_COUNT","BICYCLE_DEATH_COUNT","BICYCLE_SUSP_SERIOUS_INJ_COUNT","BUS_COUNT","CHLDPAS_DEATH_COUNT","CHLDPAS_SUSP_SERIOUS_INJ_COUNT","COLLISION_TYPE","COMM_VEH_COUNT","CONS_ZONE_SPD_LIM","COUNTY","CRASH_MONTH","CRASH_YEAR","CRN","DAY_OF_WEEK","DEC_LAT","DEC_LONG","DISPATCH_TM","DISTRICT","DRIVER_COUNT_16YR","DRIVER_COUNT_17YR","DRIVER_COUNT_18YR","DRIVER_COUNT_19YR","DRIVER_COUNT_20YR","DRIVER_COUNT_50_64YR","DRIVER_COUNT_65_74YR","DRIVER_COUNT_75PLUS","EST_HRS_CLOSED","FATAL_COUNT","HEAVY_TRUCK_COUNT","HORSE_BUGGY_COUNT","HOUR_OF_DAY","ILLUMINATION","INJURY_COUNT","INTERSECT_TYPE","LANE_CLOSED","LATITUDE","LN_CLOSE_DIR","LOCATION_TYPE","LONGITUDE","MAX_SEVERITY_LEVEL","MCYCLE_DEATH_COUNT","MCYCLE_SUSP_SERIOUS_INJ_COUNT","MOTORCYCLE_COUNT","MUNICIPALITY","NONMOTR_COUNT","NONMOTR_DEATH_COUNT","NONMOTR_SUSP_SERIOUS_INJ_COUNT","NTFY_HIWY_MAINT","PED_COUNT","PED_DEATH_COUNT","PED_SUSP_SERIOUS_INJ_COUNT","PERSON_COUNT","POLICE_AGCY","POSSIBLE_INJ_COUNT","RDWY_SURF_TYPE_CD","RELATION_TO_ROAD","ROAD_CONDITION","SCH_BUS_IND","SCH_ZONE_IND","SMALL_TRUCK_COUNT","SPEC_JURIS_CD","SUSP_MINOR_INJ_COUNT","SUSP_SERIOUS_INJ_COUNT","SUV_COUNT","TCD_FUNC_CD","TCD_TYPE","TFC_DETOUR_IND","TIME_OF_DAY","TOT_INJ_COUNT","TOTAL_UNITS","UNB_DEATH_COUNT","UNB_SUSP_SERIOUS_INJ_COUNT","UNBELTED_OCC_COUNT","UNK_INJ_DEG_COUNT","UNK_INJ_PER_COUNT","URBAN_RURAL","VAN_COUNT","VEHICLE_COUNT","WORK_ZONE_IND","WORK_ZONE_LOC","WORK_ZONE_TYPE","WORKERS_PRES","WZ_CLOSE_DETOUR","WZ_FLAGGER","WZ_LAW_OFFCR_IND","WZ_LN_CLOSURE","WZ_MOVING","WZ_OTHER","WZ_SHLDER_MDN","ROADWAY_CLEARED","WEATHER1","WEATHER2","WZ_WORKERS_INJ_KILLED","SECONDARY_CRASH","INTERSECTION_RELATED"
"1828","1","0","0","0","0","0","0","0","0","7","0","","36","06","2020","2020050844","1","40.2298","-76.4407","1813","08","0","0","0","0","0","0","0","0","","0","0","0","18","1","1","00","0","40 13:47.422","","00","76 26:26.352","8","0","0","0","36230","0","0","0","N","0","0","0","1","68T06","0","","4","01","N","N","0","","0","0","0","0","0","","1810","1","1","0","0","1","1","0","1","0","1","N","","","","","","","","","","","","03","03","","",""
"1428","1","0","0","0","0","0","0","0","0","1","0","","36","06","2020","2020050968","4","40.0775","-76.3378","1419","08","0","0","0","0","0","1","0","0","","0","0","0","14","1","1","06","0","40 04:39.201","","02","76 20:16.161","8","0","0","0","36101","0","0","0","N","0","0","0","2","36101","0","","7","01","N","N","0","","0","0","1","3","4","","1417","1","2","0","0","0","1","0","3","0","2","N","","","","","","","","","","","","03","03","","N",""
"1614","1","0","0","0","0","0","0","0","0","1","0","","36","06","2020","2020050969","5","40.0709","-76.3176","1607","08","0","0","0","0","0","2","0","0","","0","0","0","16","1","1","01","0","40 04:15.221","","00","76 19:03.325","4","0","0","0","36101","0","0","0","N","0","0","0","3","36101","1","","1","01","N","N","0","","0","0","0","3","4","","1605","1","2","0","0","0","0","0","3","1","2","N","","","","","","","","","","","","03","  ","","N","N"
"0006","1","0","0","0","0","0","0","0","0","7","0","","36","06","2020","2020050970","6","40.0468","-76.4856","0001","08","0","0","0","0","0","0","0","0","","0","0","0","23","3","0","00","1","40 02:48.460","4","00","76 29:08.200","0","0","0","0","36239","0","0","0","N","0","0","0","1","36239","0","","5","01","N","N","0","","0","0","0","0","0","N","2358","0","1","0","0","0","0","0","3","0","1","N","","","","","","","","","","","0051","03","03","","",""
"0851","2","0","0","0","0","0","0","0","0","1","0","","36","06","2020","2020050980","1","40.1645","-76.1555","0846","08","0","0","0","0","0","0","0","0","","0","0","0","08","1","0","00","0","40 09:52.036","","00","76 09:19.690","0","0","0","0","36218","0","0","0","N","0","0","0","2","36408","0","","1","01","N","N","0","","0","0","0","0","0","","0846","0","2","0","0","0","0","0","1","0","2","N","","","","","","","","","","","","03","03","","N","N"
"2005","0","0","0","0","0","0","0","0","0","4","0","","36","06","2020","2020051013","4","39.9828","-76.1788","2002","08","0","0","0","0","0","0","0","0","","0","0","0","20","1","0","00","0","39 58:58.227","","07","76 10:43.509","0","0","0","0","36417","0","0","0","N","0","0","0","2","36417","0","","1","01","N","N","1","","0","0","1","0","0","","2002","0","2","0","0","0","0","0","1","0","2","N","","","","","","","","","","","","03","03","","N","Y"
"1158","0","0","0","0","0","0","0","0","0","4","0","","36","06","2020","2020051125","7","39.9545","-76.2647","1158","08","0","0","0","0","0","0","1","0","","0","0","0","11","1","3","01","2","39 57:16.355","5","00","76 15:52.917","8","0","0","0","36228","0","0","0","N","0","0","0","4","36228","0","","1","01","N","N","1","","0","0","1","3","3","Y","1158","3","2","0","0","0","3","0","1","0","2","N","","","","","","","","","","","1255","03","  ","","N","N"
"1532","0","0","0","0","0","0","0","0","0","1","0","","36","06","2020","2020051149","7","40.0796","-76.2945","1523","08","0","0","0","0","0","0","0","0","","0","0","0","15","1","0","00","0","40 04:46.687","","00","76 17:40.311","0","0","0","0","36101","0","0","0","N","0","0","0","6","36101","0","","1","01","N","N","0","","0","0","2","0","0","","1520","0","2","0","0","0","0","0","3","0","2","N","","","","","","","","","","","","03","04","","",""
"1448","1","0","0","0","0","0","0","0","0","4","0","","36","06","2020","2020051150","4","40.0911","-76.3471","1444","08","0","0","0","0","0","0","0","2","","0","0","0","14","1","1","00","0","40 05:27.888","","00","76 20:49.400","4","0","0","0","36214","0","0","0","N","0","0","0","3","36214","1","","1","01","N","N","0","","0","0","1","0","0","","1441","1","2","0","0","0","0","0","3","0","2","N","","","","","","","","","","","","03","03","","N","N"
"0656","1","0","0","0","0","0","0","0","0","7","0","","36","06","2020","2020051151","5","40.058","-76.3652","0655","08","0","0","0","0","0","0","0","0","","0","0","0","06","1","0","00","0","40 03:28.807","","00","76 21:54.648","0","0","0","0","36214","0","0","0","N","0","0","0","1","36214","0","","5","01","N","N","0","","0","0","0","0","0","","0654","0","1","0","0","0","0","0","3","0","1","N","","","","","","","","","","","","03","  ","","",""
"1150","1","0","0","0","0","0","0","0","0","1","0","","36","06","2020","2020051152","3","40.0404","-76.2463","1148","08","0","0","0","0","0","0","0","1","","0","0","0","11","1","1","01","0","40 02:25.423","","00","76 14:46.653","8","0","0","0","36215","0","0","0","N","0","0","0","2","36215","0","","1","01","N","N","0","","0","0","1","3","2","","1148","1","2","0","0","0","1","0","1","0","2","N","","","","","","","","","","","","03","03","","N",""
"1707","0","0","0","0","0","0","0","0","0","1","0","","36","06","2020","2020051153","2","40.0976","-76.3529","1659","08","0","0","0","0","0","1","0","0","","0","0","0","16","1","0","01","0","40 05:51.516","","00","76 21:10.495","0","0","0","0","36406","0","0","0","N","0","0","0","2","36506","0","","1","01","N","N","0","","0","0","2","0","0","","1658","0","2","0","0","0","0","0","3","0","2","N","","","","","","","","","","","","03","03","","N",""
"1949","0","0","0","0","0","0","0","0","0","7","0","","36","06","2020","2020051268","3","40.0184","-76.2616","1943","08","0","0","0","0","0","1","0","0","","1","0","0","19","4","0","00","2","40 01:06.293","5","00","76 15:41.900","1","0","0","0","36240","0","0","0","Y","0","0","0","1","36240","0","2","4","01","N","N","0","0","0","0","1","0","0","Y","1940","0","1","1","0","1","0","0","1","0","1","N","","","","","","","","","","","2130","03","03","","N","N"
"0537","1","0","0","0","0","0","0","0","0","2","0","","36","06","2020","2020051310","3","40.0518","-76.3608","0533","08","0","0","0","1","0","0","0","0","","0","0","0","05","5","1","02","2","40 03:06.467","1","00","76 21:38.924","3","0","0","0","36214","0","0","0","N","0","0","0","2","36214","0","","1","01","N","N","0","","1","0","1","0","0","N","0530","1","2","0","0","0","0","0","3","0","2","N","","","","","","","","","","","0615","03","03","","",""
"1102","2","0","0","0","0","0","0","0","0","2","0","","36","06","2020","2020051344","1","40.0384","-76.3013","1100","08","0","0","0","0","0","0","0","0","","0","0","0","11","1","0","01","1","40 02:18.358","7","00","76 18:04.767","0","0","0","0","36301","0","0","0","N","0","0","0","4","36301","0","","1","01","N","N","0","","0","0","0","3","2","N","1100","0","2","0","0","0","0","0","3","0","2","N","","","","","","","","","","","1135","03","  ","","",""
"0808","1","0","0","0","0","0","0","0","0","7","0","","36","05","2020","2020051398","7","40.0567","-76.0452","0751","08","0","0","1","0","0","0","0","0","","0","0","0","05","5","0","00","0","40 03:24.220","","00","76 02:42.810","0","0","0","0","36232","0","0","0","N","0","0","0","1","68J01","0","","4","09","N","N","0","","0","0","0","0","0","","0555","0","1","0","0","0","0","0","1","0","1","N","","","","","","","","","","","","99","  ","","",""
"1108","1","0","0","0","0","0","0","0","0","4","0","","36","07","2020","2020051443","4","40.1694","-76.1979","1103","08","0","0","0","0","0","1","0","0","","0","0","0","11","1","0","00","0","40 10:09.773","","00","76 11:52.352","0","0","0","0","36408","0","0","0","N","0","0","0","5","36408","0","","1","01","N","N","0","","0","0","1","0","0","","1101","0","2","0","0","0","0","0","2","0","2","N","","","","","","","","","","","","03","  ","","N","N"
"1133","1","0","0","0","0","0","0","0","0","1","0","","36","06","2020","2020051490","2","40.0152","-76.156","1127","08","0","0","0","1","0","0","0","1","","0","0","0","11","1","0","00","2","40 00:54.660","3","00","76 09:21.538","0","0","0","0","36215","0","0","0","N","0","0","0","3","36215","0","","1","01","N","N","1","","0","0","1","0","0","N","1125","0","3","0","0","0","0","0","1","0","3","N","","","","","","","","","","","1216","03","03","","N","N"
"1934","1","0","0","0","0","0","0","0","0","7","0","","36","06","2020","2020051491","3","40.1832","-76.3731","1926","08","0","0","0","0","0","0","0","0","","0","0","0","19","4","0","00","0","40 10:59.440","","00","76 22:23.200","0","0","0","0","36227","0","0","0","N","0","0","0","1","36506","0","","2","01","N","N","0","","0","0","0","0","0","","1926","0","1","0","0","0","0","0","1","0","1","N","","","","","","","","","","","","03","03","","",""
"2122","0","0","0","0","0","0","0","0","0","5","0","","36","06","2020","2020051522","7","39.9835","-76.1307","2111","08","0","0","0","0","0","1","0","0","","0","0","1","21","4","1","00","2","39 59:00.488","6","00","76 07:50.476","3","0","0","1","36226","1","0","0","N","0","0","0","2","68J01","0","","1","01","N","N","0","","1","0","0","0","0","Y","2101","1","2","0","0","0","0","0","1","0","1","N","","","","","","","","","","","2133","03","  ","","N","N"
"1116","1","0","0","0","0","0","0","0","0","7","0","","36","06","2020","2020051539","3","39.9721","-75.9849","1105","08","0","0","1","0","0","0","0","0","","0","0","0","11","1","1","00","1","39 58:19.419","3","00","75 59:05.798","3","0","0","0","36231","0","0","0","N","0","0","0","1","68J01","0","","5","01","N","N","0","","1","0","0","0","0","Y","1102","1","1","0","0","0","0","0","1","0","1","N","","","","","","","","","","","1200","03","03","","",""
"2330","2","0","0","0","0","0","0","0","0","4","0","","36","07","2020","2020051604","4","40.035","-76.3005","2327","08","0","0","0","0","0","0","0","0","","0","0","0","23","3","0","02","1","40 02:06.100","3","00","76 18:01.767","0","0","0","0","36301","0","0","0","N","0","0","0","2","36301","0","","2","01","N","N","0","","0","0","0","0","0","N","2326","0","2","0","0","0","0","0","3","0","2","N","","","","","","","","","","","2352","03","  ","","",""
"1437","1","0","0","0","0","0","0","0","0","1","0","","36","07","2020","2020051640","4","39.9848","-76.2799","1432","08","0","0","0","0","0","1","1","0","","0","0","0","14","1","1","00","1","39 59:05.281","1","07","76 16:47.638","3","0","0","0","36240","0","0","0","N","0","0","0","3","36240","0","","1","01","N","N","0","","1","0","1","3","4","N","1428","1","2","0","0","0","0","0","1","0","2","N","","","","","","","","","","","1507","03","03","","N","N"
"1228","0","0","0","0","0","0","0","0","0","7","0","","36","06","2020","2020051642","1","40.1129","-76.5043","1226","08","0","0","0","1","0","0","0","0","","0","0","0","12","1","1","01","2","40 06:46.563","7","00","76 30:15.365","2","0","0","0","36413","0","0","0","N","0","0","0","1","36413","0","","4","01","N","N","1","","0","1","0","0","0","Y","1218","1","1","0","1","1","0","0","2","0","1","N","","","","","","","","","","","1417","03","  ","","N","N"
"0837","0","0","0","0","0","0","0","0","0","4","0","","36","06","2020","2020051657","3","40.0302","-76.293","0835","08","0","0","0","0","0","0","0","0","","0","0","0","08","1","0","01","0","40 01:48.723","","00","76 17:34.850","0","0","0","0","36301","0","0","0","N","0","0","0","2","36301","0","","1","01","N","Y","0","","0","0","2","3","3","N","0835","0","2","0","0","0","0","0","3","0","2","N","","","","","","","","","","","","03","  ","","N","N"
"1630","1","0","0","0","0","0","0","0","0","4","0","","36","07","2020","2020051762","4","40.1146","-76.245","1624","08","0","0","0","0","0","1","0","0","","0","0","0","16","1","0","02","2","40 06:52.583","2","00","76 14:41.992","0","0","0","0","36101","0","0","0","N","0","0","0","5","36101","0","","1","01","N","N","0","","0","0","1","0","0","Y","1621","0","2","0","0","0","0","0","3","0","2","N","","","","","","","","","","","1710","03","03","","",""
"1645","1","0","0","0","0","0","0","0","0","1","0","","36","07","2020","2020051763","4","40.0796","-76.2946","1642","08","1","0","0","0","0","0","0","0","","0","0","0","16","1","0","00","1","40 04:46.414","1","00","76 17:40.492","0","0","0","0","36101","0","0","0","N","0","0","0","2","36101","0","","1","01","N","N","0","","0","0","1","0","0","N","1637","0","2","0","0","0","0","0","3","0","2","N","","","","","","","","","","","0525","03","  ","","",""
"1614","0","0","0","0","0","0","0","0","0","7","0","","36","07","2020","2020051780","5","40.127","-76.0426","1610","08","0","0","0","0","0","0","0","1","","0","0","0","16","1","0","00","0","40 07:37.024","","00","76 02:33.508","0","0","0","0","36213","0","0","0","Y","0","0","0","2","36213","0","","5","01","N","N","1","","0","0","0","0","0","","1605","0","1","0","0","0","0","0","1","0","1","N","","","","","","","","","","","","03","03","","",""
"1054","2","0","0","0","0","0","0","0","0","4","0","","36","06","2020","2020051876","1","40.2137","-76.1264","1050","08","0","0","0","0","0","0","1","1","","0","0","0","10","1","3","01","1","40 12:49.356","1","00","76 07:35.127","3","0","0","0","36210","0","0","0","N","0","0","0","3","36210","0","","1","01","N","N","0","","3","0","0","3","2","N","1049","3","2","0","0","0","0","0","1","0","2","N","","","","","","","","","","","1134","03","  ","","N","N"
"1425","1","0","0","0","0","0","0","0","0","7","0","","36","06","2020","2020052006","6","40.1605","-76.578","1420","08","0","0","0","0","0","0","0","0","","0","0","0","14","1","0","00","1","40 09:37.967","4","00","76 34:40.647","0","0","0","0","36225","0","0","0","Y","0","0","0","2","36505","0","","3","09","N","N","0","","0","0","0","0","0","N","1418","0","1","0","0","0","0","0","2","0","1","N","","","","","","","","","","","1457","07","04","","N","N"
"0630","2","0","0","0","0","0","0","0","0","1","0","","36","06","2020","2020052007","6","40.1678","-76.609","0629","08","0","0","1","0","0","0","0","0","","0","0","0","06","5","0","00","0","40 10:03.930","","00","76 36:32.380","0","0","0","0","36225","0","0","0","N","0","0","0","1","36505","0","","2","01","N","N","0","","0","0","0","0","0","","0629","0","2","0","0","0","0","0","2","0","2","N","","","","","","","","","","","","03","03","","",""
"0043","1","0","0","0","0","0","0","0","0","7","0","","36","06","2020","2020052008","1","40.1559","-76.5724","0034","08","0","0","0","0","0","0","0","0","","0","0","0","00","2","0","00","0","40 09:21.362","","00","76 34:20.652","0","0","0","0","36225","0","0","0","N","0","0","0","2","36505","0","","1","01","N","N","0","","0","0","0","0","0","","0024","0","1","0","0","0","0","0","2","0","1","N","","","","","","","","","","","","03","03","","N","N"
"1827","4","0","0","0","0","0","0","0","0","1","0","","36","06","2020","2020052121","2","40.0404","-76.3132","1820","08","0","0","0","0","0","2","0","0","","0","0","0","18","1","1","01","0","40 02:25.530","","00","76 18:47.429","3","0","0","0","36301","0","0","0","N","0","0","0","4","36301","0","","1","01","N","N","0","","1","0","0","0","0","","1820","1","4","0","0","0","0","0","3","0","4","N","","","","","","","","","","","","03","03","","Y",""
"0045","1","0","0","0","0","0","0","0","0","7","0","","36","07","2020","2020052141","7","40.1857","-76.1329","0040","08","0","0","0","0","1","0","0","0","","0","0","0","00","2","1","00","0","40 11:08.571","","00","76 07:58.270","3","0","0","0","36218","0","0","0","N","0","0","0","1","36408","0","","5","09","N","N","0","","1","0","0","0","0","","0040","1","1","0","0","0","0","0","1","0","1","N","","","","","","","","","","","","04","  ","","",""
"0718","0","0","0","0","0","0","0","0","0","0","1","","36","06","2020","2020052157","2","40.0382","-76.4553","0714","08","0","0","0","0","0","0","0","0","","0","1","0","07","1","0","01","2","40 02:17.614","3","02","76 27:18.906","0","0","0","0","36239","0","0","0","N","0","0","0","1","36239","0","","1","01","N","N","0","","0","0","0","0","0","Y","0714","0","1","0","0","0","0","0","3","0","1","N","","","","","","","","","","","0855","03","03","","",""
"1524","0","0","0","0","0","0","0","0","0","7","0","","36","06","2020","2020052158","2","40.0311","-76.4557","1522","08","0","1","0","0","0","0","0","0","","0","0","0","15","1","0","00","2","40 01:51.960","6","00","76 27:20.600","0","0","0","0","36239","0","0","0","N","0","0","0","3","36239","0","","4","01","N","N","0","","0","0","1","9","9","Y","1522","0","1","0","0","0","0","0","3","0","1","N","","","","","","","","","","","1610","03","03","","N","N"
"1605","2","0","0","0","0","0","0","0","0","1","0","","36","06","2020","2020052168","5","40.2357","-76.0749","1605","08","0","0","0","1","0","0","0","0","","0","0","0","16","1","0","01","0","40 14:08.364","","00","76 04:29.791","0","0","0","0","36401","0","0","0","N","0","0","0","2","36408","0","","1","01","N","N","0","","0","0","0","0","0","","1605","0","2","0","0","0","0","0","1","0","2","N","","","","","","","","","","","","04","  ","","N","N"
"1449","2","0","0","0","0","0","0","0","0","4","0","","36","07","2020","2020052180","6","40.0422","-76.2957","1445","08","0","0","0","0","0","0","0","0","","0","0","0","14","1","0","01","1","40 02:32.089","3","00","76 17:44.343","0","0","0","0","36301","0","0","0","N","0","0","0","2","36301","0","","1","01","N","N","0","","0","0","0","3","3","N","1439","0","2","0","0","0","0","0","3","0","2","N","","","","","","","","","","","1554","03","  ","","N","N"
"1326","0","0","0","0","0","0","0","0","0","5","0","","36","06","2020","2020052271","3","40.0439","-76.286","1317","08","0","0","0","0","0","0","0","0","","0","0","0","13","1","1","03","0","40 02:37.925","","00","76 17:09.506","3","0","0","0","36101","0","0","0","N","0","0","0","2","36101","0","","1","01","N","N","1","","1","0","0","0","0","","1305","1","2","0","0","0","0","0","3","1","2","N","","","","","","","","","","","","03","03","","N",""
"1430","1","0","0","1","0","0","0","0","0","4","0","","36","07","2020","2020052328","6","40.1092","-76.499","1427","08","0","0","0","0","0","1","0","0","","0","0","0","14","1","1","01","0","40 06:33.286","","00","76 29:56.380","8","0","0","0","36413","1","0","0","N","0","0","0","2","36413","0","","1","01","N","N","0","","0","0","0","3","2","","1427","1","2","0","0","0","1","0","2","0","1","N","","","","","","","","","","","","03","  ","","",""
"2055","0","0","0","0","0","0","0","0","0","0","0","","36","07","2020","2020052342","6","40.0729","-76.4607","2045","08","0","0","0","0","0","0","0","0","","0","0","0","20","2","1","00","1","40 04:22.532","2","00","76 27:38.369","3","0","0","0","36239","0","0","0","N","0","0","0","1","36239","0","","5","09","N","N","0","","1","0","1","0","0","N","2045","1","1","0","0","0","0","0","3","0","1","N","","","","","","","","","","","2130","07","  ","","N","N"
"1248","1","0","0","0","0","0","0","0","0","0","0","","36","07","2020","2020052369","7","40.1174","-76.6963","1240","08","0","0","0","0","0","0","0","0","","0","0","0","12","1","0","00","0","40 07:02.682","","00","76 41:46.602","0","0","0","0","36207","0","0","0","N","0","0","0","3","36504","0","","5","01","N","N","0","","0","0","0","0","0","","1240","0","1","0","0","1","0","0","1","0","1","N","","","","","","","","","","","","03","03","","",""
"2206","1","0","0","0","0","0","0","0","0","7","0","","36","07","2020","2020052431","7","39.9951","-76.4342","2203","08","0","0","1","0","0","0","0","0","","0","0","0","21","2","1","00","2","39 59:42.420","6","00","76 26:03.210","8","0","0","0","36223","0","0","0","N","0","0","0","1","36223","0","","2","01","N","N","0","","0","0","0","0","0","Y","2159","1","1","0","0","0","1","0","1","0","1","N","","","","","","","","","","","2324","03","03","","",""
"1447","0","0","0","0","0","0","0","0","0","1","0","","36","07","2020","2020052491","5","40.0012","-76.292","1442","08","0","0","1","0","0","0","0","0","","0","0","0","14","1","0","02","0","40 00:04.393","","00","76 17:31.313","0","0","0","0","36240","0","0","0","N","0","0","0","9","36240","0","","1","01","N","N","0","","0","0","3","0","0","","1440","0","3","0","0","0","0","0","1","0","3","N","","","","","","","","","","","","03","  ","","N",""
"1504","1","0","0","0","0","0","0","0","0","7","0","","36","07","2020","2020052498","1","40.0247","-76.2569","1457","08","0","0","0","0","0","0","0","0","","0","0","0","14","1","0","00","0","40 01:29.091","","00","76 15:24.849","0","0","0","0","36240","0","0","0","N","0","0","0","1","36240","0","","5","01","N","N","0","","0","0","0","0","0","","1456","0","1","0","0","0","0","0","1","0","1","N","","","","","","","","","","","","03","  ","","",""
"1817","3","0","0","0","0","0","0","0","0","5","0","","36","06","2020","2020052519","2","40.0372","-76.3127","1813","08","0","0","0","0","0","0","1","0","","0","0","0","18","1","0","00","1","40 02:13.966","3","00","76 18:45.748","0","0","0","0","36301","0","0","0","N","0","0","0","1","36301","0","","4","01","N","N","0","","0","0","2","0","0","Y","1811","0","5","0","0","0","0","0","3","0","5","N","","","","","","","","","","","1911","03","03","","",""
"0248","0","0","0","0","0","0","0","0","0","4","0","","36","07","2020","2020052524","7","40.0488","-76.3077","0246","08","0","0","0","0","0","0","0","0","","0","0","0","02","3","0","01","1","40 02:55.795","1","00","76 18:27.890","0","0","0","0","36301","0","0","0","N","0","0","0","3","36301","0","","1","01","N","N","0","","0","0","3","0","0","N","0246","0","3","0","0","0","0","0","3","0","3","N","","","","","","","","","","","0406","03","03","","",""
"0821","1","0","0","0","0","0","0","0","0","4","1","","36","07","2020","2020052594","2","40.0668","-76.6001","0818","08","0","0","0","0","0","0","0","0","","0","1","0","08","1","0","01","2","40 04:00.304","7","00","76 36:00.485","0","0","0","0","36211","0","0","0","N","0","0","0","4","36504","0","","1","01","N","N","0","","0","0","0","3","3","Y","0810","0","2","0","0","0","0","0","1","0","2","N","","","","","","","","","","","0953","03","  ","","",""
"2150","1","0","0","0","0","0","0","0","0","1","0","","36","06","2020","2020052702","6","40.0825","-76.36","2139","08","0","0","0","0","0","2","0","0","","0","0","0","21","2","1","00","2","40 04:56.880","3","00","76 21:35.847","3","0","0","1","36214","0","0","0","N","0","0","0","3","36214","0","","1","01","N","N","1","","1","0","0","0","0","Y","2138","1","3","0","0","0","0","0","3","0","3","N","","","","","","","","","","","0022","03","03","","N","N"
"1356","1","0","0","0","0","0","0","0","0","1","1","","36","06","2020","2020052703","6","40.0166","-76.1633","1354","08","0","0","0","0","1","0","0","0","","0","1","0","13","1","1","00","2","40 00:59.788","4","00","76 09:47.799","3","0","0","0","36215","0","0","0","N","0","0","0","3","36215","0","","1","01","N","N","0","","1","0","0","0","0","N","1353","1","2","0","0","0","0","0","1","0","2","N","","","","","","","","","","","1429","03","03","","",""
"0523","1","0","0","0","0","0","0","0","0","4","0","","36","06","2020","2020052704","6","40.0378","-76.2707","0514","08","0","0","0","0","0","2","0","0","","0","0","0","05","5","0","03","1","40 02:16.133","4","00","76 16:14.672","0","0","0","0","36215","0","0","0","N","0","0","0","2","36215","0","","1","01","N","N","1","","0","0","0","3","2","N","0514","0","2","0","0","0","0","0","1","0","2","N","","","","","","","","","","","0030","03","03","","N",""
"1544","1","0","0","0","0","0","0","0","0","4","0","","36","06","2020","2020052705","3","40.0153","-76.1567","1541","08","0","0","0","0","0","1","0","0","","0","0","0","15","1","1","00","2","40 00:55.166","4","00","76 09:24.133","3","0","0","0","36215","0","0","0","N","0","0","0","2","36215","0","","1","01","N","N","1","","1","0","0","0","0","N","1539","1","2","0","0","0","0","0","1","0","2","N","","","","","","","","","","","1600","03","03","","",""
"1245","4","0","0","0","0","0","0","0","0","1","0","","36","07","2020","2020052706","6","40.0292","-76.2281","1242","08","0","0","0","1","0","0","1","1","","0","0","0","12","1","1","01","1","40 01:45.621","4","00","76 13:41.370","3","0","0","0","36215","0","0","0","N","0","0","0","4","36215","0","","1","01","N","N","0","","1","0","0","3","2","N","1239","1","4","0","0","0","0","0","1","0","4","N","","","","","","","","","","","1330","03","03","","",""
"1355","0","0","0","0","0","0","0","0","0","7","0","","36","07","2020","2020052707","4","40.0395","-76.3631","1349","08","0","0","0","0","0","0","1","0","","0","0","0","13","1","0","00","0","40 02:22.131","","07","76 21:47.270","0","0","0","0","36223","0","0","0","N","0","0","0","1","36223","0","","5","01","N","N","0","","0","0","1","0","0","","1346","0","1","0","0","1","0","0","1","0","1","N","","","","","","","","","","","","03","03","","",""
"2221","1","0","0","0","0","0","0","0","0","5","0","","36","06","2020","2020052708","6","40.1016","-76.0875","2220","08","0","0","0","0","0","0","0","0","","0","0","0","22","3","0","00","0","40 06:05.930","","00","76 05:14.890","0","0","0","0","36415","0","0","0","N","0","0","0","1","36415","0","","6","01","N","N","0","","0","0","2","0","0","","2220","0","3","0","0","0","0","0","1","0","3","N","","","","","","","","","","","","03","03","","N","N"
"1345","0","0","0","0","0","0","0","0","0","1","0","","36","06","2020","2020052709","2","40.0833","-76.0993","1340","08","0","0","0","0","0","0","1","0","","0","0","0","13","1","1","03","0","40 04:59.725","","00","76 05:57.609","4","0","0","0","36209","0","0","0","N","0","0","0","2","36415","1","","1","01","N","N","1","","0","0","1","0","0","","1340","1","2","0","0","0","0","0","1","0","2","N","","","","","","","","","","","","03","  ","","N",""
"1833","1","0","0","0","0","0","0","0","0","1","0","","36","07","2020","2020052846","4","40.2431","-76.1525","1816","08","0","0","0","0","0","1","0","0","","0","0","0","18","1","2","00","2","40 14:35.322","4","00","76 09:09.172","8","0","0","0","36236","0","0","0","N","0","0","0","3","68T06","0","","1","01","N","N","0","","0","0","1","0","0","N","1816","2","2","0","0","0","2","0","1","0","2","N","","","","","","","","","","","1850","03","  ","","",""
"2040","1","0","0","0","0","0","0","0","0","7","0","","36","07","2020","2020052863","6","40.1739","-75.9441","2032","08","0","0","0","0","0","0","0","0","","0","0","0","20","4","1","00","0","40 10:26.137","","00","75 56:38.736","3","0","0","0","36203","0","0","0","Y","0","0","0","1","68T06","0","","2","09","N","N","0","","1","0","0","0","0","","2032","1","1","0","0","0","0","0","1","0","1","N","","","","","","","","","","","","07","  ","","",""
"1406","0","0","0","0","0","0","0","0","0","1","0","","36","07","2020","2020052909","5","40.0643","-76.3415","1356","08","0","0","0","0","0","1","0","0","","0","0","0","13","1","1","00","1","40 03:51.359","3","00","76 20:29.463","3","0","0","0","36101","0","0","0","N","0","0","0","2","36101","0","","1","01","N","N","0","","1","0","2","0","0","N","1354","1","2","0","0","0","0","0","3","0","2","N","","","","","","","","","","","0100","03","03","","N","Y"
"1518","0","0","0","0","0","0","0","0","0","0","0","","36","07","2020","2020052930","2","40.0491","-76.3057","1505","08","0","0","0","0","0","0","0","0","","0","0","0","15","1","1","01","0","40 02:56.626","","00","76 18:20.639","3","0","0","1","36301","0","0","0","N","0","0","0","1","36301","0","","1","01","N","N","0","","1","0","0","3","3","N","1503","1","2","0","0","0","0","0","3","0","1","N","","","","","","","","","","","","03","  ","","N","N"