"ARRIVAL_TM","AUTOMOBILE_COUNT","BELTED_DEATH_COUNT","BELTED_SUSP_SERIOUS_INJ_COUNT","BICYCLE_COUNT","BICYCLE_DEATH_COUNT","BICYCLE_SUSP_SERIOUS_INJ_COUNT","BUS_COUNT","CHLDPAS_DEATH_COUNT","CHLDPAS_SUSP_SERIOUS_INJ_COUNT","COLLISION_TYPE","COMM_VEH_COUNT","CONS_ZONE_SPD_LIM","COUNTY","CRASH_MONTH","CRASH_YEAR","CRN","DAY_OF_WEEK","DEC_LAT","DEC_LONG","DISPATCH_TM","DISTRICT","DRIVER_COUNT_16YR","DRIVER_COUNT_17YR","DRIVER_COUNT_18YR","DRIVER_COUNT_19YR","DRIVER_COUNT_20YR","DRIVER_COUNT_50_64YR","DRIVER_COUNT_65_74YR","DRIVER_COUNT_75PLUS","EST_HRS_CLOSED","FATAL_COUNT","HEAVY_TRUCK_COUNT","HORSE_BUGGY_COUNT","HOUR_OF_DAY","ILLUMINATION","INJURY_COUNT","INTERSECT_TYPE","LANE_CLOSED","LATITUDE","LN_CLOSE_DIR","LOCATION_TYPE","LONGITUDE","MAX_SEVERITY_LEVEL","MCYCLE_DEATH_COUNT","MCYCLE_SUSP_SERIOUS_INJ_COUNT","MOTORCYCLE_COUNT","MUNICIPALITY","NONMOTR_COUNT","NONMOTR_DEATH_COUNT","NONMOTR_SUSP_SERIOUS_INJ_COUNT","NTFY_HIWY_MAINT","PED_COUNT","PED_DEATH_COUNT","PED_SUSP_SERIOUS_INJ_COUNT","PERSON_COUNT","POLICE_AGCY","POSSIBLE_INJ_COUNT","RDWY_SURF_TYPE_CD","RELATION_TO_ROAD","ROAD_CONDITION","SCH_BUS_IND","SCH_ZONE_IND","SMALL_TRUCK_COUNT","SPEC_JURIS_CD","SUSP_MINOR_INJ_COUNT","SUSP_SERIOUS_INJ_COUNT","SUV_COUNT","TCD_FUNC_CD","TCD_TYPE","TFC_DETOUR_IND","TIME_OF_DAY","TOT_INJ_COUNT","TOTAL_UNITS","UNB_DEATH_COUNT","UNB_SUSP_SERIOUS_INJ_COUNT","UNBELTED_OCC_COUNT","UNK_INJ_DEG_COUNT","UNK_INJ_PER_COUNT","URBAN_RURAL","VAN_COUNT","VEHICLE_COUNT","WORK_ZONE_IND","WORK_ZONE_LOC","WORK_ZONE_TYPE","WORKERS_PRES","WZ_CLOSE_DETOUR","WZ_FLAGGER","WZ_LAW_OFFCR_IND","WZ_LN_CLOSURE","WZ_MOVING","WZ_OTHER","WZ_SHLDER_MDN","ROADWAY_CLEARED","WEATHER1","WEATHER2","WZ_WORKERS_INJ_KILLED","SECONDARY_CRASH","INTERSECTION_RELATED"
"1636","1","0","0","0","0","0","0","0","0","1","0","","36","07","2020","2020052933","5","40.063","-76.545","1635","08","1","0","0","0","0","0","0","0","","0","1","0","16","1","0","00","1","40 03:46.642","2","00","76 32:42.089","0","0","0","0","36211","0","0","0","N","0","0","0","2","36504","0","","1","01","N","N","0","","0","0","0","0","0","N","1633","0","2","0","0","1","0","0","1","0","2","N","","","","","","","","","","","1707","03","03","","N","N"
"1621","1","0","0","0","0","0","0","0","0","4","0","","36","07","2020","2020052976","2","40.0493","-76.2951","1610","08","0","0","0","0","0","0","0","0","","0","0","0","16","1","0","01","0","40 02:57.379","","00","76 17:42.226","0","0","0","0","36301","0","0","0","N","0","0","0","2","36301","0","","1","01","N","N","0","","0","0","1","0","0","","1607","0","2","0","0","2","0","0","3","0","2","N","","","","","","","","","","","","03","03","","",""
"1537","1","0","0","0","0","0","0","0","0","7","0","","36","06","2020","2020053122","6","40.0342","-76.2267","1533","08","0","0","0","0","0","0","0","0","","0","0","0","15","1","0","00","1","40 02:03.200","4","00","76 13:35.990","0","0","0","0","36215","0","0","0","N","0","0","0","1","36215","0","","2","01","N","N","0","","0","0","0","0","0","N","1530","0","1","0","0","0","0","0","1","0","1","N","","","","","","","","","","","1645","03","03","","N","N"
"0405","1","0","0","0","0","0","0","0","0","7","0","","36","07","2020","2020053123","4","40.1767","-76.3442","0405","08","0","0","0","0","0","0","0","0","","0","0","0","04","6","0","00","0","40 10:36.178","","00","76 20:39.099","0","0","0","0","36227","0","0","0","N","0","0","0","1","36506","0","","4","01","N","N","0","","0","0","0","0","0","","0405","0","1","0","0","0","0","0","1","0","1","N","","","","","","","","","","","","03","  ","","",""
"1805","2","0","0","0","0","0","0","0","0","4","0","","36","07","2020","2020053124","7","40.1518","-76.2429","1755","08","1","0","0","0","0","0","0","0","","0","0","0","17","1","0","02","2","40 09:06.572","6","07","76 14:34.409","0","0","0","0","36235","0","0","0","N","0","0","0","5","36506","0","","1","01","N","N","0","","0","0","0","0","0","Y","1755","0","2","0","0","0","0","0","1","0","2","N","","","","","","","","","","","1907","03","  ","","N",""
"2121","1","0","0","0","0","0","0","0","0","7","0","","36","07","2020","2020053125","1","40.1831","-76.2613","2113","08","0","1","0","0","0","0","0","0","","0","0","0","21","2","1","00","2","40 10:59.157","6","00","76 15:40.740","3","0","0","0","36204","0","0","0","N","0","0","0","1","36506","0","","4","01","N","N","0","","1","0","0","0","0","Y","2113","1","1","0","0","0","0","0","1","0","1","N","","","","","","","","","","","2228","03","  ","","",""
"1728","2","0","0","0","0","0","0","0","0","1","0","","36","06","2020","2020053144","7","40.1794","-76.1826","1728","08","0","0","0","0","0","0","1","0","","0","0","0","17","1","0","00","0","40 10:45.800","","00","76 10:57.400","0","0","0","0","36408","0","0","0","N","0","0","0","1","36408","0","","1","01","N","N","0","","0","0","0","0","0","","1728","0","2","0","0","0","0","0","2","0","2","N","","","","","","","","","","","","03","  ","","N","N"
"1745","1","0","0","0","0","0","0","0","0","1","0","","36","07","2020","2020053290","3","40.1768","-76.1825","1742","08","0","0","0","1","0","0","0","0","","0","0","0","17","1","0","01","0","40 10:36.429","","00","76 10:56.820","0","0","0","0","36408","0","0","0","N","0","0","0","2","36408","0","","1","01","N","N","0","","0","0","1","0","0","","1742","0","2","0","0","1","0","0","2","0","2","N","","","","","","","","","","","","03","  ","","N",""
"1225","2","0","0","0","0","0","0","0","0","5","0","","36","07","2020","2020053308","1","40.2157","-76.1545","1222","08","0","0","0","0","0","0","0","0","","0","0","0","12","1","0","00","0","40 12:56.571","","00","76 09:16.355","0","0","0","0","36210","0","0","0","N","0","0","0","5","36210","0","","1","01","N","N","0","","0","0","0","0","0","","1222","0","2","0","0","0","0","0","1","0","2","N","","","","","","","","","","","","03","  ","","Y","N"
"2137","0","0","0","0","0","0","0","0","0","7","0","","36","07","2020","2020053309","4","40.2596","-76.105","2132","08","0","0","0","0","0","0","0","0","","0","0","0","21","2","1","02","1","40 15:34.408","2","00","76 06:17.845","3","0","0","0","36210","0","0","0","N","0","0","0","2","36210","0","","1","01","N","N","1","","1","0","0","0","0","N","2132","1","1","0","0","2","0","0","1","0","1","N","","","","","","","","","","","2146","03","  ","","N","N"
"0420","1","0","0","0","0","0","0","0","0","7","0","","36","06","2020","2020053319","2","40.056","-76.3538","0415","08","0","0","0","0","0","0","0","0","","0","0","0","04","2","0","00","1","40 03:21.450","1","00","76 21:13.690","9","0","0","0","36214","0","0","0","N","0","0","0","2","36214","0","","2","01","N","N","0","","0","0","0","0","0","N","0400","0","1","0","0","0","0","1","3","0","1","N","","","","","","","","","","","0500","03","  ","","N","N"
"1226","1","0","0","0","0","0","0","0","0","4","0","","36","07","2020","2020053329","6","40.04","-76.3016","1226","08","0","0","0","0","0","2","0","0","","0","0","0","12","1","0","01","1","40 02:24.019","1","00","76 18:05.911","0","0","0","0","36301","0","0","0","N","0","0","0","2","36301","0","","1","01","N","N","0","","0","0","1","3","2","Y","1226","0","2","0","0","0","0","0","3","0","2","N","","","","","","","","","","","1310","03","03","","",""
"1802","0","0","0","0","0","0","0","0","0","4","0","","36","07","2020","2020053469","4","40.0258","-76.2062","1756","08","0","0","0","1","0","0","0","0","","0","0","0","17","1","0","02","0","40 01:33.000","","00","76 12:22.400","0","0","0","0","36215","0","0","0","N","0","0","0","2","36215","0","","1","01","N","N","1","","0","0","1","0","0","","1754","0","2","0","0","0","0","0","1","0","2","N","","","","","","","","","","","","03","03","","N",""
"2208","2","0","0","0","0","0","0","0","0","1","0","","36","07","2020","2020053593","3","40.0398","-76.3039","2204","08","0","0","0","0","0","1","1","0","","0","0","0","22","3","0","01","1","40 02:23.157","2","00","76 18:14.090","0","0","0","0","36301","0","0","0","N","0","0","0","2","36301","0","","1","01","N","N","0","","0","0","0","0","0","Y","2202","0","2","0","0","0","0","0","3","0","2","N","","","","","","","","","","","2245","03","03","","",""
"2259","0","0","0","0","0","0","0","0","0","0","0","","36","07","2020","2020053615","7","40.0306","-76.3064","2257","08","0","0","0","0","0","0","0","0","","0","0","0","22","3","2","00","0","40 01:50.195","","00","76 18:22.981","2","0","1","1","36301","0","0","0","N","0","0","0","2","36301","0","","1","01","N","N","0","","1","1","0","0","0","","2255","2","1","0","0","0","0","0","3","0","1","N","","","","","","","","","","","","03","03","","N","N"
"1947","1","0","0","0","0","0","0","0","0","1","0","","36","05","2020","2020053622","7","40.1982","-76.2032","1943","08","0","0","0","0","0","0","0","0","","0","0","0","19","1","1","03","1","40 11:53.672","4","00","76 12:11.357","3","0","0","0","36408","0","0","0","N","0","0","0","5","36408","0","","1","01","N","N","0","","1","0","0","0","0","N","1943","1","3","0","0","0","0","0","2","2","3","N","","","","","","","","","","","2015","03","  ","","N","N"
"1033","1","0","0","0","0","0","0","0","0","7","0","","36","05","2020","2020053624","1","40.2856","-76.1689","1021","08","0","0","0","0","1","0","0","0","","0","0","0","10","1","0","00","2","40 17:08.209","5","00","76 10:08.219","0","0","0","0","36236","0","0","0","N","0","0","0","1","36408","0","","5","01","N","N","0","","0","0","0","0","0","N","1021","0","1","0","0","0","0","0","1","0","1","N","","","","","","","","","","","1200","03","  ","","",""
"2112","2","0","0","0","0","0","0","0","0","8","0","","36","06","2020","2020053632","6","40.0299","-76.3227","2106","08","0","0","0","0","0","0","0","0","","0","0","0","21","3","2","00","2","40 01:47.677","6","00","76 19:21.577","2","0","0","0","36301","1","0","1","N","1","0","1","2","36301","0","","4","01","N","N","1","","1","1","0","0","0","Y","2105","2","5","0","0","0","0","0","3","1","4","N","","","","","","","","","","","0015","03","03","","N","N"
"1843","1","0","0","0","0","0","0","0","0","4","0","","36","07","2020","2020053641","7","40.0709","-76.3176","1837","08","0","0","0","0","0","0","0","0","","0","0","0","18","1","0","01","0","40 04:15.221","","00","76 19:03.325","0","0","0","0","36101","0","0","0","N","0","0","0","3","36101","0","","1","01","N","N","1","","0","0","0","3","2","","1834","0","2","0","0","0","0","0","3","0","2","N","","","","","","","","","","","","03","03","","N",""
"1953","1","0","0","0","0","0","0","0","0","7","0","","36","07","2020","2020053642","7","40.0629","-76.3234","1949","08","0","0","0","0","0","0","0","0","","0","0","0","19","1","0","00","1","40 03:46.341","1","00","76 19:24.309","0","0","0","0","36101","0","0","0","N","0","0","0","1","36101","0","","5","01","N","N","0","","0","0","0","0","0","N","1930","0","1","0","0","0","0","0","3","0","1","N","","","","","","","","","","","0030","03","  ","","",""
"1218","1","0","0","0","0","0","0","0","0","1","0","","36","07","2020","2020053664","4","40.158","-76.1991","1216","08","0","0","0","0","0","1","0","0","","0","0","0","12","1","1","00","1","40 09:28.900","2","00","76 11:56.700","8","0","0","0","36402","0","0","0","N","0","0","0","1","36402","0","","1","01","N","N","1","","0","0","0","0","0","N","1216","1","2","0","0","0","1","0","2","0","2","N","","","","","","","","","","","1245","03","  ","","N","N"
"1721","2","0","0","0","0","0","0","0","0","4","0","","36","07","2020","2020053667","1","40.0346","-76.3072","1717","08","0","0","0","0","0","0","0","0","","0","0","0","17","1","1","01","2","40 02:04.495","2","00","76 18:25.758","3","0","0","0","36301","0","0","0","N","0","0","0","3","36301","0","","1","01","N","N","0","","1","0","0","3","3","Y","1716","1","2","0","0","0","0","0","3","0","2","N","","","","","","","","","","","1816","03","03","","",""
"0913","1","0","0","0","0","0","0","0","0","7","0","","36","06","2020","2020053670","3","40.044","-76.3106","0913","08","0","0","0","0","0","1","0","0","","0","0","0","09","1","1","02","0","40 02:38.241","","00","76 18:38.080","3","0","0","0","36301","0","0","0","N","0","0","0","3","36301","0","","5","01","N","N","0","","1","0","0","3","3","","0909","1","1","0","0","0","0","0","3","0","1","N","","","","","","","","","","","","03","  ","","",""
"0414","1","0","0","0","0","0","0","0","0","8","0","","36","06","2020","2020053678","5","40.0314","-76.4816","0414","08","0","0","0","0","0","0","0","0","","0","0","0","04","3","1","01","0","40 01:53.017","","00","76 28:53.643","3","0","0","0","36239","1","0","0","N","1","0","0","2","36404","0","","1","01","N","N","0","","1","0","0","3","2","","0414","1","2","0","0","0","0","0","3","0","1","N","","","","","","","","","","","","03","  ","","N",""
"0957","2","0","0","0","0","0","0","0","0","4","0","","36","07","2020","2020053680","1","40.0519","-76.2994","0953","08","0","0","0","0","0","0","0","1","","0","0","0","09","1","0","01","0","40 03:06.958","","00","76 17:58.001","0","0","0","0","36301","0","0","0","N","0","0","0","4","36301","0","","1","01","N","N","0","","0","0","0","3","2","","0952","0","2","0","0","0","0","0","3","0","2","N","","","","","","","","","","","","03","  ","","",""
"1200","0","0","0","0","0","0","0","0","0","5","0","","36","07","2020","2020053681","6","40.0666","-76.3155","1152","08","0","0","0","0","0","1","0","1","","0","0","0","11","1","1","00","1","40 03:59.903","2","00","76 18:55.666","3","0","0","0","36301","0","0","0","N","0","0","0","3","36301","0","","1","01","N","N","0","","1","0","1","0","0","N","1152","1","2","0","0","0","0","0","3","1","2","N","","","","","","","","","","","1230","03","03","","N","N"
"1215","1","0","0","0","0","0","0","0","0","7","0","","36","07","2020","2020053781","3","39.9492","-76.3044","1149","08","0","0","0","0","0","0","0","0","","0","0","0","11","1","1","00","1","39 56:57.086","5","00","76 18:15.895","3","0","0","0","36228","0","0","0","N","0","0","0","2","36228","0","","4","01","N","N","0","","1","0","0","0","0","N","1149","1","1","0","0","2","0","0","1","0","1","N","","","","","","","","","","","1300","03","  ","","N","N"
"1745","2","0","0","0","0","0","0","0","0","7","0","","36","06","2020","2020053793","5","40.0245","-76.3309","1743","08","0","0","0","0","0","1","0","0","","0","0","0","17","1","1","02","2","40 01:28.028","7","00","76 19:51.268","4","0","0","0","36220","0","0","0","N","0","0","0","2","36101","1","","2","09","N","N","0","","0","0","0","0","0","Y","1742","1","2","0","0","0","0","0","3","0","2","N","","","","","","","","","","","1830","07","07","","N",""
"1742","3","0","0","0","0","0","0","0","0","1","0","","36","07","2020","2020053794","6","40.0853","-76.3284","1722","08","0","0","0","1","1","0","0","0","","0","0","0","17","1","0","00","0","40 05:07.014","","00","76 19:42.076","0","0","0","0","36101","0","0","0","N","0","0","0","4","36101","0","","1","01","N","N","1","","0","0","0","0","0","","1710","0","4","0","0","0","0","0","3","0","4","N","","","","","","","","","","","","03","  ","","N","N"
"2030","0","0","0","0","0","0","0","0","0","7","0","","36","07","2020","2020053795","6","40.1004","-76.3072","2025","08","0","0","0","0","0","0","0","0","","0","0","0","20","4","1","00","0","40 06:01.400","","00","76 18:25.900","8","0","0","0","36101","0","0","0","N","0","0","0","2","36101","0","","4","01","N","N","0","","0","0","0","0","0","","2022","1","1","0","0","0","1","1","3","1","1","N","","","","","","","","","","","","03","03","","N","N"
"1350","1","0","0","0","0","0","0","0","0","1","0","","36","06","2020","2020053796","1","40.0176","-76.1684","1346","08","0","0","0","0","0","0","0","0","","0","0","0","13","1","1","00","1","40 01:03.491","3","00","76 10:06.308","3","0","0","0","36215","0","0","0","N","0","0","0","8","36215","0","","1","01","N","N","0","","1","0","1","0","0","N","1343","1","2","0","0","0","0","0","1","0","2","N","","","","","","","","","","","0100","03","03","","",""
"1636","3","0","0","0","0","0","0","0","0","4","0","","36","07","2020","2020053817","4","40.0156","-76.26","1634","08","0","0","0","0","0","0","0","0","","0","0","0","16","1","1","01","1","40 00:56.002","4","00","76 15:35.886","3","0","0","0","36240","0","0","0","N","0","0","0","4","36240","0","","1","01","N","N","0","","1","0","0","3","2","N","1630","1","3","0","0","1","0","0","1","0","3","N","","","","","","","","","","","1725","04","04","","",""
"2242","2","0","0","0","0","0","0","0","0","1","0","","36","07","2020","2020053941","7","40.0775","-76.2959","2242","08","0","1","0","1","0","0","0","0","","0","0","0","22","3","0","00","0","40 04:39.056","","00","76 17:45.087","0","0","0","0","36101","0","0","0","N","0","0","0","5","36101","0","","1","01","N","N","0","","0","0","0","0","0","","2239","0","2","0","0","0","0","0","3","0","2","N","","","","","","","","","","","","03","03","","",""
"0902","0","0","0","0","0","0","0","0","0","7","0","","36","07","2020","2020053942","5","40.0836","-76.3079","0855","08","0","0","0","0","1","0","0","0","","0","0","0","08","1","0","00","2","40 05:00.952","2","00","76 18:28.554","0","0","0","0","36101","0","0","0","N","0","0","0","1","36101","0","","2","01","N","N","0","","0","0","1","0","0","Y","0854","0","1","0","0","0","0","0","3","0","1","N","","","","","","","","","","","0930","03","03","","",""
"1653","1","0","0","0","0","0","0","0","0","7","0","","36","07","2020","2020053989","2","40.0302","-76.3222","1646","08","0","0","0","0","0","0","0","0","","0","0","0","16","1","0","01","2","40 01:48.570","7","00","76 19:20.092","9","0","0","0","36301","0","0","0","N","0","0","0","2","36301","0","","4","01","N","N","0","","0","0","0","3","2","Y","1643","0","1","0","0","0","0","1","3","0","1","N","","","","","","","","","","","1800","03","03","","N",""
"0800","2","0","0","0","0","0","0","0","0","4","0","","36","07","2020","2020054029","3","40.0415","-76.3251","0754","08","0","0","0","0","0","0","0","0","","0","0","0","07","1","1","01","2","40 02:29.319","2","00","76 19:30.533","8","0","0","0","36301","0","0","0","N","0","0","0","3","36301","0","","1","01","N","N","0","","0","0","0","3","2","Y","0750","1","3","0","0","0","1","0","3","1","3","N","","","","","","","","","","","0825","03","03","","N",""
"1728","1","0","0","0","0","0","0","0","0","5","0","","36","07","2020","2020054141","3","40.0763","-76.5828","1727","08","0","0","0","1","0","0","0","0","","0","0","0","17","1","0","00","1","40 04:34.578","5","00","76 34:58.127","0","0","0","0","36211","0","0","0","N","0","0","0","2","36504","0","","2","01","N","N","0","","0","0","1","0","0","N","1722","0","2","0","0","1","0","0","1","0","2","N","","","","","","","","","","","1817","03","03","","N","N"
"2216","0","0","0","0","0","0","0","0","0","7","0","","36","06","2020","2020054151","3","40.1105","-76.0669","2210","08","0","0","0","0","0","0","0","0","","0","0","0","22","3","0","00","0","40 06:37.978","","00","76 04:00.986","0","0","0","0","36209","0","0","0","N","0","0","0","2","36415","0","","4","01","N","N","0","","0","0","1","0","0","","2210","0","1","0","0","1","0","0","1","0","1","N","","","","","","","","","","","","03","03","","N","N"
"1849","2","0","0","0","0","0","0","0","0","4","0","","36","07","2020","2020054177","5","40.0526","-76.3064","1841","08","0","0","0","0","0","1","0","0","","0","0","0","18","4","0","00","1","40 03:09.338","1","00","76 18:23.128","0","0","0","0","36301","0","0","0","N","0","0","0","1","36301","0","","2","01","N","N","0","","0","0","0","0","0","Y","1834","0","2","0","0","0","0","0","3","0","2","N","","","","","","","","","","","1939","03","03","","",""
"1600","1","0","0","0","0","0","0","0","0","7","0","","36","05","2020","2020054195","6","39.7761","-76.147","1520","08","0","0","0","0","0","1","0","0","","1","0","0","14","1","0","00","2","39 46:33.931","6","00","76 08:49.093","1","0","0","0","36219","0","0","0","N","0","0","0","1","68J01","0","2","4","09","N","N","0","0","0","0","0","0","0","Y","1436","0","1","1","0","1","0","0","1","0","1","N","","","","","","","","","","","1810","07","  ","","N","N"
"0548","1","0","0","0","0","0","0","0","0","7","0","","36","06","2020","2020054203","3","39.8734","-76.1242","0531","08","0","0","0","1","0","0","0","0","","0","0","0","05","1","1","00","0","39 52:24.250","","00","76 07:27.181","4","0","0","0","36205","0","0","0","N","0","0","0","1","68J01","1","","4","01","N","N","0","","0","0","0","0","0","","0529","1","1","0","0","0","0","0","1","0","1","N","","","","","","","","","","","","03","  ","","",""
"1952","1","0","0","0","0","0","0","0","0","4","0","","36","07","2020","2020054241","6","40.2007","-76.1718","1946","08","0","0","1","1","0","0","0","0","","0","0","0","19","1","0","01","1","40 12:02.510","2","00","76 10:18.574","0","0","0","0","36218","0","0","0","N","0","0","0","6","36408","0","","1","09","N","N","1","","0","0","0","3","3","N","1943","0","3","0","0","0","0","0","1","1","3","N","","","","","","","","","","","2037","07","  ","","Y","N"
"0710","1","0","0","0","0","0","0","0","0","7","0","","36","07","2020","2020054329","7","40.0545","-76.2686","0705","08","0","0","0","0","0","0","0","0","","0","0","0","07","1","0","00","0","40 03:16.164","","02","76 16:06.876","0","0","0","0","36301","0","0","0","N","0","0","0","1","36301","0","","3","01","N","N","0","","0","0","0","0","0","","0704","0","1","0","0","0","0","0","3","0","1","N","","","","","","","","","","","","03","03","","N","N"
"1515","1","0","0","0","0","0","0","0","0","1","0","","36","07","2020","2020054330","6","40.144","-76.5984","1512","08","0","0","0","0","0","0","0","0","","0","0","0","15","1","1","02","0","40 08:38.414","","00","76 35:54.390","3","0","0","1","36407","0","0","0","N","0","0","0","2","36407","0","","1","09","N","N","0","","1","0","0","0","0","","1509","1","2","0","0","0","0","0","2","0","2","N","","","","","","","","","","","","07","  ","","N",""
"1058","1","0","0","0","0","0","0","0","0","4","0","","36","07","2020","2020054339","6","40.0408","-76.309","1054","08","0","0","0","0","0","0","1","0","","0","0","0","10","1","1","01","0","40 02:26.998","","00","76 18:32.533","8","0","0","0","36301","0","0","0","N","0","0","0","2","36301","0","","1","09","N","N","0","","0","0","1","3","3","N","1053","1","2","0","0","0","1","0","3","0","2","N","","","","","","","","","","","","07","  ","","N",""
"2302","0","0","0","0","0","0","0","0","0","7","0","","36","06","2020","2020054386","2","39.9085","-76.3153","2250","08","0","0","0","0","0","0","0","0","","0","0","","22","2","1","00","1","39 54:30.713","6","00","76 18:54.924","9","0","0","0","36224","0","0","0","Y","0","0","0","1","68J01","0","","2","01","N","N","0","","0","0","0","0","0","N","2244","0","1","0","0","0","0","0","1","0","0","N","","","","","","","","","","","0100","03","  ","","N","N"
"1550","0","0","0","0","0","0","0","0","0","7","0","","36","06","2020","2020054391","5","40.0042","-76.1019","1542","08","0","0","0","0","0","0","0","0","","0","0","0","15","1","0","00","1","40 00:15.127","3","00","76 06:06.809","0","0","0","0","36226","0","0","0","N","0","0","0","2","68J01","0","","5","01","N","N","0","","0","0","1","0","0","Y","1532","0","1","0","0","0","0","0","1","0","1","N","","","","","","","","","","","1628","03","03","","",""
"0818","1","0","0","0","0","0","0","0","0","1","1","","36","06","2020","2020054392","5","39.8982","-76.2408","0800","08","0","0","0","0","0","2","0","0","","0","1","0","08","1","1","00","1","39 53:53.511","2","00","76 14:26.820","3","0","0","0","36229","0","0","0","N","0","0","0","3","68J01","0","","1","09","N","N","0","","1","0","0","0","0","N","0800","1","3","0","0","1","0","0","1","1","3","N","","","","","","","","","","","0905","07","  ","","",""
"0013","1","0","0","0","0","0","0","0","0","7","0","","36","06","2020","2020054393","7","40.1956","-76.0175","0007","08","0","0","0","0","0","1","0","0","","0","0","0","23","3","0","00","0","40 11:44.114","","00","76 01:03.015","0","0","0","0","36202","0","0","0","N","0","0","0","1","68J01","0","","4","01","N","N","0","","0","0","0","0","0","","2354","0","1","0","0","0","0","0","1","0","1","N","","","","","","","","","","","","03","  ","","",""
"1802","1","0","0","0","0","0","0","0","0","7","0","","36","06","2020","2020054395","3","39.9924","-76.183","1755","08","0","0","0","0","1","0","0","0","","0","0","0","17","1","0","00","0","39 59:32.510","","00","76 10:58.620","0","0","0","0","36233","0","0","0","N","0","0","0","1","68J01","0","","4","01","N","N","0","","0","0","0","0","0","","1752","0","1","0","0","0","0","0","1","0","1","N","","","","","","","","","","","","03","  ","","",""
"1737","1","0","0","0","0","0","0","0","0","7","0","","36","06","2020","2020054398","2","39.927","-75.9973","1715","08","0","1","0","0","0","0","0","0","","0","0","0","17","1","0","00","2","39 55:37.030","5","00","75 59:50.410","0","0","0","0","36231","0","0","0","N","0","0","0","1","68J01","0","","2","01","N","N","0","","0","0","0","0","0","Y","1710","0","1","0","0","0","0","0","1","0","1","N","","","","","","","","","","","0100","03","03","","",""
"1011","0","0","0","0","0","0","0","0","0","4","0","","36","07","2020","2020054407","4","39.9501","-76.1202","1004","08","0","0","0","0","0","1","0","0","","0","0","0","09","1","0","01","2","39 57:00.187","4","00","76 07:12.579","0","0","0","0","36216","0","0","0","N","0","0","0","3","68J01","0","","1","01","N","N","1","","0","0","1","3","3","N","0953","0","2","0","0","0","0","0","1","0","2","N","","","","","","","","","","","1135","03","03","","N",""
"1441","0","0","0","0","0","0","0","0","0","6","0","","36","07","2020","2020054437","7","40.0229","-76.3216","1441","08","0","0","0","0","0","2","0","0","","0","0","0","14","1","2","00","1","40 01:22.357","5","00","76 19:17.589","4","0","0","0","36301","0","0","0","N","0","0","0","4","36301","2","","1","01","N","N","0","","0","0","1","0","0","Y","1427","2","2","0","0","0","0","0","3","1","2","N","","","","","","","","","","","1540","03","  ","","N","N"
"1908","1","0","0","0","0","0","0","0","0","8","0","","36","07","2020","2020054526","7","40.1473","-76.602","1905","08","0","0","0","0","0","0","0","0","","0","0","0","19","1","1","00","0","40 08:50.300","","00","76 36:07.200","8","0","0","0","36407","1","0","0","N","1","0","0","2","36407","0","","1","01","N","N","0","","0","0","0","0","0","","1902","1","2","0","0","0","1","0","2","0","1","N","","","","","","","","","","","","03","  ","","N","N"
"1906","0","0","0","0","0","0","0","0","0","0","0","","36","07","2020","2020054538","7","40.1639","-76.1871","1906","08","0","0","0","0","0","0","0","0","","0","0","0","19","1","1","00","0","40 09:49.870","","00","76 11:13.485","3","0","0","1","36218","0","0","0","N","0","0","0","1","36408","0","","5","01","N","N","0","","1","0","0","0","0","","1906","1","1","0","0","0","0","0","1","0","1","N","","","","","","","","","","","","03","03","","",""
"0034","1","0","0","0","0","0","0","0","0","8","0","","36","07","2020","2020054551","1","40.0512","-76.3062","0031","08","0","0","0","0","0","0","0","0","","0","0","0","00","3","1","01","2","40 03:04.433","2","00","76 18:22.148","3","0","0","0","36301","1","0","0","N","1","0","0","2","36301","0","","1","01","N","N","0","","1","0","0","3","3","N","0030","1","2","0","0","0","0","0","3","0","1","N","","","","","","","","","","","0100","03","03","","",""
"1702","1","0","0","0","0","0","0","0","0","7","0","","36","06","2020","2020054562","1","39.9515","-76.4326","1649","08","0","0","0","0","0","0","0","0","","0","0","0","16","1","0","00","2","39 57:05.253","5","00","76 25:57.483","0","0","0","0","36223","0","0","0","N","0","0","0","1","36223","0","","4","01","N","N","0","","0","0","0","0","0","Y","1644","0","1","0","0","0","0","0","1","0","1","N","","","","","","","","","","","0045","03","  ","","N","N"
"1737","2","0","0","0","0","0","0","0","0","4","0","","36","07","2020","2020054563","4","40.001","-76.4215","1718","08","0","0","0","0","0","0","0","0","","0","0","0","17","1","1","01","1","40 00:03.498","2","00","76 25:17.439","3","0","0","0","36223","0","0","0","N","0","0","0","3","36223","0","","1","01","N","N","0","","1","0","0","3","3","Y","1700","1","2","0","0","0","0","0","1","0","2","N","","","","","","","","","","","0100","03","  ","","N",""
"1638","1","0","0","0","0","0","0","0","0","4","0","","36","07","2020","2020054583","7","40.0316","-76.3045","1631","08","0","0","1","0","0","1","0","0","","0","0","0","16","1","0","01","1","40 01:53.832","1","00","76 18:16.263","0","0","0","0","36301","0","0","0","N","0","0","0","2","36301","0","","1","01","N","N","0","","0","0","1","3","3","N","1631","0","2","0","0","0","0","0","3","0","2","N","","","","","","","","","","","1715","03","03","","",""