"ARRIVAL_TM","AUTOMOBILE_COUNT","BELTED_DEATH_COUNT","BELTED_SUSP_SERIOUS_INJ_COUNT","BICYCLE_COUNT","BICYCLE_DEATH_COUNT","BICYCLE_SUSP_SERIOUS_INJ_COUNT","BUS_COUNT","CHLDPAS_DEATH_COUNT","CHLDPAS_SUSP_SERIOUS_INJ_COUNT","COLLISION_TYPE","COMM_VEH_COUNT","CONS_ZONE_SPD_LIM","COUNTY","CRASH_MONTH","CRASH_YEAR","CRN","DAY_OF_WEEK","DEC_LAT","DEC_LONG","DISPATCH_TM","DISTRICT","DRIVER_COUNT_16YR","DRIVER_COUNT_17YR","DRIVER_COUNT_18YR","DRIVER_COUNT_19YR","DRIVER_COUNT_20YR","DRIVER_COUNT_50_64YR","DRIVER_COUNT_65_74YR","DRIVER_COUNT_75PLUS","EST_HRS_CLOSED","FATAL_COUNT","HEAVY_TRUCK_COUNT","HORSE_BUGGY_COUNT","HOUR_OF_DAY","ILLUMINATION","INJURY_COUNT","INTERSECT_TYPE","LANE_CLOSED","LATITUDE","LN_CLOSE_DIR","LOCATION_TYPE","LONGITUDE","MAX_SEVERITY_LEVEL","MCYCLE_DEATH_COUNT","MCYCLE_SUSP_SERIOUS_INJ_COUNT","MOTORCYCLE_COUNT","MUNICIPALITY","NONMOTR_COUNT","NONMOTR_DEATH_COUNT","NONMOTR_SUSP_SERIOUS_INJ_COUNT","NTFY_HIWY_MAINT","PED_COUNT","PED_DEATH_COUNT","PED_SUSP_SERIOUS_INJ_COUNT","PERSON_COUNT","POLICE_AGCY","POSSIBLE_INJ_COUNT","RDWY_SURF_TYPE_CD","RELATION_TO_ROAD","ROAD_CONDITION","SCH_BUS_IND","SCH_ZONE_IND","SMALL_TRUCK_COUNT","SPEC_JURIS_CD","SUSP_MINOR_INJ_COUNT","SUSP_SERIOUS_INJ_COUNT","SUV_COUNT","TCD_FUNC_CD","TCD_TYPE","TFC_DETOUR_IND","TIME_OF_DAY","TOT_INJ_COUNT","TOTAL_UNITS","UNB_DEATH_COUNT","UNB_SUSP_SERIOUS_INJ_COUNT","UNBELTED_OCC_COUNT","UNK_INJ_DEG_COUNT","UNK_INJ_PER_COUNT","URBAN_RURAL","VAN_COUNT","VEHICLE_COUNT","WORK_ZONE_IND","WORK_ZONE_LOC","WORK_ZONE_TYPE","WORKERS_PRES","WZ_CLOSE_DETOUR","WZ_FLAGGER","WZ_LAW_OFFCR_IND","WZ_LN_CLOSURE","WZ_MOVING","WZ_OTHER","WZ_SHLDER_MDN","ROADWAY_CLEARED","WEATHER1","WEATHER2","WZ_WORKERS_INJ_KILLED","SECONDARY_CRASH","INTERSECTION_RELATED"
"1758","0","0","0","0","0","0","0","0","0","8","0","","36","07","2020","2020054588","3","40.0435","-76.3218","1753","08","0","0","0","0","0","0","0","0","","0","0","0","17","1","1","01","0","40 02:36.596","","00","76 19:18.652","3","0","0","0","36301","1","0","0","N","1","0","0","2","36301","0","","1","01","N","N","0","","1","0","1","3","3","","1752","1","2","0","0","0","0","0","3","0","1","N","","","","","","","","","","","","03","  ","","",""
"1005","2","0","0","0","0","0","0","0","0","4","0","","36","06","2020","2020054600","4","40.1761","-76.2249","1001","08","0","0","0","0","0","0","0","1","","0","0","0","10","1","0","01","0","40 10:34.041","","00","76 13:29.758","0","0","0","0","36218","0","0","0","N","0","0","0","2","36408","0","","1","01","N","N","0","","0","0","0","3","3","","1001","0","2","0","0","0","0","0","1","0","2","N","","","","","","","","","","","","03","  ","","",""
"1608","1","0","0","0","0","0","0","0","0","4","0","","36","06","2020","2020054605","7","40.1745","-76.1726","1604","08","0","0","0","0","0","1","0","0","","0","0","0","16","1","0","01","0","40 10:28.257","","00","76 10:21.292","0","0","0","0","36408","0","0","0","N","0","0","0","6","36408","0","","1","01","N","N","0","","0","0","2","3","2","","1604","0","3","0","0","0","0","0","2","0","3","N","","","","","","","","","","","","03","  ","","N","N"
"0638","0","0","0","0","0","0","0","0","0","4","0","","36","07","2020","2020054712","1","40.0876","-76.3779","0632","08","0","0","0","0","0","1","0","0","","0","0","0","06","1","3","06","1","40 05:15.268","3","02","76 22:40.461","4","0","0","0","36214","0","0","0","N","0","0","0","3","36214","1","","7","01","N","N","0","","0","0","2","3","8","N","0625","3","2","0","0","0","2","0","3","0","2","N","","","","","","","","","","","0115","03","03","","N",""
"0855","1","0","0","0","0","0","0","0","0","5","1","","36","07","2020","2020054825","3","40.2225","-76.0968","0852","08","0","0","1","0","0","0","0","0","","0","1","0","08","1","1","02","2","40 13:20.882","4","00","76 05:48.548","3","0","0","0","36210","0","0","0","N","0","0","0","2","36210","0","","1","01","N","N","0","","1","0","0","3","3","Y","0852","1","2","0","0","0","0","0","1","0","2","N","","","","","","","","","","","1221","03","  ","","",""
"1826","2","0","0","0","0","0","0","0","0","6","0","","36","07","2020","2020054826","7","40.1896","-76.1075","1818","08","0","0","0","0","0","0","0","0","","0","0","0","18","1","0","00","2","40 11:22.577","6","00","76 06:26.926","0","0","0","0","36210","0","0","0","N","0","0","0","2","36210","0","","1","01","N","N","0","","0","0","0","0","0","Y","1818","0","2","0","0","0","0","0","1","0","2","N","","","","","","","","","","","1921","03","  ","","N","N"
"1657","0","0","0","0","0","0","0","0","0","7","0","","36","07","2020","2020054833","3","40.0864","-76.2685","1650","08","0","0","0","0","0","0","0","0","","0","0","0","16","1","1","00","1","40 05:10.923","1","00","76 16:06.625","8","0","0","0","36101","0","0","0","N","0","0","0","1","36101","0","","2","01","N","N","1","","0","0","0","0","0","N","1648","1","1","0","0","1","1","0","3","0","1","N","","","","","","","","","","","0045","03","  ","","N","N"
"1325","0","0","0","0","0","0","0","0","0","0","0","","36","07","2020","2020054834","7","40.0622","-76.3065","1323","08","0","0","0","0","0","0","0","0","","0","0","0","13","1","1","00","2","40 03:44.085","1","07","76 18:23.228","2","0","1","2","36101","0","0","0","N","0","0","0","2","36101","0","","1","01","N","N","0","","0","1","0","0","0","Y","1321","1","2","0","0","0","0","0","3","0","2","N","","","","","","","","","","","1342","03","03","","N","N"
"1529","2","0","0","0","0","0","0","0","0","1","0","","36","07","2020","2020054835","7","40.0614","-76.306","1526","08","0","0","0","0","0","1","0","0","","0","0","0","15","1","0","00","2","40 03:41.141","2","00","76 18:21.582","0","0","0","0","36101","0","0","0","N","0","0","0","3","36101","0","","1","01","N","N","0","","0","0","1","3","2","N","1523","0","3","0","0","0","0","0","3","0","3","N","","","","","","","","","","","1545","03","03","","",""
"1318","1","0","0","0","0","0","0","0","0","1","0","","36","07","2020","2020054836","1","40.0707","-76.3177","1317","08","0","0","0","1","0","2","0","0","","0","0","0","13","1","0","00","2","40 04:14.488","2","00","76 19:03.630","0","0","0","0","36101","0","0","0","N","0","0","0","3","36101","0","","1","01","N","N","0","","0","0","2","3","2","N","1315","0","3","0","0","0","0","0","3","0","3","N","","","","","","","","","","","1500","03","03","","",""
"1941","0","0","0","0","0","0","0","0","0","7","1","","36","07","2020","2020054837","1","40.0684","-76.2887","1941","08","0","0","0","0","0","0","0","0","","0","1","0","19","1","0","00","0","40 04:06.335","","02","76 17:19.306","0","0","0","0","36101","0","0","0","N","0","0","0","1","36101","0","","4","09","N","N","0","","0","0","0","0","0","","1941","0","1","0","0","0","0","0","3","0","1","N","","","","","","","","","","","","07","07","","",""
"1833","1","0","0","0","0","0","0","0","0","5","0","","36","07","2020","2020054838","7","40.0307","-76.3446","1829","08","0","0","0","0","0","0","0","0","","0","0","0","18","1","1","00","2","40 01:50.400","5","00","76 20:40.600","2","0","1","1","36223","0","0","0","N","0","0","0","1","36223","0","","4","01","N","N","0","","0","1","0","0","0","Y","1828","1","2","0","0","0","0","0","1","0","2","N","","","","","","","","","","","2036","03","  ","","N","N"
"1540","0","0","0","0","0","0","0","0","0","1","0","","36","07","2020","2020054843","6","40.1994","-76.1122","1534","08","0","0","0","0","0","0","1","0","","0","0","1","15","1","2","00","2","40 11:57.918","6","00","76 06:44.062","2","0","0","0","36210","2","0","1","N","0","0","0","3","36210","0","","1","09","N","N","0","","1","1","1","0","0","Y","1533","2","2","0","0","0","0","0","1","0","1","N","","","","","","","","","","","1609","07","  ","","N","N"
"2341","0","0","0","0","0","0","0","0","0","5","0","","36","06","2020","2020054855","2","40.0264","-76.4851","2333","08","0","0","0","0","0","1","0","0","","0","0","0","23","3","0","00","0","40 01:35.000","","00","76 29:06.400","0","0","0","0","36404","0","0","0","N","0","0","0","1","36404","0","","6","01","N","N","0","","0","0","2","0","0","","2333","0","2","0","0","0","0","0","3","0","2","N","","","","","","","","","","","","03","03","","N","N"
"1140","1","0","0","0","0","0","0","0","0","4","0","","36","07","2020","2020054918","2","40.0316","-76.3045","1135","08","0","0","0","1","0","0","0","0","","0","0","0","11","1","3","02","1","40 01:53.832","2","00","76 18:16.263","8","0","0","0","36301","0","0","0","N","0","0","0","4","36301","0","","1","01","N","N","0","","0","0","1","3","3","N","1135","3","2","0","0","0","3","0","3","0","2","N","","","","","","","","","","","1230","03","  ","","N","N"
"1823","1","0","0","0","0","0","0","0","0","1","0","","36","07","2020","2020055019","5","40.0695","-76.308","1818","08","0","0","0","0","0","0","0","0","","0","0","0","18","1","1","00","0","40 04:10.356","","00","76 18:28.979","3","0","0","0","36101","0","0","0","N","0","0","0","5","36101","0","","1","01","N","N","0","","1","0","1","3","4","","1817","1","2","0","0","0","0","0","3","0","2","N","","","","","","","","","","","","03","03","","",""
"1856","1","0","0","0","0","0","0","0","0","4","0","","36","07","2020","2020055020","5","40.0883","-76.2776","1843","08","0","0","0","0","0","0","0","0","","0","0","0","18","1","1","02","1","40 05:17.944","1","00","76 16:39.223","4","0","0","0","36101","0","0","0","N","0","0","0","2","36101","1","","1","01","N","N","0","","0","0","0","0","0","N","1830","1","2","0","0","0","0","0","3","1","2","N","","","","","","","","","","","0030","03","  ","","N",""
"0056","1","0","0","0","0","0","0","0","0","7","0","","36","05","2020","2020055021","7","40.0543","-76.2182","0052","08","0","0","0","0","0","0","0","0","","0","0","0","00","3","1","00","2","40 03:15.560","6","00","76 13:05.640","2","0","0","0","36215","0","0","0","N","0","0","0","1","36215","0","","4","09","N","N","0","","0","1","0","0","0","N","0049","1","1","0","1","1","0","0","1","0","1","N","","","","","","","","","","","0157","07","  ","","",""
"0249","1","0","0","0","0","0","0","0","0","7","0","","36","06","2020","2020055022","4","40.0399","-76.2601","0245","08","0","0","0","1","0","0","0","0","","0","0","0","02","3","0","00","1","40 02:23.550","5","00","76 15:36.200","0","0","0","0","36215","0","0","0","N","0","0","0","1","36215","0","","3","01","N","N","0","","0","0","0","0","0","N","0242","0","1","0","0","0","0","0","1","0","1","N","","","","","","","","","","","0355","03","03","","N","N"
"1901","1","0","0","0","0","0","0","0","0","4","0","","36","06","2020","2020055023","1","40.0378","-76.2707","1858","08","0","0","0","0","0","0","0","0","","0","0","0","18","1","1","01","2","40 02:16.133","3","07","76 16:14.672","3","0","0","1","36215","0","0","0","N","0","0","0","2","36215","0","","1","01","N","N","0","","1","0","0","3","2","N","1857","1","2","0","0","0","0","0","1","0","2","N","","","","","","","","","","","1940","03","03","","N",""
"0225","1","0","0","0","0","0","0","0","0","1","1","","36","06","2020","2020055024","3","40.0292","-76.2281","0221","08","0","0","0","0","0","0","0","0","","0","1","0","02","3","0","01","1","40 01:45.621","4","00","76 13:41.370","0","0","0","0","36215","0","0","0","N","0","0","0","3","36215","0","","1","01","N","N","0","","0","0","0","3","2","N","0219","0","2","0","0","0","0","0","1","0","2","N","","","","","","","","","","","0300","03","  ","","",""
"0522","1","0","0","0","0","0","0","0","0","4","1","","36","07","2020","2020055025","4","40.0203","-76.1816","0519","08","0","0","0","0","0","2","0","0","","0","1","0","05","2","1","00","1","40 01:12.903","4","00","76 10:53.763","3","0","0","0","36215","0","0","0","N","0","0","0","2","36215","0","","1","01","N","N","0","","1","0","0","0","0","N","0519","1","2","0","0","0","0","0","1","0","2","N","","","","","","","","","","","0552","03","  ","","",""
"1110","1","0","0","0","0","0","0","0","0","1","1","","36","07","2020","2020055026","6","40.0264","-76.2138","1102","08","0","0","0","0","0","1","0","0","","0","1","0","10","1","1","00","0","40 01:35.003","","00","76 12:49.704","3","0","0","0","36215","0","0","0","N","0","0","0","2","36215","0","","1","09","N","N","0","","1","0","0","3","2","","1059","1","2","0","0","0","0","0","1","0","2","N","","","","","","","","","","","","07","03","","",""
"1436","1","0","0","0","0","0","0","0","0","1","0","","36","07","2020","2020055027","7","40.0076","-76.1869","1430","08","0","0","0","0","1","0","0","0","","0","0","0","14","1","0","00","1","40 00:27.213","5","00","76 11:12.853","0","0","0","0","36215","0","0","0","N","0","0","0","5","36215","0","","1","01","N","N","0","","0","0","1","0","0","N","1427","0","2","0","0","0","0","0","1","0","2","N","","","","","","","","","","","1615","03","03","","N","N"
"1458","1","0","0","0","0","0","0","0","0","7","0","","36","06","2020","2020055028","5","40.065","-76.4445","1454","08","0","0","0","0","0","1","0","0","","0","0","0","14","1","1","02","1","40 03:54.120","5","00","76 26:40.228","4","0","0","0","36239","0","0","0","N","0","0","0","1","36239","1","","5","01","N","N","0","","0","0","0","0","0","Y","1450","1","1","0","0","0","0","0","3","0","1","N","","","","","","","","","","","1526","03","  ","","",""
"2316","1","0","0","0","0","0","0","0","0","7","0","","36","07","2020","2020055029","2","40.048","-76.4826","2311","08","0","1","0","0","0","0","0","0","","0","0","0","23","3","0","00","0","40 02:52.870","","00","76 28:57.360","0","0","0","0","36239","0","0","0","N","0","0","0","2","36239","0","","5","09","N","N","0","","0","0","0","0","0","","2310","0","1","0","0","0","0","0","3","0","1","N","","","","","","","","","","","","04","03","","",""
"2032","1","0","0","0","0","0","0","0","0","2","0","","36","07","2020","2020055030","6","40.0524","-76.4728","2032","08","1","0","0","0","0","0","0","0","","0","0","0","20","1","3","00","2","40 03:08.700","6","00","76 28:22.000","4","0","0","0","36239","0","0","0","N","0","0","0","3","36239","3","","1","09","N","N","1","","0","0","0","0","0","Y","2032","3","2","0","0","0","0","0","3","0","2","N","","","","","","","","","","","2100","07","03","","N","N"
"2005","1","0","0","0","0","0","0","0","0","4","0","","36","07","2020","2020055031","6","40.0508","-76.4575","1957","08","1","0","0","0","0","0","0","0","","0","0","0","19","1","0","02","0","40 03:02.964","","00","76 27:26.839","0","0","0","0","36239","0","0","0","N","0","0","0","3","36239","0","","1","01","N","N","0","","0","0","1","3","3","","1957","0","2","0","0","0","0","0","3","0","2","N","","","","","","","","","","","","03","03","","N",""
"0850","1","0","0","0","0","0","0","0","0","7","0","","36","07","2020","2020055032","1","40.0423","-76.436","0840","08","0","0","0","0","0","0","0","0","","0","0","0","03","3","1","00","1","40 02:32.155","3","00","76 26:09.730","4","0","0","0","36414","0","0","0","Y","0","0","0","1","36239","1","","5","01","N","N","0","","0","0","0","0","0","N","0308","1","1","0","0","0","0","0","3","0","1","N","","","","","","","","","","","1030","03","03","","",""
"0846","0","0","0","0","0","0","0","0","0","5","0","05","36","05","2020","2020055033","4","40.1404","-76.5908","0846","08","0","0","0","0","0","0","0","0","","0","0","","08","1","1","00","1","40 08:25.601","1","00","76 35:26.700","9","0","0","0","36237","0","0","0","N","0","0","0","5","36505","0","","1","01","N","N","0","","0","0","0","3","7","Y","0846","0","3","0","0","0","0","0","1","0","0","Y","4","2","Y","N","Y","N","N","N","N","N","1001","04","04","N","N","N"
"1812","1","0","0","0","0","0","0","0","0","1","0","","36","07","2020","2020055035","6","40.0889","-76.3461","1800","08","0","0","0","0","0","0","0","0","","0","0","0","17","1","0","00","1","40 05:20.038","1","00","76 20:46.041","0","0","0","0","36406","0","0","0","N","0","0","0","2","36506","0","","1","09","N","N","0","","0","0","1","0","0","N","1757","0","2","0","0","0","0","0","3","0","2","N","","","","","","","","","","","1845","07","  ","","",""
"1930","1","0","0","0","0","0","0","0","0","6","1","","36","07","2020","2020055036","6","40.2085","-76.4199","1925","08","0","0","0","0","0","0","0","0","","0","1","0","19","1","0","00","2","40 12:30.505","5","00","76 25:11.788","0","0","0","0","36227","0","0","0","N","0","0","0","2","36506","0","","1","09","N","N","0","","0","0","0","0","0","Y","1925","0","2","0","0","0","0","0","1","0","2","N","","","","","","","","","","","1030","07","04","","",""
"0358","1","0","0","0","0","0","0","0","0","7","0","","36","07","2020","2020055037","7","40.1639","-76.2421","0351","08","0","0","1","0","0","0","0","0","","0","0","0","03","2","0","00","1","40 09:50.150","3","00","76 14:31.560","0","0","0","0","36235","0","0","0","N","0","0","0","2","36506","0","","4","01","N","N","0","","0","0","0","0","0","N","0347","0","1","0","0","0","0","0","1","0","1","N","","","","","","","","","","","0428","03","  ","","",""
"0913","1","0","0","0","0","0","0","0","0","1","0","","36","07","2020","2020055038","7","40.1569","-76.3877","0902","08","0","0","0","0","0","0","1","1","","0","0","0","08","1","2","00","1","40 09:24.851","2","07","76 23:15.670","3","0","0","0","36410","0","0","0","N","0","0","0","4","36506","0","","1","01","N","N","0","","2","0","2","0","0","N","0859","2","3","0","0","0","0","0","2","0","3","N","","","","","","","","","","","0941","03","  ","","Y","N"
"1740","1","0","0","0","0","0","0","0","0","4","0","","36","07","2020","2020055039","1","40.1475","-76.2952","1740","08","0","0","0","0","0","2","0","0","","0","0","0","17","1","2","02","0","40 08:50.946","","07","76 17:42.817","3","0","0","0","36409","0","0","0","N","0","0","0","3","36506","0","","1","01","N","N","0","","1","0","1","9","3","","1739","2","2","0","0","0","1","0","3","0","2","N","","","","","","","","","","","","03","03","","N",""
"2020","0","0","0","1","0","1","0","0","0","4","0","","36","07","2020","2020055135","2","40.0334","-76.3231","2018","08","0","0","0","0","0","1","0","0","","0","0","0","20","1","1","00","2","40 02:00.100","6","07","76 19:23.000","2","0","0","0","36301","1","0","1","N","0","0","0","2","36301","0","","1","01","N","N","0","","0","1","1","0","0","N","2018","1","2","0","0","0","0","0","3","0","1","N","","","","","","","","","","","2044","03","03","","N","N"
"2113","1","0","0","0","0","0","0","0","0","4","0","","36","07","2020","2020055170","2","39.9876","-76.2766","2109","08","0","0","0","0","1","0","0","0","","0","0","0","21","3","2","01","1","39 59:15.198","7","00","76 16:35.769","3","0","0","0","36240","0","0","0","N","0","0","0","6","36240","0","","1","01","N","N","0","","2","0","1","3","2","N","2107","2","2","0","0","0","0","0","1","0","2","N","","","","","","","","","","","2151","03","  ","","N",""
"1551","1","0","0","0","0","0","0","0","0","1","0","","36","07","2020","2020055187","5","40.0679","-76.2951","1542","08","0","0","0","0","0","0","0","0","","0","0","0","15","1","0","00","0","40 04:04.612","","00","76 17:42.515","0","0","0","0","36101","0","0","0","N","0","0","0","2","36101","0","","1","01","N","N","0","","0","0","1","0","0","","1539","0","2","0","0","0","0","0","3","0","2","N","","","","","","","","","","","","03","03","","N","N"
"1507","1","0","0","0","0","0","0","0","0","1","1","","36","07","2020","2020055188","2","40.0569","-76.3112","1457","08","0","0","0","0","0","1","0","0","","0","1","0","14","1","1","01","0","40 03:24.706","","00","76 18:40.172","4","0","0","0","36101","0","0","0","N","0","0","0","3","36101","1","","1","01","N","N","0","","0","0","0","3","2","","1455","1","2","0","0","0","0","0","3","0","2","N","","","","","","","","","","","","03","  ","","N",""
"2114","1","0","0","0","0","0","0","0","0","7","0","","36","07","2020","2020055189","2","40.0973","-76.2829","2111","08","0","0","0","0","0","0","0","0","","0","0","0","20","2","0","00","1","40 05:50.280","1","00","76 16:58.510","0","0","0","0","36101","0","0","0","N","0","0","0","1","36101","0","","5","01","N","N","0","","0","0","0","0","0","N","2039","0","1","0","0","0","0","0","3","0","1","N","","","","","","","","","","","2151","03","  ","","",""
"1318","2","0","0","0","0","0","0","0","0","4","0","","36","06","2020","2020055224","7","40.1793","-76.1805","1315","08","0","0","0","0","0","1","0","0","","0","0","0","13","1","0","01","0","40 10:45.505","","00","76 10:49.666","0","0","0","0","36408","0","0","0","N","0","0","0","2","36408","0","","1","01","N","N","0","","0","0","0","3","3","","1315","0","2","0","0","0","0","0","2","0","2","N","","","","","","","","","","","","03","  ","","N","N"
"1659","0","0","0","0","0","0","0","0","0","8","0","","36","07","2020","2020055246","2","40.0383","-76.3024","1652","08","0","0","0","0","0","0","0","0","","0","0","0","16","1","1","00","0","40 02:17.950","","00","76 18:08.589","3","0","0","0","36301","1","0","0","N","1","0","0","2","36301","0","","4","01","N","N","1","","1","0","0","0","0","","1652","1","2","0","0","0","0","0","3","0","1","N","","","","","","","","","","","","03","03","","",""
"1225","1","0","0","0","0","0","0","0","0","1","0","","36","07","2020","2020055275","3","40.2062","-76.1487","1223","08","0","0","0","0","0","0","0","1","","0","0","0","12","1","0","00","0","40 12:22.331","","00","76 08:55.382","0","0","0","0","36210","0","0","0","N","0","0","0","4","36210","0","","1","01","N","N","0","","0","0","1","0","0","","1223","0","2","0","0","0","0","0","1","0","2","N","","","","","","","","","","","","03","  ","","",""
"1547","2","0","0","0","0","0","0","0","0","4","0","","36","07","2020","2020055289","3","39.9865","-76.2812","1546","08","0","0","0","0","0","2","0","0","","0","0","0","15","1","1","01","1","39 59:11.342","4","00","76 16:52.253","3","0","0","0","36240","0","0","0","N","0","0","0","2","36240","0","","1","01","N","N","0","","1","0","0","3","2","Y","1545","1","2","0","0","0","0","0","1","0","2","N","","","","","","","","","","","1651","03","03","","",""
"2353","1","0","0","0","0","0","0","0","0","4","0","","36","07","2020","2020055306","5","40.0575","-76.3983","2351","08","0","0","0","0","0","0","1","0","","0","0","0","23","3","2","01","2","40 03:26.961","7","00","76 23:53.826","3","0","0","0","36214","0","0","0","N","0","0","0","3","36214","0","","1","01","N","N","1","","2","0","0","3","2","Y","2348","2","2","0","0","0","0","0","3","0","2","N","","","","","","","","","","","0030","03","03","","",""
"1138","2","0","0","0","0","0","0","0","0","4","0","","36","07","2020","2020055307","1","40.0181","-76.3655","1130","08","0","0","1","0","0","0","0","0","","0","0","0","11","1","0","00","2","40 01:05.130","5","00","76 21:55.640","0","0","0","0","36223","0","0","0","N","0","0","0","1","36223","0","","1","01","N","N","0","","0","0","0","0","0","N","1126","0","2","0","0","0","0","0","1","0","2","N","","","","","","","","","","","1230","03","  ","","",""
"0753","1","0","0","0","0","0","0","0","0","5","0","","36","06","2020","2020055308","5","40.1254","-76.4707","0744","08","0","0","0","0","0","1","0","0","","0","0","0","07","1","2","06","0","40 07:31.533","","02","76 28:14.550","3","0","0","0","36230","0","0","0","N","0","0","0","2","36410","1","","7","01","N","N","0","","1","0","0","3","4","","0742","2","2","0","0","0","0","0","1","1","2","N","","","","","","","","","","","","03","  ","","N",""
"1553","1","0","0","0","0","0","0","0","0","4","1","","36","06","2020","2020055309","5","40.1818","-76.4945","1544","08","0","0","0","0","0","0","2","0","","0","1","0","15","1","1","01","0","40 10:54.338","","00","76 29:40.023","4","0","0","0","36230","0","0","0","N","0","0","0","2","36410","1","","1","01","N","N","0","","0","0","0","3","3","","1543","1","2","0","0","0","0","1","1","0","2","N","","","","","","","","","","","","03","03","","",""
"1119","0","0","0","0","0","0","0","0","0","2","0","","36","06","2020","2020055310","3","40.1638","-76.3951","1118","08","0","0","0","0","0","1","0","0","","0","0","0","11","1","1","01","1","40 09:49.597","1","00","76 23:42.519","3","0","0","0","36410","0","0","0","N","0","0","0","2","36410","0","","1","01","N","N","2","","1","0","0","0","0","N","1118","1","2","0","0","1","0","0","2","0","2","N","","","","","","","","","","","0030","03","03","","",""
"1724","1","0","0","0","0","0","0","0","0","7","0","","36","06","2020","2020055311","3","40.1302","-76.482","1716","08","0","0","0","0","0","1","0","0","","0","0","0","17","1","0","00","1","40 07:48.821","3","00","76 28:55.051","0","0","0","0","36230","0","0","0","N","0","0","0","1","36410","0","","2","01","N","N","0","","0","0","0","0","0","Y","1713","0","1","0","0","0","0","0","1","0","1","N","","","","","","","","","","","1800","03","03","","N","N"
"1648","1","0","0","0","0","0","0","0","0","1","0","","36","07","2020","2020055312","6","40.1176","-76.4961","1631","08","0","1","0","0","0","0","1","0","","0","0","0","16","1","0","02","0","40 07:03.202","","00","76 29:46.099","0","0","0","0","36230","0","0","0","N","0","0","0","3","36410","0","","1","09","N","N","1","","0","0","1","0","0","","1628","0","3","0","0","0","0","0","1","0","3","N","","","","","","","","","","","","07","07","","",""
"1658","0","0","0","0","0","0","0","0","0","7","1","","36","07","2020","2020055313","6","40.1944","-76.5631","1652","08","0","0","0","1","0","0","0","0","","0","1","0","16","1","0","00","1","40 11:39.770","3","00","76 33:47.101","0","0","0","0","36225","0","0","0","N","0","0","0","1","36505","0","","5","01","N","N","0","","0","0","0","0","0","N","1649","0","1","0","0","0","0","0","2","0","1","N","","","","","","","","","","","1801","03","03","","",""
"1319","1","0","0","0","0","0","0","0","0","7","0","","36","07","2020","2020055314","7","40.2144","-76.5056","1312","08","0","0","0","1","0","0","0","0","","0","0","0","13","1","4","00","2","40 12:51.717","5","00","76 30:20.264","8","0","0","0","36225","0","0","0","N","0","0","0","4","36505","0","","5","01","N","N","0","","0","0","0","0","0","Y","1311","4","1","0","0","1","4","0","2","0","1","N","","","","","","","","","","","1430","03","03","","",""
"1849","1","0","1","0","0","0","0","0","0","0","0","","36","07","2020","2020055315","3","40.1667","-76.586","1834","08","0","0","0","0","0","0","0","0","","0","0","0","18","1","1","00","1","40 10:00.221","4","00","76 35:09.480","2","0","0","0","36225","0","0","0","N","0","0","0","1","36505","0","","1","01","N","N","0","","0","1","0","0","0","Y","1834","1","1","0","0","0","0","0","2","0","1","N","","","","","","","","","","","1941","03","03","","N","N"
"0904","2","0","0","0","0","0","0","0","0","4","0","","36","07","2020","2020055316","5","40.1287","-76.5649","0901","08","0","0","0","0","0","0","1","0","","0","0","0","09","1","0","01","0","40 07:43.434","","00","76 33:53.722","0","0","0","0","36237","0","0","0","N","0","0","0","2","36505","0","","1","01","N","N","0","","0","0","0","3","3","","0900","0","2","0","0","0","0","0","1","0","2","N","","","","","","","","","","","","03","  ","","N",""
"0205","1","0","0","0","0","0","0","0","0","1","0","","36","07","2020","2020055317","1","40.1597","-76.5773","0201","08","0","0","0","0","0","1","0","0","","0","0","0","02","2","1","00","0","40 09:34.897","","00","76 34:38.184","3","0","0","0","36225","0","0","0","N","0","0","0","2","36505","0","","1","01","N","N","0","","1","0","1","0","0","","0201","1","2","0","0","0","0","0","2","0","2","N","","","","","","","","","","","","03","  ","","N","N"
"1916","0","0","0","0","0","0","0","0","0","0","0","","36","05","2020","2020055337","4","39.9117","-76.187","1902","08","0","0","0","0","0","0","0","0","","0","0","0","18","1","1","00","2","39 54:42.271","5","07","76 11:13.188","2","0","1","1","36229","0","0","0","N","0","0","0","1","68J01","0","","1","01","N","N","0","","0","1","0","0","0","Y","1859","1","1","0","0","0","0","0","1","0","1","N","","","","","","","","","","","1939","03","03","","N","N"
"1505","1","0","0","0","0","0","0","0","0","2","0","","36","06","2020","2020055340","6","39.8548","-76.075","1437","08","0","0","0","0","0","1","0","0","","0","0","0","14","1","2","00","1","39 51:17.345","5","00","76 04:29.968","3","0","0","0","36205","0","0","0","N","0","0","0","2","68J01","0","","1","09","N","N","1","","2","0","0","0","0","N","1428","2","2","0","0","0","0","0","1","0","2","N","","","","","","","","","","","0030","07","07","","N","N"
"1349","1","0","0","0","0","0","0","0","0","1","0","","36","06","2020","2020055342","5","39.8726","-76.2286","1328","08","0","0","0","0","1","0","0","0","","0","0","0","13","1","0","01","0","39 52:21.285","","00","76 13:43.327","0","0","0","0","36212","0","0","0","N","0","0","0","3","68J01","0","","1","01","N","N","1","","0","0","0","0","0","","1325","0","2","0","0","0","0","0","1","0","2","N","","","","","","","","","","","","03","03","","",""