"ARRIVAL_TM","AUTOMOBILE_COUNT","BELTED_DEATH_COUNT","BELTED_SUSP_SERIOUS_INJ_COUNT","BICYCLE_COUNT","BICYCLE_DEATH_COUNT","BICYCLE_SUSP_SERIOUS_INJ_COUNT","BUS_COUNT","CHLDPAS_DEATH_COUNT","CHLDPAS_SUSP_SERIOUS_INJ_COUNT","COLLISION_TYPE","COMM_VEH_COUNT","CONS_ZONE_SPD_LIM","COUNTY","CRASH_MONTH","CRASH_YEAR","CRN","DAY_OF_WEEK","DEC_LAT","DEC_LONG","DISPATCH_TM","DISTRICT","DRIVER_COUNT_16YR","DRIVER_COUNT_17YR","DRIVER_COUNT_18YR","DRIVER_COUNT_19YR","DRIVER_COUNT_20YR","DRIVER_COUNT_50_64YR","DRIVER_COUNT_65_74YR","DRIVER_COUNT_75PLUS","EST_HRS_CLOSED","FATAL_COUNT","HEAVY_TRUCK_COUNT","HORSE_BUGGY_COUNT","HOUR_OF_DAY","ILLUMINATION","INJURY_COUNT","INTERSECT_TYPE","LANE_CLOSED","LATITUDE","LN_CLOSE_DIR","LOCATION_TYPE","LONGITUDE","MAX_SEVERITY_LEVEL","MCYCLE_DEATH_COUNT","MCYCLE_SUSP_SERIOUS_INJ_COUNT","MOTORCYCLE_COUNT","MUNICIPALITY","NONMOTR_COUNT","NONMOTR_DEATH_COUNT","NONMOTR_SUSP_SERIOUS_INJ_COUNT","NTFY_HIWY_MAINT","PED_COUNT","PED_DEATH_COUNT","PED_SUSP_SERIOUS_INJ_COUNT","PERSON_COUNT","POLICE_AGCY","POSSIBLE_INJ_COUNT","RDWY_SURF_TYPE_CD","RELATION_TO_ROAD","ROAD_CONDITION","SCH_BUS_IND","SCH_ZONE_IND","SMALL_TRUCK_COUNT","SPEC_JURIS_CD","SUSP_MINOR_INJ_COUNT","SUSP_SERIOUS_INJ_COUNT","SUV_COUNT","TCD_FUNC_CD","TCD_TYPE","TFC_DETOUR_IND","TIME_OF_DAY","TOT_INJ_COUNT","TOTAL_UNITS","UNB_DEATH_COUNT","UNB_SUSP_SERIOUS_INJ_COUNT","UNBELTED_OCC_COUNT","UNK_INJ_DEG_COUNT","UNK_INJ_PER_COUNT","URBAN_RURAL","VAN_COUNT","VEHICLE_COUNT","WORK_ZONE_IND","WORK_ZONE_LOC","WORK_ZONE_TYPE","WORKERS_PRES","WZ_CLOSE_DETOUR","WZ_FLAGGER","WZ_LAW_OFFCR_IND","WZ_LN_CLOSURE","WZ_MOVING","WZ_OTHER","WZ_SHLDER_MDN","ROADWAY_CLEARED","WEATHER1","WEATHER2","WZ_WORKERS_INJ_KILLED","SECONDARY_CRASH","INTERSECTION_RELATED"
"2203","1","0","0","0","0","0","0","0","0","7","0","","36","06","2020","2020055343","6","40.2265","-76.065","2158","08","0","0","0","0","0","0","0","0","","0","0","0","21","2","0","00","2","40 13:35.412","7","00","76 03:54.023","0","0","0","0","36202","0","0","0","N","0","0","0","1","68J01","0","","4","01","N","N","0","","0","0","0","0","0","Y","2158","0","1","0","0","0","0","0","1","0","1","N","","","","","","","","","","","0030","03","03","","N","N"
"0602","1","0","0","0","0","0","0","0","0","7","0","","36","06","2020","2020055347","5","39.8819","-76.1342","0546","08","0","0","0","1","0","0","0","0","","0","0","0","05","5","0","00","1","39 52:54.807","1","00","76 08:03.167","0","0","0","0","36205","0","0","0","N","0","0","0","1","68J01","0","","2","01","N","N","0","","0","0","0","0","0","N","0540","0","1","0","0","1","0","0","1","0","1","N","","","","","","","","","","","0625","03","  ","","",""
"1330","1","0","0","0","0","0","0","0","0","1","0","","36","06","2020","2020055349","7","39.8364","-76.215","1309","08","0","1","0","0","0","0","0","0","","0","0","0","13","1","1","00","0","39 50:11.014","","00","76 12:54.046","4","0","0","0","36212","0","0","0","N","0","0","0","4","68J01","1","","1","01","N","N","1","","0","0","0","0","0","","1302","1","2","0","0","0","0","0","1","0","2","N","","","","","","","","","","","","03","  ","","",""
"1055","0","0","0","0","0","0","0","0","0","1","0","","36","07","2020","2020055377","6","40.2208","-76.0631","1049","08","0","0","0","0","0","2","0","0","","0","0","0","10","1","0","01","2","40 13:14.794","5","00","76 03:47.313","0","0","0","0","36202","0","0","0","N","0","0","0","2","68J01","0","","1","01","N","N","1","","0","0","1","0","0","Y","1044","0","2","0","0","0","0","0","1","0","2","N","","","","","","","","","","","1125","03","03","","",""
"1209","1","0","0","0","0","0","0","0","0","7","0","","36","07","2020","2020055406","4","40.2086","-76.0232","1203","08","0","0","0","0","0","0","0","0","","0","0","0","12","1","1","00","1","40 12:31.041","3","00","76 01:23.460","3","0","0","0","36202","0","0","0","N","0","0","0","3","68T06","0","","1","09","N","N","0","","1","0","0","0","0","N","1203","1","1","0","0","0","0","0","1","0","1","N","","","","","","","","","","","1235","07","  ","","",""
"1344","0","0","0","0","0","0","0","0","0","4","0","","36","07","2020","2020055414","5","40.1317","-75.9762","1241","08","0","0","0","0","0","0","0","1","","0","0","0","12","1","2","00","2","40 07:54.212","6","07","75 58:34.324","3","0","0","0","36203","0","0","0","N","0","0","0","7","68J01","0","","1","01","N","N","0","","2","0","1","0","0","N","1234","2","2","0","0","0","0","0","1","1","2","N","","","","","","","","","","","0015","03","03","","N","N"
"0746","0","0","0","0","0","0","0","0","0","7","1","","36","06","2020","2020055509","6","40.1068","-76.2006","0738","08","0","0","0","0","0","1","0","0","","0","1","0","07","1","0","00","2","40 06:24.433","6","00","76 12:02.305","0","0","0","0","36238","0","0","0","N","0","0","0","1","36238","0","","4","01","N","N","0","","0","0","0","0","0","Y","0738","0","1","0","0","1","0","0","3","0","1","N","","","","","","","","","","","0900","03","  ","","",""
"0358","0","0","0","0","0","0","0","0","0","98","0","","36","07","2020","2020055512","4","40.1207","-76.2351","0351","08","0","0","0","0","0","0","0","1","","0","0","0","03","3","1","00","1","40 07:14.487","2","00","76 14:06.350","4","0","0","0","36238","0","0","0","N","0","0","0","1","36238","1","","1","01","N","N","0","","0","0","0","0","0","N","0351","1","1","0","0","0","0","0","3","1","1","N","","","","","","","","","","","0519","03","  ","","N","N"
"2354","1","0","0","0","0","0","0","0","0","4","0","","36","07","2020","2020055515","6","40.0508","-76.3101","2353","08","0","0","0","0","0","1","0","0","","0","0","0","23","3","3","01","2","40 03:02.906","2","00","76 18:36.181","3","0","0","0","36301","0","0","0","N","0","0","0","4","36301","1","","1","01","N","N","0","","2","0","1","3","3","Y","2352","3","2","0","0","2","0","1","3","0","2","N","","","","","","","","","","","0054","03","03","","",""
"1120","0","0","0","0","0","0","0","0","0","8","0","","36","07","2020","2020055546","5","40.0758","-76.324","1118","08","0","0","0","0","0","1","0","0","","0","0","0","11","1","1","00","0","40 04:33.005","","07","76 19:26.568","2","0","0","0","36101","1","0","1","N","1","0","1","2","36101","0","","1","01","N","N","0","","0","1","1","0","0","","1116","1","2","0","0","0","0","0","3","0","1","N","","","","","","","","","","","","03","03","","",""
"1418","0","0","0","0","0","0","0","0","0","4","0","","36","07","2020","2020055547","2","40.0501","-76.3957","1408","08","0","0","0","0","0","1","0","0","","0","0","0","14","1","1","00","0","40 03:00.400","","07","76 23:44.600","3","0","0","0","36214","0","0","0","N","0","0","0","2","36214","0","","1","01","N","N","1","","1","0","1","0","0","","1405","1","2","0","0","0","0","0","3","0","2","N","","","","","","","","","","","","03","  ","","N","N"
"1028","1","0","0","0","0","0","0","0","0","4","0","","36","07","2020","2020055612","4","40.0482","-76.3032","1020","08","0","0","0","0","0","0","0","0","","0","0","0","10","1","1","01","1","40 02:53.639","1","00","76 18:11.682","4","0","0","0","36301","0","0","0","N","0","0","0","2","36301","1","","1","01","N","N","0","","0","0","2","0","0","N","1018","1","3","0","0","0","0","0","3","0","3","N","","","","","","","","","","","1115","03","03","","",""
"1540","4","0","0","0","0","0","0","0","0","5","0","","36","07","2020","2020055613","3","40.0601","-76.5498","1535","08","0","0","0","0","0","0","0","0","","0","0","0","15","1","1","00","2","40 03:36.281","5","00","76 32:59.236","3","0","0","0","36411","0","0","0","N","0","0","0","1","36504","0","","6","01","N","N","1","","1","0","0","0","0","Y","1530","1","5","0","0","0","0","0","1","0","5","N","","","","","","","","","","","1600","03","  ","","N","N"
"1425","2","0","0","0","0","0","0","0","0","1","0","","36","07","2020","2020055618","6","40.0609","-76.568","1420","08","0","0","0","0","0","0","0","0","","0","0","0","14","1","0","01","1","40 03:39.357","1","00","76 34:04.694","0","0","0","0","36211","0","0","0","N","0","0","0","2","36504","0","","1","09","N","N","0","","0","0","0","0","0","N","1415","0","2","0","0","0","0","0","1","0","2","N","","","","","","","","","","","1445","07","  ","","",""
"1225","1","0","0","0","0","0","0","0","0","1","3","","36","07","2020","2020055668","4","40.2096","-76.0265","1225","08","0","0","0","0","0","2","0","0","","0","2","0","12","1","2","00","1","40 12:34.456","4","00","76 01:35.500","3","0","0","0","36202","0","0","0","N","0","0","0","3","68T06","0","","1","09","N","N","0","","2","0","0","0","0","N","1225","2","3","0","0","0","0","0","1","0","3","N","","","","","","","","","","","0030","07","  ","","",""
"1621","1","0","0","0","0","0","0","0","0","7","0","","36","07","2020","2020055669","4","40.2271","-76.4239","1610","08","0","0","0","0","0","0","1","0","","0","0","0","16","1","0","00","0","40 13:37.525","","00","76 25:25.873","0","0","0","0","36227","0","0","0","N","0","0","0","2","68T06","0","","4","09","N","N","0","","0","0","0","0","0","","1610","0","1","0","0","0","0","0","1","0","1","N","","","","","","","","","","","","07","  ","","",""
"1228","1","0","0","0","0","0","0","0","0","7","0","","36","07","2020","2020055674","6","40.2443","-76.1621","1211","08","0","0","0","0","0","0","0","0","","0","0","0","12","1","0","00","0","40 14:39.433","","00","76 09:43.418","0","0","0","0","36236","0","0","0","N","0","0","0","1","68T06","0","","3","09","N","N","0","","0","0","0","0","0","","1205","0","1","0","0","0","0","0","1","0","1","N","","","","","","","","","","","","07","  ","","N","N"
"1342","0","0","0","0","0","0","0","0","0","7","0","","36","07","2020","2020055675","6","40.2435","-76.1546","1337","08","0","0","0","0","0","0","0","0","","0","0","0","13","1","0","00","0","40 14:36.609","","00","76 09:16.482","0","0","0","0","36236","0","0","0","N","0","0","0","2","68T06","0","","5","09","N","N","0","","0","0","1","0","0","","1336","0","1","0","0","0","0","0","1","0","1","N","","","","","","","","","","","","07","07","","",""
"1741","1","0","1","0","0","0","0","0","0","7","0","","36","07","2020","2020055684","7","40.2423","-76.2427","1734","08","0","0","0","0","0","0","0","0","","0","0","0","17","1","2","00","1","40 14:32.367","3","00","76 14:33.700","2","0","0","0","36204","0","0","0","N","0","0","0","3","68T06","0","","4","01","N","N","0","","1","1","0","0","0","N","1734","2","1","0","0","1","0","0","1","0","1","N","","","","","","","","","","","1820","03","  ","","N","N"
"1635","2","0","0","0","0","0","0","0","0","1","0","","36","07","2020","2020055739","6","40.0537","-76.3066","1634","08","0","0","1","0","0","0","0","0","","0","0","0","16","1","0","02","1","40 03:13.368","2","00","76 18:23.602","0","0","0","0","36101","0","0","0","N","0","0","0","5","36101","0","","1","09","N","N","0","","0","0","0","3","2","N","1625","0","2","0","0","0","0","0","3","0","2","N","","","","","","","","","","","1707","07","  ","","",""
"1025","0","0","0","1","0","0","0","0","0","4","0","","36","07","2020","2020055740","1","40.0819","-76.3084","1024","08","0","0","0","0","0","0","1","0","","0","0","0","10","1","1","00","0","40 04:54.841","","07","76 18:30.244","3","0","0","0","36101","1","0","0","N","0","0","0","2","36101","0","","1","01","N","N","0","","1","0","1","0","0","","1024","1","2","0","0","0","0","0","3","0","1","N","","","","","","","","","","","","03","  ","","N","N"
"1929","1","0","0","0","0","0","0","0","0","4","0","","36","06","2020","2020055741","2","40.0293","-76.2282","1922","08","0","0","0","0","0","0","0","0","","0","0","0","19","1","2","01","1","40 01:45.321","6","00","76 13:41.648","3","0","0","0","36215","0","0","0","N","0","0","0","7","36215","0","","1","01","N","N","0","","1","0","1","3","2","N","1920","2","3","0","0","1","1","0","1","1","3","N","","","","","","","","","","","2013","03","  ","","N",""
"1525","0","0","0","0","0","0","0","0","0","1","0","","36","07","2020","2020055743","2","40.1073","-76.0891","1523","08","0","0","0","0","0","0","0","0","","0","0","0","15","1","3","02","2","40 06:26.322","5","00","76 05:20.886","3","0","0","0","36415","0","0","0","N","0","0","0","5","36415","1","","1","01","N","N","1","","2","0","1","3","3","Y","1520","3","2","0","0","1","0","0","1","0","2","N","","","","","","","","","","","1610","03","  ","","N",""
"1430","1","0","0","0","0","0","0","0","0","1","0","","36","06","2020","2020055775","1","40.0026","-76.0355","1415","08","0","0","0","0","0","0","0","0","","0","0","0","14","1","0","00","0","40 00:09.217","","00","76 02:07.882","0","0","0","0","36232","0","0","0","N","0","0","0","3","68J01","0","","1","01","N","N","1","","0","0","0","0","0","","1412","0","2","0","0","0","0","0","1","0","2","N","","","","","","","","","","","","03","03","","N","N"
"1733","0","0","0","0","0","0","0","0","0","1","1","","36","06","2020","2020055778","3","39.9872","-76.0244","1723","08","0","0","0","0","0","0","0","0","","0","1","0","17","1","1","00","2","39 59:13.936","6","00","76 01:27.886","3","0","0","0","36232","0","0","0","N","0","0","0","4","68J01","0","","1","01","N","N","0","","1","0","1","0","0","Y","1721","1","2","0","0","1","0","0","1","0","2","N","","","","","","","","","","","0030","03","  ","","",""
"1521","0","0","0","0","0","0","0","0","0","7","0","","36","06","2020","2020055779","4","39.929","-76.3548","1449","08","0","0","0","0","0","0","0","1","","0","0","0","14","1","0","00","0","39 55:44.560","","00","76 21:17.140","0","0","0","0","36206","0","0","0","N","0","0","0","1","68J01","0","","4","01","N","N","0","","0","0","1","0","0","","1443","0","1","0","0","0","0","0","1","0","1","N","","","","","","","","","","","","03","03","","",""
"1658","1","0","0","0","0","0","0","0","0","4","0","","36","06","2020","2020055780","4","40.0106","-76.0447","1649","08","0","0","0","0","0","0","1","0","","0","0","0","16","1","0","02","2","40 00:38.078","3","00","76 02:41.032","0","0","0","0","36232","0","0","0","N","0","0","0","3","68J01","0","","1","01","N","N","0","","0","0","1","0","0","N","1645","0","2","0","0","0","0","0","1","0","2","N","","","","","","","","","","","1712","03","  ","","N","N"
"2217","0","0","0","0","0","0","0","0","0","7","0","","36","06","2020","2020055783","7","39.9953","-76.0422","2207","08","0","0","0","0","0","0","0","0","","0","0","0","22","2","1","00","1","39 59:43.150","3","00","76 02:32.053","3","0","0","0","36232","0","0","0","Y","0","0","0","1","68J01","0","","4","01","N","N","0","","1","0","1","0","0","N","2202","1","1","0","0","0","0","0","1","0","1","N","","","","","","","","","","","2230","03","  ","","",""
"1843","0","0","0","0","0","0","0","0","0","7","0","","36","06","2020","2020055784","1","39.9143","-76.2991","1839","08","0","0","0","0","0","0","0","0","","0","0","0","18","1","1","00","1","39 54:51.480","3","00","76 17:56.800","3","0","0","1","36224","0","0","0","N","0","0","0","1","68J01","0","","1","09","N","N","0","","1","0","0","0","0","N","1830","1","1","0","0","0","0","0","1","0","1","N","","","","","","","","","","","0030","07","  ","","",""
"1306","1","0","0","0","0","0","0","0","0","1","0","","36","07","2020","2020055793","6","39.9887","-75.9845","1250","08","0","0","0","0","0","1","0","0","","0","0","0","12","1","0","00","0","39 59:19.219","","00","75 59:04.323","0","0","0","0","36232","0","0","0","N","0","0","0","2","68J01","0","","1","01","N","N","0","","0","0","1","0","0","","1243","0","2","0","0","0","0","0","1","0","2","N","","","","","","","","","","","","03","03","","N","N"
"1139","1","0","0","0","0","0","0","0","0","4","0","","36","07","2020","2020055800","3","39.8745","-76.1856","1136","08","0","0","0","0","0","0","0","0","","0","0","0","11","1","0","00","0","39 52:28.083","","00","76 11:08.317","0","0","0","0","36212","0","0","0","N","0","0","0","2","68J01","0","","1","01","N","N","1","","0","0","0","3","3","","1134","0","2","0","0","0","0","0","1","0","2","N","","","","","","","","","","","","03","  ","","",""
"1831","3","0","0","0","0","0","0","0","0","4","0","","36","07","2020","2020055857","3","40.1694","-76.198","1829","08","0","1","0","0","0","0","0","0","","0","0","0","18","1","1","00","1","40 10:09.743","4","00","76 11:52.906","3","0","0","0","36408","0","0","0","N","0","0","0","3","36408","0","","1","01","N","N","0","","1","0","0","0","0","N","1828","1","3","0","0","0","0","0","2","0","3","N","","","","","","","","","","","1912","03","03","","",""
"2330","1","0","0","0","0","0","0","0","0","7","0","","36","07","2020","2020055862","4","40.218","-76.1603","2326","08","0","0","0","0","0","0","0","0","","0","0","0","23","2","0","00","1","40 13:04.788","1","00","76 09:37.009","0","0","0","0","36236","0","0","0","N","0","0","0","1","36408","0","","2","01","N","N","0","","0","0","0","0","0","N","2322","0","1","0","0","0","0","0","1","0","1","N","","","","","","","","","","","0026","03","  ","","",""
"1924","1","0","0","0","0","0","0","0","0","7","0","","36","07","2020","2020055893","1","40.068","-76.2879","1916","08","0","0","0","1","0","0","0","0","","0","0","0","19","1","0","00","0","40 04:04.864","","00","76 17:16.350","0","0","0","0","36101","0","0","0","N","0","0","0","3","36101","0","","5","09","N","N","0","","0","0","0","0","0","","1912","0","1","0","0","0","0","0","3","0","1","N","","","","","","","","","","","","07","07","","",""
"1758","1","0","0","0","0","0","0","0","0","4","0","","36","07","2020","2020055894","4","40.0954","-76.4107","1755","08","0","0","0","0","0","0","0","1","","0","0","0","17","1","1","00","2","40 05:43.491","6","00","76 24:38.504","3","0","0","0","36214","0","0","0","N","0","0","0","1","36214","0","","2","01","N","N","0","","1","0","1","0","0","Y","1755","1","2","0","0","0","0","0","3","0","2","N","","","","","","","","","","","1850","03","  ","","",""
"1846","2","0","0","0","0","0","0","0","0","4","0","","36","07","2020","2020055895","4","40.1233","-76.3753","1841","08","0","1","0","0","0","1","0","0","","0","0","0","18","1","0","01","1","40 07:23.702","3","00","76 22:31.147","0","0","0","0","36214","0","0","0","N","0","0","0","3","36214","0","","1","01","N","N","0","","0","0","0","3","3","N","1841","0","2","0","0","0","0","0","3","0","2","N","","","","","","","","","","","1930","03","  ","","",""
"1413","0","0","0","0","0","0","0","0","0","7","0","","36","07","2020","2020055927","7","40.0382","-76.3235","1410","08","0","0","0","0","0","0","1","0","","0","0","0","14","1","1","01","0","40 02:17.653","","00","76 19:24.603","8","0","0","0","36301","0","0","0","N","0","0","0","1","36301","0","","3","01","N","N","0","","0","0","1","3","2","N","1408","1","1","0","0","0","1","0","3","0","1","N","","","","","","","","","","","","03","  ","","N",""
"1732","0","0","0","0","0","0","0","0","0","6","0","","36","07","2020","2020055952","4","40.1706","-76.2054","1728","08","0","0","0","0","0","1","0","0","","0","0","0","17","1","0","00","2","40 10:14.100","5","00","76 12:19.400","0","0","0","0","36218","0","0","0","N","0","0","0","2","36408","0","","1","01","N","N","1","","0","0","0","0","0","Y","1725","0","2","0","0","0","0","0","1","1","2","N","","","","","","","","","","","1820","03","  ","","N","N"
"1109","0","0","0","0","0","0","0","0","0","0","0","","36","06","2020","2020055991","6","39.9721","-76.1288","1054","08","0","0","0","0","0","0","0","0","","0","0","0","10","1","1","00","0","39 58:19.478","","00","76 07:43.787","3","0","0","1","36226","0","0","0","N","0","0","0","1","68J01","0","","1","03","N","N","0","","1","0","0","0","0","","1050","1","1","0","0","0","0","0","1","0","1","N","","","","","","","","","","","","03","03","","",""
"1505","1","0","0","0","0","0","0","0","0","4","0","","36","07","2020","2020056089","1","40.1233","-76.3753","1456","08","0","0","0","0","0","0","0","1","","0","0","0","14","1","1","01","2","40 07:23.702","6","00","76 22:31.147","3","0","0","0","36214","0","0","0","N","0","0","0","3","36214","0","","1","01","N","N","1","","1","0","0","3","3","Y","1454","1","2","0","0","0","0","0","3","0","2","N","","","","","","","","","","","1620","03","03","","",""
"0937","0","0","0","0","0","0","0","0","0","5","0","","36","07","2020","2020056090","4","40.0862","-76.3496","0925","08","0","0","0","0","0","0","0","0","","0","0","0","09","1","0","00","0","40 05:10.300","","00","76 20:58.400","0","0","0","0","36214","0","0","0","N","0","0","0","2","36214","0","","1","01","N","N","1","","0","0","0","0","0","","0922","0","2","0","0","0","0","0","3","0","2","N","","","","","","","","","","","","03","03","","N","N"
"1512","0","0","0","0","0","0","0","0","0","4","0","","36","07","2020","2020056091","4","40.0709","-76.3682","1507","08","1","0","0","0","0","1","0","0","","0","0","0","15","1","0","01","1","40 04:15.182","3","00","76 22:05.455","0","0","0","0","36214","0","0","0","N","0","0","0","2","36214","0","","1","01","N","N","0","","0","0","2","3","3","N","1504","0","2","0","0","0","0","0","3","0","2","N","","","","","","","","","","","1610","03","  ","","",""
"1831","2","0","0","0","0","0","0","0","0","6","0","","36","07","2020","2020056092","4","40.1618","-76.3064","1829","08","0","0","0","0","0","1","0","0","","0","0","0","18","1","0","00","1","40 09:42.520","6","00","76 18:23.130","0","0","0","0","36409","0","0","0","N","0","0","0","1","36409","0","","5","01","N","N","0","","0","0","1","0","0","N","1827","0","3","0","0","0","0","0","3","0","3","N","","","","","","","","","","","1947","03","03","","",""
"1130","2","0","0","0","0","0","0","0","0","4","0","","36","07","2020","2020056093","1","40.1","-76.3556","1130","08","0","0","1","0","0","0","0","0","","0","0","0","11","1","0","01","0","40 05:59.944","","00","76 21:20.163","0","0","0","0","36406","0","0","0","N","0","0","0","5","36506","0","","1","01","N","N","0","","0","0","0","3","2","","1130","0","2","0","0","0","0","0","3","0","2","N","","","","","","","","","","","","03","  ","","N",""
"1450","1","0","0","0","0","0","0","0","0","7","0","","36","07","2020","2020056094","3","40.1889","-76.3786","1445","08","0","0","0","0","0","0","1","0","","0","0","0","14","1","0","00","1","40 11:20.000","5","00","76 22:43.100","0","0","0","0","36227","0","0","0","N","0","0","0","1","36506","0","","4","01","N","N","0","","0","0","0","0","0","N","1444","0","1","0","0","0","0","0","1","0","1","N","","","","","","","","","","","1529","03","03","","N","N"
"1250","0","0","0","0","0","0","0","0","0","7","0","","36","05","2020","2020056122","6","39.9682","-76.1219","1242","08","0","0","0","0","0","0","0","0","","0","0","","12","1","1","00","0","39 58:05.581","","07","76 07:18.684","9","0","0","0","36226","0","0","0","N","0","0","0","3","68J01","0","","4","01","N","N","0","","0","0","0","0","0","","1240","0","1","0","0","0","0","0","1","0","0","N","","","","","","","","","","","","03","03","","N","Y"
"2116","1","0","0","0","0","0","0","0","0","6","0","","36","06","2020","2020056128","5","40.2318","-76.0498","2050","08","0","0","0","0","0","0","0","0","","0","0","0","20","4","0","00","0","40 13:54.431","","00","76 02:59.330","9","0","0","0","36202","0","0","0","N","0","0","0","6","68J01","0","","1","01","N","N","0","","0","0","1","0","0","","2048","0","2","0","0","0","0","1","1","0","2","N","","","","","","","","","","","","03","  ","","N","N"
"1433","0","0","0","0","0","0","0","0","0","7","0","","36","06","2020","2020056130","6","40.1806","-76.0074","1408","08","0","0","0","0","0","0","0","0","","0","0","0","13","1","0","02","2","40 10:50.084","2","00","76 00:26.558","0","0","0","0","36202","0","0","0","N","0","0","0","1","68J01","0","","4","01","N","N","0","","0","0","1","3","3","N","1352","0","1","0","0","0","0","0","1","0","1","N","","","","","","","","","","","1600","03","03","","",""
"1502","0","0","0","0","0","0","0","0","0","6","0","","36","06","2020","2020056132","6","39.943","-76.3696","1454","08","0","0","0","0","0","0","0","0","","0","0","0","14","1","0","00","0","39 56:34.920","","00","76 22:10.485","9","0","0","0","36206","0","0","0","N","0","0","0","2","68J01","0","","1","01","N","N","0","","0","0","1","0","0","","1432","0","2","0","0","0","0","1","1","0","2","N","","","","","","","","","","","","03","03","","N","N"
"1543","0","0","0","0","0","0","0","0","0","0","0","","36","06","2020","2020056135","6","40.0537","-76.1312","1524","08","0","0","0","0","0","0","1","0","","0","0","0","15","1","1","00","1","40 03:13.348","1","00","76 07:52.240","8","0","0","1","36221","0","0","0","N","0","0","0","1","68J01","0","","4","01","N","N","0","","0","0","0","0","0","N","1517","1","1","0","0","0","1","0","1","0","1","N","","","","","","","","","","","0030","03","03","","N","N"
"1414","0","0","0","0","0","0","0","0","0","0","0","","36","06","2020","2020056136","1","39.9277","-76.3799","1402","08","0","0","0","0","0","1","0","0","","0","0","0","13","1","1","00","0","39 55:39.780","","00","76 22:47.750","3","0","0","1","36206","0","0","0","N","0","0","0","2","68J01","0","","1","01","N","N","0","","1","0","0","0","0","","1346","1","1","0","0","0","0","0","1","0","1","N","","","","","","","","","","","","03","  ","","",""
"0318","0","0","0","0","0","0","0","0","0","7","0","","36","07","2020","2020056138","4","39.8495","-76.069","0253","08","0","0","0","0","0","0","0","0","","0","0","0","02","2","0","00","1","39 50:58.308","2","00","76 04:08.285","0","0","0","0","36205","0","0","0","Y","0","0","0","1","68J01","0","","4","01","N","N","1","","0","0","0","0","0","N","0251","0","1","0","0","0","0","0","1","0","1","N","","","","","","","","","","","0350","03","03","","",""
"2127","0","0","0","0","0","0","0","0","0","7","0","","36","07","2020","2020056140","6","39.744","-76.1985","2115","08","0","0","0","0","0","0","0","0","","0","0","0","21","2","1","00","0","39 44:38.350","","00","76 11:54.710","3","0","0","1","36219","0","0","0","N","0","0","0","1","68J01","0","","1","01","N","N","0","","1","0","0","0","0","","2113","1","1","0","0","0","0","0","1","0","1","N","","","","","","","","","","","","03","  ","","N","N"
"1521","2","0","0","0","0","0","0","0","0","4","0","","36","07","2020","2020056184","5","40.0387","-76.4948","1518","08","0","0","0","0","0","0","0","1","","0","0","0","15","1","0","01","1","40 02:19.442","3","00","76 29:41.229","0","0","0","0","36404","0","0","0","N","0","0","0","4","36404","0","","1","01","N","N","0","","0","0","0","3","3","N","1516","0","2","0","0","0","0","0","3","0","2","N","","","","","","","","","","","1556","03","03","","N",""
"1424","2","0","0","0","0","0","0","0","0","4","0","","36","07","2020","2020056188","1","40.0379","-76.5042","1421","08","0","0","0","0","0","1","0","0","","0","0","0","14","1","0","01","1","40 02:16.558","1","00","76 30:14.950","0","0","0","0","36404","0","0","0","N","0","0","0","2","36404","0","","1","01","N","N","0","","0","0","0","3","3","N","1420","0","2","0","0","0","0","0","3","0","2","N","","","","","","","","","","","1500","03","  ","","N",""
"1139","2","0","0","0","0","0","0","0","0","4","0","","36","07","2020","2020056230","5","40.0444","-76.3634","1130","08","0","0","0","0","0","0","1","0","","0","0","0","11","1","0","01","0","40 02:39.964","","00","76 21:48.087","0","0","0","0","36214","0","0","0","N","0","0","0","2","36214","0","","1","01","N","N","0","","0","0","0","3","3","","1126","0","2","0","0","0","0","0","3","0","2","N","","","","","","","","","","","","03","03","","N",""
"0002","0","0","0","0","0","0","0","0","0","7","0","","36","07","2020","2020056311","6","40.0658","-75.9851","2337","08","0","1","0","0","0","0","0","0","","0","0","0","23","2","1","00","0","40 03:56.830","","00","75 59:06.220","3","0","0","0","36232","0","0","0","N","0","0","0","1","68J01","0","","4","09","N","N","1","","1","0","0","0","0","","2335","1","1","0","0","1","0","0","1","0","1","N","","","","","","","","","","","","03","03","","",""
"1930","1","0","0","0","0","0","0","0","0","7","0","","36","07","2020","2020056363","1","40.0786","-76.281","1853","08","0","0","0","0","0","0","0","0","","0","0","0","18","1","0","00","0","40 04:42.793","","00","76 16:51.757","0","0","0","0","36101","0","0","0","N","0","0","0","1","36101","0","","2","09","N","N","0","","0","0","0","0","0","","1848","0","1","0","0","0","0","0","3","0","1","N","","","","","","","","","","","","07","  ","","",""
"1320","2","0","0","0","0","0","0","0","0","4","0","","36","07","2020","2020056364","4","40.045","-76.4224","1313","08","0","0","0","0","0","1","0","0","","0","0","0","13","1","0","01","0","40 02:41.823","","00","76 25:20.511","0","0","0","0","36239","0","0","0","N","0","0","0","3","36239","0","","1","01","N","N","0","","0","0","0","3","2","","1308","0","2","0","0","0","0","0","3","0","2","N","","","","","","","","","","","","03","03","","",""
"0928","3","0","0","0","0","0","0","0","0","4","0","40","36","07","2020","2020056510","6","40.1047","-76.255","0920","08","0","0","0","0","0","3","0","0","","0","0","0","09","1","2","01","0","40 06:17.057","","00","76 15:17.845","3","0","0","0","36101","0","0","0","N","0","0","0","3","36101","0","","1","01","N","N","0","","2","0","0","3","2","","0918","2","3","0","0","0","0","0","3","0","3","Y","4","1","Y","N","N","N","N","N","N","Y","","04","  ","N","N",""