"ARRIVAL_TM","AUTOMOBILE_COUNT","BELTED_DEATH_COUNT","BELTED_SUSP_SERIOUS_INJ_COUNT","BICYCLE_COUNT","BICYCLE_DEATH_COUNT","BICYCLE_SUSP_SERIOUS_INJ_COUNT","BUS_COUNT","CHLDPAS_DEATH_COUNT","CHLDPAS_SUSP_SERIOUS_INJ_COUNT","COLLISION_TYPE","COMM_VEH_COUNT","CONS_ZONE_SPD_LIM","COUNTY","CRASH_MONTH","CRASH_YEAR","CRN","DAY_OF_WEEK","DEC_LAT","DEC_LONG","DISPATCH_TM","DISTRICT","DRIVER_COUNT_16YR","DRIVER_COUNT_17YR","DRIVER_COUNT_18YR","DRIVER_COUNT_19YR","DRIVER_COUNT_20YR","DRIVER_COUNT_50_64YR","DRIVER_COUNT_65_74YR","DRIVER_COUNT_75PLUS","EST_HRS_CLOSED","FATAL_COUNT","HEAVY_TRUCK_COUNT","HORSE_BUGGY_COUNT","HOUR_OF_DAY","ILLUMINATION","INJURY_COUNT","INTERSECT_TYPE","LANE_CLOSED","LATITUDE","LN_CLOSE_DIR","LOCATION_TYPE","LONGITUDE","MAX_SEVERITY_LEVEL","MCYCLE_DEATH_COUNT","MCYCLE_SUSP_SERIOUS_INJ_COUNT","MOTORCYCLE_COUNT","MUNICIPALITY","NONMOTR_COUNT","NONMOTR_DEATH_COUNT","NONMOTR_SUSP_SERIOUS_INJ_COUNT","NTFY_HIWY_MAINT","PED_COUNT","PED_DEATH_COUNT","PED_SUSP_SERIOUS_INJ_COUNT","PERSON_COUNT","POLICE_AGCY","POSSIBLE_INJ_COUNT","RDWY_SURF_TYPE_CD","RELATION_TO_ROAD","ROAD_CONDITION","SCH_BUS_IND","SCH_ZONE_IND","SMALL_TRUCK_COUNT","SPEC_JURIS_CD","SUSP_MINOR_INJ_COUNT","SUSP_SERIOUS_INJ_COUNT","SUV_COUNT","TCD_FUNC_CD","TCD_TYPE","TFC_DETOUR_IND","TIME_OF_DAY","TOT_INJ_COUNT","TOTAL_UNITS","UNB_DEATH_COUNT","UNB_SUSP_SERIOUS_INJ_COUNT","UNBELTED_OCC_COUNT","UNK_INJ_DEG_COUNT","UNK_INJ_PER_COUNT","URBAN_RURAL","VAN_COUNT","VEHICLE_COUNT","WORK_ZONE_IND","WORK_ZONE_LOC","WORK_ZONE_TYPE","WORKERS_PRES","WZ_CLOSE_DETOUR","WZ_FLAGGER","WZ_LAW_OFFCR_IND","WZ_LN_CLOSURE","WZ_MOVING","WZ_OTHER","WZ_SHLDER_MDN","ROADWAY_CLEARED","WEATHER1","WEATHER2","WZ_WORKERS_INJ_KILLED","SECONDARY_CRASH","INTERSECTION_RELATED"
"1431","0","0","0","0","0","0","0","0","0","4","0","","36","07","2020","2020056511","7","40.0691","-76.3569","1430","08","0","0","0","0","0","0","0","1","","0","0","0","14","1","0","01","0","40 04:08.816","","00","76 21:24.786","0","0","0","0","36214","0","0","0","N","0","0","0","2","36214","0","","1","01","N","N","0","","0","0","1","3","2","","1425","0","2","0","0","0","0","0","3","1","2","N","","","","","","","","","","","","03","  ","","N",""
"1045","1","0","0","0","0","0","0","0","0","4","1","","36","07","2020","2020056526","3","40.0526","-76.3041","1038","08","0","0","0","0","0","0","0","0","","0","1","0","09","1","0","01","0","40 03:09.338","","00","76 18:14.646","0","0","0","0","36301","0","0","0","N","0","0","0","2","36301","0","","1","01","N","N","0","","0","0","0","3","2","","0958","0","2","0","0","0","0","0","3","0","2","N","","","","","","","","","","","","03","  ","","",""
"1110","1","0","0","0","0","0","0","0","0","0","0","","36","07","2020","2020056553","7","40.1506","-76.6044","1100","08","0","0","0","0","0","0","0","0","","0","0","0","11","1","0","01","2","40 09:02.055","4","00","76 36:15.764","0","0","0","0","36407","0","0","0","N","0","0","0","1","36407","0","","1","01","N","N","0","","0","0","0","0","0","Y","1100","0","1","0","0","0","0","0","2","0","1","N","","","","","","","","","","","1135","03","  ","","N","N"
"1417","0","0","0","0","0","0","0","0","0","7","0","","36","07","2020","2020056570","4","39.9281","-76.0705","1405","08","0","0","0","0","0","1","0","0","","0","0","0","13","1","1","00","2","39 55:40.980","2","00","76 04:13.766","3","0","0","0","36201","0","0","0","Y","0","0","0","1","68J01","0","","4","01","N","N","1","","1","0","0","0","0","N","1356","1","1","0","0","0","0","0","1","0","1","N","","","","","","","","","","","1445","03","03","","",""
"1241","0","0","0","0","0","0","0","0","0","0","2","","36","07","2020","2020056578","4","40.209","-76.0241","1159","08","0","0","0","0","0","0","0","0","","0","2","0","11","1","2","00","0","40 12:32.371","","00","76 01:26.800","4","0","0","0","36202","0","0","0","Y","0","0","0","2","68T06","1","","1","09","N","N","0","","0","0","0","0","0","","1159","2","2","0","0","0","1","0","1","0","2","N","","","","","","","","","","","","07","  ","","",""
"1328","2","0","0","0","0","0","0","0","0","1","0","","36","07","2020","2020056679","6","40.0387","-76.3294","1325","08","0","0","0","0","0","0","0","0","","0","0","0","13","1","0","00","1","40 02:19.341","4","00","76 19:45.690","0","0","0","0","36220","0","0","0","N","0","0","0","4","36101","0","","1","01","N","N","0","","0","0","1","0","0","N","1322","0","3","0","0","0","0","0","3","0","3","N","","","","","","","","","","","1343","03","03","","N","N"
"1331","1","0","0","0","0","0","0","0","0","4","0","","36","07","2020","2020056680","6","40.0421","-76.4422","1328","08","0","0","1","0","0","1","0","0","","0","0","0","13","1","0","01","0","40 02:31.412","","00","76 26:31.790","0","0","0","0","36414","0","0","0","N","0","0","0","2","36239","0","","1","01","N","N","0","","0","0","1","3","3","","1328","0","2","0","0","0","0","0","3","0","2","N","","","","","","","","","","","","03","  ","","N",""
"0304","1","0","0","0","0","0","0","0","0","7","0","","36","07","2020","2020056745","7","39.9885","-76.2546","0259","08","0","0","0","0","0","0","0","0","","0","0","0","02","2","0","00","0","39 59:18.594","","00","76 15:16.607","0","0","0","0","36240","0","0","0","N","0","0","0","1","36240","0","","5","01","N","N","0","","0","0","0","0","0","","0255","0","1","0","0","0","0","0","1","0","1","N","","","","","","","","","","","","05","  ","","",""
"1129","1","0","0","0","0","0","0","0","0","0","0","","36","07","2020","2020056829","7","","","1123","08","0","0","1","0","0","0","0","0","","0","0","0","11","1","0","00","1","","2","00","","0","0","0","0","36218","0","0","0","N","0","0","0","2","36408","0","","1","01","N","N","0","","0","0","0","0","0","N","1123","0","1","0","0","0","0","0","1","0","1","N","","","","","","","","","","","1222","03","03","","N","N"
"1412","0","0","0","0","0","0","0","0","0","8","0","","36","07","2020","2020056831","3","40.1863","-76.1883","1406","08","0","0","0","0","0","1","0","0","","0","0","0","14","1","1","06","0","40 11:09.393","","02","76 11:16.529","3","0","0","0","36408","1","0","0","N","1","0","0","2","36408","0","","1","01","N","N","0","","1","0","1","3","3","","1405","1","2","0","0","0","0","0","2","0","1","N","","","","","","","","","","","","03","03","","",""
"0738","1","0","0","0","0","0","0","0","0","7","0","","36","07","2020","2020056835","5","40.2045","-76.166","0728","08","0","1","0","0","0","0","0","0","","0","0","0","07","1","0","00","0","40 12:16.270","","00","76 09:57.541","0","0","0","0","36218","0","0","0","N","0","0","0","1","36408","0","","5","01","N","N","0","","0","0","0","0","0","","0725","0","1","0","0","0","0","0","1","0","1","N","","","","","","","","","","","","03","03","","",""
"1344","1","0","0","0","0","0","0","0","0","4","1","","36","06","2020","2020056837","4","40.1505","-76.0281","1336","08","0","0","0","0","0","1","1","0","","0","1","0","13","1","0","01","1","40 09:01.638","1","00","76 01:41.060","0","0","0","0","36213","0","0","0","N","0","0","0","2","36213","0","","1","01","N","N","0","","0","0","0","3","3","N","1332","0","2","0","0","0","0","0","1","0","2","N","","","","","","","","","","","1400","03","03","","",""
"1005","2","0","0","0","0","0","0","0","0","4","0","","36","07","2020","2020056840","1","40.1018","-76.6727","1005","08","1","0","0","0","0","0","0","0","","0","0","0","10","1","0","01","0","40 06:06.624","","00","76 40:21.755","0","0","0","0","36207","0","0","0","N","0","0","0","4","36504","0","","1","01","N","N","0","","0","0","0","3","3","","1004","0","2","0","0","0","0","0","1","0","2","N","","","","","","","","","","","","03","  ","","N","N"
"1225","1","0","0","0","0","0","0","0","0","1","0","","36","07","2020","2020056859","1","40.0397","-76.3643","1223","08","0","0","0","0","0","0","0","0","","0","0","0","12","1","2","01","2","40 02:22.764","4","00","76 21:51.574","4","0","0","0","36214","0","0","0","N","0","0","0","3","36214","2","","1","01","N","N","0","","0","0","0","3","2","N","1213","2","2","0","0","0","0","1","3","0","2","N","","","","","","","","","","","1227","03","03","","",""
"1031","1","0","0","0","0","0","0","0","0","7","0","","36","07","2020","2020056948","5","40.114","-76.5207","1022","08","0","0","0","0","0","0","1","0","","0","0","0","10","1","0","00","0","40 06:50.558","","07","76 31:14.611","0","0","0","0","36413","0","0","0","N","0","0","0","1","36413","0","","5","01","N","N","0","","0","0","0","0","0","","1022","0","1","0","0","0","0","0","2","0","1","N","","","","","","","","","","","","03","  ","","",""
"2134","0","0","0","0","0","0","0","0","0","8","0","","36","07","2020","2020056961","3","40.0386","-76.3358","2130","08","0","0","0","0","0","1","0","0","","0","0","0","21","3","1","01","1","40 02:18.842","2","00","76 20:08.849","3","0","0","0","36220","1","0","0","N","1","0","0","2","36101","0","","1","01","N","N","0","","1","0","1","3","2","N","2129","1","2","0","0","0","0","0","3","0","1","N","","","","","","","","","","","2151","03","03","","N",""
"1128","1","0","0","0","0","0","0","0","0","4","0","","36","07","2020","2020056962","6","40.0465","-76.3574","1118","08","0","0","0","0","1","0","0","1","","0","0","0","11","1","0","00","0","40 02:47.260","","07","76 21:26.710","0","0","0","0","36214","0","0","0","N","0","0","0","2","36214","0","","1","01","N","N","0","","0","0","1","3","8","","1115","0","2","0","0","0","0","0","3","0","2","N","","","","","","","","","","","","03","03","","N","N"
"1431","0","0","0","0","0","0","0","0","0","1","0","","36","07","2020","2020056963","7","40.042","-76.3638","1427","08","0","0","0","0","0","0","0","0","","0","0","0","14","1","1","00","0","40 02:31.032","","00","76 21:49.642","3","0","0","0","36214","0","0","0","N","0","0","0","4","36214","0","","1","01","N","N","0","","1","0","2","0","0","","1427","1","2","0","0","0","0","0","3","0","2","N","","","","","","","","","","","","03","  ","","",""
"1729","0","0","0","0","0","0","0","0","0","4","0","","36","07","2020","2020057146","5","40.1136","-76.2496","1722","08","0","0","0","0","0","0","0","1","","0","0","0","17","1","2","03","1","40 06:48.809","7","00","76 14:58.642","3","0","0","0","36101","0","0","0","N","0","0","0","10","36101","0","","1","01","N","N","0","","2","0","1","3","3","N","1720","2","2","0","0","1","0","0","3","1","2","N","","","","","","","","","","","1835","03","03","","N",""
"1337","0","0","0","0","0","0","0","0","0","4","0","","36","07","2020","2020057147","4","40.0079","-76.187","1333","08","0","0","0","0","0","0","1","0","","0","0","0","13","1","2","00","0","40 00:28.365","","07","76 11:13.301","3","0","0","0","36215","0","0","0","N","0","0","0","3","36215","0","","1","01","N","N","0","","2","0","1","0","0","","1332","2","2","0","0","0","0","0","1","1","2","N","","","","","","","","","","","","03","03","","N","N"
"1355","0","0","0","0","0","0","0","0","0","1","0","","36","07","2020","2020057148","5","40.0308","-76.2343","1353","08","0","0","0","0","0","2","0","0","","0","0","0","13","1","1","01","1","40 01:50.123","3","00","76 14:03.641","4","0","0","0","36215","0","0","0","N","0","0","0","2","36215","1","","1","01","N","N","2","","0","0","0","3","2","N","1351","1","2","0","0","0","0","0","1","0","2","N","","","","","","","","","","","1440","03","03","","N",""
"1655","0","0","0","0","0","0","0","0","0","0","0","","36","07","2020","2020057149","5","40.0395","-76.2094","1653","08","0","0","0","0","0","0","0","0","","0","0","0","16","1","0","00","0","40 02:22.367","","00","76 12:33.780","0","0","0","1","36215","0","0","0","N","0","0","0","1","36215","0","","1","01","N","N","0","","0","0","0","0","0","","1650","0","1","0","0","0","0","0","1","0","1","N","","","","","","","","","","","","04","  ","","",""
"1138","0","0","0","0","0","0","0","0","0","5","0","","36","07","2020","2020057150","6","40.015","-76.1549","1133","08","0","0","0","0","0","0","0","0","","0","0","0","11","1","1","00","1","40 00:53.891","4","00","76 09:17.582","3","0","0","0","36215","1","0","0","N","1","0","0","2","36215","0","","2","01","N","N","0","","1","0","1","0","0","N","1120","1","3","0","0","0","0","0","1","1","2","N","","","","","","","","","","","0200","03","03","","N","N"
"2341","0","0","0","0","0","0","0","0","0","7","0","","36","06","2020","2020057151","7","40.1856","-76.5127","2329","08","0","0","0","0","0","1","0","0","","0","0","0","23","2","1","00","2","40 11:08.158","6","00","76 30:45.651","4","0","0","0","36230","0","0","0","N","0","0","0","1","36410","1","","4","01","N","N","1","","0","0","0","0","0","Y","2328","1","1","0","0","0","0","0","1","0","1","N","","","","","","","","","","","0049","03","03","","",""
"1718","1","0","0","0","0","0","0","0","0","4","0","","36","06","2020","2020057152","4","40.1117","-76.4517","1715","08","0","0","0","0","1","0","0","0","","0","0","0","17","1","3","01","1","40 06:42.025","2","00","76 27:06.017","3","0","0","0","36230","0","0","0","N","0","0","0","3","36410","1","","1","01","N","N","0","","1","0","2","3","1","N","1709","3","3","0","0","0","1","0","1","0","3","N","","","","","","","","","","","1750","03","03","","N",""
"0733","0","0","0","0","0","0","0","0","0","6","0","","36","07","2020","2020057153","4","40.1574","-76.4068","0728","08","0","0","0","0","0","1","0","0","","0","0","0","07","1","1","00","0","40 09:26.730","","00","76 24:24.434","8","0","0","0","36410","0","0","0","N","0","0","0","2","36410","0","","1","01","N","N","1","","0","0","1","0","0","","0727","1","2","0","0","1","1","0","2","0","2","N","","","","","","","","","","","","03","  ","","N","N"
"1731","2","0","0","0","0","0","0","0","0","1","0","","36","07","2020","2020057154","7","40.1035","-76.0867","1729","08","0","0","0","0","0","1","0","1","","0","0","0","17","1","1","00","2","40 06:12.463","6","00","76 05:12.099","8","0","0","0","36415","0","0","0","N","0","0","0","3","36415","0","","1","01","N","N","0","","0","0","0","9","2","Y","1726","1","2","0","0","0","1","0","1","0","2","N","","","","","","","","","","","1745","03","03","","N","Y"
"2039","1","0","0","0","0","0","0","0","0","7","0","","36","07","2020","2020057155","6","40.1285","-76.5196","2030","08","0","1","0","0","0","0","0","0","","0","0","0","20","4","0","00","0","40 07:42.729","","00","76 31:10.622","0","0","0","0","36225","0","0","0","N","0","0","0","1","36505","0","","3","08","N","N","0","","0","0","0","0","0","","2028","0","1","0","0","0","0","0","2","0","1","N","","","","","","","","","","","","07","  ","","N","N"
"1948","1","0","0","0","0","0","0","0","0","7","0","","36","07","2020","2020057156","1","40.138","-76.5486","1948","08","0","0","0","0","0","0","0","0","","0","0","0","19","1","0","00","1","40 08:16.892","3","00","76 32:54.918","0","0","0","0","36225","0","0","0","N","0","0","0","3","36505","0","","3","08","N","N","0","","0","0","0","0","0","Y","1946","0","1","0","0","0","0","0","2","0","1","N","","","","","","","","","","","2016","07","07","","N","N"
"1354","0","0","0","0","0","0","0","0","0","2","0","","36","07","2020","2020057157","4","40.1865","-76.546","1349","08","0","0","0","1","0","0","0","0","","0","0","0","13","1","0","00","2","40 11:11.500","5","00","76 32:45.600","0","0","0","0","36225","0","0","0","N","0","0","0","2","36505","0","","1","01","N","N","0","","0","0","2","0","0","N","1349","0","2","0","0","0","0","0","2","0","2","N","","","","","","","","","","","1432","03","  ","","N","N"
"0039","0","0","0","0","0","0","0","0","0","7","0","","36","06","2020","2020057187","1","40.179","-76.0517","0018","08","0","0","0","0","1","1","0","0","","0","0","0","00","6","1","00","0","40 10:44.442","","00","76 03:05.941","3","0","0","0","36202","0","0","0","N","0","0","0","2","68J01","0","","4","01","N","N","1","","1","0","0","0","0","","0013","1","2","0","0","0","0","0","1","1","2","N","","","","","","","","","","","","03","03","","",""
"1328","0","0","0","0","0","0","0","0","0","0","0","90","36","07","2020","2020057241","3","39.9917","-76.1857","1313","08","0","0","0","0","0","0","0","0","","0","0","0","13","1","1","00","0","39 59:30.110","","00","76 11:08.360","3","0","0","1","36233","0","0","0","N","0","0","0","1","68J01","0","","1","03","N","N","0","","1","0","0","3","7","","1311","1","1","0","0","0","0","0","1","0","1","Y","4","3","Y","N","Y","N","N","N","N","N","","03","  ","","",""
"1907","0","0","0","0","0","0","0","0","0","0","0","","36","07","2020","2020057271","7","39.8796","-76.0156","1857","08","0","0","0","0","0","1","0","0","","0","0","0","18","1","0","00","1","39 52:46.598","2","00","76 00:55.994","0","0","0","0","36205","0","0","0","N","0","0","0","1","68J01","0","","4","01","N","N","0","","0","0","1","0","0","N","1849","0","1","0","0","0","0","0","1","0","1","N","","","","","","","","","","","1800","03","  ","","",""
"2044","2","0","0","0","0","0","0","0","0","4","0","","36","07","2020","2020057313","5","40.0297","-76.3052","2042","08","0","0","0","0","0","0","0","0","","0","0","0","20","3","0","01","1","40 01:46.793","3","00","76 18:18.770","0","0","0","0","36301","0","0","0","N","0","0","0","2","36301","0","","1","01","","","0","","0","0","0","3","3","Y","2038","0","2","0","0","0","0","0","3","0","2","N","","","","","","","","","","","2125","03","  ","","",""
"1653","1","0","0","0","0","0","0","0","0","1","0","","36","07","2020","2020057334","5","40.0386","-76.3358","1652","08","0","0","0","0","0","1","0","0","","0","0","0","16","1","0","01","1","40 02:18.842","4","00","76 20:08.849","0","0","0","0","36220","0","0","0","N","0","0","0","2","36101","0","","1","01","N","N","1","","0","0","0","3","2","Y","1650","0","2","0","0","0","0","0","3","0","2","N","","","","","","","","","","","1737","03","03","","N",""
"1632","1","0","0","0","0","0","0","0","0","4","0","","36","07","2020","2020057335","2","40.0404","-76.3641","1625","08","0","0","0","0","0","0","1","1","","0","0","0","16","1","1","00","0","40 02:25.600","","00","76 21:50.854","3","0","0","0","36214","0","0","0","N","0","0","0","2","36214","0","","1","01","N","N","0","","1","0","0","0","0","","1625","1","2","0","0","0","0","0","3","1","2","N","","","","","","","","","","","","03","  ","","N","N"
"2146","2","0","0","0","0","0","0","0","0","4","0","","36","07","2020","2020057442","2","40.0272","-75.9541","2139","08","0","0","1","0","0","0","0","0","","0","0","0","21","4","2","01","1","40 01:38.006","6","00","75 57:14.828","4","0","0","0","36232","0","0","0","N","0","0","0","3","68J01","2","","1","01","N","N","0","","0","0","0","3","3","Y","2131","2","2","0","0","0","0","0","1","0","2","N","","","","","","","","","","","2245","03","  ","","",""
"0158","0","0","0","0","0","0","0","0","0","7","0","","36","07","2020","2020057485","4","40.0384","-76.3249","0158","08","0","0","0","0","0","0","0","0","","0","0","0","01","3","1","02","1","40 02:18.109","3","00","76 19:29.786","3","0","0","0","36301","0","0","0","N","0","0","0","1","36101","0","","4","01","N","N","1","","1","0","0","0","0","N","0158","1","1","0","0","0","0","0","3","0","1","N","","","","","","","","","","","0326","03","  ","","N",""
"1829","1","0","0","1","0","0","0","0","0","1","0","","36","07","2020","2020057486","5","40.0545","-76.3267","1822","08","0","0","0","0","0","0","0","0","","0","0","0","18","1","1","00","2","40 03:16.032","6","00","76 19:36.285","8","0","0","0","36101","1","0","0","N","0","0","0","4","36101","0","","2","01","N","N","0","","0","0","0","0","0","Y","1821","1","2","0","0","0","1","0","3","0","1","N","","","","","","","","","","","1940","03","  ","","N","N"
"1152","0","0","0","0","0","0","0","0","0","1","0","","36","07","2020","2020057487","2","40.0781","-76.327","1147","08","0","0","0","0","0","2","0","0","","0","0","0","11","1","0","00","1","40 04:41.332","2","03","76 19:37.293","0","0","0","0","36101","0","0","0","N","0","0","0","3","36101","0","","1","01","N","N","1","","0","0","0","0","0","N","1145","0","2","0","0","0","0","0","3","1","2","N","","","","","","","","","","","1230","03","03","","N","N"
"2040","0","0","0","0","0","0","0","0","0","4","0","","36","06","2020","2020057488","3","40.0386","-76.3566","2036","08","0","0","0","1","0","0","0","0","","0","0","0","20","4","0","00","0","40 02:18.818","","07","76 21:23.803","0","0","0","0","36223","0","0","0","N","0","0","0","2","36223","0","","1","01","N","N","0","","0","0","2","0","0","","2032","0","2","0","0","0","0","0","1","0","2","N","","","","","","","","","","","","03","  ","","N","N"
"2055","1","0","0","0","0","0","0","0","0","7","0","","36","06","2020","2020057525","1","40.0348","-75.9939","2044","08","0","0","0","0","0","0","0","0","","0","0","0","20","2","0","00","2","40 02:05.139","6","00","75 59:38.188","0","0","0","0","36232","0","0","0","N","0","0","0","2","68J01","0","","4","01","N","N","0","","0","0","0","0","0","Y","2038","0","1","0","0","0","0","0","1","0","1","N","","","","","","","","","","","2300","03","03","","N","N"
"0745","1","0","0","0","0","0","0","0","0","4","0","","36","06","2020","2020057527","4","39.9593","-76.0996","0735","08","0","0","0","0","0","0","0","1","","0","0","0","07","1","0","01","1","39 57:33.444","1","00","76 05:58.443","0","0","0","0","36226","0","0","0","N","0","0","0","2","68J01","0","","1","01","N","N","0","","0","0","1","3","3","N","0731","0","2","0","0","0","0","0","1","0","2","N","","","","","","","","","","","0820","03","03","","N","N"
"1747","0","0","0","0","0","0","0","0","0","4","0","","36","06","2020","2020057531","2","39.9298","-76.0547","1731","08","0","0","0","0","0","1","0","0","","0","0","0","17","1","1","01","1","39 55:47.340","3","00","76 03:17.055","3","0","0","0","36201","0","0","0","N","0","0","0","2","68J01","0","","1","01","N","N","0","","1","0","1","3","3","N","1726","1","2","0","0","0","0","0","1","1","2","N","","","","","","","","","","","1835","03","  ","","N","N"
"1332","1","0","0","0","0","0","0","0","0","4","1","","36","07","2020","2020057545","5","40.0064","-76.1128","1327","08","0","0","0","0","0","0","0","0","","0","1","0","13","1","0","00","0","40 00:23.167","","07","76 06:45.917","0","0","0","0","36226","0","0","0","N","0","0","0","2","68J01","0","","1","01","N","N","0","","0","0","0","0","0","","1302","0","2","0","0","0","0","0","1","0","2","N","","","","","","","","","","","","03","03","","",""
"2204","0","0","0","0","0","0","0","0","0","7","0","","36","07","2020","2020057556","5","39.9564","-76.2059","2157","08","0","0","0","0","0","0","0","0","","0","0","0","21","2","1","00","2","39 57:23.100","6","00","76 12:21.400","8","0","0","1","36233","0","0","0","N","0","0","0","2","68J01","0","","4","01","N","N","0","","0","0","0","0","0","Y","2155","1","1","0","0","0","1","0","1","0","1","N","","","","","","","","","","","0030","03","03","","N","N"
"1606","2","0","0","0","0","0","0","0","0","7","0","","36","07","2020","2020057581","2","39.9053","-76.3232","1548","08","0","1","0","0","0","0","0","1","","0","0","0","15","1","0","00","2","39 54:19.070","5","00","76 19:23.450","0","0","0","0","36224","0","0","0","N","0","0","0","2","68J01","0","","4","01","N","N","0","","0","0","0","0","0","Y","1543","0","2","0","0","0","0","0","1","0","2","N","","","","","","","","","","","0200","03","  ","","",""
"1005","1","0","0","0","0","0","0","0","0","7","0","","36","07","2020","2020057594","4","40.0103","-76.1313","1005","08","0","0","0","0","0","0","0","0","","0","0","0","10","1","0","00","0","40 00:37.127","","00","76 07:52.832","0","0","0","0","36226","0","0","0","N","0","0","0","1","68J01","0","","5","01","N","N","0","","0","0","0","0","0","","1004","0","1","0","0","0","0","0","1","0","1","N","","","","","","","","","","","","03","03","","N","N"
"0506","0","0","0","0","0","0","0","0","0","7","1","","36","07","2020","2020057602","5","40.029","-75.966","0448","08","0","0","0","0","0","0","0","0","","0","0","0","04","2","0","00","1","40 01:44.560","3","00","75 57:57.528","9","0","0","0","36232","0","0","0","N","0","0","0","1","68J01","0","","4","01","N","N","1","","0","0","0","0","0","N","0443","0","1","0","0","0","0","1","1","0","1","N","","","","","","","","","","","0600","03","  ","","",""
"1204","1","0","0","0","0","0","0","0","0","7","0","","36","05","2020","2020057676","6","40.0447","-76.4887","1158","08","0","0","0","0","0","0","0","0","","0","0","0","11","1","0","00","0","40 02:40.779","","00","76 29:19.309","0","0","0","0","36404","0","0","0","N","0","0","0","4","36404","0","","4","01","N","N","0","","0","0","0","0","0","","1156","0","1","0","0","0","0","0","3","0","1","N","","","","","","","","","","","","03","03","","N","N"
"0834","0","0","0","0","0","0","0","0","0","1","0","","36","07","2020","2020057693","3","40.0721","-76.3656","0834","08","0","0","0","0","0","0","0","0","","0","0","0","08","1","2","00","2","40 04:19.510","3","00","76 21:56.323","3","0","0","0","36214","0","0","0","N","0","0","0","4","36214","1","","1","01","N","N","2","","1","0","0","0","0","N","0834","2","2","0","0","2","0","0","3","0","2","N","","","","","","","","","","","0936","03","  ","","",""
"1336","1","0","0","0","0","0","0","0","0","6","0","","36","07","2020","2020057694","6","40.0265","-76.3945","1307","08","0","1","0","0","0","1","0","0","","0","0","0","13","1","0","00","0","40 01:35.223","","00","76 23:40.046","0","0","0","0","36223","0","0","0","N","0","0","0","4","36223","0","","1","09","N","N","0","","0","0","1","0","0","","1307","0","2","0","0","0","0","0","1","0","2","N","","","","","","","","","","","","07","  ","","N","N"
"0839","1","0","0","0","0","0","0","0","0","7","0","","36","07","2020","2020057708","2","40.216","-76.0924","0825","08","0","0","0","1","0","0","0","0","","0","0","0","08","1","0","00","0","40 12:57.728","","00","76 05:32.622","0","0","0","0","36210","0","0","0","N","0","0","0","1","36210","0","","9","01","N","N","0","","0","0","0","0","0","","0820","0","1","0","0","0","0","0","1","0","1","N","","","","","","","","","","","","03","  ","","N","N"
"1111","3","0","0","0","0","0","0","0","0","1","0","","36","07","2020","2020057735","3","40.0415","-76.3251","1111","08","0","0","0","0","0","1","0","0","","0","0","0","11","1","1","01","2","40 02:29.319","4","00","76 19:30.533","4","0","0","0","36301","0","0","0","N","0","0","0","3","36301","1","","1","01","N","N","0","","0","0","0","3","2","N","1111","1","3","0","0","0","0","0","3","0","3","N","","","","","","","","","","","1200","03","  ","","N","N"
"0650","0","0","0","0","0","0","0","0","0","4","1","","36","07","2020","2020057826","4","39.8986","-76.1594","0637","08","0","0","0","0","0","1","0","0","","0","1","0","06","1","0","02","1","39 53:54.818","3","00","76 09:33.785","0","0","0","0","36416","0","0","0","N","0","0","0","2","36416","0","","1","01","N","N","0","","0","0","1","0","0","N","0637","0","2","0","0","0","0","0","1","0","2","N","","","","","","","","","","","0030","03","  ","","",""
"1342","1","0","0","0","0","0","0","0","0","1","0","","36","07","2020","2020057866","7","40.0945","-76.3046","1336","08","0","0","1","0","0","1","0","0","","0","0","0","13","1","0","01","0","40 05:40.284","","00","76 18:16.598","0","0","0","0","36101","0","0","0","N","0","0","0","2","36101","0","","1","01","N","N","0","","0","0","1","3","2","","1335","0","2","0","0","0","0","0","3","0","2","N","","","","","","","","","","","","03","03","","N",""
"1602","0","0","0","0","0","0","0","0","0","4","0","","36","07","2020","2020057867","1","40.0245","-76.3309","1558","08","0","0","0","0","0","0","2","0","","0","0","0","15","1","2","01","2","40 01:28.028","7","00","76 19:51.268","8","0","0","0","36220","0","0","0","N","0","0","0","3","36101","0","","1","01","N","N","0","","0","0","1","3","2","Y","1558","2","2","0","0","0","2","0","3","1","2","N","","","","","","","","","","","1700","03","  ","","N",""
"1417","0","0","0","0","0","0","0","0","0","1","0","","36","07","2020","2020057925","2","39.8946","-76.0192","1417","08","0","0","0","0","0","0","0","1","","0","0","0","14","1","2","02","0","39 53:40.735","","00","76 01:09.275","3","0","0","0","36201","0","0","0","N","0","0","0","9","68J02","0","","1","01","N","N","0","","1","0","1","0","0","","1417","2","2","0","0","0","1","0","1","1","2","N","","","","","","","","","","","","03","  ","","N","N"
"2049","1","0","0","0","0","0","0","0","0","7","0","","36","07","2020","2020057991","3","40.0923","-76.6501","2038","08","0","0","0","0","0","1","0","0","","0","0","0","20","4","0","00","2","40 05:32.183","5","00","76 39:00.274","0","0","0","0","36207","0","0","0","N","0","0","0","1","36504","0","","5","01","N","N","0","","0","0","0","0","0","Y","2038","0","1","0","0","0","0","0","1","0","1","N","","","","","","","","","","","2200","03","  ","","",""