"ARRIVAL_TM","AUTOMOBILE_COUNT","BELTED_DEATH_COUNT","BELTED_SUSP_SERIOUS_INJ_COUNT","BICYCLE_COUNT","BICYCLE_DEATH_COUNT","BICYCLE_SUSP_SERIOUS_INJ_COUNT","BUS_COUNT","CHLDPAS_DEATH_COUNT","CHLDPAS_SUSP_SERIOUS_INJ_COUNT","COLLISION_TYPE","COMM_VEH_COUNT","CONS_ZONE_SPD_LIM","COUNTY","CRASH_MONTH","CRASH_YEAR","CRN","DAY_OF_WEEK","DEC_LAT","DEC_LONG","DISPATCH_TM","DISTRICT","DRIVER_COUNT_16YR","DRIVER_COUNT_17YR","DRIVER_COUNT_18YR","DRIVER_COUNT_19YR","DRIVER_COUNT_20YR","DRIVER_COUNT_50_64YR","DRIVER_COUNT_65_74YR","DRIVER_COUNT_75PLUS","EST_HRS_CLOSED","FATAL_COUNT","HEAVY_TRUCK_COUNT","HORSE_BUGGY_COUNT","HOUR_OF_DAY","ILLUMINATION","INJURY_COUNT","INTERSECT_TYPE","LANE_CLOSED","LATITUDE","LN_CLOSE_DIR","LOCATION_TYPE","LONGITUDE","MAX_SEVERITY_LEVEL","MCYCLE_DEATH_COUNT","MCYCLE_SUSP_SERIOUS_INJ_COUNT","MOTORCYCLE_COUNT","MUNICIPALITY","NONMOTR_COUNT","NONMOTR_DEATH_COUNT","NONMOTR_SUSP_SERIOUS_INJ_COUNT","NTFY_HIWY_MAINT","PED_COUNT","PED_DEATH_COUNT","PED_SUSP_SERIOUS_INJ_COUNT","PERSON_COUNT","POLICE_AGCY","POSSIBLE_INJ_COUNT","RDWY_SURF_TYPE_CD","RELATION_TO_ROAD","ROAD_CONDITION","SCH_BUS_IND","SCH_ZONE_IND","SMALL_TRUCK_COUNT","SPEC_JURIS_CD","SUSP_MINOR_INJ_COUNT","SUSP_SERIOUS_INJ_COUNT","SUV_COUNT","TCD_FUNC_CD","TCD_TYPE","TFC_DETOUR_IND","TIME_OF_DAY","TOT_INJ_COUNT","TOTAL_UNITS","UNB_DEATH_COUNT","UNB_SUSP_SERIOUS_INJ_COUNT","UNBELTED_OCC_COUNT","UNK_INJ_DEG_COUNT","UNK_INJ_PER_COUNT","URBAN_RURAL","VAN_COUNT","VEHICLE_COUNT","WORK_ZONE_IND","WORK_ZONE_LOC","WORK_ZONE_TYPE","WORKERS_PRES","WZ_CLOSE_DETOUR","WZ_FLAGGER","WZ_LAW_OFFCR_IND","WZ_LN_CLOSURE","WZ_MOVING","WZ_OTHER","WZ_SHLDER_MDN","ROADWAY_CLEARED","WEATHER1","WEATHER2","WZ_WORKERS_INJ_KILLED","SECONDARY_CRASH","INTERSECTION_RELATED"
"0523","0","0","0","0","0","0","0","0","0","6","0","","36","07","2020","2020061303","6","40.0626","-76.4868","0519","08","0","0","0","0","0","0","0","0","","0","0","0","05","2","0","00","1","40 03:45.396","3","00","76 29:12.508","0","0","0","0","36239","0","0","0","N","0","0","0","1","36239","0","","4","09","N","N","2","","0","0","0","0","0","N","0519","0","2","0","0","0","0","0","3","0","2","N","","","","","","","","","","","0555","03","07","","N","N"
"0708","1","0","0","0","0","0","0","0","0","4","0","","36","07","2020","2020061304","6","40.0654","-76.4577","0703","08","0","0","0","0","0","0","0","0","","0","0","0","07","1","1","01","2","40 03:55.424","6","00","76 27:27.620","4","0","0","0","36239","0","0","0","N","0","0","0","2","36239","1","","1","01","N","N","0","","0","0","1","3","2","Y","0703","1","2","0","0","0","0","0","3","0","2","N","","","","","","","","","","","0740","04","07","","N",""
"1129","1","0","0","0","0","0","0","0","0","4","0","","36","07","2020","2020061334","6","40.0426","-76.2918","1127","08","0","0","1","0","1","0","0","0","","0","0","0","11","1","1","01","1","40 02:33.489","3","00","76 17:30.624","3","0","0","0","36301","0","0","0","N","0","0","0","4","36301","0","","1","01","N","N","0","","1","0","1","3","2","N","1127","1","2","0","0","0","0","0","3","0","2","N","","","","","","","","","","","1200","03","03","","N","N"
"1346","0","0","0","0","0","0","0","0","0","0","0","","36","08","2020","2020061391","7","40.1137","-76.6884","1344","08","0","0","1","0","0","0","0","0","","0","0","0","13","1","0","02","0","40 06:49.188","","00","76 41:18.115","0","0","0","0","36207","0","0","0","N","0","0","0","1","36504","0","","5","01","N","N","0","","0","0","1","0","0","","1336","0","1","0","0","0","0","0","1","0","1","N","","","","","","","","","","","","03","03","","",""
"1544","3","0","0","0","0","0","0","0","0","1","0","","36","07","2020","2020061423","6","40.07","-76.3154","1535","08","0","0","0","0","0","1","0","0","","0","0","0","15","1","1","00","1","40 04:12.155","3","00","76 18:55.582","3","0","0","0","36101","0","0","0","N","0","0","0","3","36101","0","","1","01","N","N","0","","1","0","0","0","0","N","1532","1","3","0","0","0","0","0","3","0","3","N","","","","","","","","","","","1630","04","03","","N","N"
"0821","2","0","0","0","0","0","0","0","0","4","0","","36","07","2020","2020061424","3","40.1233","-76.3753","0817","08","0","0","0","0","1","0","1","0","","0","0","0","08","1","0","01","2","40 07:23.702","2","00","76 22:31.147","0","0","0","0","36214","0","0","0","N","0","0","0","2","36214","0","","1","01","N","N","0","","0","0","0","3","3","Y","0815","0","2","0","0","0","0","0","3","0","2","N","","","","","","","","","","","0915","03","03","","N",""
"1400","1","0","0","0","0","0","0","0","0","4","0","","36","07","2020","2020061425","6","40.0577","-76.3544","1354","08","0","0","1","0","0","0","0","0","","0","0","0","13","1","0","01","2","40 03:27.716","4","00","76 21:15.753","0","0","0","0","36214","0","0","0","N","0","0","0","2","36214","0","","1","01","N","N","0","","0","0","1","3","3","Y","1349","0","2","0","0","0","0","0","3","0","2","N","","","","","","","","","","","1435","04","  ","","N",""
"1222","2","0","0","0","0","0","0","0","0","2","0","","36","07","2020","2020061426","5","40.04","-76.3698","1222","08","0","0","0","0","0","0","0","0","","0","0","0","12","1","2","00","0","40 02:23.835","","00","76 22:11.166","3","0","0","0","36223","0","0","0","N","0","0","0","4","36223","0","","1","01","N","N","0","","2","0","0","0","0","","1222","2","2","0","0","0","0","0","1","0","2","N","","","","","","","","","","","","03","03","","",""
"0059","1","0","0","0","0","0","0","0","0","5","0","","36","07","2020","2020061438","1","40.0328","-76.2996","0051","08","0","1","0","0","0","0","0","0","","0","0","0","00","3","0","00","1","40 01:58.184","2","00","76 17:58.415","9","0","0","0","36301","0","0","0","N","0","0","0","1","36301","0","","2","01","","","1","","0","0","1","3","3","N","0050","0","3","0","0","0","0","1","3","0","3","N","","","","","","","","","","","0150","03","03","","N","N"
"1329","1","0","0","0","0","0","0","0","0","7","0","","36","06","2020","2020061504","1","39.9567","-76.2656","1329","08","0","0","0","0","0","0","0","0","","0","0","0","13","1","0","02","0","39 57:24.066","","00","76 15:56.233","0","0","0","0","36228","0","0","0","N","0","0","0","1","36228","0","","5","01","N","N","0","","0","0","0","0","0","","1329","0","1","0","0","0","0","0","1","0","1","N","","","","","","","","","","","","03","  ","","N","N"
"1925","2","0","0","0","0","0","0","0","0","4","0","","36","07","2020","2020061535","5","40.0487","-76.2989","1921","08","0","0","0","0","0","1","0","0","","0","0","0","19","1","0","01","1","40 02:55.262","1","00","76 17:55.975","0","0","0","0","36301","0","0","0","N","0","0","0","3","36301","0","","1","01","N","N","0","","0","0","0","3","3","N","1919","0","2","0","0","0","0","0","3","0","2","N","","","","","","","","","","","2009","03","03","","",""
"1708","1","0","0","0","0","0","0","0","0","4","0","","36","07","2020","2020061564","6","40.0947","-76.3047","1708","08","0","0","0","0","0","0","0","1","","0","0","0","17","1","1","00","1","40 05:40.951","2","07","76 18:16.948","4","0","0","0","36101","0","0","0","N","0","0","0","3","36101","1","","1","01","N","N","0","","0","0","1","0","0","N","1708","1","2","0","0","0","0","0","3","0","2","N","","","","","","","","","","","1710","03","  ","","N","N"
"2236","2","0","0","0","0","0","0","0","0","4","0","","36","07","2020","2020061565","6","40.0589","-76.2909","2231","08","0","0","0","0","0","1","0","0","","0","0","0","22","3","0","00","1","40 03:32.110","3","00","76 17:27.220","0","0","0","0","36101","0","0","0","N","0","0","0","1","36101","0","","1","01","N","N","0","","0","0","0","0","0","N","2230","0","2","0","0","0","0","0","3","0","2","N","","","","","","","","","","","0000","03","  ","","N","N"
"1945","1","0","0","0","0","0","0","0","0","4","0","","36","08","2020","2020061566","7","40.0744","-76.2693","1930","08","0","0","0","0","0","0","0","1","","0","0","0","19","4","0","02","0","40 04:27.897","","00","76 16:09.310","0","0","0","0","36101","0","0","0","N","0","0","0","2","36101","0","","1","01","N","N","0","","0","0","1","3","3","","1925","0","2","0","0","0","0","0","3","0","2","N","","","","","","","","","","","","04","  ","","N",""
"0700","1","0","0","0","0","0","0","0","0","7","0","","36","08","2020","2020061567","1","40.0677","-76.2898","0654","08","0","0","0","0","0","1","0","0","","0","0","0","06","1","0","07","0","40 04:02.587","","02","76 17:19.151","0","0","0","0","36101","0","0","0","N","0","0","0","1","36101","0","","5","09","N","N","0","","0","0","0","0","0","","0648","0","1","0","0","0","0","0","3","0","1","N","","","","","","","","","","","","07","03","","",""
"1305","1","0","0","0","0","0","0","0","0","4","0","","36","08","2020","2020061568","1","40.0837","-76.2728","1253","08","0","0","0","0","0","0","0","1","","0","0","0","12","1","0","00","0","40 05:01.231","","06","76 16:22.118","0","0","0","0","36101","0","0","0","N","0","0","0","2","36101","0","","1","01","N","N","0","","0","0","1","0","0","","1251","0","2","0","0","0","0","0","3","0","2","N","","","","","","","","","","","","03","  ","","N","N"
"2317","1","0","0","0","0","0","0","0","0","98","0","","36","07","2020","2020061569","2","40.0954","-76.3945","2313","08","0","0","0","0","0","0","0","0","","0","0","0","23","2","1","00","1","40 05:43.478","4","00","76 23:40.193","3","0","0","0","36214","0","0","0","N","0","0","0","4","36214","0","","1","01","N","N","0","","1","0","0","0","0","N","2307","1","1","0","0","0","0","0","3","0","1","N","","","","","","","","","","","0010","03","03","","",""
"0840","0","0","0","0","0","0","0","0","0","7","0","","36","07","2020","2020061570","6","40.0586","-76.3837","0837","08","0","0","0","0","1","0","0","0","","0","0","0","08","1","0","00","2","40 03:30.840","5","00","76 23:01.240","0","0","0","0","36214","0","0","0","N","0","0","0","1","36214","0","","5","09","N","N","0","","0","0","1","0","0","Y","0835","0","1","0","0","0","0","0","3","0","1","N","","","","","","","","","","","0950","03","03","","",""
"1021","0","0","0","0","0","0","0","0","0","0","0","","36","08","2020","2020061571","7","40.0617","-76.3492","1018","08","0","0","0","0","0","1","0","0","","0","0","0","10","1","1","00","1","40 03:42.015","4","00","76 20:57.047","3","0","0","1","36214","0","0","0","N","0","0","0","1","36214","0","","1","01","N","N","0","","1","0","0","0","0","N","1015","1","1","0","0","0","0","0","3","0","1","N","","","","","","","","","","","1108","03","  ","","",""
"2048","0","0","0","0","0","0","0","0","0","4","0","","36","08","2020","2020061572","1","40.0224","-76.3616","2046","08","0","1","0","0","0","0","0","0","","0","0","0","20","3","0","01","1","40 01:20.679","4","00","76 21:41.606","0","0","0","0","36223","0","0","0","N","0","0","0","4","36223","0","","1","01","N","N","0","","0","0","2","9","2","Y","2043","0","2","0","0","0","0","0","1","0","2","N","","","","","","","","","","","2152","03","  ","","N",""
"0040","1","0","1","0","0","0","0","0","0","7","0","","36","07","2020","2020061573","3","40.0658","-76.4499","0035","08","0","0","0","0","0","0","0","0","","0","0","0","00","2","1","00","1","40 03:56.867","3","00","76 26:59.771","2","0","0","0","36239","0","0","0","N","0","0","0","1","36239","0","","4","01","N","N","0","","0","1","0","0","0","N","0035","1","1","0","0","0","0","0","3","0","1","N","","","","","","","","","","","0115","03","  ","","",""
"1710","0","0","0","0","0","0","0","0","0","1","0","","36","07","2020","2020061585","3","40.194","-76.1987","1703","08","0","0","0","0","0","1","0","0","","0","0","0","17","1","1","01","1","40 11:38.547","3","00","76 11:55.281","4","0","0","0","36408","0","0","0","N","0","0","0","3","36408","1","","1","01","N","N","1","","0","0","1","3","2","N","1701","1","2","0","0","0","0","0","2","0","2","N","","","","","","","","","","","1755","03","03","","N",""
"1629","1","0","0","0","0","0","0","0","0","0","0","","36","07","2020","2020061656","6","40.2378","-76.2688","1609","08","0","0","0","0","0","1","0","0","","0","0","0","16","1","0","00","0","40 14:16.015","","00","76 16:07.595","0","0","0","0","36204","0","0","0","N","0","0","0","1","68T06","0","","1","01","N","N","0","","0","0","0","0","0","","1609","0","1","0","0","0","0","0","1","0","1","N","","","","","","","","","","","","03","  ","","",""
"1739","2","0","0","0","0","0","0","0","0","1","0","","36","08","2020","2020061728","1","40.0167","-76.3178","1734","08","0","0","0","1","0","0","0","0","","0","0","0","17","1","3","00","2","40 01:00.040","6","00","76 19:04.070","2","0","0","0","36220","0","0","0","N","0","0","0","3","36101","0","","1","01","N","N","0","","2","1","0","0","0","Y","1732","3","2","0","1","1","0","0","3","0","2","N","","","","","","","","","","","1841","03","03","","",""
"1913","2","0","0","0","0","0","0","0","0","1","0","","36","08","2020","2020061729","1","40.0695","-76.3105","1910","08","0","0","0","0","0","0","1","0","","0","0","0","19","1","0","00","1","40 04:10.321","4","00","76 18:37.847","0","0","0","0","36101","0","0","0","N","0","0","0","2","36101","0","","1","01","N","N","0","","0","0","0","0","0","N","1904","0","2","0","0","0","0","0","3","0","2","N","","","","","","","","","","","1951","03","03","","N","N"
"2153","1","0","0","0","0","0","0","0","0","0","0","","36","08","2020","2020061730","1","40.068","-76.2921","2152","08","0","0","0","0","1","0","0","0","","0","0","0","21","3","0","00","0","40 04:04.709","","00","76 17:31.533","0","0","0","0","36101","0","0","0","N","0","0","0","1","36101","0","","1","01","N","N","0","","0","0","0","0","0","","2150","0","1","0","0","0","0","0","3","0","1","N","","","","","","","","","","","","03","  ","","",""
"2350","1","0","0","0","0","0","0","0","0","7","0","","36","07","2020","2020061731","6","40.1157","-76.0736","2323","08","0","0","0","0","0","0","0","0","","0","0","0","23","2","0","00","0","40 06:56.690","","00","76 04:25.040","0","0","0","0","36209","0","0","0","N","0","0","0","1","36415","0","","2","01","N","N","0","","0","0","0","0","0","","2304","0","1","0","0","1","0","0","1","0","1","N","","","","","","","","","","","","03","03","","",""
"0106","1","0","0","0","0","0","0","0","0","7","0","","36","07","2020","2020061830","1","40.0535","-76.1334","0059","08","0","0","0","0","0","0","0","0","","0","0","0","00","2","0","00","2","40 03:12.483","5","00","76 08:00.088","0","0","0","0","36221","0","0","0","N","0","0","0","1","68J01","0","","4","01","N","N","0","","0","0","0","0","0","Y","0053","0","1","0","0","0","0","0","1","0","1","N","","","","","","","","","","","0330","03","03","","N","N"
"2218","2","0","0","0","0","0","0","0","0","6","0","","36","08","2020","2020061882","2","40.0393","-76.2872","2157","08","0","0","0","0","0","0","0","0","","0","0","0","21","2","1","00","1","40 02:21.578","1","00","76 17:13.926","3","0","0","0","36301","0","0","0","N","0","0","0","2","36301","0","","1","09","N","N","0","","1","0","0","0","0","N","2157","1","2","0","0","1","0","0","3","0","2","N","","","","","","","","","","","2300","03","  ","","N","N"
"2025","0","0","0","0","0","0","0","0","0","7","0","","36","08","2020","2020061920","2","40.0682","-76.2893","2018","08","0","0","0","0","0","0","0","0","","0","0","0","20","3","1","00","0","40 04:05.682","","02","76 17:21.395","3","0","0","0","36101","0","0","0","N","0","0","0","2","36101","0","","4","09","N","N","0","","1","0","1","0","0","","2012","1","1","0","0","0","0","0","3","0","1","N","","","","","","","","","","","","07","07","","N","N"
"1055","1","0","0","0","0","0","0","0","0","7","0","","36","08","2020","2020061921","1","40.0143","-76.408","1054","08","0","0","0","0","0","0","0","0","","0","0","0","10","1","3","00","2","40 00:51.630","6","00","76 24:28.640","2","0","0","0","36223","0","0","0","N","0","0","0","3","36223","2","","5","01","N","N","0","","0","1","0","0","0","Y","1053","3","1","0","0","0","0","0","1","0","1","N","","","","","","","","","","","1155","04","  ","","",""
"1525","0","0","0","0","0","0","0","0","0","1","0","","36","07","2020","2020061943","1","40.0324","-76.3186","1521","08","0","0","0","0","0","2","0","0","","0","0","0","15","1","0","00","2","40 01:56.512","3","00","76 19:06.819","0","0","0","0","36301","0","0","0","N","0","0","0","3","36301","0","","1","01","N","N","1","","0","0","2","0","0","Y","1515","0","3","0","0","0","0","0","3","0","3","N","","","","","","","","","","","1600","03","  ","","N","N"
"1229","1","0","0","0","0","0","0","0","0","8","0","","36","07","2020","2020061993","5","40.1485","-76.5995","1229","08","0","0","0","0","0","0","0","0","","0","0","0","12","1","1","01","0","40 08:54.441","","00","76 35:58.037","4","0","0","0","36407","1","0","0","N","1","0","0","2","36407","1","","1","01","N","N","0","","0","0","0","3","3","","1215","1","2","0","0","0","0","1","2","0","1","N","","","","","","","","","","","","03","  ","","N",""
"2215","1","0","0","0","0","0","0","0","0","1","0","","36","07","2020","2020062057","5","39.8674","-76.2507","2213","08","0","0","0","1","0","0","0","0","","0","0","0","22","2","0","00","1","39 52:02.654","4","00","76 15:02.544","0","0","0","0","36208","0","0","0","N","0","0","0","2","68J01","0","","1","01","N","N","0","","0","0","0","0","0","N","2211","0","2","0","0","0","0","0","1","0","2","N","","","","","","","","","","","2225","03","  ","","N","N"
"1320","2","0","1","0","0","0","0","0","0","2","0","","36","07","2020","2020062128","1","40.1085","-76.3489","1312","08","0","0","0","0","0","0","0","0","","0","0","0","13","1","2","02","0","40 06:30.693","","00","76 20:56.187","2","0","0","0","36406","0","0","0","N","0","0","0","6","36506","0","","1","01","N","N","0","","1","1","0","0","0","","1309","2","2","0","0","0","0","0","3","0","2","N","","","","","","","","","","","","03","  ","","N",""
"1843","1","0","0","0","0","0","0","0","0","1","0","","36","07","2020","2020062129","6","40.1787","-76.3091","1830","08","0","0","0","0","0","0","0","0","","0","0","0","18","1","0","00","0","40 10:43.395","","07","76 18:32.936","0","0","0","0","36235","0","0","0","N","0","0","0","4","36506","0","","1","01","N","N","0","","0","0","1","0","0","","1830","0","2","0","0","0","0","0","1","0","2","N","","","","","","","","","","","","03","  ","","N","N"
"2200","1","0","0","0","0","0","0","0","0","7","0","","36","07","2020","2020062130","6","40.2485","-76.2492","2151","08","0","0","0","0","0","0","0","0","","0","0","0","21","2","0","00","1","40 14:54.596","1","00","76 14:57.198","0","0","0","0","36204","0","0","0","N","0","0","0","2","36506","0","","4","01","N","N","0","","0","0","0","0","0","N","2149","0","1","0","0","2","0","0","1","0","1","N","","","","","","","","","","","2210","03","  ","","N","N"
"2243","1","0","0","0","0","0","0","0","0","6","1","","36","08","2020","2020062131","7","40.1378","-76.3919","2237","08","0","0","0","0","0","1","0","0","","0","1","0","22","2","0","00","1","40 08:16.200","4","07","76 23:31.000","9","0","0","0","36227","0","0","0","N","0","0","0","2","36506","0","","1","09","N","N","0","","0","0","0","0","0","N","2235","0","2","0","0","0","0","1","1","0","2","N","","","","","","","","","","","2320","07","  ","","N","N"
"0640","2","0","0","0","0","0","0","0","0","1","0","","36","08","2020","2020062164","3","40.1087","-76.5173","0633","08","0","0","0","1","0","0","1","0","","0","0","0","06","1","0","02","0","40 06:31.266","","00","76 31:02.323","0","0","0","0","36413","0","0","0","N","0","0","0","2","36413","0","","1","09","N","N","0","","0","0","0","0","0","","0633","0","2","0","0","0","0","0","2","0","2","N","","","","","","","","","","","","07","  ","","N","N"
"1137","2","0","0","0","0","0","0","0","0","4","0","","36","08","2020","2020062165","3","40.114","-76.5207","1133","08","0","0","0","0","0","0","1","0","","0","0","0","11","1","0","01","0","40 06:50.558","","00","76 31:14.611","0","0","0","0","36413","0","0","0","N","0","0","0","2","36413","0","","1","09","N","N","0","","0","0","0","3","2","","1133","0","2","0","0","0","0","0","2","0","2","N","","","","","","","","","","","","07","  ","","N","N"
"0928","0","0","0","0","0","0","0","0","0","1","1","","36","06","2020","2020062235","3","39.8986","-76.0235","0902","08","0","0","0","0","0","0","0","0","","0","1","0","08","1","0","00","1","39 53:54.907","1","07","76 01:24.482","0","0","0","0","36201","0","0","0","N","0","0","0","2","68J01","0","","1","01","N","N","0","","0","0","1","0","0","N","0857","0","2","0","0","0","0","0","1","0","2","N","","","","","","","","","","","1030","03","03","","",""
"0203","1","0","0","0","0","0","0","0","0","7","0","","36","06","2020","2020062238","3","39.9557","-76.3662","0145","08","0","0","0","0","0","0","0","0","","0","0","0","01","2","0","00","2","39 57:20.694","7","00","76 21:58.404","0","0","0","0","36206","0","0","0","N","0","0","0","1","68J01","0","","4","01","N","Y","0","","0","0","0","0","0","Y","0145","0","1","0","0","0","0","0","1","0","1","N","","","","","","","","","","","0330","03","03","","N","N"
"1924","1","0","0","0","0","0","0","0","0","1","0","","36","06","2020","2020062243","3","39.8738","-76.1247","1913","08","0","0","0","0","0","1","0","0","","0","0","0","19","1","0","00","0","39 52:25.666","","00","76 07:28.907","0","0","0","0","36205","0","0","0","N","0","0","0","3","68J01","0","","1","01","N","N","0","","0","0","1","0","0","","1904","0","2","0","0","0","0","0","1","0","2","N","","","","","","","","","","","","03","  ","","N","N"
"1800","0","0","0","0","0","0","0","0","0","4","0","","36","07","2020","2020062245","5","40.0389","-76.0991","1750","08","0","0","0","0","0","2","0","0","","0","0","0","17","1","0","00","2","40 02:20.148","3","07","76 05:56.936","0","0","0","0","36221","0","0","0","Y","0","0","0","2","68J01","0","","1","01","N","N","0","","0","0","1","0","0","N","1741","0","2","0","0","0","0","0","1","1","2","N","","","","","","","","","","","1900","03","03","","N","N"
"1825","1","0","0","0","0","0","0","0","0","4","0","","36","07","2020","2020062248","1","40.0592","-76.069","1817","08","0","0","0","0","0","0","0","0","","0","0","0","18","1","1","01","0","40 03:33.201","","00","76 04:08.417","8","0","0","0","36209","0","0","0","N","0","0","0","4","68J01","0","","1","01","N","N","0","","0","0","1","3","3","","1815","1","2","0","0","0","1","0","1","0","2","N","","","","","","","","","","","","03","  ","","N","N"
"2105","0","0","0","0","0","0","0","0","0","98","0","","36","07","2020","2020062249","1","40.2259","-76.0592","2055","08","0","0","0","0","0","0","0","0","","0","0","0","20","4","0","00","1","40 13:33.180","2","00","76 03:33.247","0","0","0","0","36202","0","0","0","N","0","0","0","1","68J01","0","","1","01","N","N","0","","0","0","1","0","0","N","2052","0","1","0","0","0","0","0","1","0","1","N","","","","","","","","","","","2200","03","03","","N","N"
"1354","0","0","0","0","0","0","0","0","0","4","2","","36","07","2020","2020062251","3","39.7739","-76.1791","1352","08","0","0","0","0","0","0","0","0","","0","2","0","13","1","0","01","2","39 46:25.988","3","00","76 10:44.934","0","0","0","0","36219","0","0","0","N","0","0","0","2","68J01","0","","1","01","N","N","0","","0","0","0","3","3","N","1349","0","2","0","0","0","0","0","1","0","2","N","","","","","","","","","","","1430","03","03","","",""
"1447","1","0","0","0","0","0","0","0","0","7","0","","36","07","2020","2020062255","7","39.986","-76.0199","1427","08","0","0","1","0","0","0","0","0","","0","0","0","14","1","0","02","1","39 59:09.432","4","00","76 01:11.701","0","0","0","0","36232","0","0","0","N","0","0","0","2","68J01","0","","5","01","N","N","0","","0","0","0","0","0","N","1426","0","2","0","0","0","0","0","1","0","1","N","","","","","","","","","","","1600","03","03","","N","N"
"1630","1","0","0","0","0","0","0","0","0","7","0","","36","07","2020","2020062286","3","40.0297","-76.493","1626","08","0","0","0","0","0","0","0","0","","0","0","0","16","1","0","03","0","40 01:46.844","","00","76 29:34.958","0","0","0","0","36404","0","0","0","N","0","0","0","2","36404","0","","2","01","N","N","0","","0","0","0","3","3","N","1626","0","1","0","0","0","0","0","3","0","1","N","","","","","","","","","","","","03","  ","","",""
"1613","1","0","0","0","0","0","0","0","0","7","0","","36","07","2020","2020062317","1","40.2331","-76.0784","1600","08","0","0","0","0","0","1","0","0","","0","0","0","15","1","0","00","0","40 13:59.201","","00","76 04:42.070","0","0","0","0","36210","0","0","0","N","0","0","0","1","36210","0","","5","01","N","N","0","","0","0","0","0","0","","1558","0","1","0","0","0","0","0","1","0","1","N","","","","","","","","","","","","03","  ","","",""
"1205","0","0","0","0","0","0","0","0","0","4","0","","36","07","2020","2020062319","4","40.0675","-76.4132","1200","08","0","1","0","0","0","0","0","0","","0","0","0","11","1","0","01","2","40 04:03.061","7","00","76 24:47.404","0","0","0","0","36214","0","0","0","N","0","0","0","3","36214","0","","1","01","N","N","1","","0","0","1","3","3","N","1157","0","2","0","0","0","0","0","3","0","2","N","","","","","","","","","","","1249","03","03","","",""
"1422","1","0","0","0","0","0","0","0","0","98","0","","36","07","2020","2020062434","7","39.9838","-76.1158","1335","08","0","0","0","0","0","0","0","0","","0","0","0","13","1","0","00","0","39 59:01.844","","00","76 06:57.032","9","0","0","0","36226","0","0","0","N","0","0","0","1","68J01","0","","4","01","N","N","0","","0","0","0","0","0","","1335","0","1","0","0","0","0","1","1","0","1","N","","","","","","","","","","","","03","03","","",""
"0029","1","0","0","0","0","0","0","0","0","7","0","","36","07","2020","2020062475","3","40.1655","-76.2832","0025","08","0","0","0","0","0","0","0","0","","0","0","0","00","2","0","00","0","40 09:55.639","","00","76 16:59.568","9","0","0","0","36235","0","0","0","N","0","0","0","1","36506","0","","4","01","N","N","0","","0","0","0","0","0","","0024","0","1","0","0","0","0","1","1","0","1","N","","","","","","","","","","","","03","  ","","N","N"
"1754","1","0","0","0","0","0","0","0","0","4","0","","36","06","2020","2020062552","7","39.9079","-76.1215","1735","08","0","0","0","0","0","0","0","0","","0","0","0","17","1","4","02","2","39 54:28.552","4","00","76 07:17.494","3","0","0","0","36216","0","0","0","N","0","0","0","4","68J01","0","","1","01","N","N","0","","4","0","1","3","3","N","1725","4","2","0","0","0","0","0","1","0","2","N","","","","","","","","","","","1845","03","  ","","N","N"
"0410","0","0","0","0","0","0","0","0","0","7","0","","36","07","2020","2020062571","4","40.2367","-76.3338","0348","08","0","0","0","0","0","0","0","0","","0","0","0","02","2","0","02","0","40 14:12.037","","00","76 20:01.773","0","0","0","0","36217","0","0","0","Y","0","0","0","1","68J01","0","","2","01","N","N","0","","0","0","1","0","0","","0200","0","1","0","0","0","0","0","1","0","1","N","","","","","","","","","","","","03","  ","","",""
"1231","0","0","0","0","0","0","0","0","0","7","0","","36","07","2020","2020062574","7","40.1496","-75.9074","1147","08","0","0","0","0","0","0","0","0","","0","0","0","11","1","0","00","0","40 08:58.608","","00","75 54:26.647","0","0","0","0","36203","0","0","0","N","0","0","0","1","68J01","0","","4","01","N","N","0","","0","0","0","0","0","","1145","0","1","0","0","1","0","0","1","1","1","N","","","","","","","","","","","","03","  ","","",""
"2000","4","0","0","0","0","0","0","0","0","5","0","","36","07","2020","2020062588","6","40.0398","-76.2907","2000","08","0","0","0","0","0","0","0","0","","0","0","0","19","4","0","00","2","40 02:23.294","3","00","76 17:26.411","9","0","0","0","36301","0","0","0","N","0","0","0","2","36301","0","","6","01","N","N","0","","0","0","0","0","0","N","1924","0","4","0","0","0","0","1","3","0","4","N","","","","","","","","","","","2050","03","03","","Y","N"
"0355","2","0","0","0","0","0","0","0","0","4","0","","36","08","2020","2020062591","1","40.0377","-76.2948","0349","08","0","0","0","1","0","0","0","0","","0","0","0","03","3","0","01","0","40 02:15.878","","00","76 17:41.132","0","0","0","0","36301","0","0","0","N","0","0","0","4","36301","0","","1","09","N","N","0","","0","0","0","3","3","","0340","0","2","0","0","0","0","0","3","0","2","N","","","","","","","","","","","","07","07","","N",""
"1400","1","0","0","0","0","0","0","0","0","1","0","","36","08","2020","2020062615","4","40.0575","-76.3983","1400","08","0","0","0","0","0","1","0","0","","0","0","0","13","1","1","01","0","40 03:26.961","","00","76 23:53.826","3","0","0","0","36214","0","0","0","N","0","0","0","2","36214","0","","1","01","N","N","0","","1","0","0","3","2","","1359","1","2","0","0","0","0","0","3","1","2","N","","","","","","","","","","","","03","  ","","N",""
"1353","1","0","0","0","0","0","0","0","0","4","0","","36","08","2020","2020062616","3","40.0592","-76.4627","1348","08","0","0","0","0","0","1","0","0","","0","0","0","13","1","0","00","0","40 03:32.940","","00","76 27:45.820","0","0","0","0","36239","0","0","0","N","0","0","0","2","36239","0","","1","98","N","N","0","","0","0","1","0","0","","1347","0","2","0","0","0","0","0","3","0","2","N","","","","","","","","","","","","04","04","","",""