"ARRIVAL_TM","AUTOMOBILE_COUNT","BELTED_DEATH_COUNT","BELTED_SUSP_SERIOUS_INJ_COUNT","BICYCLE_COUNT","BICYCLE_DEATH_COUNT","BICYCLE_SUSP_SERIOUS_INJ_COUNT","BUS_COUNT","CHLDPAS_DEATH_COUNT","CHLDPAS_SUSP_SERIOUS_INJ_COUNT","COLLISION_TYPE","COMM_VEH_COUNT","CONS_ZONE_SPD_LIM","COUNTY","CRASH_MONTH","CRASH_YEAR","CRN","DAY_OF_WEEK","DEC_LAT","DEC_LONG","DISPATCH_TM","DISTRICT","DRIVER_COUNT_16YR","DRIVER_COUNT_17YR","DRIVER_COUNT_18YR","DRIVER_COUNT_19YR","DRIVER_COUNT_20YR","DRIVER_COUNT_50_64YR","DRIVER_COUNT_65_74YR","DRIVER_COUNT_75PLUS","EST_HRS_CLOSED","FATAL_COUNT","HEAVY_TRUCK_COUNT","HORSE_BUGGY_COUNT","HOUR_OF_DAY","ILLUMINATION","INJURY_COUNT","INTERSECT_TYPE","LANE_CLOSED","LATITUDE","LN_CLOSE_DIR","LOCATION_TYPE","LONGITUDE","MAX_SEVERITY_LEVEL","MCYCLE_DEATH_COUNT","MCYCLE_SUSP_SERIOUS_INJ_COUNT","MOTORCYCLE_COUNT","MUNICIPALITY","NONMOTR_COUNT","NONMOTR_DEATH_COUNT","NONMOTR_SUSP_SERIOUS_INJ_COUNT","NTFY_HIWY_MAINT","PED_COUNT","PED_DEATH_COUNT","PED_SUSP_SERIOUS_INJ_COUNT","PERSON_COUNT","POLICE_AGCY","POSSIBLE_INJ_COUNT","RDWY_SURF_TYPE_CD","RELATION_TO_ROAD","ROAD_CONDITION","SCH_BUS_IND","SCH_ZONE_IND","SMALL_TRUCK_COUNT","SPEC_JURIS_CD","SUSP_MINOR_INJ_COUNT","SUSP_SERIOUS_INJ_COUNT","SUV_COUNT","TCD_FUNC_CD","TCD_TYPE","TFC_DETOUR_IND","TIME_OF_DAY","TOT_INJ_COUNT","TOTAL_UNITS","UNB_DEATH_COUNT","UNB_SUSP_SERIOUS_INJ_COUNT","UNBELTED_OCC_COUNT","UNK_INJ_DEG_COUNT","UNK_INJ_PER_COUNT","URBAN_RURAL","VAN_COUNT","VEHICLE_COUNT","WORK_ZONE_IND","WORK_ZONE_LOC","WORK_ZONE_TYPE","WORKERS_PRES","WZ_CLOSE_DETOUR","WZ_FLAGGER","WZ_LAW_OFFCR_IND","WZ_LN_CLOSURE","WZ_MOVING","WZ_OTHER","WZ_SHLDER_MDN","ROADWAY_CLEARED","WEATHER1","WEATHER2","WZ_WORKERS_INJ_KILLED","SECONDARY_CRASH","INTERSECTION_RELATED"
"0841","0","0","0","0","0","0","0","0","0","4","0","","36","08","2020","2020062627","4","40.1522","-76.6064","0838","08","0","0","0","0","0","0","1","1","","0","0","0","08","1","0","01","1","40 09:07.846","5","00","76 36:23.114","0","0","0","0","36407","0","0","0","N","0","0","0","2","36407","0","","1","01","N","N","1","","0","0","1","3","3","Y","0835","0","2","0","0","0","0","0","2","0","2","N","","","","","","","","","","","0900","03","  ","","N",""
"1350","0","0","0","0","0","0","0","0","0","4","0","","36","07","2020","2020062668","5","40.1019","-76.5609","1345","08","0","0","0","0","0","0","1","1","","0","0","0","13","1","2","03","2","40 06:06.974","5","00","76 33:39.260","4","0","0","0","36211","0","0","0","N","0","0","0","2","36504","1","","1","01","N","N","0","","0","0","1","2","2","Y","1341","2","2","0","0","0","1","0","1","1","2","N","","","","","","","","","","","1441","03","  ","","N",""
"0855","0","0","0","0","0","0","0","0","0","4","0","","36","08","2020","2020062708","5","40.0442","-76.2921","0854","08","0","0","0","0","0","1","0","0","","0","0","0","08","1","1","01","1","40 02:39.112","2","00","76 17:31.624","8","0","0","0","36301","0","0","0","N","0","0","0","5","36301","0","","1","01","N","N","0","","0","0","2","3","2","Y","0853","1","2","0","0","1","1","0","3","0","2","N","","","","","","","","","","","0948","03","03","","",""
"1727","1","0","0","0","0","0","0","0","0","4","0","","36","08","2020","2020062729","4","40.1505","-76.0281","1713","08","0","0","1","0","0","1","0","0","","0","0","0","17","1","1","01","2","40 09:01.638","7","00","76 01:41.060","8","0","0","0","36213","0","0","0","N","0","0","0","2","36213","0","","1","01","N","N","1","","0","0","0","3","3","Y","1711","1","2","0","0","0","1","0","1","0","2","N","","","","","","","","","","","1830","03","  ","","N",""
"1748","0","0","0","0","0","0","0","0","0","4","0","","36","07","2020","2020062846","3","40.1157","-76.5938","1748","08","0","0","0","0","0","0","0","0","","0","0","0","17","1","1","01","1","40 06:56.595","2","00","76 35:37.705","3","0","0","0","36237","0","0","0","N","0","0","0","3","36505","0","","1","01","N","N","0","","1","0","1","3","3","N","1745","1","2","0","0","0","0","0","1","1","2","N","","","","","","","","","","","1831","03","  ","","N",""
"2042","0","0","0","0","0","0","0","0","0","7","0","","36","08","2020","2020062847","7","40.1258","-76.5489","2035","08","0","0","0","0","0","0","0","0","","0","0","0","20","2","0","00","1","40 07:32.704","4","00","76 32:55.984","0","0","0","0","36225","0","0","0","N","0","0","0","1","36505","0","","5","01","N","N","0","","0","0","1","0","0","N","2030","0","1","0","0","0","0","0","2","0","1","N","","","","","","","","","","","2200","03","  ","","",""
"2121","0","0","0","0","0","0","0","0","0","7","0","","36","08","2020","2020062848","1","40.1845","-76.5865","2010","08","0","0","0","0","0","0","0","0","","0","0","0","20","2","0","00","0","40 11:04.362","","00","76 35:11.388","0","0","0","0","36225","0","0","0","N","0","0","0","1","36505","0","","5","01","N","N","0","","0","0","1","0","0","","2000","0","1","0","0","0","0","0","2","0","1","N","","","","","","","","","","","","03","  ","","",""
"1304","1","0","0","0","0","0","0","0","0","1","0","","36","08","2020","2020062849","2","40.1306","-76.5703","1258","08","0","0","0","0","0","0","1","0","","0","0","0","12","1","1","02","1","40 07:50.099","3","00","76 34:13.090","4","0","0","0","36237","0","0","0","N","0","0","0","2","36505","1","","1","01","N","N","0","","0","0","1","0","0","N","1255","1","2","0","0","0","0","0","1","0","2","N","","","","","","","","","","","0030","03","  ","","N",""
"0720","0","0","0","0","0","0","0","0","0","2","2","55","36","07","2020","2020062876","7","40.2274","-76.1129","0719","08","0","0","0","0","0","0","0","0","","0","2","0","07","1","1","00","2","40 13:38.656","3","00","76 06:46.528","2","0","0","0","36210","0","0","0","N","0","0","0","1","68T06","0","","1","01","N","N","0","","0","1","0","3","1","N","0718","1","2","0","1","1","0","0","1","0","2","Y","2","2","Y","N","N","Y","Y","Y","N","Y","1115","05","  ","","",""
"0256","0","0","0","0","0","0","0","0","0","1","0","","36","07","2020","2020062952","4","40.0361","-76.3241","0248","08","0","0","0","0","0","0","0","0","","0","0","0","02","3","0","00","2","40 02:09.960","2","00","76 19:26.780","0","0","0","0","36301","0","0","0","N","0","0","0","1","36301","0","","6","01","N","N","0","","0","0","3","0","0","Y","0245","0","3","0","0","0","0","0","3","0","3","N","","","","","","","","","","","0400","03","  ","","N","N"
"1019","1","0","0","0","0","0","0","0","0","7","0","","36","08","2020","2020062975","5","40.1244","-76.3775","1011","08","0","0","0","0","0","0","0","0","","0","0","0","10","1","0","00","0","40 07:27.950","","00","76 22:39.096","0","0","0","0","36214","0","0","0","N","0","0","0","1","36214","0","","5","01","N","N","0","","0","0","0","0","0","","1005","0","1","0","0","0","0","0","3","0","1","N","","","","","","","","","","","","03","  ","","",""
"1720","0","0","0","0","0","0","0","0","0","1","0","","36","07","2020","2020062976","2","40.1815","-76.4048","1715","08","0","0","0","0","0","0","0","0","","0","0","0","17","1","0","00","1","40 10:53.364","2","00","76 24:17.251","0","0","0","0","36230","0","0","0","N","0","0","0","2","36410","0","","1","01","N","N","1","","0","0","1","0","0","N","1710","0","2","0","0","0","0","0","1","0","2","N","","","","","","","","","","","1735","03","  ","","N","Y"
"1208","1","0","0","0","0","0","0","0","0","1","0","","36","07","2020","2020062977","4","40.111","-76.4616","1204","08","0","0","0","0","0","1","0","1","","0","0","0","12","1","2","03","1","40 06:39.663","4","00","76 27:41.702","4","0","0","0","36230","0","0","0","N","0","0","0","2","36410","2","","1","01","N","N","0","","0","0","0","0","0","N","1202","2","2","0","0","0","0","0","1","1","2","N","","","","","","","","","","","1244","03","  ","","N",""
"1714","1","0","0","0","0","0","0","0","0","7","0","","36","07","2020","2020062978","6","40.1711","-76.4","1710","08","0","0","0","0","0","0","1","0","","0","0","0","17","1","1","00","1","40 10:15.818","5","00","76 23:59.901","3","0","0","0","36230","0","0","0","N","0","0","0","1","36410","0","","5","01","N","N","0","","1","0","0","0","0","N","1708","1","1","0","0","0","0","0","1","0","1","N","","","","","","","","","","","1745","03","03","","",""
"1613","1","0","0","0","0","0","0","0","0","4","0","","36","07","2020","2020062980","2","40.1638","-76.4558","1608","08","0","0","0","0","0","0","0","0","","0","0","0","16","1","3","01","2","40 09:49.725","6","00","76 27:20.835","2","0","0","0","36230","0","0","0","N","0","0","0","4","36410","0","","1","01","N","N","1","","1","2","0","0","0","Y","1606","3","2","0","0","0","0","0","1","0","2","N","","","","","","","","","","","1844","03","03","","",""
"1039","2","0","0","0","0","0","0","0","0","4","0","","36","07","2020","2020062981","3","40.1818","-76.4945","1028","08","0","0","0","0","0","0","1","0","","0","0","0","10","1","0","01","0","40 10:54.338","","00","76 29:40.023","0","0","0","0","36230","0","0","0","N","0","0","0","2","36410","0","","1","01","N","N","0","","0","0","0","3","3","","1027","0","2","0","0","0","0","0","1","0","2","N","","","","","","","","","","","","03","03","","",""
"1424","1","0","0","0","0","0","0","0","0","4","0","","36","08","2020","2020062986","2","40.0377","-76.2948","1419","08","0","0","0","0","0","1","0","0","","0","0","0","14","1","0","01","0","40 02:15.878","","00","76 17:41.132","0","0","0","0","36301","0","0","0","N","0","0","0","2","36301","0","","1","01","N","N","0","","0","0","1","3","3","","1419","0","2","0","0","0","0","0","3","0","2","N","","","","","","","","","","","","03","03","","N","N"
"0712","2","0","0","0","0","0","0","0","0","6","0","","36","07","2020","2020063043","7","40.0302","-76.5033","0625","08","0","0","0","0","0","0","0","0","","0","0","0","03","3","0","00","0","40 01:48.700","","00","76 30:11.700","9","0","0","0","36404","0","0","0","N","0","0","0","1","36404","0","","4","01","N","N","0","","0","0","1","0","0","","0348","0","3","0","0","0","0","1","3","0","3","N","","","","","","","","","","","","03","03","","N","N"
"1608","0","1","0","0","0","0","0","0","0","2","1","","36","06","2020","2020063073","4","39.9954","-76.043","1603","08","0","0","0","0","0","1","0","0","","1","1","0","15","1","0","02","2","39 59:43.586","6","00","76 02:34.834","1","0","0","0","36232","0","0","0","N","0","0","0","2","68J01","0","2","1","01","N","N","0","0","0","0","1","3","2","Y","1556","0","2","0","0","0","0","0","1","0","2","N","","","","","","","","","","","1845","03","  ","","N","N"
"0802","0","0","0","0","0","0","0","0","0","4","1","","36","07","2020","2020063130","4","40.0698","-76.3385","0757","08","0","0","0","0","0","1","0","0","","0","1","0","07","1","0","00","2","40 04:11.290","3","07","76 20:18.463","0","0","0","0","36301","0","0","0","N","0","0","0","2","36101","0","","1","01","N","N","0","","0","0","1","3","2","N","0755","0","2","0","0","0","0","0","3","0","2","N","","","","","","","","","","","0900","03","03","","N","N"
"2052","2","0","0","0","0","0","0","0","0","1","0","","36","07","2020","2020063131","5","40.0675","-76.329","2041","08","1","0","0","0","1","0","0","0","","0","0","0","20","3","0","00","0","40 04:03.095","","00","76 19:44.475","0","0","0","0","36101","0","0","0","N","0","0","0","3","36101","0","","1","01","N","N","0","","0","0","1","0","0","","2029","0","3","0","0","0","0","0","3","0","3","N","","","","","","","","","","","","03","03","","",""
"1048","1","0","0","0","0","0","0","0","0","1","1","","36","08","2020","2020063132","2","40.1146","-76.3387","1038","08","0","0","0","0","0","0","0","0","","0","1","0","10","1","1","02","0","40 06:52.511","","00","76 20:19.273","4","0","0","0","36101","0","0","0","N","0","0","0","2","36101","1","","1","01","N","N","0","","0","0","0","0","0","","1037","1","2","0","0","0","0","0","3","0","2","N","","","","","","","","","","","","03","03","","",""
"1658","1","0","0","0","0","0","0","0","0","1","0","","36","08","2020","2020063133","5","40.0407","-76.3641","1649","08","0","0","0","0","0","2","0","0","","0","0","0","16","1","0","00","1","40 02:26.614","2","00","76 21:50.606","0","0","0","0","36214","0","0","0","N","0","0","0","5","36214","0","","1","01","N","N","2","","0","0","1","0","0","Y","1646","0","4","0","0","0","0","0","3","0","4","N","","","","","","","","","","","1939","04","  ","","",""
"2202","1","1","0","0","0","0","0","0","0","4","0","","36","07","2020","2020063134","6","40.1386","-76.532","2159","08","1","0","0","0","0","0","0","0","","1","0","0","21","2","0","02","2","40 08:19.035","7","00","76 31:55.321","1","0","0","0","36225","0","0","0","N","0","0","0","2","36505","0","2","1","01","N","N","0","0","0","0","0","3","3","Y","2157","0","2","0","0","0","0","0","2","0","2","N","","","","","","","","","","","0508","03","03","","N",""
"1625","1","0","0","0","0","0","0","0","0","1","0","","36","07","2020","2020063135","6","40.1312","-76.5638","1620","08","0","0","0","0","0","1","1","0","","0","0","0","16","1","1","01","0","40 07:52.429","","00","76 33:49.559","8","0","0","0","36225","0","0","0","N","0","0","0","3","36505","0","","1","01","N","N","0","","0","0","1","3","2","","1620","1","2","0","0","0","1","0","2","0","2","N","","","","","","","","","","","","03","03","","N",""
"0600","0","0","0","0","0","0","0","0","0","7","0","","36","08","2020","2020063136","5","40.1319","-76.5375","0558","08","0","0","0","0","0","1","0","0","","0","0","0","05","2","0","00","0","40 07:54.901","","00","76 32:15.083","0","0","0","0","36225","0","0","0","Y","0","0","0","3","36505","0","","3","09","N","N","1","","0","0","0","0","0","","0555","0","1","0","0","0","0","0","2","0","1","N","","","","","","","","","","","","07","04","","N","N"
"1625","3","0","0","0","0","0","0","0","0","4","0","","36","08","2020","2020063285","3","40.04","-76.3016","1557","08","0","0","0","0","0","0","0","1","","0","0","0","15","1","0","02","0","40 02:24.019","","00","76 18:05.911","0","0","0","0","36301","0","0","0","N","0","0","0","5","36301","0","","1","01","N","N","0","","0","0","0","3","2","","1557","0","3","0","0","0","0","0","3","0","3","N","","","","","","","","","","","","03","03","","Y","N"
"2121","1","0","0","0","0","0","0","0","0","7","0","","36","08","2020","2020063444","6","40.1568","-76.3155","2119","08","0","0","0","0","0","1","0","0","","0","0","0","21","3","0","00","0","40 09:24.490","","00","76 18:55.760","0","0","0","0","36409","0","0","0","N","0","0","0","1","36409","0","","5","01","N","N","0","","0","0","0","0","0","","2116","0","1","0","0","0","0","0","3","0","1","N","","","","","","","","","","","","03","03","","",""
"1918","0","0","0","0","0","0","0","0","0","0","0","","36","08","2020","2020063502","7","40.1333","-76.0259","1915","08","0","0","0","0","0","1","0","0","","0","0","0","19","1","2","01","2","40 08:00.043","7","00","76 01:33.130","3","0","0","1","36213","0","0","0","N","0","0","0","2","36213","0","","1","01","N","N","0","","2","0","0","3","3","Y","1910","2","2","0","0","0","0","0","1","0","1","N","","","","","","","","","","","1945","03","  ","","N","N"
"1536","1","0","0","0","0","0","0","0","0","7","0","","36","08","2020","2020063542","7","39.9787","-76.2352","1533","08","0","0","0","0","0","0","0","0","","0","0","0","15","1","0","00","1","39 58:43.293","1","00","76 14:06.883","0","0","0","0","36240","0","0","0","Y","0","0","0","1","36240","0","","4","01","N","N","0","","0","0","0","0","0","N","1531","0","1","0","0","0","0","0","1","0","1","N","","","","","","","","","","","1621","03","03","","N","N"
"1334","1","0","0","0","0","0","0","0","0","4","0","","36","08","2020","2020063564","6","40.0389","-76.5105","1330","08","0","0","0","0","0","1","0","0","","0","0","0","13","1","2","01","1","40 02:20.202","1","02","76 30:37.819","3","0","0","0","36239","0","0","0","N","0","0","0","3","36404","0","","1","09","N","N","0","","2","0","1","3","2","N","1328","2","2","0","0","0","0","0","3","0","2","N","","","","","","","","","","","1415","07","  ","","N",""
"1824","1","0","0","0","0","0","0","0","0","0","0","","36","08","2020","2020063674","7","40.0559","-76.3057","1820","08","0","0","0","0","0","1","0","0","","0","0","0","18","1","0","00","1","40 03:21.333","2","00","76 18:20.641","0","0","0","0","36101","0","0","0","N","0","0","0","2","36101","0","","1","01","N","N","1","","0","0","0","0","0","N","1815","0","2","0","0","0","0","0","3","0","2","N","","","","","","","","","","","1904","03","03","","",""
"1823","2","0","0","0","0","0","0","0","0","4","0","","36","08","2020","2020063687","1","40.2801","-76.1411","1812","08","1","0","0","0","0","0","0","0","","0","0","0","18","1","0","03","0","40 16:48.466","","00","76 08:28.066","0","0","0","0","36236","0","0","0","N","0","0","0","3","36408","0","","1","01","N","N","0","","0","0","0","0","0","","1808","0","2","0","0","0","0","0","1","0","2","N","","","","","","","","","","","","03","  ","","N",""
"2255","1","0","0","0","0","0","0","0","0","1","0","","36","08","2020","2020063756","2","40.0331","-76.4973","2246","08","0","0","0","0","0","1","0","0","","0","0","0","22","3","0","00","0","40 01:59.330","","00","76 29:50.337","0","0","0","0","36404","0","0","0","N","0","0","0","1","36404","0","","2","09","N","N","0","","0","0","1","0","0","","2244","0","2","0","0","0","0","0","3","0","2","N","","","","","","","","","","","","07","  ","","N","Y"
"2129","2","0","0","0","0","0","0","0","0","4","0","","36","08","2020","2020063764","1","40.0444","-76.3059","2127","08","0","0","0","1","0","0","0","0","","0","0","0","21","3","0","01","0","40 02:39.732","","00","76 18:21.157","0","0","0","0","36301","0","0","0","N","0","0","0","3","36301","0","","1","01","N","N","0","","0","0","0","3","3","","2127","0","2","0","0","0","0","0","3","0","2","N","","","","","","","","","","","","03","03","","N","N"
"1730","0","0","0","0","0","0","0","0","0","4","0","","36","08","2020","2020063784","6","40.0412","-76.3902","1724","08","0","0","0","0","0","1","1","0","","0","0","0","17","1","2","01","2","40 02:28.220","5","00","76 23:24.681","3","0","0","0","36214","0","0","0","N","0","0","0","3","36214","0","","1","09","N","N","0","","2","0","2","2","2","Y","1724","2","2","0","0","0","0","0","3","0","2","N","","","","","","","","","","","0100","07","  ","","N",""
"1743","0","0","0","0","0","0","0","0","0","7","0","","36","08","2020","2020063816","1","40.1546","-76.2061","1743","08","0","0","0","0","0","0","0","0","","0","0","0","17","1","0","02","0","40 09:16.469","","00","76 12:21.972","0","0","0","0","36402","0","0","0","N","0","0","0","1","36402","0","","2","01","N","N","0","","0","0","1","0","0","","1743","0","1","0","0","0","0","0","2","0","1","N","","","","","","","","","","","","03","  ","","N","N"
"1908","1","0","0","0","0","0","0","0","0","4","0","","36","07","2020","2020063882","6","40.0379","-76.5042","1908","08","0","0","0","0","0","0","0","0","","0","0","0","19","1","1","01","0","40 02:16.558","","00","76 30:14.950","3","0","0","0","36404","0","0","0","N","0","0","0","3","36404","0","","1","01","N","N","1","","1","0","0","3","3","","1908","1","2","0","0","0","0","0","3","0","2","N","","","","","","","","","","","","03","  ","","N",""
"1612","0","0","0","0","0","0","0","0","0","1","0","","36","07","2020","2020063933","7","40.164","-76.2009","1608","08","0","0","0","0","0","0","0","0","","0","0","0","16","1","0","00","0","40 09:50.521","","00","76 12:03.249","9","0","0","0","36218","0","0","0","N","0","0","0","2","36408","0","","1","01","N","N","0","","0","0","2","0","0","","1608","0","2","0","0","0","0","1","1","0","2","N","","","","","","","","","","","","03","  ","","N","N"
"2328","1","0","0","0","0","0","0","0","0","7","0","","36","08","2020","2020063979","5","40.0388","-76.3303","2324","08","0","0","0","0","0","1","0","0","","0","0","0","23","3","0","02","0","40 02:19.591","","00","76 19:49.247","0","0","0","0","36220","0","0","0","N","0","0","0","1","36101","0","","4","01","N","N","0","","0","0","0","3","2","","2324","0","1","0","0","0","0","0","3","0","1","N","","","","","","","","","","","","03","  ","","N",""
"1646","1","0","0","0","0","0","0","0","0","0","0","","36","08","2020","2020063980","4","40.0375","-76.3614","1643","08","0","0","0","0","0","0","0","0","","0","0","0","16","1","0","01","2","40 02:15.068","7","00","76 21:40.935","0","0","0","0","36223","0","0","0","N","0","0","0","1","36223","0","","1","01","N","N","0","","0","0","0","3","3","Y","1640","0","1","0","0","0","0","0","1","0","1","N","","","","","","","","","","","1735","03","  ","","",""
"1219","2","0","0","0","0","0","0","0","0","1","0","","36","08","2020","2020064163","4","40.0462","-76.3923","1210","08","0","0","0","0","0","0","0","0","","0","0","0","12","1","2","02","1","40 02:46.226","1","00","76 23:32.139","4","0","0","0","36214","0","0","0","N","0","0","0","2","36214","2","","1","01","N","N","0","","0","0","0","0","0","N","1204","2","2","0","0","0","0","0","3","0","2","N","","","","","","","","","","","0030","03","03","","",""
"0900","0","0","0","0","0","0","0","0","0","4","0","","36","08","2020","2020064164","5","40.0869","-76.3457","0847","08","0","0","0","0","0","1","0","0","","0","0","0","08","1","0","02","1","40 05:12.976","2","00","76 20:44.439","0","0","0","0","36214","0","0","0","N","0","0","0","2","36214","0","","1","01","N","N","0","","0","0","1","3","3","N","0832","0","2","0","0","0","0","0","3","1","2","N","","","","","","","","","","","0100","04","  ","","N",""
"1035","1","0","0","0","0","0","0","0","0","4","0","","36","08","2020","2020064165","5","40.1233","-76.3753","1027","08","0","0","0","0","0","0","0","1","","0","0","0","10","1","0","01","1","40 07:23.702","4","00","76 22:31.147","0","0","0","0","36214","0","0","0","N","0","0","0","3","36214","0","","1","01","N","N","1","","0","0","0","3","3","N","1026","0","2","0","0","0","0","0","3","0","2","N","","","","","","","","","","","1100","03","03","","N",""
"1349","0","0","0","0","0","0","0","0","0","0","1","","36","08","2020","2020064166","2","40.0987","-76.4111","1331","08","0","0","0","0","0","0","0","0","","0","1","0","13","1","0","00","1","40 05:55.396","4","00","76 24:39.808","0","0","0","0","36214","0","0","0","N","0","0","0","1","36214","0","","1","01","N","N","0","","0","0","0","0","0","N","1330","0","1","0","0","0","0","0","3","0","1","N","","","","","","","","","","","0200","03","03","","",""
"1407","1","0","0","0","0","0","0","0","0","8","0","","36","08","2020","2020064169","5","40.0381","-76.3215","1402","08","0","0","0","0","0","0","0","0","","0","0","0","14","1","1","10","0","40 02:17.091","","00","76 19:17.471","8","0","0","0","36301","1","0","0","N","1","0","0","2","36301","0","","1","01","N","N","0","","0","0","0","3","2","N","1402","1","2","0","0","0","1","0","3","0","1","N","","","","","","","","","","","","03","03","","N","N"
"1807","1","0","0","0","0","0","0","0","0","4","0","","36","08","2020","2020064326","2","40.0702","-76.3009","1802","08","0","0","0","0","0","0","1","0","","0","0","0","17","1","0","00","1","40 04:12.540","6","07","76 18:03.200","0","0","0","0","36101","0","0","0","N","0","0","0","2","36101","0","","1","01","N","N","0","","0","0","1","0","0","Y","1759","0","2","0","0","0","0","0","3","0","2","N","","","","","","","","","","","0640","03","03","","",""
"1536","0","0","0","0","0","0","0","0","0","0","0","","36","08","2020","2020064328","1","40.1228","-76.6324","1527","08","0","0","0","0","0","0","0","0","","0","0","0","15","1","1","00","2","40 07:22.227","1","07","76 37:56.605","3","0","0","1","36237","0","0","0","N","0","0","0","2","36505","0","","5","01","N","N","0","","1","0","0","0","0","N","1523","1","1","0","0","0","0","0","1","0","1","N","","","","","","","","","","","1548","03","  ","","N","N"
"1753","0","0","0","0","0","0","0","0","0","7","0","","36","08","2020","2020064327","6","40.1775","-76.5906","1748","08","0","0","0","0","0","1","0","0","","0","0","0","17","1","1","00","2","40 10:38.849","1","00","76 35:25.989","3","0","0","0","36225","0","0","0","N","0","0","0","1","36505","0","","4","01","N","N","0","","1","0","1","0","0","N","1745","1","1","0","0","0","0","0","2","0","1","N","","","","","","","","","","","1824","03","  ","","N","N"
"2032","1","0","0","0","0","0","0","0","0","4","0","","36","08","2020","2020064446","2","40.1038","-76.5056","2030","08","0","0","0","0","0","0","0","0","","0","0","0","20","3","0","01","0","40 06:13.665","","00","76 30:20.322","0","0","0","0","36413","0","0","0","N","0","0","0","4","36413","0","","1","01","N","N","0","","0","0","1","3","3","","2030","0","2","0","0","0","0","0","2","0","2","N","","","","","","","","","","","","03","  ","","N","N"
"2001","2","0","0","0","0","0","0","0","0","4","0","","36","07","2020","2020064461","1","40.0049","-76.3572","1958","08","0","0","0","0","1","0","1","0","","0","0","0","19","1","1","01","1","40 00:17.607","2","00","76 21:25.930","3","0","0","0","36412","0","0","0","N","0","0","0","2","36412","0","","1","01","N","N","0","","1","0","0","3","3","N","1958","1","2","0","0","0","0","0","3","0","2","N","","","","","","","","","","","2110","03","  ","","N","N"
"1650","1","0","0","0","0","0","0","0","0","4","0","","36","08","2020","2020064549","3","40.0442","-76.2823","1650","08","0","0","0","0","0","1","0","0","","0","0","0","16","1","0","00","0","40 02:39.236","","07","76 16:56.455","0","0","0","0","36220","0","0","0","N","0","0","0","3","36301","0","","4","01","N","Y","0","","0","0","1","0","0","","1623","0","2","0","0","0","0","0","3","0","2","N","","","","","","","","","","","","03","03","","N","N"
"1050","2","0","0","0","0","0","0","0","0","4","0","","36","07","2020","2020064554","5","40.0416","-76.3211","1049","08","0","0","0","1","0","0","0","0","","0","0","0","10","1","1","00","1","40 02:29.598","4","00","76 19:15.896","4","0","0","0","36301","0","0","0","N","0","0","0","2","36301","1","","1","01","N","N","0","","0","0","1","0","0","N","1049","1","3","0","0","0","0","0","3","0","3","N","","","","","","","","","","","1145","03","03","","N","N"
"1519","0","0","0","0","0","0","0","0","0","1","0","","36","08","2020","2020064779","1","40.0431","-76.2873","1504","08","0","0","0","0","0","0","0","0","","0","0","0","14","1","0","00","1","40 02:35.151","3","00","76 17:14.393","0","0","0","0","36301","0","0","0","N","0","0","0","3","36101","0","","1","01","N","N","1","","0","0","2","3","2","N","1450","0","3","0","0","0","0","0","3","0","3","N","","","","","","","","","","","1600","03","03","","N","N"
"1325","1","0","0","0","0","0","0","0","0","1","0","","36","08","2020","2020064780","6","40.0926","-76.2627","1317","08","0","0","0","0","0","0","1","0","","0","0","0","13","1","0","00","1","40 05:33.467","2","00","76 15:45.594","0","0","0","0","36101","0","0","0","N","0","0","0","2","36101","0","","1","01","N","N","1","","0","0","0","0","0","N","1315","0","2","0","0","0","0","0","3","0","2","N","","","","","","","","","","","1326","04","  ","","",""
"1422","1","0","0","0","0","0","0","0","0","4","1","","36","08","2020","2020064781","7","40.0537","-76.3066","1420","08","0","0","1","0","0","2","1","0","","0","1","0","14","1","2","02","2","40 03:13.368","6","00","76 18:23.602","4","0","0","0","36101","0","0","0","N","0","0","0","5","36101","2","","1","01","N","N","0","","0","0","3","3","2","Y","1419","2","5","0","0","0","0","0","3","0","5","N","","","","","","","","","","","2030","03","03","","",""
"2005","0","0","1","0","0","0","0","0","0","7","0","","36","08","2020","2020064782","2","40.0251","-76.3301","1959","08","0","0","0","0","0","0","1","0","","0","0","0","19","1","1","05","0","40 01:30.482","","00","76 19:48.334","2","0","0","0","36220","0","0","0","N","0","0","0","1","36101","0","","4","01","N","N","0","","0","1","1","3","2","","1957","1","1","0","0","0","0","0","3","0","1","N","","","","","","","","","","","","03","  ","","N",""
"1814","1","0","0","0","0","0","0","0","0","1","0","","36","08","2020","2020064783","3","40.0386","-76.3358","1812","08","0","0","0","0","0","0","0","0","","0","0","0","18","1","1","01","9","40 02:18.842","","00","76 20:08.849","4","0","0","0","36220","0","0","0","N","0","0","0","5","36101","1","","1","01","N","N","0","","0","0","1","0","0","","1810","1","2","0","0","0","0","1","3","0","2","N","","","","","","","","","","","","03","03","","N",""
"2323","1","0","0","1","0","0","0","0","0","1","0","","36","07","2020","2020064784","2","40.037","-76.2618","2321","08","0","0","0","0","0","0","0","0","","0","0","0","23","2","1","00","2","40 02:13.360","4","00","76 15:42.322","3","0","0","0","36301","1","0","0","N","0","0","0","2","36215","0","","1","01","N","N","0","","1","0","0","0","0","N","2318","1","2","0","0","0","0","0","3","0","1","N","","","","","","","","","","","2348","03","03","","N","N"