"ARRIVAL_TM","AUTOMOBILE_COUNT","BELTED_DEATH_COUNT","BELTED_SUSP_SERIOUS_INJ_COUNT","BICYCLE_COUNT","BICYCLE_DEATH_COUNT","BICYCLE_SUSP_SERIOUS_INJ_COUNT","BUS_COUNT","CHLDPAS_DEATH_COUNT","CHLDPAS_SUSP_SERIOUS_INJ_COUNT","COLLISION_TYPE","COMM_VEH_COUNT","CONS_ZONE_SPD_LIM","COUNTY","CRASH_MONTH","CRASH_YEAR","CRN","DAY_OF_WEEK","DEC_LAT","DEC_LONG","DISPATCH_TM","DISTRICT","DRIVER_COUNT_16YR","DRIVER_COUNT_17YR","DRIVER_COUNT_18YR","DRIVER_COUNT_19YR","DRIVER_COUNT_20YR","DRIVER_COUNT_50_64YR","DRIVER_COUNT_65_74YR","DRIVER_COUNT_75PLUS","EST_HRS_CLOSED","FATAL_COUNT","HEAVY_TRUCK_COUNT","HORSE_BUGGY_COUNT","HOUR_OF_DAY","ILLUMINATION","INJURY_COUNT","INTERSECT_TYPE","LANE_CLOSED","LATITUDE","LN_CLOSE_DIR","LOCATION_TYPE","LONGITUDE","MAX_SEVERITY_LEVEL","MCYCLE_DEATH_COUNT","MCYCLE_SUSP_SERIOUS_INJ_COUNT","MOTORCYCLE_COUNT","MUNICIPALITY","NONMOTR_COUNT","NONMOTR_DEATH_COUNT","NONMOTR_SUSP_SERIOUS_INJ_COUNT","NTFY_HIWY_MAINT","PED_COUNT","PED_DEATH_COUNT","PED_SUSP_SERIOUS_INJ_COUNT","PERSON_COUNT","POLICE_AGCY","POSSIBLE_INJ_COUNT","RDWY_SURF_TYPE_CD","RELATION_TO_ROAD","ROAD_CONDITION","SCH_BUS_IND","SCH_ZONE_IND","SMALL_TRUCK_COUNT","SPEC_JURIS_CD","SUSP_MINOR_INJ_COUNT","SUSP_SERIOUS_INJ_COUNT","SUV_COUNT","TCD_FUNC_CD","TCD_TYPE","TFC_DETOUR_IND","TIME_OF_DAY","TOT_INJ_COUNT","TOTAL_UNITS","UNB_DEATH_COUNT","UNB_SUSP_SERIOUS_INJ_COUNT","UNBELTED_OCC_COUNT","UNK_INJ_DEG_COUNT","UNK_INJ_PER_COUNT","URBAN_RURAL","VAN_COUNT","VEHICLE_COUNT","WORK_ZONE_IND","WORK_ZONE_LOC","WORK_ZONE_TYPE","WORKERS_PRES","WZ_CLOSE_DETOUR","WZ_FLAGGER","WZ_LAW_OFFCR_IND","WZ_LN_CLOSURE","WZ_MOVING","WZ_OTHER","WZ_SHLDER_MDN","ROADWAY_CLEARED","WEATHER1","WEATHER2","WZ_WORKERS_INJ_KILLED","SECONDARY_CRASH","INTERSECTION_RELATED"
"0907","1","0","0","0","0","0","0","0","0","7","0","","36","07","2020","2020064785","1","40.0275","-76.2212","0904","08","0","0","0","1","0","0","0","0","","0","0","0","09","1","0","00","1","40 01:38.857","4","00","76 13:16.390","0","0","0","0","36215","0","0","0","N","0","0","0","1","36215","0","","5","01","N","N","0","","0","0","0","0","0","N","0901","0","1","0","0","0","0","0","1","0","1","N","","","","","","","","","","","0930","03","03","","",""
"1030","2","0","0","0","0","0","0","0","0","4","0","","36","07","2020","2020064787","2","40.086","-76.204","1020","08","0","0","0","0","0","0","0","0","","0","0","0","10","1","0","00","0","40 05:09.643","","07","76 12:14.503","0","0","0","0","36234","0","0","0","N","0","0","0","8","36215","0","","1","01","N","N","0","","0","0","0","0","0","","1017","0","2","0","0","0","0","0","1","0","2","N","","","","","","","","","","","","03","03","","N","N"
"1542","1","0","0","0","0","0","0","0","0","1","0","","36","08","2020","2020064788","7","40.0195","-76.1776","1532","08","0","1","0","0","0","0","0","0","","0","0","0","15","1","3","00","0","40 01:10.069","","00","76 10:39.442","4","0","0","0","36215","0","0","0","N","0","0","0","5","36215","3","","1","01","N","N","0","","0","0","1","0","0","","1523","3","2","0","0","2","0","0","1","0","2","N","","","","","","","","","","","","03","03","","",""
"0831","0","0","0","0","0","0","0","0","0","4","0","","36","08","2020","2020064789","2","40.0257","-76.2092","0831","08","0","0","0","0","0","0","0","0","","0","0","0","08","1","0","00","1","40 01:32.489","7","07","76 12:32.956","0","0","0","0","36215","0","0","0","N","0","0","0","2","36215","0","","1","01","N","N","0","","0","0","1","3","2","N","0831","0","2","0","0","0","0","0","1","1","2","N","","","","","","","","","","","0921","03","03","","N","N"
"1958","1","0","0","0","0","0","0","0","0","1","0","","36","08","2020","2020064790","3","40.0341","-76.2504","1951","08","0","0","0","1","0","0","0","0","","0","0","0","19","1","0","00","1","40 02:02.880","4","00","76 15:01.261","0","0","0","0","36215","0","0","0","N","0","0","0","2","36215","0","","1","09","N","N","0","","0","0","1","3","2","N","1949","0","2","0","0","0","0","0","1","0","2","N","","","","","","","","","","","2032","07","  ","","",""
"1221","0","0","0","0","0","0","0","0","0","5","0","","36","07","2020","2020064791","5","39.9921","-76.4686","1216","08","0","0","0","0","0","1","0","0","","0","0","0","12","1","0","00","0","39 59:31.532","","00","76 28:06.825","0","0","0","0","36223","4","0","0","N","0","0","0","5","36223","0","","1","01","N","N","0","","0","0","2","0","0","","1213","0","2","0","0","0","0","0","1","0","2","N","","","","","","","","","","","","03","03","","",""
"0059","1","0","0","0","0","0","0","0","0","7","0","","36","08","2020","2020064792","4","40.0086","-76.3776","0057","08","0","0","1","0","0","0","0","0","","0","0","0","00","2","0","00","0","40 00:30.910","","00","76 22:39.500","0","0","0","0","36223","0","0","0","N","0","0","0","1","36223","0","","4","09","N","N","0","","0","0","0","0","0","","0051","0","1","0","0","0","0","0","1","0","1","N","","","","","","","","","","","","03","  ","","N","N"
"1705","0","0","0","0","0","0","0","0","0","4","0","","36","08","2020","2020064793","1","39.984","-76.4045","1654","08","0","0","1","0","0","0","0","0","","0","0","0","16","1","0","02","0","39 59:02.534","","00","76 24:16.147","0","0","0","1","36223","0","0","0","N","0","0","0","2","36223","0","","1","01","N","N","1","","0","0","0","3","3","","1652","0","2","0","0","0","0","0","1","0","2","N","","","","","","","","","","","","03","  ","","N",""
"1533","0","0","0","0","0","0","0","0","0","4","0","","36","07","2020","2020064795","5","40.1638","-76.6088","1527","08","0","0","0","0","0","1","1","0","","0","0","0","15","1","1","00","1","40 09:49.665","2","07","76 36:31.590","3","0","0","0","36225","0","0","0","N","0","0","0","2","36505","0","","1","01","N","N","1","","1","0","1","0","0","N","1527","1","2","0","0","0","0","0","2","0","2","N","","","","","","","","","","","1555","03","03","","N","N"
"2022","1","0","0","0","0","0","0","0","0","1","0","","36","08","2020","2020064794","2","40.1454","-76.117","2014","08","0","0","0","0","0","0","0","1","","0","0","0","20","2","0","01","0","40 08:43.597","","00","76 07:01.050","0","0","0","0","36209","0","0","0","N","0","0","0","2","36415","0","","1","01","N","N","0","","0","0","1","3","2","","2012","0","2","0","0","0","0","0","1","0","2","N","","","","","","","","","","","","04","  ","","N",""
"0247","0","0","0","0","0","0","0","0","0","7","0","","36","08","2020","2020064947","7","40.0463","-76.2969","0239","08","0","0","0","0","0","0","0","0","","0","0","0","02","3","0","00","1","40 02:46.806","4","00","76 17:48.822","0","0","0","0","36301","0","0","0","N","0","0","0","1","36301","0","","4","01","N","N","0","","0","0","1","0","0","N","0237","0","1","0","0","0","0","0","3","0","1","N","","","","","","","","","","","0330","03","03","","",""
"1603","1","0","0","0","0","0","0","0","0","1","0","","36","07","2020","2020064983","3","40.0685","-76.3045","1601","08","0","0","0","0","0","2","0","0","","0","0","0","15","1","2","00","0","40 04:06.703","","00","76 18:16.357","3","0","0","0","36101","0","0","0","N","0","0","0","3","36101","0","","1","01","N","N","1","","2","0","0","0","0","","1557","2","2","0","0","0","0","0","3","0","2","N","","","","","","","","","","","","03","03","","N","N"
"1536","2","0","0","0","0","0","0","0","0","2","0","","36","08","2020","2020064989","6","40.047","-76.3121","1536","08","0","0","0","0","0","1","0","0","","0","0","0","15","1","1","02","1","40 02:49.253","3","00","76 18:43.447","3","0","0","0","36301","0","0","0","Y","0","0","0","3","36301","0","","1","09","N","N","0","","1","0","0","3","2","Y","1535","1","2","0","0","1","0","0","3","0","2","N","","","","","","","","","","","1550","07","  ","","N","N"
"1310","1","0","0","0","0","0","0","0","0","8","0","","36","08","2020","2020064992","2","40.0311","-76.3017","1304","08","0","0","0","0","0","0","0","0","","0","0","0","13","1","1","00","2","40 01:52.100","3","00","76 18:06.100","8","0","0","0","36301","1","0","0","N","1","0","0","2","36301","0","","1","01","N","N","0","","0","0","0","0","0","Y","1300","1","2","0","0","0","1","1","3","0","1","N","","","","","","","","","","","1330","03","03","","N","N"
"1319","1","0","0","0","0","0","0","0","0","4","0","","36","08","2020","2020065035","5","40.0435","-76.298","1313","08","0","0","0","0","0","1","0","0","","0","0","0","13","1","1","01","2","40 02:36.501","7","00","76 17:52.632","3","0","0","0","36301","0","0","0","N","0","0","0","4","36301","0","","1","01","N","N","1","","1","0","0","4","1","Y","1311","1","2","0","0","0","0","0","3","0","2","N","","","","","","","","","","","1400","03","03","","N","N"
"1226","1","0","0","0","0","0","0","0","0","7","0","","36","08","2020","2020065141","1","40.122","-76.3436","1223","08","1","0","0","0","0","0","0","0","","0","0","0","12","1","0","00","0","40 07:19.350","","00","76 20:37.120","0","0","0","0","36101","0","0","0","N","0","0","0","1","36101","0","","4","01","N","N","0","","0","0","0","0","0","","1219","0","1","0","0","0","0","0","3","0","1","N","","","","","","","","","","","","03","03","","",""
"0930","1","0","0","0","0","0","0","0","0","4","0","","36","08","2020","2020065142","4","40.0762","-76.3477","0924","08","0","0","0","1","0","1","0","0","","0","0","0","09","1","0","02","2","40 04:34.187","6","00","76 20:51.755","0","0","0","0","36101","0","0","0","N","0","0","0","2","36101","0","","1","01","N","N","1","","0","0","0","3","3","Y","0921","0","2","0","0","0","0","0","3","0","2","N","","","","","","","","","","","0945","03","03","","",""
"1600","1","0","0","0","0","0","0","0","0","3","1","","36","08","2020","2020065143","3","40.1034","-76.435","1554","08","0","0","0","0","0","0","1","0","","0","1","0","15","1","0","02","1","40 06:12.325","1","00","76 26:05.839","0","0","0","0","36239","0","0","0","N","0","0","0","2","36239","0","","1","01","N","N","0","","0","0","0","3","3","N","1554","0","2","0","0","0","0","0","3","0","2","N","","","","","","","","","","","1640","03","03","","",""
"1602","0","0","0","0","0","0","0","0","0","4","0","","36","08","2020","2020065144","6","40.0612","-76.4196","1553","08","0","0","0","0","0","1","0","0","","0","0","0","15","1","1","02","2","40 03:40.230","3","00","76 25:10.460","4","0","0","0","36239","0","0","0","N","0","0","0","2","36239","1","","1","09","N","N","0","","0","0","2","3","3","Y","1553","1","2","0","0","0","0","0","3","0","2","N","","","","","","","","","","","1700","07","07","","N",""
"0912","0","0","0","0","0","0","0","0","0","2","0","","36","08","2020","2020065146","3","40.0634","-76.4323","0908","08","0","0","0","0","0","0","0","1","","0","0","0","09","1","1","02","2","40 03:48.252","6","00","76 25:56.442","4","0","0","0","36239","0","0","0","N","0","0","0","4","36239","1","","1","01","N","N","0","","0","0","2","0","0","Y","0908","1","2","0","0","0","0","0","3","0","2","N","","","","","","","","","","","0945","03","  ","","",""
"1456","2","0","0","0","0","0","0","0","0","4","0","","36","08","2020","2020065147","4","40.0369","-76.4525","1447","08","0","0","0","0","0","1","1","0","","0","0","0","14","1","2","00","1","40 02:12.781","6","00","76 27:08.863","3","0","0","0","36239","0","0","0","N","0","0","0","2","36239","0","","1","01","N","N","0","","2","0","0","3","3","Y","1447","2","2","0","0","0","0","0","3","0","2","N","","","","","","","","","","","1530","03","  ","","",""
"1650","1","0","0","0","0","0","0","0","0","1","0","","36","08","2020","2020065145","6","40.0648","-76.4427","1649","08","0","0","0","0","0","0","0","0","","0","0","0","16","1","0","00","0","40 03:53.265","","00","76 26:33.563","0","0","0","0","36239","0","0","0","N","0","0","0","3","36239","0","","1","09","N","N","0","","0","0","0","0","0","","1649","0","2","0","0","0","0","0","3","1","2","N","","","","","","","","","","","","07","07","","N","Y"
"1525","1","0","0","0","0","0","0","0","0","4","1","","36","08","2020","2020065148","6","40.1034","-76.435","1518","08","0","0","0","0","0","2","0","0","","0","1","0","15","1","0","02","1","40 06:12.325","1","00","76 26:05.839","0","0","0","0","36239","0","0","0","N","0","0","0","5","36239","0","","1","01","N","N","0","","0","0","0","3","3","N","1518","0","2","0","0","0","0","0","3","0","2","N","","","","","","","","","","","1600","04","04","","",""
"1701","1","0","0","0","0","0","0","0","0","4","0","","36","08","2020","2020065222","5","40.1181","-76.0472","1658","08","0","0","0","0","0","1","0","0","","0","0","0","16","1","0","00","0","40 07:05.182","","07","76 02:49.757","0","0","0","0","36213","0","0","0","N","0","0","0","2","36213","0","","1","01","N","N","0","","0","0","0","0","0","","1627","0","2","0","0","0","0","0","1","1","2","N","","","","","","","","","","","","03","  ","","N","N"
"1635","2","0","0","0","0","0","0","0","0","4","0","","36","07","2020","2020065283","3","40.043","-76.4236","1630","08","0","0","0","1","0","0","0","0","","0","0","0","16","1","0","02","1","40 02:34.805","6","00","76 25:24.922","0","0","0","0","36414","0","0","0","N","0","0","0","2","36239","0","","1","01","N","N","0","","0","0","0","3","3","N","1630","0","2","0","0","0","0","0","3","0","2","N","","","","","","","","","","","1654","03","03","","",""
"0354","1","0","0","0","0","0","0","0","0","7","0","","36","08","2020","2020065284","2","40.0419","-76.4378","0346","08","0","0","0","0","0","0","0","0","","0","0","0","03","2","1","00","0","40 02:30.913","","00","76 26:15.909","3","0","0","0","36414","0","0","0","Y","0","0","0","1","36239","0","","2","01","N","N","0","","1","0","0","0","0","","0344","1","1","0","0","0","0","0","3","0","1","N","","","","","","","","","","","","03","  ","","N","N"
"1854","0","0","0","0","0","0","0","0","0","1","0","","36","08","2020","2020065294","6","40.2331","-76.0783","1850","08","0","0","0","1","0","0","0","0","","0","0","0","18","1","0","01","0","40 13:59.165","","00","76 04:42.021","0","0","0","0","36210","0","0","0","N","0","0","0","6","36210","0","","1","09","N","N","1","","0","0","1","3","2","","1848","0","2","0","0","0","0","0","1","0","2","N","","","","","","","","","","","","03","  ","","",""
"2323","1","0","0","0","0","0","0","0","0","1","0","","36","08","2020","2020065298","5","40.0522","-76.3063","2216","08","0","0","0","0","0","0","0","0","","0","0","0","22","3","0","00","1","40 03:07.901","2","00","76 18:22.751","0","0","0","0","36301","0","0","0","N","0","0","0","1","36301","0","","6","01","N","N","0","","0","0","0","3","2","N","2216","0","2","0","0","0","0","0","3","1","2","N","","","","","","","","","","","2356","03","  ","","N","N"
"1732","2","0","0","0","0","0","0","0","0","4","0","","36","08","2020","2020065346","4","40.044","-76.3096","1727","08","0","0","0","0","0","0","0","0","","0","0","0","17","1","0","01","0","40 02:38.526","","00","76 18:34.563","0","0","0","0","36301","0","0","0","N","0","0","0","3","36301","0","","1","01","N","N","0","","0","0","0","3","3","","1727","0","2","0","0","0","0","0","3","0","2","N","","","","","","","","","","","","03","03","","",""
"1420","1","0","0","0","0","0","0","0","0","1","0","","36","08","2020","2020065358","3","40.0542","-76.3231","1411","08","0","0","0","0","0","0","0","0","","0","0","0","14","1","0","00","0","40 03:15.200","","00","76 19:23.261","0","0","0","0","36301","0","0","0","N","0","0","0","4","36301","0","","1","01","N","N","0","","0","0","1","0","0","","1411","0","2","0","0","0","0","0","3","0","2","N","","","","","","","","","","","","03","03","","",""
"1527","1","0","0","0","0","0","0","0","0","4","0","","36","08","2020","2020065424","6","40.1713","-76.1238","1518","08","0","0","0","0","0","0","1","0","","0","0","0","15","1","1","01","0","40 10:16.682","","00","76 07:25.649","4","0","0","0","36218","0","0","0","N","0","0","0","2","36408","1","","1","01","N","N","1","","0","0","0","3","3","","1515","1","2","0","0","0","0","0","1","0","2","N","","","","","","","","","","","","03","  ","","N",""
"0241","1","0","0","0","0","0","0","0","0","7","0","","36","08","2020","2020065449","6","40.0243","-76.3264","0220","08","0","0","0","0","0","0","0","0","","0","0","0","02","3","0","00","1","40 01:27.380","3","00","76 19:34.980","9","0","0","0","36220","0","0","0","N","0","0","0","1","36101","0","","2","01","N","N","0","","0","0","0","0","0","N","0200","0","1","0","0","1","0","1","3","0","1","N","","","","","","","","","","","0334","03","03","","",""
"1740","0","0","0","0","0","0","0","0","0","1","0","","36","08","2020","2020065450","6","40.0684","-76.3038","1723","08","0","0","0","0","0","0","0","0","","0","0","0","17","1","0","00","0","40 04:06.361","","00","76 18:13.822","0","0","0","0","36101","0","0","0","N","0","0","0","3","36101","0","","1","09","N","N","0","","0","0","2","0","0","","1720","0","2","0","0","0","0","0","3","0","2","N","","","","","","","","","","","","07","  ","","",""
"2230","1","0","0","0","0","0","0","0","0","7","0","","36","08","2020","2020065452","2","40.215","-76.432","2225","08","0","0","0","0","0","0","0","0","","0","0","0","22","2","0","00","1","40 12:53.987","2","00","76 25:55.351","0","0","0","0","36230","0","0","0","N","0","0","0","1","36410","0","","4","09","N","N","0","","0","0","0","0","0","N","2222","0","1","0","0","0","0","0","1","0","1","N","","","","","","","","","","","2308","07","05","","",""
"1333","0","0","0","0","0","0","0","0","0","7","0","","36","08","2020","2020065453","7","40.217","-76.4514","1328","08","0","0","1","0","0","0","0","0","","0","0","0","13","1","0","00","0","40 13:01.269","","00","76 27:04.995","0","0","0","0","36230","0","0","0","N","0","0","0","1","36410","0","","5","01","N","N","0","","0","0","1","0","0","","1324","0","1","0","0","0","0","0","1","0","1","N","","","","","","","","","","","","03","03","","N","N"
"1210","1","0","0","0","0","0","0","0","0","1","0","","36","08","2020","2020065451","5","40.06","-76.3062","1156","08","0","0","0","0","0","1","1","0","","0","0","0","11","1","0","00","1","40 03:36.094","2","00","76 18:22.364","0","0","0","0","36101","0","0","0","N","0","0","0","2","36101","0","","1","01","N","N","0","","0","0","1","3","2","N","1148","0","2","0","0","0","0","0","3","0","2","N","","","","","","","","","","","1245","03","  ","","N","Y"
"0750","1","0","0","0","0","0","0","0","0","7","0","","36","08","2020","2020065454","5","40.2077","-76.4755","0741","08","0","0","0","0","0","0","0","0","","0","0","0","07","1","1","00","1","40 12:27.663","3","00","76 28:31.845","8","0","0","0","36230","0","0","0","N","0","0","0","1","36410","0","","5","01","N","N","0","","0","0","0","3","8","N","0739","1","1","0","0","0","1","0","1","0","1","N","","","","","","","","","","","0820","03","  ","","",""
"1502","2","0","0","0","0","0","0","0","0","4","0","","36","08","2020","2020065460","6","40.0156","-76.26","1455","08","0","0","0","0","0","0","1","0","","0","0","0","14","1","1","01","0","40 00:56.002","","00","76 15:35.886","4","0","0","0","36240","0","0","0","N","0","0","0","3","36240","1","","1","01","N","N","0","","0","0","0","3","2","","1452","1","2","0","0","0","0","0","1","0","2","N","","","","","","","","","","","","03","03","","N","N"
"1608","1","0","0","0","0","0","0","0","0","4","0","","36","08","2020","2020065664","3","40.0323","-76.3246","1604","08","0","0","0","0","0","0","0","1","","0","0","0","15","1","0","01","0","40 01:56.136","","00","76 19:28.579","0","0","0","0","36220","0","0","0","N","0","0","0","2","36101","0","","1","01","N","N","0","","0","0","1","3","3","","1536","0","2","0","0","0","0","0","3","0","2","N","","","","","","","","","","","","03","03","","N",""
"1017","1","0","0","0","0","0","0","0","0","1","0","","36","08","2020","2020065665","6","40.0771","-76.3088","1009","08","0","0","0","0","0","0","0","1","","0","0","0","10","1","1","00","1","40 04:37.588","2","00","76 18:31.731","4","0","0","0","36101","0","0","0","N","0","0","0","2","36101","1","","1","01","N","N","0","","0","0","1","3","2","N","1005","1","2","0","0","0","0","0","3","0","2","N","","","","","","","","","","","0100","03","  ","","N","Y"
"1636","2","0","0","0","0","0","0","0","0","4","0","","36","08","2020","2020065666","6","40.1113","-76.2835","1630","08","0","1","0","0","0","0","0","0","","0","0","0","16","1","0","01","2","40 06:40.818","2","00","76 17:00.459","0","0","0","0","36101","0","0","0","N","0","0","0","4","36101","0","","1","01","N","N","0","","0","0","0","3","2","Y","1629","0","2","0","0","0","0","0","3","0","2","N","","","","","","","","","","","1715","03","03","","N",""
"0803","1","0","0","0","0","0","0","0","0","1","0","","36","08","2020","2020065663","3","40.0532","-76.3242","0742","08","0","0","0","0","0","0","0","0","","0","0","0","07","1","1","01","1","40 03:11.365","2","00","76 19:27.049","4","0","0","0","36101","0","0","0","N","0","0","0","2","36101","1","","1","01","N","N","0","","0","0","1","3","2","N","0740","1","2","0","0","0","0","0","3","0","2","N","","","","","","","","","","","0020","04","  ","","N",""
"1848","1","0","0","0","0","0","0","0","0","1","0","","36","08","2020","2020065674","3","40.1334","-76.2134","1841","08","0","0","1","0","0","0","0","0","","0","0","0","18","1","0","02","1","40 08:00.196","2","00","76 12:48.318","0","0","0","0","36238","0","0","0","N","0","0","0","2","36238","0","","1","01","N","N","1","","0","0","0","0","0","N","1841","0","2","0","0","0","0","0","3","0","2","N","","","","","","","","","","","1919","04","  ","","N","N"
"0949","0","0","0","0","0","0","0","0","0","0","0","","36","08","2020","2020065673","6","40.1242","-76.2212","0943","08","0","0","0","0","0","0","0","1","","0","0","0","09","1","0","00","0","40 07:26.986","","00","76 13:16.185","0","0","0","0","36238","0","0","0","N","0","0","0","1","36238","0","","1","01","N","N","0","","0","0","1","0","0","","0943","0","1","0","0","0","0","0","3","0","1","N","","","","","","","","","","","","03","  ","","N","N"
"0246","1","0","0","0","0","0","0","0","0","7","0","","36","08","2020","2020065750","1","40.1587","-76.1858","0242","08","0","0","0","1","0","0","0","0","","0","0","0","02","2","1","00","1","40 09:31.264","2","00","76 11:08.776","4","0","0","0","36218","0","0","0","N","0","0","0","2","36408","1","","5","09","N","N","0","","0","0","0","0","0","N","0239","1","1","0","0","0","0","0","1","0","1","N","","","","","","","","","","","0315","07","  ","","N","N"
"2142","1","0","0","0","0","0","0","0","0","4","0","","36","08","2020","2020065793","4","40.0228","-76.3671","2136","08","0","0","1","0","0","0","0","0","","0","0","0","21","3","2","01","1","40 01:21.946","7","00","76 22:01.509","3","0","0","0","36223","0","0","0","N","0","0","0","3","36223","0","","1","01","N","N","0","","2","0","1","3","3","N","2134","2","2","0","0","0","0","0","1","0","2","N","","","","","","","","","","","2250","03","  ","","N",""
"0315","1","0","0","0","0","0","0","0","0","7","0","","36","08","2020","2020065792","7","40.0377","-76.4055","0315","08","0","0","0","0","0","0","0","0","","0","0","0","02","3","0","00","0","40 02:15.865","","00","76 24:19.799","0","0","0","0","36223","0","0","0","N","0","0","0","1","36214","0","","2","01","N","N","0","","0","0","0","0","0","","0245","0","1","0","0","0","0","0","1","0","1","N","","","","","","","","","","","","03","  ","","N","N"
"1752","0","0","0","0","0","0","0","0","0","7","0","","36","08","2020","2020065819","6","40.0325","-76.3208","1750","08","0","0","0","0","0","0","0","0","","0","0","0","17","1","1","00","0","40 01:57.049","","00","76 19:15.052","3","0","0","1","36301","0","0","0","N","0","0","0","1","36301","0","","5","01","N","N","0","","1","0","0","0","0","","1747","1","1","0","0","0","0","0","3","0","1","N","","","","","","","","","","","","03","  ","","N","Y"
"1131","1","0","0","0","0","0","0","0","0","5","1","","36","08","2020","2020065888","6","40.2294","-76.3526","1117","08","0","0","0","0","0","0","1","0","","0","1","0","11","1","1","00","2","40 13:45.761","4","00","76 21:09.351","3","0","0","0","36217","0","0","0","N","0","0","0","2","68T06","0","","1","01","N","N","0","","1","0","0","0","0","Y","1117","1","2","0","0","0","0","0","1","0","2","N","","","","","","","","","","","1330","04","  ","","N","N"
"1755","0","0","0","0","0","0","0","0","0","7","0","","36","08","2020","2020065892","6","40.2152","-76.0691","1749","08","0","0","0","0","0","0","0","0","","0","0","0","17","1","0","00","0","40 12:54.586","","00","76 04:08.746","0","0","0","0","36202","0","0","0","N","0","0","0","1","68T06","0","","3","09","N","N","0","","0","0","1","0","0","","1749","0","1","0","0","0","0","0","1","0","1","N","","","","","","","","","","","","07","  ","","N","N"
"1635","1","0","0","0","0","0","0","0","0","7","0","","36","08","2020","2020065891","6","40.2418","-76.1452","1618","08","0","0","0","0","0","0","0","0","","0","0","0","16","1","0","00","0","40 14:30.396","","00","76 08:42.634","0","0","0","0","36236","0","0","0","N","0","0","0","3","68T06","0","","3","09","N","N","0","","0","0","0","0","0","","1618","0","1","0","0","0","0","0","1","0","1","N","","","","","","","","","","","","07","  ","","N","N"
"1825","0","0","0","0","0","0","0","0","0","7","1","","36","08","2020","2020065902","4","40.2377","-76.1305","1803","08","0","0","0","0","0","1","0","0","","0","1","0","18","1","0","00","0","40 14:15.836","","00","76 07:49.883","0","0","0","0","36210","0","0","0","N","0","0","0","2","68T06","0","","3","09","N","N","0","","0","0","1","0","0","","1803","0","2","0","0","0","0","0","1","0","2","N","","","","","","","","","","","","07","  ","","N","N"
"1353","0","0","0","0","0","0","0","0","0","4","0","","36","08","2020","2020066226","7","40.0328","-76.2431","1350","08","0","0","0","0","0","1","0","0","","0","0","0","13","1","1","02","2","40 01:57.997","7","07","76 14:35.031","8","0","0","1","36215","0","0","0","N","0","0","0","3","36215","0","","1","01","N","N","0","","0","0","1","3","2","N","1349","1","2","0","0","0","1","0","1","0","2","N","","","","","","","","","","","1415","03","03","","N",""
"1451","0","0","0","0","0","0","0","0","0","1","0","","36","08","2020","2020065966","3","40.0578","-76.2809","1449","08","0","0","0","0","0","0","1","0","","0","0","0","14","1","0","00","0","40 03:28.100","","00","76 16:51.186","0","0","0","0","36101","0","0","0","N","0","0","0","2","36101","0","","1","01","N","N","1","","0","0","1","3","2","","1445","0","2","0","0","0","0","0","3","0","2","N","","","","","","","","","","","","03","  ","","N","N"
"1751","1","0","0","0","0","0","0","0","0","7","0","","36","08","2020","2020066029","6","40.1091","-76.0448","1749","08","0","0","0","0","0","0","0","0","","0","0","0","17","1","1","00","2","40 06:32.656","6","00","76 02:41.259","2","0","0","0","36213","0","0","0","N","0","0","0","1","36213","0","","5","01","N","N","0","","0","1","0","0","0","Y","1747","1","1","0","1","1","0","0","1","0","1","N","","","","","","","","","","","1920","03","  ","","N","N"
"1923","0","0","0","0","0","0","0","0","0","4","0","","36","08","2020","2020066030","7","40.1529","-76.6024","1916","08","0","0","0","0","0","1","0","0","","0","0","0","19","1","2","01","2","40 09:10.440","7","00","76 36:08.626","3","0","0","0","36211","0","0","0","N","0","0","0","2","36407","0","","1","01","N","N","1","","2","0","1","3","2","Y","1913","2","2","0","0","0","0","0","1","0","2","N","","","","","","","","","","","2009","03","03","","N",""
"2040","0","0","0","0","0","0","0","0","0","1","0","","36","08","2020","2020066049","3","40.1641","-76.1539","2032","08","0","0","0","0","0","0","0","1","","0","0","0","20","3","1","02","1","40 09:50.746","2","07","76 09:14.014","3","0","0","0","36218","0","0","0","N","0","0","0","3","36408","0","","1","01","N","N","0","","1","0","2","3","1","N","2032","1","2","0","0","0","0","0","1","0","2","N","","","","","","","","","","","2100","03","  ","","N","N"
"1742","1","0","0","0","0","0","0","0","0","4","0","","36","08","2020","2020066119","6","39.9858","-76.3154","1737","08","0","0","0","0","0","0","0","0","","0","0","0","17","1","0","01","1","39 59:09.014","1","00","76 18:55.276","0","0","0","0","36228","0","0","0","N","0","0","0","2","36228","0","","1","09","N","N","0","","0","0","1","4","1","N","1737","0","2","0","0","0","0","0","1","0","2","N","","","","","","","","","","","1800","07","04","","N","N"
"1223","1","0","0","0","0","0","0","0","0","1","0","","36","08","2020","2020066142","2","40.0339","-76.5048","1212","08","0","0","0","0","0","0","1","0","","0","0","0","12","1","1","01","0","40 02:01.889","","00","76 30:17.169","8","0","0","0","36404","0","0","0","N","0","0","0","2","36404","0","","1","01","N","N","1","","0","0","0","0","0","","1212","1","2","0","0","0","1","0","3","0","2","N","","","","","","","","","","","","03","03","","N",""