"ARRIVAL_TM","AUTOMOBILE_COUNT","BELTED_DEATH_COUNT","BELTED_SUSP_SERIOUS_INJ_COUNT","BICYCLE_COUNT","BICYCLE_DEATH_COUNT","BICYCLE_SUSP_SERIOUS_INJ_COUNT","BUS_COUNT","CHLDPAS_DEATH_COUNT","CHLDPAS_SUSP_SERIOUS_INJ_COUNT","COLLISION_TYPE","COMM_VEH_COUNT","CONS_ZONE_SPD_LIM","COUNTY","CRASH_MONTH","CRASH_YEAR","CRN","DAY_OF_WEEK","DEC_LAT","DEC_LONG","DISPATCH_TM","DISTRICT","DRIVER_COUNT_16YR","DRIVER_COUNT_17YR","DRIVER_COUNT_18YR","DRIVER_COUNT_19YR","DRIVER_COUNT_20YR","DRIVER_COUNT_50_64YR","DRIVER_COUNT_65_74YR","DRIVER_COUNT_75PLUS","EST_HRS_CLOSED","FATAL_COUNT","HEAVY_TRUCK_COUNT","HORSE_BUGGY_COUNT","HOUR_OF_DAY","ILLUMINATION","INJURY_COUNT","INTERSECT_TYPE","LANE_CLOSED","LATITUDE","LN_CLOSE_DIR","LOCATION_TYPE","LONGITUDE","MAX_SEVERITY_LEVEL","MCYCLE_DEATH_COUNT","MCYCLE_SUSP_SERIOUS_INJ_COUNT","MOTORCYCLE_COUNT","MUNICIPALITY","NONMOTR_COUNT","NONMOTR_DEATH_COUNT","NONMOTR_SUSP_SERIOUS_INJ_COUNT","NTFY_HIWY_MAINT","PED_COUNT","PED_DEATH_COUNT","PED_SUSP_SERIOUS_INJ_COUNT","PERSON_COUNT","POLICE_AGCY","POSSIBLE_INJ_COUNT","RDWY_SURF_TYPE_CD","RELATION_TO_ROAD","ROAD_CONDITION","SCH_BUS_IND","SCH_ZONE_IND","SMALL_TRUCK_COUNT","SPEC_JURIS_CD","SUSP_MINOR_INJ_COUNT","SUSP_SERIOUS_INJ_COUNT","SUV_COUNT","TCD_FUNC_CD","TCD_TYPE","TFC_DETOUR_IND","TIME_OF_DAY","TOT_INJ_COUNT","TOTAL_UNITS","UNB_DEATH_COUNT","UNB_SUSP_SERIOUS_INJ_COUNT","UNBELTED_OCC_COUNT","UNK_INJ_DEG_COUNT","UNK_INJ_PER_COUNT","URBAN_RURAL","VAN_COUNT","VEHICLE_COUNT","WORK_ZONE_IND","WORK_ZONE_LOC","WORK_ZONE_TYPE","WORKERS_PRES","WZ_CLOSE_DETOUR","WZ_FLAGGER","WZ_LAW_OFFCR_IND","WZ_LN_CLOSURE","WZ_MOVING","WZ_OTHER","WZ_SHLDER_MDN","ROADWAY_CLEARED","WEATHER1","WEATHER2","WZ_WORKERS_INJ_KILLED","SECONDARY_CRASH","INTERSECTION_RELATED"
"1627","1","0","0","0","0","0","0","0","0","6","1","","36","07","2020","2020066222","5","40.1043","-76.2137","1611","08","0","0","0","0","0","1","1","0","","0","1","0","16","1","0","00","0","40 06:15.390","","00","76 12:49.450","0","0","0","0","36234","0","0","0","N","0","0","0","2","36215","0","","1","09","N","N","0","","0","0","0","0","0","","1611","0","2","0","0","0","0","0","1","0","2","N","","","","","","","","","","","","07","  ","","N","N"
"1513","1","0","0","0","0","0","0","0","0","1","1","","36","08","2020","2020066223","2","40.0151","-76.1556","1459","08","0","0","0","0","0","1","0","0","","0","1","0","14","1","0","00","2","40 00:54.395","4","00","76 09:20.178","0","0","0","0","36215","0","0","0","N","0","0","0","3","36215","0","","1","01","N","N","0","","0","0","1","0","0","N","1455","0","3","0","0","0","0","0","1","0","3","N","","","","","","","","","","","1707","03","  ","","N","N"
"2143","0","0","0","0","0","0","0","0","0","7","0","","36","08","2020","2020066224","6","40.0556","-76.2688","2138","08","0","0","0","0","0","0","0","0","","0","0","0","21","3","1","06","0","40 03:20.127","","02","76 16:07.714","8","0","0","0","36215","0","0","0","N","0","0","0","1","36215","0","","3","01","N","N","0","","0","0","1","0","0","","2137","1","1","0","0","0","1","0","1","0","1","N","","","","","","","","","","","","03","03","","N",""
"0745","1","0","0","0","0","0","0","0","0","1","0","","36","08","2020","2020066225","7","40.0164","-76.1622","0739","08","0","0","0","0","0","1","0","0","","0","0","0","07","1","1","00","2","40 00:58.994","4","07","76 09:43.799","3","0","0","0","36215","0","0","0","N","0","0","0","2","36215","0","","1","01","N","N","0","","1","0","1","3","2","N","0739","1","2","0","0","0","0","0","1","0","2","N","","","","","","","","","","","0825","03","03","","N","Y"
"1956","1","0","0","0","0","0","0","0","0","1","0","","36","08","2020","2020066227","3","40.0292","-76.2281","1956","08","0","0","0","0","0","0","0","0","","0","0","0","19","1","1","01","1","40 01:45.621","4","00","76 13:41.370","8","0","0","0","36215","0","0","0","N","0","0","0","6","36215","0","","1","01","N","N","0","","0","0","1","3","2","N","1955","1","2","0","0","0","1","0","1","0","2","N","","","","","","","","","","","2020","03","03","","N",""
"0032","0","0","0","0","0","0","0","0","0","0","0","","36","08","2020","2020066228","3","40.0872","-76.0616","0028","08","0","0","0","1","0","0","0","0","","0","0","0","00","2","1","00","2","40 05:13.890","5","00","76 03:41.750","3","0","0","0","36209","0","0","0","N","0","0","0","2","36415","0","","1","01","N","N","0","","1","0","1","0","0","N","0028","1","1","0","0","1","0","0","1","0","1","N","","","","","","","","","","","0110","03","03","","N","N"
"1553","0","0","0","0","0","0","0","0","0","1","0","","36","08","2020","2020066229","5","40.1042","-76.0791","1551","08","0","0","0","0","0","1","0","0","","0","0","0","15","1","0","01","0","40 06:15.063","","00","76 04:44.613","0","0","0","0","36415","0","0","0","N","0","0","0","3","36415","0","","1","01","N","N","0","","0","0","1","3","2","","1547","0","2","0","0","0","0","0","1","1","2","N","","","","","","","","","","","","03","03","","N",""
"1622","1","0","0","0","0","0","0","0","0","1","0","","36","08","2020","2020066254","2","39.9892","-76.2694","1618","08","0","0","0","0","1","0","1","0","","0","0","0","16","1","0","00","0","39 59:20.998","","00","76 16:09.970","0","0","0","0","36240","0","0","0","N","0","0","0","3","36240","0","","1","01","N","N","1","","0","0","0","0","0","","1616","0","2","0","0","1","0","0","1","0","2","N","","","","","","","","","","","","03","03","","N","N"
"1103","1","0","0","0","0","0","0","0","0","1","0","","36","08","2020","2020066591","3","40.0647","-76.3422","1047","08","0","0","0","0","0","0","0","0","","0","0","0","10","1","0","00","2","40 03:53.011","4","00","76 20:31.783","0","0","0","0","36101","0","0","0","N","0","0","0","5","36101","0","","1","01","N","N","0","","0","0","1","3","2","N","1042","0","2","0","0","0","0","0","3","0","2","N","","","","","","","","","","","1130","03","03","","N","N"
"0818","2","0","0","0","0","0","0","0","0","1","0","","36","08","2020","2020066395","4","40.0691","-76.3569","0815","08","0","0","0","0","0","1","1","0","","0","1","0","08","1","0","01","2","40 04:08.816","4","00","76 21:24.786","0","0","0","0","36214","0","0","0","N","0","0","0","3","36214","0","","1","01","N","N","0","","0","0","0","3","2","N","0813","0","3","0","0","0","0","0","3","0","3","N","","","","","","","","","","","0902","03","03","","N",""
"0940","1","0","0","0","0","0","0","0","0","5","0","","36","08","2020","2020066490","7","40.1057","-75.9481","0925","08","0","0","0","0","0","0","0","0","","0","0","1","09","1","0","00","1","40 06:20.416","3","00","75 56:53.043","0","0","0","0","36232","2","0","0","N","0","0","0","4","68J01","0","","1","01","N","N","0","","0","0","0","0","0","N","0923","0","2","0","0","0","0","0","1","0","1","N","","","","","","","","","","","1015","03","  ","","N","N"
"1504","2","0","0","0","0","0","0","0","0","4","0","","36","08","2020","2020066592","2","40.133","-76.1129","1459","08","0","0","1","0","0","0","0","0","","0","0","0","14","1","0","01","1","40 07:58.926","2","00","76 06:46.330","0","0","0","0","36209","0","0","0","N","0","0","0","2","36415","0","","1","01","N","N","0","","0","0","0","3","3","N","1458","0","2","0","0","0","0","0","1","0","2","N","","","","","","","","","","","0030","03","03","","N",""
"0530","1","0","0","0","0","0","0","0","0","7","0","","36","08","2020","2020066593","6","40.1562","-76.3636","0526","08","0","0","0","0","0","0","0","0","","0","0","0","05","2","0","02","0","40 09:22.308","","00","76 21:49.111","9","0","0","0","36227","0","0","0","N","0","0","0","1","36506","0","","5","09","N","N","0","","0","0","0","9","3","","0524","0","1","0","0","0","0","1","1","0","1","N","","","","","","","","","","","","03","03","","N",""
"1140","0","0","0","0","0","0","0","0","0","4","0","","36","08","2020","2020066595","3","40.1583","-76.3873","1134","08","0","0","0","0","0","0","2","0","","0","0","0","11","1","0","02","0","40 09:29.928","","00","76 23:14.343","0","0","0","0","36227","0","0","0","N","0","0","0","4","36506","0","","1","01","N","N","1","","0","0","1","3","3","","1130","0","2","0","0","1","0","0","1","0","2","N","","","","","","","","","","","","03","  ","","N",""
"1447","0","0","0","0","0","0","0","0","0","7","0","","36","08","2020","2020066594","6","40.1708","-76.3836","1447","08","0","0","0","0","0","1","0","0","","0","0","0","14","1","0","00","0","40 10:14.936","","07","76 23:01.133","0","0","0","0","36227","0","0","0","N","0","0","0","1","36506","0","","2","09","N","N","0","","0","0","0","0","0","","1447","0","1","0","0","0","0","0","1","1","1","N","","","","","","","","","","","","07","  ","","N","N"
"1454","0","0","0","0","0","0","0","0","0","4","0","","36","08","2020","2020066596","3","40.1737","-76.3384","1445","08","0","0","0","0","0","1","0","1","","0","0","0","14","1","1","01","0","40 10:25.163","","00","76 20:18.095","3","0","0","0","36227","0","0","0","N","0","0","0","2","36506","0","","1","01","N","N","1","","1","0","1","3","3","","1445","1","2","0","0","0","0","0","1","0","2","N","","","","","","","","","","","","03","  ","","N",""
"2218","2","0","0","0","0","0","0","0","0","2","0","","36","08","2020","2020066597","5","40.1557","-76.3863","2217","08","0","0","0","0","0","0","0","0","","0","0","0","22","3","0","00","1","40 09:20.340","1","00","76 23:10.766","0","0","0","0","36227","0","0","0","N","0","0","0","1","36506","0","","6","01","N","N","0","","0","0","0","0","0","N","2215","0","2","0","0","0","0","0","1","0","2","N","","","","","","","","","","","0020","03","03","","N","N"
"1117","2","0","0","0","0","0","0","0","0","4","0","","36","08","2020","2020066598","6","40.1288","-76.3118","1115","08","0","0","0","0","0","1","1","0","","0","0","0","11","1","2","02","1","40 07:43.586","3","00","76 18:42.454","8","0","0","0","36235","0","0","0","N","0","0","0","2","36506","0","","1","01","N","N","0","","0","0","0","3","2","N","1112","2","2","0","0","0","2","0","1","0","2","N","","","","","","","","","","","1200","03","  ","","N",""
"0428","1","0","0","0","0","0","0","0","0","7","0","","36","08","2020","2020066600","7","40.1313","-76.2827","0421","08","0","0","0","0","0","0","0","0","","0","0","0","04","2","0","00","1","40 07:52.750","5","00","76 16:57.740","0","0","0","0","36235","0","0","0","N","0","0","0","1","36506","0","","4","01","N","N","0","","0","0","0","0","0","N","0421","0","1","0","0","0","0","0","1","0","1","N","","","","","","","","","","","0100","04","  ","","N","N"
"2026","0","0","0","0","0","0","0","0","0","4","0","","36","08","2020","2020066599","6","40.1678","-76.2956","2026","08","0","0","0","0","0","1","0","0","","0","0","0","20","2","1","01","0","40 10:03.939","","00","76 17:44.145","3","0","0","0","36235","0","0","0","N","0","0","0","5","36506","0","","1","01","N","N","1","","1","0","1","3","2","","2026","1","2","0","0","0","0","0","1","0","2","N","","","","","","","","","","","","03","03","","N",""
"0953","1","0","0","1","0","1","0","0","0","4","0","","36","08","2020","2020066617","3","40.1472","-76.6022","0852","08","0","0","0","0","0","0","0","1","","0","0","0","08","1","1","01","1","40 08:49.966","3","00","76 36:07.909","2","0","0","0","36407","1","0","1","N","0","0","0","2","36407","0","","1","01","N","N","0","","0","1","0","3","3","N","0852","1","2","0","0","0","0","0","2","0","1","N","","","","","","","","","","","0915","03","03","","N",""
"1724","1","0","0","0","0","0","0","0","0","1","0","","36","08","2020","2020066698","3","40.0031","-76.2654","1722","08","0","0","0","0","1","0","0","0","","0","0","0","17","1","0","00","0","40 00:11.116","","07","76 15:55.316","0","0","0","0","36240","0","0","0","N","0","0","0","5","36240","0","","1","01","N","N","0","","0","0","1","0","0","","1715","0","2","0","0","0","0","0","1","0","2","N","","","","","","","","","","","","03","03","","N","N"
"0644","1","0","0","0","0","0","0","0","0","4","0","","36","08","2020","2020066725","5","40.06","-76.2775","0626","08","0","0","0","0","0","0","0","0","","0","0","0","06","1","0","01","2","40 03:35.925","3","02","76 16:39.950","0","0","0","0","36101","0","0","0","N","0","0","0","2","36101","0","","1","01","N","N","0","","0","0","0","3","2","N","0622","0","2","0","0","0","0","0","3","1","2","N","","","","","","","","","","","0725","03","03","","N",""
"1250","1","0","0","0","0","0","0","0","0","1","0","","36","08","2020","2020066802","7","40.2176","-76.1151","1244","08","0","0","0","0","0","1","1","0","","0","0","0","12","1","0","01","0","40 13:03.201","","00","76 06:54.372","0","0","0","0","36210","0","0","0","N","0","0","0","3","36210","0","","1","01","N","N","0","","0","0","2","0","0","","1244","0","3","0","0","1","0","0","1","0","3","N","","","","","","","","","","","","03","  ","","Y","N"
"0950","0","0","0","0","0","0","0","0","0","7","0","","36","08","2020","2020066794","2","40.2228","-76.098","0940","08","0","0","0","0","0","1","0","0","","0","0","0","09","1","1","00","0","40 13:22.100","","00","76 05:52.700","3","0","0","0","36210","0","0","0","N","0","0","0","1","36210","0","","2","01","N","N","0","","1","0","1","0","0","","0940","1","1","0","0","0","0","0","1","0","1","N","","","","","","","","","","","","03","  ","","N","N"
"2001","1","0","0","0","0","0","0","0","0","7","0","","36","08","2020","2020066852","1","39.9886","-76.1777","2001","08","1","0","0","0","0","0","0","0","","0","0","0","20","1","0","00","1","39 59:18.913","1","07","76 10:39.650","0","0","0","0","36417","0","0","0","N","0","0","0","1","36417","0","","2","01","N","N","0","","0","0","0","3","2","N","2001","0","2","0","0","0","0","0","1","0","1","N","","","","","","","","","","","2030","03","  ","","N","N"
"0649","1","0","0","0","0","0","0","0","0","1","0","","36","08","2020","2020066855","2","39.9784","-76.1791","0644","08","0","0","0","0","1","0","0","0","","0","0","0","06","1","0","00","2","39 58:42.150","6","00","76 10:44.770","0","0","0","0","36417","0","0","0","N","0","0","0","2","36417","0","","6","01","N","N","1","","0","0","0","0","0","N","0644","0","2","0","0","0","0","0","1","0","2","N","","","","","","","","","","","0705","98","  ","","N","N"
"1400","0","0","0","0","0","0","0","0","0","4","0","","36","08","2020","2020066902","3","40.0726","-76.3951","1357","08","0","0","0","0","0","0","0","1","","0","0","0","13","1","0","01","1","40 04:21.442","3","00","76 23:42.234","9","0","0","0","36214","0","0","0","N","0","0","0","4","36214","0","","1","01","N","N","0","","0","0","2","3","3","N","1355","0","2","0","0","0","0","1","3","0","2","N","","","","","","","","","","","1445","03","  ","","N",""
"1036","0","0","0","1","0","0","0","0","0","4","1","","36","08","2020","2020066903","4","40.0847","-76.3531","1031","08","0","0","0","0","0","1","0","0","","0","1","0","10","1","1","00","1","40 05:04.955","2","07","76 21:10.985","3","0","0","0","36214","1","0","0","N","0","0","0","2","36214","0","","2","01","N","N","0","","1","0","0","0","0","N","1031","1","2","0","0","0","0","0","3","0","1","N","","","","","","","","","","","1050","03","  ","","N","N"
"1745","2","0","0","0","0","0","0","0","0","1","0","","36","08","2020","2020066904","6","40.0315","-76.2382","1741","08","0","0","0","0","0","1","0","0","","0","0","0","17","1","1","01","0","40 01:50.123","","00","76 14:03.641","4","0","0","0","36215","0","0","0","N","0","0","0","6","36215","1","","1","09","N","N","0","","0","0","0","3","2","","1738","1","2","0","0","0","0","0","1","0","2","N","","","","","","","","","","","","07","07","","N",""
"1318","0","0","0","0","0","0","0","0","0","7","0","","36","08","2020","2020066906","1","40.0402","-76.2596","1318","08","0","0","0","0","0","0","0","0","","0","0","0","09","1","0","00","0","40 02:24.848","","00","76 15:34.488","0","0","0","0","36215","0","0","0","N","0","0","0","1","36215","0","","4","09","N","N","0","","0","0","1","0","0","","0945","0","1","0","0","0","0","0","1","0","1","N","","","","","","","","","","","","07","  ","","N","N"
"1439","1","0","0","0","0","0","0","0","0","1","0","","36","08","2020","2020066905","3","40.0269","-76.243","1433","08","0","0","0","0","0","1","0","2","","0","0","0","14","1","2","00","2","40 01:36.866","5","00","76 14:34.819","4","0","0","0","36215","0","0","0","N","0","0","0","3","36215","1","","1","01","N","N","1","","0","0","1","0","0","Y","1431","2","3","0","0","0","1","0","1","0","3","N","","","","","","","","","","","1730","03","  ","","N","N"
"0757","1","0","0","0","0","0","0","0","0","1","0","","36","07","2020","2020066944","1","39.89","-76.1416","0727","08","0","0","0","0","0","0","0","1","","0","0","1","07","1","1","00","0","39 53:24.164","","00","76 08:29.606","4","0","0","0","36216","2","0","0","N","0","0","0","3","68J01","1","","1","01","N","N","0","","0","0","0","0","0","","0726","1","2","0","0","0","0","0","1","0","1","N","","","","","","","","","","","","03","  ","","N","N"
"1810","1","0","0","0","0","0","0","0","0","4","0","","36","07","2020","2020066946","2","40.1472","-75.9148","1749","08","0","0","0","1","0","0","0","1","","0","0","0","16","1","1","01","0","40 08:49.762","","00","75 54:53.287","3","0","0","0","36203","0","0","0","N","0","0","0","2","68J01","0","","1","01","N","N","0","","1","0","1","3","3","","1657","1","2","0","0","0","0","0","1","0","2","N","","","","","","","","","","","","03","03","","N","N"
"1252","1","0","0","0","0","0","0","0","0","4","0","","36","07","2020","2020066947","4","40.1559","-76.0434","1241","08","0","0","0","0","0","0","1","0","","0","0","0","12","1","0","01","1","40 09:21.104","4","00","76 02:36.199","0","0","0","0","36418","0","0","0","N","0","0","0","2","68J01","0","","1","01","N","N","1","","0","0","0","3","3","N","1238","0","2","0","0","0","0","0","1","0","2","N","","","","","","","","","","","1320","03","03","","N",""
"0853","0","0","0","0","0","0","0","0","0","4","0","","36","07","2020","2020066997","6","40.0116","-76.0465","0827","08","0","0","0","0","0","0","0","1","","0","0","0","08","1","0","01","1","40 00:41.768","5","00","76 02:47.220","0","0","0","0","36232","0","0","0","N","0","0","0","2","68J01","0","","1","01","N","N","0","","0","0","1","3","3","N","0825","0","2","0","0","0","0","0","1","1","2","N","","","","","","","","","","","0030","04","04","","N","N"
"1843","3","0","0","0","0","0","0","0","0","4","0","","36","08","2020","2020067036","5","40.0229","-76.3216","1837","08","0","0","0","0","0","1","0","0","","0","0","0","18","1","1","00","2","40 01:22.311","5","00","76 19:17.638","3","0","0","0","36301","0","0","0","N","0","0","0","1","36301","0","","2","01","","","0","","1","0","0","0","0","N","1836","1","3","0","0","1","0","0","3","0","3","N","","","","","","","","","","","1929","03","03","","N","N"
"0817","2","0","0","0","0","0","0","0","0","6","0","","36","08","2020","2020067070","4","40.0308","-76.3102","0811","08","0","1","0","0","0","0","0","0","","0","0","0","08","1","0","00","1","40 01:50.794","2","00","76 18:36.767","0","0","0","0","36301","0","0","0","N","0","0","0","2","36301","0","","1","09","N","N","0","","0","0","0","0","0","Y","0811","0","2","0","0","0","0","0","3","0","2","N","","","","","","","","","","","0856","07","04","","N","N"
"1531","0","0","0","0","0","0","0","0","0","7","0","","36","06","2020","2020067166","3","40.2047","-76.0552","1504","08","0","0","0","0","0","1","0","0","","0","0","0","14","1","1","00","2","40 12:16.848","5","00","76 03:18.544","3","0","0","0","36202","0","0","0","N","0","0","0","1","68J01","0","","1","01","N","N","0","","1","0","1","0","0","Y","1449","1","1","0","0","0","0","0","1","0","1","N","","","","","","","","","","","0100","03","03","","N","N"
"0734","1","0","0","0","0","0","0","0","0","1","0","","36","08","2020","2020067211","4","40.0169","-76.1646","0727","08","0","0","0","0","0","0","0","1","","0","0","0","07","1","2","00","1","40 01:00.720","4","00","76 09:52.471","3","0","0","0","36215","0","0","0","N","0","0","0","4","36215","0","","1","09","N","N","1","","2","0","2","3","2","N","0724","2","4","0","0","0","0","0","1","0","4","N","","","","","","","","","","","0842","07","  ","","N","Y"
"0742","0","0","0","0","0","0","0","0","0","7","0","","36","08","2020","2020067209","4","40.0843","-76.3077","0740","08","0","0","0","1","0","0","0","0","","0","0","0","07","1","0","02","0","40 05:03.606","","00","76 18:27.575","0","0","0","0","36101","0","0","0","N","0","0","0","1","36101","0","","4","09","N","N","0","","0","0","1","0","0","","0738","0","1","0","0","0","0","0","3","0","1","N","","","","","","","","","","","","07","07","","N",""
"0829","2","0","0","0","0","0","0","0","0","5","1","","36","07","2020","2020067210","2","40.0561","-76.2699","0829","08","0","0","0","0","1","0","1","0","","0","1","0","08","1","1","00","2","40 03:22.109","4","00","76 16:11.629","3","0","0","0","36215","0","0","0","N","0","0","0","6","36215","0","","1","01","N","N","2","","1","0","0","0","0","Y","0829","1","6","0","0","1","0","0","1","0","5","N","","","","","","","","","","","0958","03","03","","N","N"
"1406","0","0","0","0","0","0","0","0","0","7","0","","36","08","2020","2020067212","4","40.2055","-76.2157","1351","08","0","0","0","0","0","0","1","0","","0","0","0","13","1","0","00","0","40 12:19.911","","00","76 12:56.695","0","0","0","0","36204","0","0","0","N","0","0","0","2","36506","0","","5","01","N","N","0","","0","0","1","0","0","","1350","0","1","0","0","0","0","0","1","0","1","N","","","","","","","","","","","","03","  ","","Y","N"
"0713","1","0","0","0","0","0","0","0","0","7","0","","36","08","2020","2020067271","1","39.8567","-76.2215","0647","08","0","0","1","0","0","0","0","0","","0","0","0","06","5","0","00","0","39 51:23.964","","00","76 13:17.352","0","0","0","0","36208","0","0","0","N","0","0","0","1","68J01","0","","2","09","N","N","0","","0","0","0","0","0","","0638","0","1","0","0","0","0","0","1","0","1","N","","","","","","","","","","","","07","  ","","N","N"
"0721","0","0","0","0","0","0","0","0","0","7","0","","36","08","2020","2020067283","4","39.8662","-76.3128","0656","08","0","0","0","0","0","0","0","0","","0","0","0","06","5","0","00","2","39 51:58.370","5","00","76 18:46.010","0","0","0","0","36224","0","0","0","N","0","0","0","1","68J01","0","","4","09","N","N","1","","0","0","0","0","0","Y","0646","0","1","0","0","0","0","0","1","0","1","N","","","","","","","","","","","0900","07","  ","","N","N"
"1343","1","0","0","0","0","0","0","0","0","8","0","","36","08","2020","2020067363","3","40.0404","-76.3061","1339","08","0","0","0","0","0","0","0","0","","0","0","0","13","1","1","00","1","40 02:25.559","1","00","76 18:22.126","3","0","0","0","36301","1","0","0","N","1","0","0","2","36301","0","","1","01","N","N","0","","1","0","0","0","0","N","1339","1","2","0","0","0","0","1","3","0","1","N","","","","","","","","","","","1345","03","03","","N","N"
"1127","1","0","0","0","0","0","0","0","0","4","0","","36","08","2020","2020067425","5","39.9858","-76.2836","1126","08","0","0","0","0","0","1","0","0","","0","0","0","11","1","1","01","1","39 59:09.292","4","00","76 17:01.207","3","0","0","0","36240","0","0","0","N","0","0","0","2","36240","0","","1","01","N","N","0","","1","0","1","3","2","N","1125","1","2","0","0","0","0","0","1","0","2","N","","","","","","","","","","","1206","03","  ","","N","N"
"2316","1","0","0","0","0","0","0","0","0","7","0","","36","07","2020","2020067438","6","39.7673","-76.1803","2303","08","0","0","0","0","0","0","0","0","","0","0","0","23","2","1","03","0","39 46:02.165","","00","76 10:48.934","3","0","0","0","36219","0","0","0","N","0","0","0","1","68J01","0","","4","01","N","N","0","","1","0","0","0","0","","2302","1","1","0","0","0","0","0","1","0","1","N","","","","","","","","","","","","03","03","","N","N"
"0414","0","0","0","0","0","0","0","0","0","7","0","","36","07","2020","2020067439","7","40.0089","-76.1245","0354","08","0","0","0","0","0","0","0","0","","0","0","0","03","3","1","00","1","40 00:32.109","3","00","76 07:28.037","3","0","0","0","36226","0","0","0","N","0","0","0","1","68J01","0","","4","01","N","N","0","","1","0","1","0","0","N","0349","1","1","0","0","0","0","0","1","0","1","N","","","","","","","","","","","0510","03","03","","N","N"
"1836","0","0","0","0","0","0","0","0","0","7","0","","36","07","2020","2020067440","1","40.2442","-76.1605","1809","08","0","0","1","0","0","0","0","0","","0","0","0","18","1","1","00","0","40 14:38.970","","00","76 09:37.776","8","0","0","0","36236","0","0","0","N","0","0","0","4","68T06","0","","4","01","N","N","0","","0","0","1","0","0","","1809","1","1","0","0","0","1","0","1","0","1","N","","","","","","","","","","","","03","03","","N","N"
"1500","1","0","0","0","0","0","0","0","0","7","0","","36","07","2020","2020067441","4","40.1858","-76.0589","1434","08","0","0","0","0","0","0","0","0","","0","0","0","14","1","1","00","2","40 11:09.044","6","00","76 03:31.874","3","0","0","0","36202","0","0","0","N","0","0","0","1","68J01","0","","4","01","N","N","0","","1","0","0","0","0","Y","1430","1","1","0","0","0","0","0","1","0","1","N","","","","","","","","","","","0100","03","  ","","N","N"
"1440","0","0","0","0","0","0","0","0","0","7","0","","36","08","2020","2020067445","1","39.9044","-76.1393","1420","08","0","0","0","0","0","0","0","0","","0","0","0","14","1","2","00","0","39 54:15.924","","00","76 08:21.654","3","0","0","1","36216","0","0","0","N","0","0","0","2","68J01","0","","4","01","N","N","0","","2","0","0","0","0","","1412","2","1","0","0","0","0","0","1","0","1","N","","","","","","","","","","","","03","03","","N","N"
"1001","1","0","0","0","0","0","0","0","0","4","0","","36","08","2020","2020067446","3","40.2434","-76.2359","0942","08","0","0","1","0","0","0","0","0","","0","0","0","09","1","0","00","0","40 14:36.253","","00","76 14:09.207","0","0","0","0","36204","0","0","0","N","0","0","0","2","68T06","0","","4","09","N","N","0","","0","0","0","0","0","","0942","0","1","0","0","0","0","0","1","0","1","N","","","","","","","","","","","","07","  ","","N","N"
"2137","1","0","0","0","0","0","0","0","0","2","0","","36","08","2020","2020067454","1","39.9817","-76.0172","2117","08","0","0","0","0","1","0","0","0","","0","0","0","21","2","0","00","0","39 58:54.083","","00","76 01:01.755","0","0","0","0","36232","0","0","0","N","0","0","0","4","68J01","0","","1","01","N","N","1","","0","0","0","3","3","","2113","0","2","0","0","0","0","0","1","0","2","N","","","","","","","","","","","","03","  ","","N","Y"
"0917","0","0","0","0","0","0","0","0","0","7","0","","36","08","2020","2020067462","6","40.0346","-75.9538","0839","08","0","0","0","0","0","0","0","0","","0","0","0","05","2","0","02","0","40 02:04.531","","00","75 57:13.679","0","0","0","0","36232","0","0","0","N","0","0","0","1","68J01","0","","2","01","N","N","1","","0","0","0","0","0","","0549","0","1","0","0","0","0","0","1","0","1","N","","","","","","","","","","","","03","03","","N","N"
"1424","0","0","0","0","0","0","0","0","0","7","0","","36","08","2020","2020067469","1","39.8163","-76.0377","1410","08","0","0","0","0","0","0","0","0","","0","0","0","14","1","0","00","2","39 48:58.518","1","00","76 02:15.768","0","0","0","0","36205","0","0","0","N","0","0","0","2","68J01","0","","5","09","N","N","1","","0","0","0","0","0","Y","1403","0","1","0","0","0","0","0","1","0","1","N","","","","","","","","","","","1515","07","04","","N","N"
"0130","1","0","0","0","0","0","0","0","0","7","0","65","36","08","2020","2020067474","3","40.2346","-76.0473","0111","08","0","0","0","0","0","0","0","0","","0","0","0","01","2","1","00","2","40 14:28.000","2","00","76 02:26.200","8","0","0","0","36202","0","0","0","Y","0","0","0","1","68T06","0","","3","01","N","N","2","","0","0","0","0","0","N","0100","1","3","0","0","0","1","0","1","0","3","Y","4","2","Y","N","N","N","Y","N","N","N","0300","03","  ","N","N","N"
"1625","0","0","0","0","0","0","0","0","0","1","2","","36","08","2020","2020067541","3","40.2045","-76.2132","1619","08","0","0","0","0","0","0","0","0","3","0","2","0","16","1","0","01","1","40 12:16.281","3","00","76 12:47.395","0","0","0","0","36204","0","0","0","N","0","0","0","3","36506","0","","1","01","N","N","0","","0","0","0","3","2","Y","1618","0","2","0","0","0","0","0","1","0","2","N","","","","","","","","","","","9999","03","  ","","N",""
"1801","0","0","0","0","0","0","0","0","0","7","0","","36","08","2020","2020067542","4","40.1294","-76.3799","1752","08","0","0","1","0","0","0","0","0","","0","0","0","17","1","0","00","0","40 07:45.820","","00","76 22:47.765","0","0","0","0","36227","0","0","0","N","0","0","0","1","36506","0","","5","01","N","N","0","","0","0","1","0","0","","1751","0","1","0","0","0","0","0","1","0","1","N","","","","","","","","","","","","03","  ","","N","N"