"ARRIVAL_TM","AUTOMOBILE_COUNT","BELTED_DEATH_COUNT","BELTED_SUSP_SERIOUS_INJ_COUNT","BICYCLE_COUNT","BICYCLE_DEATH_COUNT","BICYCLE_SUSP_SERIOUS_INJ_COUNT","BUS_COUNT","CHLDPAS_DEATH_COUNT","CHLDPAS_SUSP_SERIOUS_INJ_COUNT","COLLISION_TYPE","COMM_VEH_COUNT","CONS_ZONE_SPD_LIM","COUNTY","CRASH_MONTH","CRASH_YEAR","CRN","DAY_OF_WEEK","DEC_LAT","DEC_LONG","DISPATCH_TM","DISTRICT","DRIVER_COUNT_16YR","DRIVER_COUNT_17YR","DRIVER_COUNT_18YR","DRIVER_COUNT_19YR","DRIVER_COUNT_20YR","DRIVER_COUNT_50_64YR","DRIVER_COUNT_65_74YR","DRIVER_COUNT_75PLUS","EST_HRS_CLOSED","FATAL_COUNT","HEAVY_TRUCK_COUNT","HORSE_BUGGY_COUNT","HOUR_OF_DAY","ILLUMINATION","INJURY_COUNT","INTERSECT_TYPE","LANE_CLOSED","LATITUDE","LN_CLOSE_DIR","LOCATION_TYPE","LONGITUDE","MAX_SEVERITY_LEVEL","MCYCLE_DEATH_COUNT","MCYCLE_SUSP_SERIOUS_INJ_COUNT","MOTORCYCLE_COUNT","MUNICIPALITY","NONMOTR_COUNT","NONMOTR_DEATH_COUNT","NONMOTR_SUSP_SERIOUS_INJ_COUNT","NTFY_HIWY_MAINT","PED_COUNT","PED_DEATH_COUNT","PED_SUSP_SERIOUS_INJ_COUNT","PERSON_COUNT","POLICE_AGCY","POSSIBLE_INJ_COUNT","RDWY_SURF_TYPE_CD","RELATION_TO_ROAD","ROAD_CONDITION","SCH_BUS_IND","SCH_ZONE_IND","SMALL_TRUCK_COUNT","SPEC_JURIS_CD","SUSP_MINOR_INJ_COUNT","SUSP_SERIOUS_INJ_COUNT","SUV_COUNT","TCD_FUNC_CD","TCD_TYPE","TFC_DETOUR_IND","TIME_OF_DAY","TOT_INJ_COUNT","TOTAL_UNITS","UNB_DEATH_COUNT","UNB_SUSP_SERIOUS_INJ_COUNT","UNBELTED_OCC_COUNT","UNK_INJ_DEG_COUNT","UNK_INJ_PER_COUNT","URBAN_RURAL","VAN_COUNT","VEHICLE_COUNT","WORK_ZONE_IND","WORK_ZONE_LOC","WORK_ZONE_TYPE","WORKERS_PRES","WZ_CLOSE_DETOUR","WZ_FLAGGER","WZ_LAW_OFFCR_IND","WZ_LN_CLOSURE","WZ_MOVING","WZ_OTHER","WZ_SHLDER_MDN","ROADWAY_CLEARED","WEATHER1","WEATHER2","WZ_WORKERS_INJ_KILLED","SECONDARY_CRASH","INTERSECTION_RELATED"
"2048","0","0","0","0","0","0","0","0","0","4","0","","36","08","2020","2020067543","4","40.1559","-76.3435","2041","08","0","0","0","0","0","1","0","0","","0","0","0","20","2","1","01","2","40 09:21.372","7","00","76 20:36.769","3","0","0","0","36227","0","0","0","N","0","0","0","2","36506","0","","1","01","N","N","0","","1","0","2","3","3","N","2039","1","2","0","0","0","0","0","1","0","2","N","","","","","","","","","","","2152","03","  ","","N",""
"1039","1","0","0","0","0","0","0","0","0","1","0","","36","07","2020","2020067564","5","39.9919","-76.0193","1033","08","0","0","0","0","0","1","0","0","","0","0","0","10","1","2","00","2","39 59:30.708","3","00","76 01:09.322","3","0","0","0","36232","0","0","0","N","0","0","0","3","68J01","0","","1","01","N","N","1","","1","0","0","3","2","N","1031","2","2","0","0","0","1","0","1","0","2","N","","","","","","","","","","","1100","03","  ","","N","Y"
"1207","2","0","0","0","0","0","0","0","0","1","0","","36","07","2020","2020067566","7","39.9855","-76.0178","1149","08","0","0","0","0","0","0","0","0","","0","0","0","11","1","2","01","0","39 59:07.866","","00","76 01:04.009","3","0","0","0","36232","0","0","0","N","0","0","0","5","68J01","0","","1","01","N","N","0","","2","0","0","3","2","","1147","2","2","0","0","0","0","0","1","0","2","N","","","","","","","","","","","","03","  ","","N","N"
"0727","1","0","0","0","0","0","0","0","0","7","0","","36","08","2020","2020067593","4","39.9981","-76.0586","0720","08","0","0","0","0","0","0","0","0","","0","0","0","07","1","1","00","0","39 59:53.125","","00","76 03:30.786","3","0","0","0","36226","0","0","0","N","0","0","0","1","68J01","0","","4","01","N","N","0","","1","0","0","0","0","","0714","1","1","0","0","0","0","0","1","0","1","N","","","","","","","","","","","","03","  ","","N","N"
"1951","1","0","0","0","0","0","0","0","0","7","0","","36","08","2020","2020067704","4","40.2823","-76.108","1946","08","0","0","0","0","0","0","0","0","","0","0","0","19","1","2","00","2","40 16:56.300","6","00","76 06:28.800","3","0","0","0","36236","0","0","0","N","0","0","0","2","36408","0","","2","01","N","N","0","","2","0","0","0","0","Y","1946","2","1","0","0","0","0","0","1","0","1","N","","","","","","","","","","","2035","03","03","","N","N"
"2028","0","0","0","0","0","0","0","0","0","0","0","","36","07","2020","2020067621","1","40.2216","-76.2641","2001","08","0","1","0","0","0","0","0","0","","0","0","0","19","4","2","00","1","40 13:17.924","3","00","76 15:50.738","3","0","0","0","36217","0","0","0","N","0","0","0","2","68J01","0","","2","09","N","N","1","","2","0","0","0","0","N","1958","2","1","0","0","0","0","0","1","0","1","N","","","","","","","","","","","2217","98","  ","","N","N"
"0032","1","0","0","0","0","0","0","0","0","7","0","","36","08","2020","2020067650","7","40.0761","-76.04","0027","08","0","0","0","1","0","0","0","0","","0","0","0","00","2","2","00","2","40 04:33.900","6","00","76 02:24.000","3","0","0","0","36213","0","0","0","N","0","0","0","2","36213","0","","4","01","N","N","0","","2","0","0","0","0","Y","0025","2","1","0","0","1","0","0","1","0","1","N","","","","","","","","","","","0130","03","03","","N","N"
"0801","0","0","0","0","0","0","0","0","0","0","0","","36","08","2020","2020067689","4","40.0933","-76.3902","0750","08","0","0","0","0","0","0","0","0","","0","1","0","07","1","0","00","0","40 05:36.027","","00","76 23:24.752","0","0","0","0","36214","0","0","0","N","0","0","0","2","36214","0","","1","09","N","N","0","","0","0","0","0","0","","0744","0","1","0","0","0","0","0","3","0","1","N","","","","","","","","","","","","07","  ","","N","N"
"1840","1","0","0","0","0","0","0","0","0","7","0","","36","08","2020","2020067691","6","40.0531","-76.3919","1829","08","0","0","0","0","0","0","0","0","","0","0","0","18","1","0","06","1","40 03:11.177","3","02","76 23:30.686","0","0","0","0","36214","0","0","0","N","0","0","0","1","36214","0","","2","01","N","N","0","","0","0","0","0","0","N","1829","0","1","0","0","1","0","0","3","0","1","N","","","","","","","","","","","0030","03","  ","","N",""
"1239","1","0","0","0","0","0","0","0","0","7","0","","36","08","2020","2020067690","5","40.0572","-76.3666","1232","08","0","0","0","0","0","0","0","0","","0","0","0","12","1","1","00","1","40 03:26.099","4","00","76 21:59.787","3","0","0","0","36214","0","0","0","N","0","0","0","1","36214","0","","3","01","N","N","0","","1","0","0","0","0","N","1230","1","1","0","0","1","0","0","3","0","1","N","","","","","","","","","","","1314","04","04","","N","N"
"1003","0","0","0","0","0","0","0","0","0","7","0","","36","08","2020","2020067700","6","40.054","-76.2958","0959","08","0","0","0","0","0","0","1","0","","0","1","0","09","1","0","00","1","40 03:14.557","2","01","76 17:45.017","0","0","0","0","36301","0","0","0","N","0","0","0","2","36301","0","","4","01","N","N","0","","0","0","0","0","0","Y","0955","0","1","0","0","0","0","0","3","0","1","N","","","","","","","","","","","1154","03","03","","N","N"
"0742","2","0","0","0","0","0","0","0","0","2","0","","36","08","2020","2020067710","6","40.2413","-76.0567","0738","08","0","0","0","1","0","0","0","0","","0","0","0","07","1","2","01","1","40 14:28.789","2","00","76 03:24.239","3","0","0","0","36401","0","0","0","N","0","0","0","2","36408","0","","1","01","N","N","0","","2","0","0","3","2","N","0738","2","2","0","0","0","0","0","1","0","2","N","","","","","","","","","","","0815","03","03","","N","N"
"1132","1","0","0","0","0","0","0","0","0","0","0","","36","08","2020","2020067714","6","40.242","-76.0589","1129","08","0","0","0","0","0","0","0","1","","0","0","0","11","1","0","00","1","40 14:31.254","2","00","76 03:31.990","0","0","0","0","36401","0","0","0","N","0","0","0","1","36408","0","","2","01","N","N","0","","0","0","0","0","0","N","1129","0","1","0","0","0","0","0","1","0","1","N","","","","","","","","","","","1200","03","03","","N","N"
"1433","0","0","0","0","0","0","1","0","0","6","1","","36","08","2020","2020067715","6","40.049","-76.3057","1421","08","0","0","1","0","0","0","0","0","","0","0","0","14","1","0","01","2","40 02:56.518","2","00","76 18:20.618","0","0","0","0","36301","2","0","0","N","0","0","0","4","36301","0","","1","01","N","N","1","","0","0","1","3","3","Y","1420","0","3","0","0","0","0","0","3","0","3","N","","","","","","","","","","","1526","03","03","","Y","N"
"1636","0","0","0","1","0","0","0","0","0","4","0","","36","08","2020","2020067746","2","40.0278","-76.3053","1628","08","0","0","0","0","0","0","0","0","","0","0","0","16","1","1","00","0","40 01:40.100","","07","76 18:19.200","3","0","0","0","36301","1","0","0","N","0","0","0","2","36301","0","","1","01","N","N","0","","1","0","0","0","0","","1614","1","2","0","0","0","0","0","3","1","1","N","","","","","","","","","","","","04","  ","","N","N"
"1012","2","0","0","0","0","0","0","0","0","4","0","","36","08","2020","2020067753","7","39.9901","-76.2399","1011","08","0","1","0","0","0","0","0","0","","0","0","0","10","1","2","01","2","39 59:24.433","6","00","76 14:23.626","3","0","0","0","36240","0","0","0","N","0","0","0","2","36240","0","","1","01","N","N","0","","2","0","0","3","2","Y","1007","2","2","0","0","0","0","0","1","0","2","N","","","","","","","","","","","1106","03","  ","","N",""
"1315","0","0","0","0","0","0","0","0","0","4","1","","36","07","2020","2020067762","4","40.0105","-76.1324","1306","08","0","0","0","0","0","0","1","0","","0","1","0","13","1","1","01","2","40 00:37.874","3","00","76 07:56.531","3","0","0","0","36226","0","0","0","N","0","0","0","3","68J01","0","","1","01","N","N","0","","1","0","1","3","3","N","1302","1","2","0","0","1","0","0","1","0","2","N","","","","","","","","","","","0100","03","03","","N",""
"1602","1","0","0","0","0","0","0","0","0","1","0","","36","08","2020","2020067777","4","40.1096","-75.9645","1524","08","0","0","0","0","0","1","0","0","","0","0","0","15","1","0","00","1","40 06:34.560","3","00","75 57:52.034","0","0","0","0","36203","0","0","0","N","0","0","0","2","68J01","0","","1","01","N","N","1","","0","0","0","0","0","N","1518","0","2","0","0","0","0","0","1","0","2","N","","","","","","","","","","","1624","03","  ","","N","Y"
"1631","1","0","0","0","0","0","0","0","0","1","0","","36","08","2020","2020067794","5","40.0018","-76.0881","1613","08","0","0","0","0","0","1","1","0","","0","0","0","16","1","2","00","1","40 00:06.587","4","00","76 05:17.175","3","0","0","0","36226","0","0","0","N","0","0","0","3","68J01","0","","1","01","N","N","0","","1","0","2","0","0","Y","1611","2","3","0","0","0","1","0","1","0","3","N","","","","","","","","","","","1700","03","  ","","N","N"
"0005","1","0","0","0","0","0","0","0","0","7","0","","36","08","2020","2020067846","3","40.0565","-76.3305","0003","08","0","0","0","0","0","0","0","0","","0","0","0","23","3","0","00","0","40 03:23.243","","00","76 19:49.854","0","0","0","0","36101","0","0","0","N","0","0","0","1","36101","0","","4","01","N","N","0","","0","0","0","0","0","","2358","0","1","0","0","0","0","0","3","0","1","N","","","","","","","","","","","","03","03","","N","N"
"1602","0","0","0","0","0","0","0","0","0","0","1","","36","08","2020","2020067924","3","40.1112","-76.2446","1554","08","0","0","0","0","0","1","0","0","","0","1","0","15","1","0","00","0","40 06:40.277","","00","76 14:40.715","0","0","0","0","36101","0","0","0","N","0","0","0","4","36101","0","","1","01","N","N","1","","0","0","1","0","0","","1551","0","3","0","0","0","0","0","3","0","3","N","","","","","","","","","","","","03","03","","N","N"
"1828","1","0","0","0","0","0","0","0","0","4","0","","36","08","2020","2020067925","7","40.068","-76.3159","1828","08","0","0","0","0","0","1","0","0","","0","0","0","18","1","0","00","2","40 04:04.843","3","07","76 18:57.187","0","0","0","0","36301","0","0","0","N","0","0","0","3","36101","0","","1","01","N","N","1","","0","0","1","3","2","N","1828","0","3","0","0","1","0","0","3","0","3","N","","","","","","","","","","","1930","03","  ","","N","N"
"1129","0","0","0","0","0","0","0","0","0","6","0","","36","08","2020","2020067954","7","40.0501","-76.3059","1121","08","0","0","0","0","0","0","1","0","","0","0","0","11","1","1","01","1","40 03:00.304","2","00","76 18:21.344","4","0","0","0","36301","0","0","0","N","0","0","0","3","36301","1","","1","01","N","N","0","","0","0","2","3","2","Y","1119","1","2","0","0","0","0","0","3","0","2","N","","","","","","","","","","","1203","03","03","","N","N"
"0822","0","0","0","0","0","0","0","0","0","7","0","","36","08","2020","2020068054","1","40.0445","-76.2753","0816","08","0","0","0","0","0","0","0","0","","0","0","0","08","1","0","00","2","40 02:40.100","2","00","76 16:31.190","0","0","0","0","36220","0","0","0","N","0","0","0","1","36101","0","","5","09","N","N","0","","0","0","1","0","0","N","0814","0","1","0","0","1","0","0","3","0","1","N","","","","","","","","","","","0900","04","04","","N","N"
"1515","0","0","0","0","0","0","0","0","0","4","0","","36","08","2020","2020068055","7","40.0791","-76.3465","1515","08","0","0","0","1","0","1","0","0","","0","0","0","14","1","1","01","0","40 04:44.596","","02","76 20:47.282","3","0","0","0","36101","0","0","0","N","0","0","0","3","36101","0","","1","01","N","N","1","","1","0","1","3","3","","1457","1","2","0","0","0","0","0","3","0","2","N","","","","","","","","","","","","03","03","","N",""
"1238","0","0","0","0","0","0","0","0","0","4","0","","36","08","2020","2020068056","1","40.1008","-76.096","1235","08","0","0","0","0","0","1","0","0","","0","0","0","12","1","1","01","2","40 06:03.031","6","00","76 05:45.673","3","0","0","0","36415","0","0","0","N","0","0","0","2","36415","0","","1","01","N","N","1","","1","0","1","3","2","Y","1235","1","2","0","0","2","0","0","1","0","2","N","","","","","","","","","","","1304","03","03","","N",""
"2018","1","0","0","0","0","0","0","0","0","1","0","","36","08","2020","2020068124","1","39.9865","-76.2812","2012","08","0","0","0","1","0","0","0","0","","0","0","0","20","3","2","01","0","39 59:11.342","","00","76 16:52.253","8","0","0","0","36240","0","0","0","N","0","0","0","4","36240","0","","1","09","N","N","0","","0","0","1","3","2","","2008","2","2","0","0","0","2","0","1","0","2","N","","","","","","","","","","","","07","  ","","N",""
"2204","1","0","0","0","0","0","0","0","0","7","0","","36","08","2020","2020068130","7","40.2045","-76.166","2200","08","0","1","0","0","0","0","0","0","","0","0","0","21","2","1","00","2","40 12:16.270","5","00","76 09:57.541","3","0","0","0","36218","0","0","0","N","0","0","0","3","36408","0","","5","01","N","N","0","","1","0","0","0","0","Y","2155","1","1","0","0","1","0","0","1","0","1","N","","","","","","","","","","","2243","03","03","","N","N"
"2126","2","0","0","0","0","0","0","0","0","4","0","","36","08","2020","2020068145","7","40.0506","-76.3014","2121","08","0","0","1","0","0","1","0","0","","0","0","0","21","3","1","01","0","40 03:02.073","","00","76 18:05.147","3","0","0","0","36301","0","0","0","N","0","0","0","3","36301","0","","1","01","N","N","0","","1","0","0","3","3","","2118","1","2","0","0","0","0","0","3","0","2","N","","","","","","","","","","","","03","03","","N","N"
"1836","1","0","0","0","0","0","0","0","0","4","0","","36","08","2020","2020068153","1","40.0833","-76.5831","1830","08","0","0","0","0","1","0","0","0","","0","0","0","18","1","0","00","0","40 04:59.991","","00","76 34:58.986","0","0","0","0","36211","0","0","0","N","0","0","0","2","36504","0","","1","09","N","N","0","","0","0","1","0","0","","1830","0","2","0","0","0","0","0","1","0","2","N","","","","","","","","","","","","07","  ","","N","N"
"2339","1","0","0","0","0","0","0","0","0","7","0","","36","08","2020","2020068159","1","39.9808","-76.2771","2338","08","0","0","0","0","0","1","0","0","","0","0","0","23","3","1","03","2","39 58:50.933","5","00","76 16:37.411","2","0","0","0","36240","0","0","0","N","0","0","0","1","36240","0","","5","01","N","N","0","","0","1","0","0","0","Y","2336","1","1","0","1","1","0","0","1","0","1","N","","","","","","","","","","","0103","03","03","","Y","N"
"1939","0","0","0","0","0","0","0","0","0","7","0","","36","08","2020","2020068169","5","40.231","-76.0754","1931","08","0","0","0","0","0","0","0","0","","0","0","0","19","1","0","00","0","40 13:51.677","","00","76 04:31.273","0","0","0","0","36210","0","0","0","N","0","0","0","1","36210","0","","4","01","N","N","0","","0","0","1","0","0","","1931","0","1","0","0","1","0","0","1","0","1","N","","","","","","","","","","","","03","  ","","N","N"
"1152","1","0","0","0","0","0","0","0","0","1","0","","36","08","2020","2020068170","6","40.2041","-76.1546","1145","08","0","0","0","0","0","0","0","1","","0","0","0","11","1","1","02","0","40 12:14.635","","00","76 09:16.383","8","0","0","0","36210","0","0","0","N","0","0","0","3","36210","0","","1","01","N","N","1","","0","0","0","0","0","","1142","1","2","0","0","0","1","0","1","0","2","N","","","","","","","","","","","","03","  ","","N","N"
"1751","0","0","0","1","0","1","0","0","0","4","1","","36","08","2020","2020068172","7","40.0586","-76.3336","1746","08","0","0","0","0","0","0","0","0","","0","1","0","17","1","1","00","2","40 03:30.931","3","07","76 20:00.993","2","0","0","0","36101","1","0","1","N","0","0","0","2","36101","0","","1","01","N","N","0","","0","1","0","3","2","N","1743","1","2","0","0","1","0","0","3","0","1","N","","","","","","","","","","","1800","03","03","","N","N"
"2005","1","0","0","0","0","0","0","0","0","7","0","","36","08","2020","2020068173","1","40.1072","-76.2494","1955","08","0","0","0","0","0","0","0","0","","0","0","0","19","2","0","00","0","40 06:25.996","","03","76 14:57.696","0","0","0","0","36101","0","0","0","N","0","0","0","1","36101","0","","3","09","N","N","0","","0","0","0","0","0","","1953","0","1","0","0","0","0","0","3","0","1","N","","","","","","","","","","","","07","04","","N","N"
"1449","1","0","0","0","0","0","0","0","0","4","0","","36","08","2020","2020068350","2","39.9813","-76.282","1442","08","0","0","0","0","0","1","1","0","","0","0","0","14","1","1","01","0","39 58:52.515","","00","76 16:55.238","8","0","0","0","36240","0","0","0","N","0","0","0","3","36240","0","","1","01","N","N","0","","0","0","1","0","0","","1438","1","2","0","0","0","1","0","1","0","2","N","","","","","","","","","","","","03","03","","Y",""
"2219","2","0","0","0","0","0","0","0","0","2","0","","36","08","2020","2020068378","5","40.0924","-76.286","2212","08","0","0","0","0","0","0","1","1","","0","0","0","22","3","2","00","2","40 05:32.770","5","00","76 17:09.420","8","0","0","0","36101","0","0","0","N","0","0","0","2","36101","0","","1","01","N","N","0","","0","0","0","0","0","Y","2211","2","2","0","0","0","2","0","3","0","2","N","","","","","","","","","","","2353","03","  ","","N","N"
"1413","1","0","0","0","0","0","0","0","0","7","0","","36","08","2020","2020068379","7","40.0555","-76.2662","1413","08","0","0","0","0","0","1","0","0","","0","0","0","14","1","3","02","2","40 03:19.650","3","02","76 15:58.458","3","0","0","0","36215","0","0","0","N","0","0","0","5","36215","0","","3","01","N","N","0","","3","0","1","0","0","Y","1402","3","2","0","0","0","0","0","1","0","2","N","","","","","","","","","","","1514","03","03","","N",""
"1338","1","0","0","0","0","0","0","0","0","1","0","","36","08","2020","2020068380","5","40.0839","-76.2293","1332","08","0","0","0","0","0","1","0","0","","0","0","0","13","1","1","00","0","40 05:01.984","","00","76 13:45.545","8","0","0","0","36234","0","0","0","N","0","0","0","2","36215","0","","1","01","N","N","0","","0","0","1","0","0","","1330","1","2","0","0","0","1","0","1","0","2","N","","","","","","","","","","","","04","03","","N","N"
"1350","1","0","0","0","0","0","0","0","0","1","0","","36","07","2020","2020068381","6","40.1843","-76.6009","1344","08","0","0","0","0","0","0","0","1","","0","0","0","13","1","1","01","0","40 11:03.464","","00","76 36:03.165","3","0","0","0","36225","0","0","0","N","0","0","0","3","36505","0","","1","01","N","N","0","","1","0","1","0","0","","1340","1","2","0","0","0","0","0","2","0","2","N","","","","","","","","","","","","03","03","","N",""
"1631","0","0","0","0","0","0","0","0","0","1","1","","36","08","2020","2020068382","2","40.157","-76.6498","1622","08","0","0","0","0","0","0","0","0","","0","1","0","16","1","0","00","0","40 09:25.300","","07","76 38:59.200","0","0","0","0","36237","0","0","0","N","0","0","0","2","36505","0","","1","01","N","N","1","","0","0","0","0","0","","1620","0","2","0","0","0","0","0","1","0","2","N","","","","","","","","","","","","03","  ","","N","N"
"1723","1","0","0","0","0","0","0","0","0","1","0","","36","08","2020","2020068383","5","40.1312","-76.5638","1721","08","0","0","0","0","1","1","0","0","","0","0","0","17","1","0","01","1","40 07:52.429","1","00","76 33:49.559","0","0","0","0","36225","0","0","0","N","0","0","0","2","36505","0","","1","01","N","N","1","","0","0","0","3","2","N","1719","0","2","0","0","1","0","0","2","0","2","N","","","","","","","","","","","1758","03","03","","N",""
"0845","0","0","0","0","0","0","0","0","1","0","0","","36","08","2020","2020068586","4","40.0473","-76.4843","0839","08","0","0","0","0","0","0","0","0","","0","0","0","08","1","1","00","2","40 02:50.100","6","00","76 29:03.300","2","0","0","0","36239","0","0","0","N","0","0","0","3","36239","0","","5","09","N","N","0","","0","1","0","0","0","Y","0838","1","1","0","0","1","0","1","3","1","1","N","","","","","","","","","","","0045","04","  ","","N","N"
"2028","1","0","0","0","0","0","0","0","0","8","0","","36","08","2020","2020068588","5","40.0369","-76.4525","2021","08","0","0","0","0","1","0","0","0","","0","0","0","20","3","1","00","2","40 02:12.776","4","00","76 27:08.901","8","0","0","0","36239","1","0","0","N","1","0","0","2","36239","0","","1","01","N","N","0","","0","0","0","0","0","N","2020","1","2","0","0","0","1","0","3","0","1","N","","","","","","","","","","","2058","03","03","","N","N"
"1725","3","0","0","0","0","0","0","0","0","1","0","","36","08","2020","2020068582","5","40.069","-76.3079","1718","08","0","0","0","0","0","1","0","1","","0","0","0","17","1","1","00","1","40 04:08.341","3","03","76 18:28.370","3","0","0","0","36101","0","0","0","N","0","0","0","3","36101","0","","1","01","N","N","0","","1","0","0","0","0","N","1716","1","3","0","0","0","0","0","3","0","3","N","","","","","","","","","","","1830","03","  ","","N","N"
"1642","1","0","0","0","0","0","0","0","0","2","0","","36","08","2020","2020068440","2","40.2357","-76.0568","1635","08","0","0","0","0","0","0","0","1","","0","0","0","16","1","0","00","1","40 14:08.480","1","00","76 03:24.445","0","0","0","0","36401","0","0","0","N","0","0","0","2","36408","0","","1","01","N","N","0","","0","0","1","0","0","N","1634","0","2","0","0","0","0","0","1","0","2","N","","","","","","","","","","","1715","03","03","","N","N"
"1437","2","0","0","0","0","0","0","0","0","4","0","","36","07","2020","2020068452","4","40.0584","-76.1137","1429","08","0","0","0","0","0","0","1","1","","0","0","0","14","1","3","01","2","40 03:30.167","7","00","76 06:49.490","4","0","0","0","36221","0","0","0","N","0","0","0","3","68J01","3","","1","01","N","N","0","","0","0","1","3","3","Y","1424","3","3","0","0","0","0","0","1","0","3","N","","","","","","","","","","","1504","03","  ","","N","N"
"1948","1","0","0","0","0","0","0","0","0","7","0","","36","08","2020","2020068530","2","39.9991","-76.244","1946","08","0","0","0","0","0","0","0","0","","0","0","0","19","3","0","01","0","39 59:56.657","","00","76 14:38.508","9","0","0","0","36240","0","0","0","N","0","0","0","1","36240","0","","5","01","N","N","0","","0","0","0","3","2","","1944","0","1","0","0","0","0","1","1","0","1","N","","","","","","","","","","","","03","  ","","N",""
"1839","2","0","0","0","0","0","0","0","0","4","0","","36","08","2020","2020068561","1","40.0341","-76.3149","1836","08","0","0","0","1","0","0","0","0","","0","0","0","18","1","0","01","1","40 02:02.716","3","00","76 18:53.492","0","0","0","0","36301","0","0","0","N","0","0","0","5","36301","0","","1","01","N","N","0","","0","0","0","3","3","N","1823","0","2","0","0","0","0","0","3","0","2","N","","","","","","","","","","","1900","03","03","","N","N"
"0848","1","0","0","0","0","0","0","0","0","1","0","","36","08","2020","2020068583","6","40.0383","-76.4242","0846","08","0","0","0","0","0","0","1","0","","0","0","0","08","1","0","02","2","40 02:17.882","3","00","76 25:27.027","0","0","0","0","36414","0","0","0","N","0","0","0","3","36239","0","","1","01","N","N","0","","0","0","2","0","0","N","0841","0","3","0","0","0","0","0","3","0","3","N","","","","","","","","","","","0925","03","03","","N",""
"1748","0","0","0","0","0","0","0","0","0","7","0","","36","08","2020","2020068585","1","40.0591","-76.4071","1744","08","0","0","0","0","0","0","0","0","","0","0","0","17","1","0","00","1","40 03:32.747","6","00","76 24:25.382","0","0","0","0","36239","0","0","0","N","0","0","0","1","36239","0","","5","01","N","N","0","","0","0","1","0","0","Y","1744","0","1","0","0","0","0","0","3","0","1","N","","","","","","","","","","","1855","03","  ","","N","N"
"0711","1","0","0","0","0","0","0","0","0","7","0","","36","08","2020","2020068587","5","40.0348","-76.4597","0708","08","0","0","0","0","0","0","0","0","","0","0","0","07","1","0","00","2","40 02:05.331","6","00","76 27:34.805","0","0","0","0","36239","0","0","0","N","0","0","0","0","36239","0","","4","01","N","N","0","","0","0","0","0","0","Y","0707","0","1","0","0","0","0","0","3","0","1","N","","","","","","","","","","","0130","03","  ","","N","N"
"1740","1","0","0","0","0","0","0","0","0","7","0","","36","08","2020","2020068589","1","40.0385","-76.4575","1735","08","0","0","0","0","0","0","0","0","","0","0","0","17","1","0","00","0","40 02:18.558","","00","76 27:27.171","0","0","0","0","36239","0","0","0","N","0","0","0","2","36239","0","","5","09","N","N","0","","0","0","0","0","0","","1735","0","1","0","0","0","0","0","3","0","1","N","","","","","","","","","","","","07","07","","N","N"
"0553","2","0","0","0","0","0","0","0","0","4","0","","36","08","2020","2020068584","6","40.0304","-76.4711","0542","08","0","0","0","0","0","1","0","0","","0","0","0","05","5","0","02","1","40 01:49.342","6","00","76 28:15.938","0","0","0","0","36239","0","0","0","N","0","0","0","2","36239","0","","1","01","N","N","0","","0","0","0","3","3","N","0533","0","2","0","0","0","0","0","3","0","2","N","","","","","","","","","","","0634","03","03","","N",""
"1747","1","0","0","1","0","0","0","0","0","4","0","","36","08","2020","2020068597","4","40.1315","-76.1479","1737","08","0","0","0","0","0","0","1","0","","0","0","0","17","1","2","01","1","40 07:53.254","4","00","76 08:52.441","3","0","0","0","36238","1","0","0","N","0","0","0","4","36238","1","","1","01","N","N","0","","1","0","0","3","3","N","1737","2","2","0","0","0","0","0","3","0","1","N","","","","","","","","","","","1820","04","  ","","N","N"
"0800","0","0","0","0","0","0","0","0","0","0","1","","36","08","2020","2020068688","4","40.2339","-76.4347","0740","08","0","0","0","0","0","0","0","0","","0","1","0","07","1","0","02","1","40 14:01.894","4","07","76 26:05.025","0","0","0","0","36230","0","0","0","N","0","0","0","1","68T06","0","","1","01","N","N","0","","0","0","0","3","2","N","0740","0","1","0","0","0","0","0","1","0","1","N","","","","","","","","","","","1025","03","  ","","N","N"
"1214","1","0","0","0","0","0","0","0","0","7","0","","36","08","2020","2020068716","4","40.223","-76.4173","1203","08","0","0","0","0","0","0","0","0","","0","0","0","12","1","0","00","1","40 13:22.652","3","00","76 25:02.173","0","0","0","0","36230","0","0","0","N","0","0","0","3","68T06","0","","4","01","N","N","0","","0","0","0","0","0","N","1203","0","1","0","0","0","0","0","1","0","1","N","","","","","","","","","","","1245","03","  ","","N","N"
"2008","1","0","0","0","0","0","0","0","0","7","0","","36","08","2020","2020068747","1","40.2422","-76.2437","1956","08","0","0","0","0","0","0","0","0","","0","0","0","19","4","0","00","0","40 14:31.777","","00","76 14:37.377","0","0","0","0","36204","0","0","0","N","0","0","0","2","68T06","0","","5","09","N","N","0","","0","0","0","0","0","","1954","0","1","0","0","0","0","0","1","0","1","N","","","","","","","","","","","","07","  ","","N","N"
"0753","2","0","0","0","0","0","0","0","0","4","0","","36","08","2020","2020068999","4","40.0488","-76.3077","0746","08","0","0","0","0","0","1","0","0","","0","0","0","07","1","1","01","0","40 02:55.795","","00","76 18:27.890","8","0","0","0","36301","0","0","0","N","0","0","0","2","36301","0","","1","01","N","N","0","","0","0","1","3","3","","0744","1","3","0","0","1","1","0","3","0","3","N","","","","","","","","","","","","03","  ","","N",""
"1716","0","0","0","0","0","0","0","0","0","1","1","","36","08","2020","2020068827","2","40.0224","-76.1929","1715","08","0","0","0","0","0","1","0","0","","0","1","0","17","1","2","01","0","40 01:20.631","","00","76 11:34.338","3","0","0","0","36215","0","0","0","N","0","0","0","3","36215","0","","1","01","N","N","0","","2","0","1","3","2","","1715","2","2","0","0","0","0","0","1","0","2","N","","","","","","","","","","","","03","03","","N",""