"ARRIVAL_TM","AUTOMOBILE_COUNT","BELTED_DEATH_COUNT","BELTED_SUSP_SERIOUS_INJ_COUNT","BICYCLE_COUNT","BICYCLE_DEATH_COUNT","BICYCLE_SUSP_SERIOUS_INJ_COUNT","BUS_COUNT","CHLDPAS_DEATH_COUNT","CHLDPAS_SUSP_SERIOUS_INJ_COUNT","COLLISION_TYPE","COMM_VEH_COUNT","CONS_ZONE_SPD_LIM","COUNTY","CRASH_MONTH","CRASH_YEAR","CRN","DAY_OF_WEEK","DEC_LAT","DEC_LONG","DISPATCH_TM","DISTRICT","DRIVER_COUNT_16YR","DRIVER_COUNT_17YR","DRIVER_COUNT_18YR","DRIVER_COUNT_19YR","DRIVER_COUNT_20YR","DRIVER_COUNT_50_64YR","DRIVER_COUNT_65_74YR","DRIVER_COUNT_75PLUS","EST_HRS_CLOSED","FATAL_COUNT","HEAVY_TRUCK_COUNT","HORSE_BUGGY_COUNT","HOUR_OF_DAY","ILLUMINATION","INJURY_COUNT","INTERSECT_TYPE","LANE_CLOSED","LATITUDE","LN_CLOSE_DIR","LOCATION_TYPE","LONGITUDE","MAX_SEVERITY_LEVEL","MCYCLE_DEATH_COUNT","MCYCLE_SUSP_SERIOUS_INJ_COUNT","MOTORCYCLE_COUNT","MUNICIPALITY","NONMOTR_COUNT","NONMOTR_DEATH_COUNT","NONMOTR_SUSP_SERIOUS_INJ_COUNT","NTFY_HIWY_MAINT","PED_COUNT","PED_DEATH_COUNT","PED_SUSP_SERIOUS_INJ_COUNT","PERSON_COUNT","POLICE_AGCY","POSSIBLE_INJ_COUNT","RDWY_SURF_TYPE_CD","RELATION_TO_ROAD","ROAD_CONDITION","SCH_BUS_IND","SCH_ZONE_IND","SMALL_TRUCK_COUNT","SPEC_JURIS_CD","SUSP_MINOR_INJ_COUNT","SUSP_SERIOUS_INJ_COUNT","SUV_COUNT","TCD_FUNC_CD","TCD_TYPE","TFC_DETOUR_IND","TIME_OF_DAY","TOT_INJ_COUNT","TOTAL_UNITS","UNB_DEATH_COUNT","UNB_SUSP_SERIOUS_INJ_COUNT","UNBELTED_OCC_COUNT","UNK_INJ_DEG_COUNT","UNK_INJ_PER_COUNT","URBAN_RURAL","VAN_COUNT","VEHICLE_COUNT","WORK_ZONE_IND","WORK_ZONE_LOC","WORK_ZONE_TYPE","WORKERS_PRES","WZ_CLOSE_DETOUR","WZ_FLAGGER","WZ_LAW_OFFCR_IND","WZ_LN_CLOSURE","WZ_MOVING","WZ_OTHER","WZ_SHLDER_MDN","ROADWAY_CLEARED","WEATHER1","WEATHER2","WZ_WORKERS_INJ_KILLED","SECONDARY_CRASH","INTERSECTION_RELATED"
"1229","1","0","0","0","0","0","0","0","0","1","0","","36","08","2020","2020068829","4","40.1413","-76.5924","1226","08","0","0","1","0","0","0","1","0","","0","0","0","12","1","1","00","1","40 08:28.575","1","00","76 35:32.508","3","0","0","0","36237","0","0","0","N","0","0","0","2","36505","0","","1","01","N","N","1","","1","0","0","0","0","N","1224","1","2","0","0","0","0","0","1","0","2","N","","","","","","","","","","","1255","03","  ","","N","N"
"1813","2","0","0","0","0","0","0","0","0","1","0","","36","08","2020","2020068832","1","40.2165","-76.249","1805","08","0","0","0","1","0","1","0","0","","0","0","0","18","1","0","00","1","40 12:59.466","3","00","76 14:56.564","0","0","0","0","36204","0","0","0","N","0","0","0","4","36506","0","","1","09","N","N","0","","0","0","1","0","0","N","1803","0","3","0","0","0","0","0","1","0","3","N","","","","","","","","","","","1825","07","  ","","N","N"
"0547","1","0","0","0","0","0","0","0","0","5","0","","36","08","2020","2020068828","2","40.1553","-76.5711","0542","08","0","0","0","0","0","0","0","0","","0","0","0","05","2","0","00","1","40 09:19.002","4","00","76 34:16.038","0","0","0","0","36225","0","0","0","N","0","0","0","1","36505","0","","2","01","N","N","0","","0","0","1","0","0","N","0537","0","2","0","0","0","0","0","2","0","2","N","","","","","","","","","","","0705","05","  ","","N","N"
"0623","0","0","0","0","0","0","0","0","0","98","0","","36","08","2020","2020068995","6","39.994","-76.3147","0611","08","0","0","0","0","0","1","0","0","","0","0","0","06","5","1","03","2","39 59:38.370","5","00","76 18:52.990","3","0","0","1","36228","0","0","0","N","0","0","0","1","36228","0","","1","01","N","N","0","","1","0","0","0","0","N","0610","1","1","0","0","0","0","0","1","0","1","N","","","","","","","","","","","0643","03","  ","","N","N"
"1512","0","0","0","0","0","0","0","0","0","4","0","","36","08","2020","2020068830","7","40.1063","-76.3544","1509","08","0","0","0","0","0","0","0","0","","0","0","0","15","1","0","01","1","40 06:22.809","6","00","76 21:16.002","0","0","0","0","36406","0","0","0","N","0","0","0","2","36506","0","","1","01","N","N","0","","0","0","2","3","2","Y","1506","0","2","0","0","0","0","0","3","0","2","N","","","","","","","","","","","1550","03","  ","","N",""
"1749","1","0","0","0","0","0","0","0","0","7","0","","36","08","2020","2020068831","1","40.162","-76.236","1749","08","0","0","0","0","0","0","0","0","","0","0","0","17","1","0","03","2","40 09:43.198","5","00","76 14:09.518","0","0","0","0","36235","0","0","0","N","0","0","0","2","36506","0","","4","09","N","N","0","","0","0","0","0","0","N","1749","0","1","0","0","0","0","0","1","0","1","N","","","","","","","","","","","0030","07","04","","N",""
"1935","1","0","0","0","0","0","0","0","0","7","0","","36","08","2020","2020068908","1","40.2442","-76.1614","1915","08","0","0","0","0","1","0","0","0","","0","0","0","19","1","0","00","0","40 14:39.244","","00","76 09:41.126","0","0","0","0","36236","0","0","0","N","0","0","0","2","68T06","0","","4","08","N","N","0","","0","0","0","0","0","","1915","0","1","0","0","1","0","0","1","0","1","N","","","","","","","","","","","","07","07","","N","N"
"1707","1","0","0","0","0","0","0","0","0","1","1","","36","06","2020","2020068917","2","40.0002","-76.075","1643","08","0","0","0","0","0","0","0","0","","0","1","0","16","1","3","00","2","40 00:00.596","6","00","76 04:30.043","3","0","0","0","36226","0","0","0","N","0","0","0","3","68J01","0","","1","01","N","N","0","","3","0","0","0","0","Y","1642","3","2","0","0","0","0","0","1","0","2","N","","","","","","","","","","","0100","03","  ","","N","N"
"1958","1","0","0","0","0","0","0","0","0","2","0","","36","08","2020","2020068964","7","40.0089","-76.3047","1947","08","0","0","0","0","0","0","0","0","","0","0","0","19","4","0","00","1","40 00:32.020","3","00","76 18:16.770","0","0","0","0","36220","0","0","0","N","0","0","0","1","36101","0","","6","01","N","N","0","","0","0","1","0","0","N","1945","0","2","0","0","0","0","0","3","0","2","N","","","","","","","","","","","2040","03","  ","","N","N"
"1716","1","0","0","0","0","0","0","0","0","4","0","","36","08","2020","2020069272","2","40.1008","-76.096","1714","08","0","0","0","0","0","1","0","0","","0","0","0","17","1","0","01","1","40 06:03.031","6","00","76 05:45.673","0","0","0","0","36415","0","0","0","N","0","0","0","2","36415","0","","1","01","N","N","1","","0","0","0","3","2","Y","1714","0","2","0","0","0","0","0","1","0","2","N","","","","","","","","","","","0100","03","03","","N",""
"1122","1","0","0","0","0","0","0","0","0","4","0","","36","08","2020","2020069631","4","40.1514","-76.251","1115","08","0","0","0","0","0","1","0","0","","0","0","0","11","1","0","01","0","40 09:05.150","","00","76 15:03.746","0","0","0","0","36235","0","0","0","N","0","0","0","4","36506","0","","1","01","N","N","0","","0","0","1","3","2","","1113","0","2","0","0","0","0","0","1","0","2","N","","","","","","","","","","","","03","  ","","N",""
"1833","0","0","0","0","0","0","0","0","0","1","0","","36","07","2020","2020069269","6","40.0294","-76.2286","1830","08","0","0","0","0","0","0","0","0","","0","0","0","18","1","0","00","0","40 01:45.678","","00","76 13:42.833","0","0","0","0","36215","0","0","0","N","0","0","0","2","36215","0","","1","01","N","N","0","","0","0","2","0","0","","1829","0","2","0","0","0","0","0","1","0","2","N","","","","","","","","","","","","03","03","","N","N"
"0616","1","0","0","0","0","0","0","0","0","0","1","","36","08","2020","2020069270","2","40.0457","-76.2488","0616","08","0","0","0","0","0","0","1","0","","0","1","0","06","5","1","00","0","40 02:44.469","","00","76 14:55.581","8","0","0","0","36215","0","0","0","N","0","0","0","2","36215","0","","1","01","N","N","0","","0","0","0","0","0","","0606","1","2","0","0","0","1","1","1","0","2","N","","","","","","","","","","","","03","03","","N","N"
"0059","0","0","0","0","0","0","0","0","0","7","0","","36","08","2020","2020069271","1","40.0944","-76.099","0055","08","0","0","0","0","0","0","0","0","","0","0","0","00","3","1","00","2","40 05:39.780","5","00","76 05:56.530","2","0","1","1","36415","0","0","0","N","0","0","0","1","36415","0","","5","01","N","N","0","","0","1","0","0","0","Y","0055","1","1","0","0","0","0","0","1","0","1","N","","","","","","","","","","","0130","03","03","","N","N"
"1305","1","0","0","0","0","0","0","0","0","4","0","","36","08","2020","2020069268","1","40.0669","-76.3044","1301","08","0","0","0","0","0","0","0","0","","0","0","0","13","1","2","01","1","40 04:00.689","1","00","76 18:15.730","3","0","0","0","36101","0","0","0","N","0","0","0","2","36101","1","","1","01","N","N","0","","1","0","1","3","2","N","1300","2","2","0","0","0","0","0","3","0","2","N","","","","","","","","","","","1338","03","  ","","N",""
"1309","1","0","0","0","0","0","0","0","0","4","0","","36","08","2020","2020069273","2","40.1073","-76.0891","1305","08","0","0","0","0","0","0","1","0","","0","1","0","13","1","0","02","1","40 06:26.322","7","00","76 05:20.886","0","0","0","0","36415","0","0","0","N","0","0","0","2","36415","0","","1","01","N","N","0","","0","0","0","3","3","Y","1303","0","2","0","0","0","0","0","1","0","2","N","","","","","","","","","","","1335","03","03","","N",""
"1203","0","0","0","0","0","0","0","0","0","4","0","","36","08","2020","2020069274","7","40.1323","-76.26","1155","08","0","0","0","0","0","1","0","0","","0","0","0","11","1","1","00","1","40 07:56.212","5","00","76 15:36.110","3","0","0","0","36235","0","0","0","N","0","0","0","3","36506","0","","1","01","N","N","1","","1","0","1","0","0","Y","1154","1","2","0","0","0","0","0","1","0","2","N","","","","","","","","","","","1236","03","  ","","N","N"
"1546","0","0","0","0","0","0","0","0","0","4","0","","36","08","2020","2020069275","7","40.1473","-76.2831","1541","08","0","0","0","0","0","0","0","0","","0","0","0","15","1","0","00","0","40 08:50.300","","07","76 16:59.100","0","0","0","0","36235","0","0","0","N","0","0","0","4","36506","0","","1","01","N","N","0","","0","0","2","0","0","","1538","0","2","0","0","0","0","0","1","0","2","N","","","","","","","","","","","","03","  ","","N","N"
"0002","3","0","0","0","0","0","0","0","0","1","0","","36","08","2020","2020069289","1","40.0427","-76.3066","2359","08","0","0","0","0","0","0","0","0","","0","0","0","99","3","0","00","1","40 02:33.890","1","00","76 18:23.752","0","0","0","0","36301","0","0","0","N","0","0","0","1","36301","0","","6","01","N","N","0","","0","0","0","0","0","N","9999","0","3","0","0","0","0","0","3","0","3","N","","","","","","","","","","","0045","03","03","","N","N"
"0406","0","0","0","0","0","0","0","0","0","98","0","","36","08","2020","2020069313","4","40.2149","-76.2796","0351","08","0","0","0","0","0","0","0","0","","0","0","0","03","2","0","00","1","40 12:53.775","4","00","76 16:46.704","0","0","0","0","36217","0","0","0","N","0","0","0","1","68J01","0","","1","01","N","N","0","","0","0","1","0","0","N","0345","0","1","0","0","1","0","0","1","0","1","N","","","","","","","","","","","0456","03","03","","N","N"
"2143","0","0","0","0","0","0","0","0","0","7","0","","36","08","2020","2020069320","5","39.9321","-76.1592","2126","08","0","1","0","0","0","0","0","0","","0","0","0","21","2","0","00","0","39 55:55.700","","00","76 09:33.240","0","0","0","0","36216","0","0","0","N","0","0","0","2","68J01","0","","4","03","N","N","1","","0","0","0","0","0","","2121","0","1","0","0","0","0","0","1","0","1","N","","","","","","","","","","","","03","  ","","N","N"
"1939","0","0","0","0","0","0","0","0","0","4","0","","36","07","2020","2020069535","3","39.9693","-76.2726","1939","08","0","0","0","1","0","1","0","0","","0","0","0","19","4","1","03","0","39 58:09.558","","00","76 16:21.503","8","0","0","0","36228","0","0","0","Y","0","0","0","4","36228","0","","1","01","N","N","0","","0","0","2","9","2","","1939","1","2","0","0","0","1","0","1","0","2","N","","","","","","","","","","","","03","  ","","N","N"
"2057","1","0","0","0","0","0","0","0","0","7","0","","36","07","2020","2020069539","6","40.1971","-76.0266","2051","08","0","0","0","0","0","0","0","0","","0","0","0","20","2","0","00","0","40 11:49.693","","00","76 01:35.860","0","0","0","0","36202","0","0","0","N","0","0","0","1","68J01","0","","5","01","N","N","0","","0","0","0","0","0","","2050","0","1","0","0","0","0","0","1","0","1","N","","","","","","","","","","","","03","03","","N","N"
"0914","1","0","0","0","0","0","0","0","0","4","0","","36","08","2020","2020069549","7","39.9831","-76.1509","0855","08","0","0","0","0","0","1","0","0","","0","0","0","08","1","0","01","0","39 58:59.086","","00","76 09:03.347","0","0","0","0","36226","0","0","0","N","0","0","0","2","68J01","0","","1","01","N","N","0","","0","0","1","3","2","","0853","0","2","0","0","0","0","0","1","0","2","N","","","","","","","","","","","","04","04","","N","N"
"1432","1","0","0","0","0","0","0","0","0","1","0","","36","08","2020","2020069588","5","40.04","-76.2873","1408","08","0","0","0","0","0","1","0","0","","0","0","0","14","1","0","01","2","40 02:23.984","3","00","76 17:14.340","0","0","0","0","36301","0","0","0","N","0","0","0","3","36301","0","","1","01","N","N","0","","0","0","2","3","2","N","1406","0","3","0","0","0","0","0","3","0","3","N","","","","","","","","","","","1500","03","03","","Y","N"
"1031","2","0","0","0","0","0","0","0","0","1","0","","36","08","2020","2020069594","5","40.0099","-76.3534","1022","08","0","0","0","1","0","0","0","0","","0","0","0","10","1","0","00","0","40 00:35.500","","00","76 21:12.200","0","0","0","0","36412","0","0","0","N","0","0","0","1","36412","0","","6","01","N","N","0","","0","0","0","0","0","","1022","0","2","0","0","0","0","0","3","0","2","N","","","","","","","","","","","","03","  ","","N","Y"
"1152","1","0","0","0","0","0","0","0","0","1","0","","36","08","2020","2020069627","1","40.081","-76.2001","1134","08","0","0","0","0","0","0","0","0","","0","0","0","11","1","0","00","0","40 04:51.670","","00","76 12:00.470","0","0","0","0","36234","0","0","0","N","0","0","0","1","36215","0","","1","01","N","N","1","","0","0","0","0","0","","1129","0","2","0","0","0","0","0","1","0","2","N","","","","","","","","","","","","04","04","","N","N"
"0510","0","0","0","0","0","0","0","0","0","1","1","","36","08","2020","2020069628","2","40.0361","-76.1982","0506","08","0","0","0","1","0","0","0","0","","0","1","0","05","3","1","00","2","40 02:09.994","5","07","76 11:53.488","2","0","0","0","36215","0","0","0","N","0","0","0","2","36215","0","","1","01","N","N","0","","0","1","1","0","0","Y","0506","1","2","0","0","1","0","0","1","0","2","N","","","","","","","","","","","0630","03","03","","N","N"
"0647","1","0","0","0","0","0","0","0","0","4","1","","36","08","2020","2020069629","4","40.0311","-76.236","0645","08","0","0","0","0","0","1","0","0","","0","1","0","06","1","0","00","1","40 01:51.979","4","07","76 14:09.580","0","0","0","0","36215","0","0","0","N","0","0","0","2","36215","0","","1","01","N","N","0","","0","0","0","0","0","N","0644","0","2","0","0","0","0","0","1","0","2","N","","","","","","","","","","","0726","03","03","","N","N"
"2047","1","0","0","0","0","0","0","0","0","4","0","","36","08","2020","2020069632","4","40.1","-76.3541","2042","08","0","0","0","0","0","0","0","0","","0","0","0","20","3","0","01","1","40 06:00.025","4","00","76 21:14.898","0","0","0","0","36406","0","0","0","N","0","0","0","2","36506","0","","1","01","N","N","0","","0","0","1","3","2","Y","2042","0","2","0","0","0","0","0","3","0","2","N","","","","","","","","","","","2200","03","03","","N",""
"1530","1","0","0","0","0","0","0","0","0","1","0","","36","08","2020","2020069626","2","40.0651","-76.344","1527","08","0","0","1","0","0","1","1","0","","0","0","0","15","1","2","02","1","40 03:54.350","3","00","76 20:38.377","3","0","0","0","36101","0","0","0","N","0","0","0","4","36101","0","","1","01","N","N","0","","2","0","1","3","2","N","1525","2","3","0","0","0","0","0","3","1","3","N","","","","","","","","","","","1615","03","  ","","N",""
"1905","1","0","0","0","0","0","0","0","0","4","0","","36","08","2020","2020069753","4","40.0457","-76.3083","1841","08","0","0","0","0","0","1","0","0","","0","0","0","18","1","0","00","0","40 02:44.645","","00","76 18:30.059","0","0","0","0","36301","0","0","0","N","0","0","0","1","36301","0","","4","01","N","N","0","","0","0","1","0","0","","1818","0","2","0","0","0","0","0","3","0","2","N","","","","","","","","","","","","03","  ","","N","N"
"1023","2","0","0","0","0","0","0","0","0","1","0","","36","08","2020","2020069835","6","40.0356","-76.2998","1023","08","0","0","0","0","0","0","0","0","","0","0","0","10","1","0","00","0","40 02:08.276","","00","76 17:59.359","0","0","0","0","36301","0","0","0","N","0","0","0","1","36301","0","","1","01","N","N","1","","0","0","1","0","0","","1023","0","4","0","0","0","0","0","3","0","4","N","","","","","","","","","","","","03","03","","N","N"
"1616","0","0","0","0","0","0","0","0","0","5","1","","36","08","2020","2020069883","6","39.945","-76.2603","1607","08","0","0","0","0","0","1","0","0","","0","1","0","16","1","0","01","1","39 56:41.513","2","00","76 15:37.422","0","0","0","0","36228","0","0","0","Y","0","0","0","2","36228","0","","1","01","N","N","0","","0","0","1","3","8","Y","1607","0","2","0","0","0","0","0","1","0","2","N","","","","","","","","","","","1657","03","  ","","Y","N"
"1135","0","0","0","0","0","0","0","0","0","6","0","","36","08","2020","2020069884","3","40.2219","-76.1489","1127","08","0","0","0","0","0","0","1","0","","0","0","0","11","1","0","00","0","40 13:18.932","","00","76 08:56.135","0","0","0","0","36236","0","0","0","N","0","0","0","2","36408","0","","1","01","N","N","1","","0","0","1","0","0","","1113","0","2","0","0","0","0","0","1","0","2","N","","","","","","","","","","","","03","03","","Y","N"
"0744","1","0","0","0","0","0","0","0","0","7","0","","36","07","2020","2020069963","6","40.0692","-76.3167","0732","08","0","0","0","1","0","0","0","0","","0","0","0","05","3","0","00","0","40 04:09.277","","00","76 19:00.077","0","0","0","0","36301","0","0","0","Y","0","0","0","1","36101","0","","3","01","N","N","0","","0","0","0","0","0","","0547","0","1","0","0","0","0","0","3","0","1","N","","","","","","","","","","","","04","03","","N","N"
"1054","2","0","0","0","0","0","0","0","0","1","0","","36","08","2020","2020069964","5","40.0136","-76.3169","1054","08","0","0","0","0","0","0","0","0","","0","0","0","10","1","1","00","0","40 00:48.910","","00","76 19:00.700","3","0","0","0","36220","0","0","0","N","0","0","0","2","36101","0","","1","01","N","N","0","","1","0","0","0","0","","1029","1","2","0","0","0","0","0","3","0","2","N","","","","","","","","","","","","04","  ","","N","N"
"1617","0","0","0","0","0","0","0","0","0","4","0","","36","08","2020","2020069966","5","40.0936","-76.3506","1608","08","0","0","0","0","0","0","1","0","","0","0","0","16","1","0","10","0","40 05:36.817","","07","76 21:02.132","0","0","0","0","36406","0","0","0","N","0","0","0","1","36506","0","","5","01","N","N","1","","0","0","3","0","0","","1604","0","4","0","0","0","0","0","3","0","4","N","","","","","","","","","","","","03","03","","N",""
"0110","0","0","0","0","0","0","0","0","0","7","0","","36","08","2020","2020069965","1","40.0381","-76.3425","0103","08","0","0","0","0","0","0","0","0","","0","0","0","00","3","0","00","2","40 02:17.069","6","00","76 20:32.998","0","0","0","0","36220","0","0","0","N","0","0","0","1","36101","0","","4","01","N","N","1","","0","0","0","0","0","Y","0058","0","1","0","0","0","0","0","3","0","1","N","","","","","","","","","","","0204","04","  ","","N","N"
"1704","1","0","0","0","0","0","0","0","0","0","0","","36","08","2020","2020069967","3","40.1173","-76.2324","1643","08","0","0","0","0","0","0","0","0","","0","0","0","16","1","0","00","0","40 07:02.191","","00","76 13:56.483","0","0","0","0","36235","0","0","0","N","0","0","0","1","36506","0","","1","01","N","N","0","","0","0","0","0","0","","1609","0","1","0","0","0","0","0","1","0","1","N","","","","","","","","","","","","03","  ","","N","N"
"2033","0","0","0","0","0","0","0","0","0","7","0","","36","08","2020","2020069986","3","40.0632","-76.4989","2029","08","0","0","0","0","0","0","0","0","","0","0","0","20","2","2","00","2","40 03:47.623","5","00","76 29:56.140","4","0","0","0","36404","0","0","0","N","0","0","0","2","36404","1","","2","01","N","N","0","","0","0","1","0","0","Y","2029","2","1","0","0","0","1","0","3","0","1","N","","","","","","","","","","","2120","03","03","","N","N"
"2202","0","0","0","0","0","0","0","0","0","4","0","","36","08","2020","2020070054","6","40.0124","-76.2552","2158","08","0","0","0","0","0","0","0","0","","0","0","0","21","2","1","00","2","40 00:44.669","5","00","76 15:18.856","2","0","1","1","36240","0","0","0","N","0","0","0","3","36240","0","","1","01","N","N","0","","0","1","1","0","0","Y","2158","1","2","0","0","0","0","0","1","0","2","N","","","","","","","","","","","0135","04","  ","","N","N"
"1845","0","0","0","0","0","0","0","0","0","4","0","","36","08","2020","2020070084","2","40.0408","-76.5117","1833","08","0","0","0","0","0","0","0","0","","0","0","0","18","1","1","00","1","40 02:26.952","2","00","76 30:41.989","4","0","0","0","36239","0","0","0","N","0","0","0","3","36239","1","","1","01","N","N","1","","0","0","1","0","0","N","1827","1","2","0","0","0","0","0","3","0","2","N","","","","","","","","","","","1932","03","  ","","N","N"
"1707","1","0","0","0","0","0","0","0","0","4","0","","36","08","2020","2020070157","6","40.0379","-76.3187","1657","08","0","1","0","0","0","1","0","0","","0","0","0","16","1","1","00","1","40 02:16.262","3","00","76 19:07.263","3","0","0","0","36301","0","0","0","N","0","0","0","2","36301","0","","1","09","N","N","1","","1","0","0","0","0","N","1657","1","2","0","0","0","0","0","3","0","2","N","","","","","","","","","","","1730","03","03","","N","N"
"0908","1","0","0","0","0","0","0","0","0","4","0","","36","08","2020","2020070163","1","40.038","-76.3202","0905","08","0","0","0","0","0","1","0","0","","0","0","0","09","1","2","02","1","40 02:16.739","3","00","76 19:12.635","3","0","0","0","36301","0","0","0","N","0","0","0","2","36301","0","","1","01","N","N","0","","2","0","1","3","3","Y","0903","2","2","0","0","0","0","0","3","0","2","N","","","","","","","","","","","1002","04","  ","","N","N"
"0916","0","0","0","0","0","0","0","0","0","4","0","","36","08","2020","2020070216","1","40.1333","-76.0259","0910","08","0","0","0","0","0","0","1","0","","0","0","0","09","1","2","02","1","40 08:00.043","1","00","76 01:33.130","3","0","0","0","36213","0","0","0","N","0","0","0","6","36213","0","","1","01","N","N","1","","2","0","0","3","3","Y","0905","2","2","0","0","0","0","0","1","1","2","N","","","","","","","","","","","1000","03","03","","N",""
"1233","0","0","0","0","0","0","0","0","0","7","0","","36","08","2020","2020070228","3","40.2556","-76.1891","1224","08","0","0","0","0","0","0","0","0","","0","0","0","12","1","0","00","0","40 15:20.100","","00","76 11:20.800","0","0","0","0","36236","0","0","0","N","0","0","0","1","36408","0","","4","01","N","N","1","","0","0","0","0","0","","1224","0","1","0","0","0","0","0","1","0","1","N","","","","","","","","","","","","03","03","","N","N"
"1500","1","0","0","0","0","0","0","0","0","1","0","","36","08","2020","2020070251","6","40.0085","-76.3426","1451","08","0","0","0","1","0","1","0","0","","0","0","0","14","1","1","00","0","40 00:30.647","","00","76 20:33.469","3","0","0","0","36220","0","0","0","N","0","0","0","3","36101","0","","1","01","N","N","0","","1","0","2","3","2","","1451","1","3","0","0","0","0","0","3","0","3","N","","","","","","","","","","","","03","03","","N","Y"
"1816","1","0","0","0","0","0","0","0","0","7","0","","36","07","2020","2020070252","4","40.1461","-76.5594","1805","08","0","0","0","0","0","0","0","0","","0","0","0","18","1","0","00","0","40 08:45.803","","00","76 33:33.899","0","0","0","0","36225","0","0","0","N","0","0","0","1","36505","0","","3","09","N","N","0","","0","0","0","0","0","","1805","0","1","0","0","0","0","0","2","0","1","N","","","","","","","","","","","","07","  ","","N","N"
"1845","1","0","0","0","0","0","0","0","0","8","0","","36","07","2020","2020070253","6","40.1386","-76.5864","1842","08","0","0","0","0","0","0","0","0","","1","0","0","18","1","0","00","2","40 08:18.812","5","00","76 35:11.194","1","0","0","0","36225","1","1","0","N","1","1","0","3","36505","0","2","1","01","N","N","0","0","0","0","0","0","0","Y","1842","0","2","0","0","0","0","0","2","0","1","N","","","","","","","","","","","2220","03","03","","N","N"
"1628","1","0","0","0","0","0","0","0","0","2","0","","36","08","2020","2020070255","6","40.1413","-76.5925","1625","08","0","0","0","0","0","0","0","0","","0","0","0","16","1","1","02","0","40 08:28.737","","00","76 35:32.831","3","0","0","0","36237","0","0","0","N","0","0","0","2","36505","0","","1","01","N","N","0","","1","0","1","3","3","","1624","1","2","0","0","0","0","0","1","0","2","N","","","","","","","","","","","","03","03","","N",""
"1049","1","0","0","0","0","0","0","0","0","4","0","","36","08","2020","2020070254","6","40.1157","-76.5938","1047","08","0","0","0","0","0","1","0","0","","0","0","0","10","1","3","01","2","40 06:56.595","7","00","76 35:37.705","8","0","0","0","36237","0","0","0","N","0","0","0","4","36505","0","","1","01","N","N","0","","0","0","1","9","3","Y","1047","3","2","0","0","0","3","0","1","0","2","N","","","","","","","","","","","2000","03","03","","N",""
"1915","1","0","0","0","0","0","0","0","0","6","0","","36","08","2020","2020070257","5","40.1389","-76.5874","1905","08","0","0","0","0","0","0","0","0","","0","0","0","19","1","0","00","1","40 08:19.973","4","07","76 35:14.617","0","0","0","0","36225","0","0","0","N","0","0","0","3","36505","0","","1","01","N","N","0","","0","0","1","0","0","N","1905","0","2","0","0","0","0","0","2","0","2","N","","","","","","","","","","","2000","03","98","","N","N"
"2112","1","0","0","0","0","0","0","0","0","7","0","","36","08","2020","2020070256","7","40.1236","-76.5252","2108","08","0","0","0","1","0","0","0","0","","0","0","0","21","2","1","00","2","40 07:24.812","5","00","76 31:30.830","3","0","0","0","36225","0","0","0","N","0","0","0","1","36505","0","","4","01","N","N","0","","1","0","0","0","0","Y","2108","1","1","0","0","0","0","0","2","0","1","N","","","","","","","","","","","2220","03","03","","N","N"
"1850","2","0","0","0","0","0","0","0","0","4","0","","36","08","2020","2020070316","7","40.1116","-75.9953","1845","08","0","1","1","0","0","0","0","0","","0","0","0","18","4","0","00","0","40 06:41.894","","00","75 59:43.074","0","0","0","0","36213","0","0","0","N","0","0","0","2","36213","0","","1","01","N","N","0","","0","0","0","0","0","","1845","0","2","0","0","0","0","0","1","0","2","N","","","","","","","","","","","","03","  ","","N","N"
"2009","2","0","0","0","0","0","0","0","0","6","0","","36","08","2020","2020070349","3","40.0317","-76.3033","2007","08","0","0","0","0","0","0","0","0","","0","0","0","20","3","1","00","2","40 01:54.170","3","00","76 18:11.752","4","0","0","0","36301","0","0","0","N","0","0","0","1","36301","1","","6","01","N","N","0","","0","0","0","0","0","Y","2003","1","2","0","0","0","0","0","3","0","2","N","","","","","","","","","","","2052","03","  ","","N","N"
"1221","1","0","0","0","0","0","0","0","0","7","0","","36","08","2020","2020070353","5","40.0205","-76.3839","1216","08","0","0","0","0","0","0","1","0","","0","0","0","12","1","0","02","2","40 01:13.742","7","00","76 23:02.029","0","0","0","0","36223","0","0","0","N","0","0","0","1","36223","0","","4","01","N","N","0","","0","0","0","0","0","Y","1213","0","2","0","0","0","0","0","1","0","1","N","","","","","","","","","","","1256","03","03","","N",""
"1218","1","0","0","1","0","0","0","0","0","4","0","","36","08","2020","2020070381","2","40.0404","-76.2974","1213","08","0","1","0","0","0","0","0","0","","0","0","0","12","1","1","01","1","40 02:25.541","4","00","76 17:50.674","3","0","0","0","36301","1","0","0","N","0","0","0","2","36301","0","","1","01","N","N","0","","1","0","0","3","2","N","1213","1","2","0","0","0","0","0","3","0","1","N","","","","","","","","","","","1235","03","03","","N",""
"1420","1","0","0","0","0","0","0","0","0","1","0","","36","08","2020","2020070447","6","40.1211","-76.0405","1415","08","0","0","0","0","0","0","1","0","","0","0","0","14","1","1","00","2","40 07:16.012","4","00","76 02:25.748","3","0","0","0","36213","0","0","0","N","0","0","0","2","36213","0","","1","01","N","N","0","","1","0","1","0","0","N","1410","1","2","0","0","1","0","0","1","0","2","N","","","","","","","","","","","1422","04","04","","N","Y"