"ARRIVAL_TM","AUTOMOBILE_COUNT","BELTED_DEATH_COUNT","BELTED_SUSP_SERIOUS_INJ_COUNT","BICYCLE_COUNT","BICYCLE_DEATH_COUNT","BICYCLE_SUSP_SERIOUS_INJ_COUNT","BUS_COUNT","CHLDPAS_DEATH_COUNT","CHLDPAS_SUSP_SERIOUS_INJ_COUNT","COLLISION_TYPE","COMM_VEH_COUNT","CONS_ZONE_SPD_LIM","COUNTY","CRASH_MONTH","CRASH_YEAR","CRN","DAY_OF_WEEK","DEC_LAT","DEC_LONG","DISPATCH_TM","DISTRICT","DRIVER_COUNT_16YR","DRIVER_COUNT_17YR","DRIVER_COUNT_18YR","DRIVER_COUNT_19YR","DRIVER_COUNT_20YR","DRIVER_COUNT_50_64YR","DRIVER_COUNT_65_74YR","DRIVER_COUNT_75PLUS","EST_HRS_CLOSED","FATAL_COUNT","HEAVY_TRUCK_COUNT","HORSE_BUGGY_COUNT","HOUR_OF_DAY","ILLUMINATION","INJURY_COUNT","INTERSECT_TYPE","LANE_CLOSED","LATITUDE","LN_CLOSE_DIR","LOCATION_TYPE","LONGITUDE","MAX_SEVERITY_LEVEL","MCYCLE_DEATH_COUNT","MCYCLE_SUSP_SERIOUS_INJ_COUNT","MOTORCYCLE_COUNT","MUNICIPALITY","NONMOTR_COUNT","NONMOTR_DEATH_COUNT","NONMOTR_SUSP_SERIOUS_INJ_COUNT","NTFY_HIWY_MAINT","PED_COUNT","PED_DEATH_COUNT","PED_SUSP_SERIOUS_INJ_COUNT","PERSON_COUNT","POLICE_AGCY","POSSIBLE_INJ_COUNT","RDWY_SURF_TYPE_CD","RELATION_TO_ROAD","ROAD_CONDITION","SCH_BUS_IND","SCH_ZONE_IND","SMALL_TRUCK_COUNT","SPEC_JURIS_CD","SUSP_MINOR_INJ_COUNT","SUSP_SERIOUS_INJ_COUNT","SUV_COUNT","TCD_FUNC_CD","TCD_TYPE","TFC_DETOUR_IND","TIME_OF_DAY","TOT_INJ_COUNT","TOTAL_UNITS","UNB_DEATH_COUNT","UNB_SUSP_SERIOUS_INJ_COUNT","UNBELTED_OCC_COUNT","UNK_INJ_DEG_COUNT","UNK_INJ_PER_COUNT","URBAN_RURAL","VAN_COUNT","VEHICLE_COUNT","WORK_ZONE_IND","WORK_ZONE_LOC","WORK_ZONE_TYPE","WORKERS_PRES","WZ_CLOSE_DETOUR","WZ_FLAGGER","WZ_LAW_OFFCR_IND","WZ_LN_CLOSURE","WZ_MOVING","WZ_OTHER","WZ_SHLDER_MDN","ROADWAY_CLEARED","WEATHER1","WEATHER2","WZ_WORKERS_INJ_KILLED","SECONDARY_CRASH","INTERSECTION_RELATED"
"1629","0","0","0","0","0","0","0","0","0","4","0","","36","08","2020","2020070444","6","40.1761","-76.2249","1624","08","0","0","0","0","0","0","1","0","","0","0","0","16","1","0","01","1","40 10:34.041","3","00","76 13:29.758","0","0","0","0","36218","0","0","0","N","0","0","0","3","36408","0","","1","09","N","N","0","","0","0","2","3","3","N","1624","0","2","0","0","0","0","0","1","0","2","N","","","","","","","","","","","1657","07","07","","N",""
"1627","1","0","0","0","0","0","0","0","0","1","0","","36","08","2020","2020070481","7","40.1065","-76.2501","1620","08","0","0","0","0","0","0","0","0","","0","0","0","16","1","0","00","0","40 06:23.433","","00","76 15:00.304","0","0","0","0","36101","0","0","0","N","0","0","0","2","36101","0","","1","01","N","N","1","","0","0","0","0","0","","1615","0","2","0","0","0","0","0","3","0","2","N","","","","","","","","","","","","03","  ","","N","N"
"1640","0","0","0","0","0","0","0","0","0","7","0","","36","08","2020","2020070482","6","40.1164","-76.362","1625","08","0","0","0","0","0","0","0","0","","0","0","0","16","1","1","00","1","40 06:59.150","2","00","76 21:43.278","3","0","0","0","36214","0","0","0","N","0","0","0","1","36214","0","","5","09","N","N","1","","1","0","0","0","0","N","1621","1","1","0","0","0","0","0","3","0","1","N","","","","","","","","","","","1738","07","04","","N","N"
"1410","1","0","0","0","0","0","0","0","0","4","0","","36","08","2020","2020070499","2","40.2835","-76.1535","1407","08","0","0","0","0","0","0","0","0","","0","0","0","14","1","0","01","0","40 17:00.664","","00","76 09:12.685","0","0","0","0","36236","0","0","0","N","0","0","0","4","36408","0","","1","01","N","N","0","","0","0","1","3","3","","1407","0","2","0","0","0","0","0","1","0","2","N","","","","","","","","","","","","03","  ","","N","N"
"0552","0","0","0","0","0","0","0","0","0","7","0","","36","08","2020","2020070511","7","40.0017","-76.0874","0537","08","0","0","0","0","0","0","0","0","","0","0","0","05","5","1","00","2","40 00:06.266","3","00","76 05:14.615","4","0","0","0","36226","0","0","0","N","0","0","0","1","68J01","1","","4","01","N","N","0","","0","0","0","0","0","N","0531","1","1","0","0","0","0","0","1","1","1","N","","","","","","","","","","","0630","05","05","","N","N"
"1604","1","0","0","0","0","0","0","0","0","4","0","","36","08","2020","2020070513","4","39.9786","-76.2243","1552","08","1","0","0","0","0","0","0","1","","0","0","0","15","1","0","00","1","39 58:43.000","4","00","76 13:27.600","0","0","0","0","36233","0","0","0","N","0","0","0","2","68J01","0","","1","01","N","N","0","","0","0","1","0","0","N","1546","0","2","0","0","0","0","0","1","0","2","N","","","","","","","","","","","1650","03","  ","","N","N"
"1245","1","0","0","0","0","0","0","0","0","7","0","","36","08","2020","2020070523","2","40.2455","-76.1858","1245","08","0","0","0","0","0","0","0","0","","0","0","0","12","1","1","00","1","40 14:43.978","4","00","76 11:08.960","3","0","0","0","36236","0","0","0","N","0","0","0","3","68T06","0","","3","01","N","N","0","","1","0","0","0","0","N","1245","1","1","0","0","2","0","0","1","0","1","N","","","","","","","","","","","1325","03","  ","","N","N"
"1640","0","0","0","0","0","0","0","0","0","7","0","","36","08","2020","2020070529","5","40.214","-76.063","1628","08","0","0","0","0","0","0","0","0","","0","0","0","16","1","0","00","0","40 12:50.359","","00","76 03:46.928","0","0","0","0","36202","0","0","0","N","0","0","0","1","68T06","0","","2","01","N","N","0","","0","0","1","0","0","","1627","0","1","0","0","0","0","0","1","0","1","N","","","","","","","","","","","","03","  ","","N","N"
"0150","2","0","0","0","0","0","0","0","0","5","0","","36","08","2020","2020070557","1","40.0418","-76.3164","0146","08","0","0","0","0","0","0","0","0","","0","0","0","01","3","0","00","0","40 02:30.396","","00","76 18:59.004","0","0","0","0","36301","0","0","0","N","0","0","0","0","36301","0","","4","01","","","0","","0","0","0","0","0","","0140","0","3","0","0","0","0","0","3","0","3","N","","","","","","","","","","","","03","  ","","N","N"
"0112","1","0","0","0","0","0","0","0","0","7","0","","36","08","2020","2020070575","3","40.0457","-76.3092","0058","08","0","0","0","0","0","0","0","0","","0","0","0","00","3","0","01","0","40 02:44.405","","00","76 18:32.982","0","0","0","0","36301","0","0","0","N","0","0","0","1","36301","0","","4","01","","","0","","0","0","0","3","2","","0055","0","1","0","0","0","0","0","3","0","1","Y","","","","","","","","","","","","03","  ","","N","N"
"1344","0","0","0","0","0","0","0","0","0","0","0","","36","08","2020","2020070616","7","40.0608","-76.354","1331","08","0","0","0","0","0","0","0","0","","0","0","0","12","1","0","00","1","40 03:38.870","5","00","76 21:14.450","0","0","0","0","36214","0","0","0","N","0","0","0","2","36214","0","","1","01","N","N","0","","0","0","2","0","0","N","1255","0","2","0","0","0","0","0","3","0","2","N","","","","","","","","","","","1420","04","  ","","N","N"
"1607","2","0","0","0","0","0","0","0","0","4","0","","36","08","2020","2020070618","2","40.1027","-76.4328","1601","08","0","0","0","0","0","0","0","0","","0","0","0","15","1","0","01","0","40 06:09.698","","00","76 25:58.025","0","0","0","0","36239","0","0","0","N","0","0","0","4","36239","0","","1","01","N","N","0","","0","0","0","3","3","","1559","0","2","0","0","0","0","0","3","0","2","N","","","","","","","","","","","","03","03","","N",""
"0650","1","0","0","0","0","0","0","0","0","7","0","","36","08","2020","2020070617","2","40.032","-76.4729","0641","08","0","0","0","0","0","1","0","0","","0","0","0","06","1","1","00","2","40 01:55.156","6","00","76 28:22.411","8","0","0","0","36239","0","0","0","N","0","0","0","1","36239","0","","4","01","N","N","0","","0","0","0","0","0","Y","0641","1","1","0","0","0","1","0","3","0","1","N","","","","","","","","","","","1400","04","04","","N","N"
"1337","1","0","0","0","0","0","0","0","0","7","0","","36","08","2020","2020070619","7","40.0501","-76.4783","1329","08","0","0","0","0","0","0","0","0","","0","0","0","13","1","1","00","2","40 03:00.480","6","00","76 28:42.030","3","0","0","0","36239","0","0","0","N","0","0","0","1","36239","0","","5","09","N","N","0","","1","0","0","3","8","Y","1329","1","1","0","0","0","0","0","3","0","1","N","","","","","","","","","","","1410","03","03","","N","N"
"1805","3","0","0","0","0","0","0","0","0","1","0","","36","08","2020","2020070620","7","40.0525","-76.5175","1756","08","2","0","0","0","0","0","0","0","","0","0","0","17","1","1","00","2","40 03:09.045","5","00","76 31:03.109","4","0","0","0","36239","0","0","0","N","0","0","0","6","36239","1","","1","09","N","N","0","","0","0","0","0","0","Y","1756","1","3","0","0","0","0","0","3","0","3","N","","","","","","","","","","","1845","03","03","","N","N"
"1636","1","0","0","0","0","0","0","0","0","7","0","","36","08","2020","2020070631","1","39.945","-76.2603","1636","08","0","0","1","0","0","0","0","0","","0","0","0","16","1","0","01","0","39 56:41.513","","00","76 15:37.422","0","0","0","0","36228","0","0","0","N","0","0","0","1","36228","0","","2","01","N","N","0","","0","0","0","0","0","","1636","0","1","0","0","0","0","0","1","0","1","N","","","","","","","","","","","","03","  ","","N","N"
"1110","0","0","0","0","0","0","0","0","0","4","0","","36","08","2020","2020070643","7","40.0463","-76.3029","1107","08","0","0","0","0","0","0","0","0","","0","0","0","11","1","0","10","0","40 02:46.621","","00","76 18:10.343","0","0","0","0","36301","0","0","0","N","0","0","0","2","36301","0","","1","01","N","N","1","","0","0","1","3","2","","1107","0","2","0","0","0","0","0","3","0","2","N","","","","","","","","","","","","03","  ","","N","N"
"1704","0","0","0","0","0","0","0","0","0","1","0","","36","08","2020","2020070750","5","40.0004","-76.3553","1700","08","0","0","0","0","0","0","1","0","","0","0","0","17","1","0","00","0","40 00:01.380","","00","76 21:19.087","0","0","0","0","36412","0","0","0","N","0","0","0","2","36412","0","","1","01","N","N","1","","0","0","1","0","0","","1700","0","2","0","0","0","0","0","3","0","2","N","","","","","","","","","","","","03","  ","","N","N"
"1223","2","0","0","0","0","0","0","0","0","4","0","","36","06","2020","2020070751","1","40.0157","-76.3496","1220","08","0","0","0","0","0","0","0","0","","0","0","0","12","1","1","01","1","40 00:56.470","3","00","76 20:58.524","4","0","0","0","36412","0","0","0","N","0","0","0","2","36412","1","","1","01","N","N","0","","0","0","0","3","2","N","1220","1","2","0","0","0","0","0","3","0","2","N","","","","","","","","","","","1250","03","  ","","N","N"
"1644","1","0","0","0","0","0","0","0","0","7","0","","36","07","2020","2020070802","4","40.1067","-75.953","1625","08","0","0","0","0","0","0","0","0","","0","0","0","16","1","0","02","0","40 06:24.043","","00","75 57:10.783","0","0","0","0","36232","0","0","0","N","0","0","0","2","68J01","0","","4","01","N","N","0","","0","0","0","0","0","","1620","0","1","0","0","0","0","0","1","0","1","N","","","","","","","","","","","","03","  ","","N","N"
"0943","0","0","0","1","0","0","0","0","0","1","0","","36","07","2020","2020070803","1","39.9385","-76.2274","0939","08","0","0","0","0","0","0","0","0","","0","0","0","17","1","1","00","0","39 56:18.495","","00","76 13:38.540","4","0","0","0","36233","1","0","0","N","0","0","0","2","68J01","1","","1","01","N","N","0","","0","0","1","0","0","","1751","1","2","0","0","0","0","0","1","0","1","N","","","","","","","","","","","","03","  ","","N","N"
"1751","0","0","0","0","0","0","0","0","0","1","0","","36","07","2020","2020070804","6","39.8142","-76.1891","1739","08","0","0","0","0","0","0","0","0","","0","0","0","17","1","0","02","1","39 48:51.294","5","00","76 11:20.827","0","0","0","0","36208","0","0","0","N","0","0","0","4","68J01","0","","1","01","N","N","0","","0","0","1","0","0","N","1737","0","2","0","0","0","0","0","1","1","2","N","","","","","","","","","","","1800","03","03","","N",""
"1953","0","0","0","0","0","0","0","0","0","7","0","","36","07","2020","2020070805","6","39.915","-76.1706","1904","08","0","0","0","0","0","1","0","0","","0","0","0","18","1","0","00","0","39 54:53.936","","00","76 10:14.278","0","0","0","0","36216","0","0","0","N","0","0","0","1","68J01","0","","4","01","N","N","0","","0","0","0","0","0","","1835","0","1","0","0","0","0","0","1","1","1","N","","","","","","","","","","","","03","03","","N","N"
"1848","1","0","0","0","0","0","0","0","0","7","0","","36","08","2020","2020070811","1","40.0095","-76.1273","1838","08","0","0","0","0","0","0","0","0","","0","0","0","18","1","0","00","1","40 00:34.213","3","00","76 07:38.211","0","0","0","0","36226","0","0","0","N","0","0","0","1","68J01","0","","4","01","N","N","0","","0","0","0","0","0","N","1833","0","1","0","0","1","0","0","1","0","1","N","","","","","","","","","","","0030","03","03","","N","N"
"1821","2","0","0","0","0","0","0","0","0","4","0","","36","08","2020","2020070814","2","40.2124","-76.0573","1805","08","0","0","0","0","0","1","0","0","","0","0","0","18","1","3","01","1","40 12:44.566","1","00","76 03:26.169","4","0","0","0","36202","0","0","0","N","0","0","0","3","68J01","2","","1","01","N","N","0","","0","0","0","0","0","Y","1803","3","2","0","0","0","1","0","1","0","2","N","","","","","","","","","","","1910","03","  ","","N","N"
"1118","1","0","0","0","0","0","0","0","0","1","0","","36","08","2020","2020070825","6","40.2208","-76.0631","1103","08","0","0","0","0","0","0","1","0","","0","0","0","11","1","2","02","1","40 13:14.794","5","00","76 03:47.313","3","0","0","0","36202","0","0","0","N","0","0","0","4","68J01","0","","1","01","N","N","1","","2","0","0","0","0","N","1102","2","2","0","0","0","0","0","1","0","2","N","","","","","","","","","","","1149","03","  ","","N","N"
"2327","0","0","0","0","0","0","0","0","0","7","0","","36","08","2020","2020070832","7","39.9842","-76.0751","2314","08","0","1","0","0","0","0","0","0","","0","0","0","23","3","0","00","2","39 59:03.124","6","00","76 04:30.312","0","0","0","0","36226","0","0","0","N","0","0","0","2","68J01","0","","4","01","N","N","0","","0","0","1","0","0","Y","2307","0","1","0","0","0","0","0","1","0","1","N","","","","","","","","","","","2355","03","03","","N","N"
"1851","0","0","0","0","0","0","0","0","0","7","0","","36","08","2020","2020070836","1","40.1115","-75.9772","1827","08","0","0","0","0","0","0","0","0","","0","0","0","18","1","0","00","1","40 06:41.448","6","00","75 58:37.946","0","0","0","0","36203","0","0","0","N","0","0","0","1","68J01","0","","5","09","N","N","1","","0","0","0","0","0","N","1824","0","1","0","0","0","0","0","1","0","1","N","","","","","","","","","","","1920","07","  ","","N","N"
"1649","1","0","0","0","0","0","0","0","0","1","0","","36","08","2020","2020070852","4","40.1317","-75.9763","1622","08","0","1","0","0","0","0","0","0","","0","0","0","15","1","0","00","1","40 07:54.198","3","00","75 58:34.568","0","0","0","0","36203","0","0","0","Y","0","0","0","2","68J01","0","","1","01","N","N","0","","0","0","1","0","0","N","1554","0","2","0","0","0","0","0","1","0","2","N","","","","","","","","","","","1626","03","  ","","N","N"
"2102","0","0","0","0","0","0","0","0","0","7","0","","36","08","2020","2020070886","1","40.0385","-76.1063","2101","08","0","0","0","0","0","0","0","0","","0","0","0","20","3","0","00","1","40 02:18.657","3","00","76 06:22.688","0","0","0","0","36221","0","0","0","N","0","0","0","1","68J01","0","","4","01","N","N","0","","0","0","1","0","0","N","2058","0","1","0","0","0","0","0","1","0","1","N","","","","","","","","","","","2147","03","  ","","N","N"
"2219","1","0","0","0","0","0","0","0","0","7","0","","36","08","2020","2020070927","2","40.1858","-76.1514","2216","08","0","0","0","0","0","0","0","0","","0","0","0","22","2","0","00","0","40 11:08.908","","00","76 09:05.152","0","0","0","0","36218","0","0","0","N","0","0","0","1","36408","0","","2","09","N","N","0","","0","0","0","0","0","N","2216","0","1","0","0","0","0","0","1","0","1","N","","","","","","","","","","","","07","  ","","N","N"
"1536","1","0","0","0","0","0","0","0","0","4","0","","36","08","2020","2020070988","4","40.0387","-76.3129","1527","08","0","0","0","0","0","0","0","0","","0","0","0","15","1","1","00","0","40 02:19.464","","00","76 18:46.571","3","0","0","0","36301","0","0","0","N","0","0","0","1","36301","0","","6","01","N","N","1","","1","0","0","0","0","N","1525","1","2","0","0","0","0","0","3","0","2","N","","","","","","","","","","","","03","  ","","N","N"
"2016","2","0","0","0","0","0","0","0","0","5","0","","36","08","2020","2020071332","2","40.0418","-76.3158","2010","08","0","0","0","0","0","0","1","0","","0","0","0","20","3","0","00","1","40 02:30.500","4","00","76 18:56.900","0","0","0","0","36301","0","0","0","N","0","0","0","1","36301","0","","2","09","N","N","0","","0","0","1","0","0","Y","2009","0","3","0","0","0","0","0","3","0","3","N","","","","","","","","","","","2106","03","03","","N","N"
"2125","0","0","0","0","0","0","0","0","0","8","0","","36","07","2020","2020071049","5","40.0399","-76.2854","2115","08","0","0","0","0","0","1","0","0","","0","0","0","21","3","1","00","2","40 02:23.708","6","00","76 17:07.444","2","0","0","0","36220","1","0","1","N","1","0","1","2","36101","0","","1","01","N","N","0","","0","1","1","0","0","Y","2115","1","2","0","0","0","0","0","3","0","1","N","","","","","","","","","","","2300","04","  ","","N","N"
"2046","1","0","0","0","0","0","0","0","0","7","0","","36","08","2020","2020071050","7","40.0739","-76.3122","2045","08","0","0","0","0","0","0","0","0","","0","0","0","20","2","0","00","0","40 04:25.930","","00","76 18:43.890","0","0","0","0","36101","0","0","0","N","0","0","0","2","36101","0","","5","09","N","N","0","","0","0","0","0","0","","2035","0","1","0","0","0","0","0","3","0","1","N","","","","","","","","","","","","07","  ","","N","N"
"2102","0","0","0","0","0","0","0","0","0","0","0","","36","08","2020","2020071051","3","40.0373","-76.4082","2058","08","0","0","0","0","0","0","0","0","","0","0","0","20","2","0","01","2","40 02:14.320","4","00","76 24:29.684","0","0","0","0","36214","0","0","0","N","0","0","0","1","36214","0","","1","01","N","N","0","","0","0","1","0","0","Y","2056","0","1","0","0","0","0","0","3","0","1","N","","","","","","","","","","","2200","03","03","","N",""
"1158","2","0","0","0","0","0","0","0","0","6","0","","36","09","2020","2020071093","3","40.0079","-76.2979","1149","08","0","0","0","0","0","1","0","0","","0","0","0","11","1","0","02","0","40 00:28.560","","00","76 17:52.482","0","0","0","0","36240","0","0","0","Y","0","0","0","2","36240","0","","1","09","N","N","0","","0","0","0","3","3","","1149","0","2","0","0","0","0","0","1","0","2","N","","","","","","","","","","","","07","04","","N",""
"1640","2","0","0","0","0","0","0","0","0","1","0","","36","08","2020","2020071183","2","40.0381","-76.3044","1634","08","0","0","0","0","0","0","0","0","","0","0","0","16","1","1","00","0","40 02:17.185","","00","76 18:15.707","3","0","0","0","36301","0","0","0","N","0","0","0","4","36301","0","","1","09","N","N","0","","1","0","0","3","2","","1634","1","2","0","0","0","0","0","3","0","2","N","","","","","","","","","","","","07","  ","","N","N"
"2305","3","0","0","0","0","0","0","0","0","4","0","","36","08","2020","2020071346","4","40.0295","-76.3121","2302","08","0","0","0","0","0","0","0","0","","0","0","0","23","3","0","00","2","40 01:46.237","1","00","76 18:43.441","0","0","0","0","36301","0","0","0","N","0","0","0","0","36301","0","","4","01","N","N","0","","0","0","0","0","0","Y","2300","0","3","0","0","0","0","0","3","0","3","N","","","","","","","","","","","2357","03","  ","","N","N"
"2007","0","0","0","0","0","0","0","0","0","4","0","","36","08","2020","2020071369","1","40.009","-76.4293","2002","08","0","0","0","1","0","0","1","0","","0","0","0","20","2","2","01","2","40 00:32.544","7","00","76 25:45.623","3","0","0","0","36223","0","0","0","N","0","0","0","4","36223","1","","1","09","N","N","1","","1","0","1","3","3","Y","2000","2","2","0","0","0","0","0","1","0","2","N","","","","","","","","","","","2106","04","  ","","N",""
"1919","2","0","0","0","0","0","0","0","0","4","0","","36","08","2020","2020071370","5","40.009","-76.4293","1914","08","0","0","0","0","0","0","0","0","","0","0","0","19","4","0","01","2","40 00:32.544","7","00","76 25:45.623","0","0","0","0","36223","0","0","0","N","0","0","0","5","36223","0","","1","01","N","N","0","","0","0","0","2","3","Y","1912","0","2","0","0","0","0","0","1","0","2","N","","","","","","","","","","","2005","03","04","","N",""
"1755","1","0","0","0","0","0","0","0","0","7","0","","36","08","2020","2020071371","2","40.1392","-76.3048","1755","08","0","0","1","0","0","0","0","0","","0","0","0","17","1","0","00","1","40 08:21.100","2","00","76 18:17.160","0","0","0","0","36235","0","0","0","N","0","0","0","1","36409","0","","2","09","N","N","0","","0","0","0","0","0","N","1755","0","1","0","0","0","0","0","1","0","1","N","","","","","","","","","","","1823","07","  ","","N","N"
"0447","0","0","0","0","0","0","0","0","0","7","0","","36","08","2020","2020071381","7","40.1386","-76.159","0437","08","0","1","0","0","0","0","0","0","","0","0","0","04","2","0","00","0","40 08:19.100","","00","76 09:32.400","0","0","0","0","36238","0","0","0","N","0","0","0","1","36238","0","","4","01","N","N","0","","0","0","1","0","0","","0437","0","1","0","0","0","0","0","3","0","1","N","","","","","","","","","","","","03","  ","","N","N"
"1436","1","0","0","0","0","0","0","0","0","4","0","","36","08","2020","2020071387","1","40.0318","-76.3195","1435","08","0","0","0","0","0","0","1","0","","0","0","0","14","1","1","01","1","40 01:54.344","1","00","76 19:10.078","8","0","0","1","36301","0","0","0","N","0","0","0","2","36301","0","","1","01","N","N","0","","0","0","0","0","0","Y","1434","1","2","0","0","0","1","0","3","0","2","N","","","","","","","","","","","1545","03","03","","N",""
"0640","0","0","0","0","0","0","0","0","0","7","0","","36","08","2020","2020071405","1","40.1235","-76.23","0633","08","0","0","0","0","0","1","0","0","","0","0","0","06","1","1","00","0","40 07:24.667","","00","76 13:47.882","3","0","0","0","36235","0","0","0","N","0","0","0","1","36238","0","","5","01","N","N","0","","1","0","1","0","0","","0633","1","1","0","0","0","0","0","1","0","1","N","","","","","","","","","","","","03","  ","","N","N"
"2215","1","0","0","0","0","0","0","0","0","5","0","","36","08","2020","2020071575","5","40.1484","-76.2957","2211","08","0","0","0","0","0","0","0","0","","0","0","0","22","3","0","00","1","40 08:54.220","2","00","76 17:44.560","9","0","0","0","36409","0","0","0","N","0","0","0","1","36409","0","","6","01","N","N","0","","0","0","1","0","0","N","2209","0","2","0","0","0","0","1","3","0","2","N","","","","","","","","","","","2245","03","  ","","N","N"
"2030","2","0","0","0","0","0","0","0","0","4","0","","36","08","2020","2020071417","6","40.0379","-76.5042","2030","08","0","0","0","0","0","1","0","0","","0","0","0","20","3","3","01","2","40 02:16.558","7","00","76 30:14.950","4","0","0","0","36404","0","0","0","N","0","0","0","3","36404","3","","1","01","N","N","0","","0","0","0","3","3","Y","2030","3","2","0","0","0","0","0","3","0","2","N","","","","","","","","","","","2129","03","03","","N",""
"1731","1","0","0","0","0","0","0","0","0","1","0","","36","08","2020","2020071758","6","40.0389","-76.5105","9999","08","0","0","0","0","0","1","0","0","","0","0","0","17","1","0","01","0","40 02:20.202","","00","76 30:37.819","0","0","0","0","36239","0","0","0","N","0","0","0","3","36404","0","","1","09","N","N","0","","0","0","0","3","2","N","1731","0","2","0","0","0","0","0","3","1","2","N","","","","","","","","","","","","07","  ","","N",""
"1430","2","0","0","0","0","0","0","0","0","5","0","","36","08","2020","2020071520","7","40.0423","-76.2466","1412","08","1","0","0","0","0","0","0","0","","0","0","0","14","1","0","00","0","40 02:32.225","","02","76 14:47.781","0","0","0","0","36215","0","0","0","N","0","0","0","5","36215","0","","1","09","N","N","1","","0","0","0","3","8","","1412","0","3","0","0","0","0","0","1","0","3","N","","","","","","","","","","","","03","  ","","N","N"
"0413","0","0","0","0","0","0","0","0","0","7","0","","36","08","2020","2020071574","6","40.0994","-76.4492","0411","08","0","0","0","0","0","0","0","0","","0","0","0","04","2","0","00","2","40 05:57.960","5","00","76 26:57.280","0","0","0","0","36239","0","0","0","N","0","0","0","1","36239","0","","4","09","N","N","0","","0","0","1","0","0","N","0400","0","1","0","0","0","0","0","3","0","1","N","","","","","","","","","","","0432","04","03","","N","N"
"2310","2","0","0","0","0","0","0","0","0","7","0","","36","08","2020","2020071576","4","40.1563","-76.2976","2307","08","0","0","0","0","0","1","0","0","","0","0","0","23","3","0","00","0","40 09:22.500","","07","76 17:51.230","0","0","0","0","36409","0","0","0","N","0","0","0","2","36409","0","","5","01","N","N","1","","0","0","0","0","0","","2304","0","3","0","0","0","0","0","3","0","3","N","","","","","","","","","","","","03","  ","","N","N"
"1524","1","0","0","0","0","0","0","0","0","7","0","","36","08","2020","2020071578","2","40.1248","-76.3887","1516","08","0","0","0","0","0","0","0","0","","0","0","0","15","1","1","00","1","40 07:29.180","1","00","76 23:19.320","8","0","0","0","36227","0","0","0","N","0","0","0","1","36506","0","","5","01","N","N","0","","0","0","0","0","0","N","1512","1","1","0","0","0","1","0","1","0","1","N","","","","","","","","","","","1539","04","  ","","N","N"
"1706","0","0","0","0","0","0","0","0","0","4","0","","36","08","2020","2020071577","6","40.1315","-76.3059","1656","08","0","1","0","0","0","0","0","0","","0","0","0","16","1","0","01","0","40 07:53.300","","00","76 18:21.200","0","0","0","0","36235","0","0","0","N","0","0","0","2","36506","0","","1","09","N","N","0","","0","0","2","3","3","","1655","0","2","0","0","0","0","0","1","0","2","N","","","","","","","","","","","","07","07","","N",""
"0853","0","0","0","0","0","0","0","0","0","1","0","","36","09","2020","2020071579","3","40.1579","-76.2334","0853","08","0","0","0","0","0","1","0","0","","0","0","0","08","1","0","01","0","40 09:28.368","","00","76 14:00.301","0","0","0","0","36235","0","0","0","N","0","0","0","2","36506","0","","1","01","N","N","1","","0","0","1","3","3","","0853","0","2","0","0","0","0","0","1","0","2","N","","","","","","","","","","","","03","  ","","N",""
"2159","1","0","0","0","0","0","0","0","0","5","1","","36","09","2020","2020071762","4","40.0166","-76.3015","2149","08","0","0","0","0","0","0","0","0","","0","1","0","21","3","1","00","2","40 00:59.806","2","00","76 18:05.454","8","0","0","0","36240","0","0","0","N","0","0","0","2","36240","0","","1","09","N","N","0","","0","0","0","0","0","N","2148","1","2","0","0","0","1","0","1","0","2","N","","","","","","","","","","","2224","03","03","","N","N"
"1138","2","0","0","0","0","0","0","0","0","1","0","","36","09","2020","2020071796","4","40.0939","-76.2846","1130","08","0","0","0","1","0","0","0","0","","0","0","0","11","1","0","00","0","40 05:38.186","","00","76 17:04.527","0","0","0","0","36101","0","0","0","N","0","0","0","2","36101","0","","1","01","N","N","0","","0","0","0","0","0","","1129","0","2","0","0","0","0","0","3","0","2","N","","","","","","","","","","","","04","  ","","N","Y"
"1350","1","0","0","0","0","0","0","0","0","7","0","","36","09","2020","2020071797","3","40.0363","-76.4554","1347","08","0","0","0","0","1","0","0","0","","0","0","0","13","1","0","09","2","40 02:10.903","6","03","76 27:18.690","0","0","0","0","36239","0","0","0","N","0","0","0","2","36239","0","","5","09","N","N","0","","0","0","0","9","9","N","1347","0","1","0","0","0","0","0","3","0","1","N","","","","","","","","","","","1430","07","  ","","N",""
"1149","0","0","0","0","0","0","0","0","0","7","0","","36","09","2020","2020071798","4","40.0291","-76.4551","1138","08","0","0","0","1","0","0","0","0","","0","0","0","11","1","0","00","1","40 01:44.750","5","00","76 27:18.450","0","0","0","0","36239","0","0","0","N","0","0","0","1","36239","0","","5","09","N","N","1","","0","0","0","0","0","N","1108","0","1","0","0","0","0","0","3","0","1","N","","","","","","","","","","","1221","03","03","","N","N"
"1907","0","0","0","0","0","0","0","0","0","2","0","","36","09","2020","2020071799","4","40.0591","-76.4629","1848","08","0","0","0","0","0","0","0","0","","0","0","0","18","1","0","03","0","40 03:32.814","","00","76 27:46.398","0","0","0","0","36239","0","0","0","N","0","0","0","2","36239","0","","1","09","N","N","1","","0","0","0","0","0","","1846","0","2","0","0","0","0","0","3","1","2","N","","","","","","","","","","","","04","  ","","N",""