"ARRIVAL_TM","AUTOMOBILE_COUNT","BELTED_DEATH_COUNT","BELTED_SUSP_SERIOUS_INJ_COUNT","BICYCLE_COUNT","BICYCLE_DEATH_COUNT","BICYCLE_SUSP_SERIOUS_INJ_COUNT","BUS_COUNT","CHLDPAS_DEATH_COUNT","CHLDPAS_SUSP_SERIOUS_INJ_COUNT","COLLISION_TYPE","COMM_VEH_COUNT","CONS_ZONE_SPD_LIM","COUNTY","CRASH_MONTH","CRASH_YEAR","CRN","DAY_OF_WEEK","DEC_LAT","DEC_LONG","DISPATCH_TM","DISTRICT","DRIVER_COUNT_16YR","DRIVER_COUNT_17YR","DRIVER_COUNT_18YR","DRIVER_COUNT_19YR","DRIVER_COUNT_20YR","DRIVER_COUNT_50_64YR","DRIVER_COUNT_65_74YR","DRIVER_COUNT_75PLUS","EST_HRS_CLOSED","FATAL_COUNT","HEAVY_TRUCK_COUNT","HORSE_BUGGY_COUNT","HOUR_OF_DAY","ILLUMINATION","INJURY_COUNT","INTERSECT_TYPE","LANE_CLOSED","LATITUDE","LN_CLOSE_DIR","LOCATION_TYPE","LONGITUDE","MAX_SEVERITY_LEVEL","MCYCLE_DEATH_COUNT","MCYCLE_SUSP_SERIOUS_INJ_COUNT","MOTORCYCLE_COUNT","MUNICIPALITY","NONMOTR_COUNT","NONMOTR_DEATH_COUNT","NONMOTR_SUSP_SERIOUS_INJ_COUNT","NTFY_HIWY_MAINT","PED_COUNT","PED_DEATH_COUNT","PED_SUSP_SERIOUS_INJ_COUNT","PERSON_COUNT","POLICE_AGCY","POSSIBLE_INJ_COUNT","RDWY_SURF_TYPE_CD","RELATION_TO_ROAD","ROAD_CONDITION","SCH_BUS_IND","SCH_ZONE_IND","SMALL_TRUCK_COUNT","SPEC_JURIS_CD","SUSP_MINOR_INJ_COUNT","SUSP_SERIOUS_INJ_COUNT","SUV_COUNT","TCD_FUNC_CD","TCD_TYPE","TFC_DETOUR_IND","TIME_OF_DAY","TOT_INJ_COUNT","TOTAL_UNITS","UNB_DEATH_COUNT","UNB_SUSP_SERIOUS_INJ_COUNT","UNBELTED_OCC_COUNT","UNK_INJ_DEG_COUNT","UNK_INJ_PER_COUNT","URBAN_RURAL","VAN_COUNT","VEHICLE_COUNT","WORK_ZONE_IND","WORK_ZONE_LOC","WORK_ZONE_TYPE","WORKERS_PRES","WZ_CLOSE_DETOUR","WZ_FLAGGER","WZ_LAW_OFFCR_IND","WZ_LN_CLOSURE","WZ_MOVING","WZ_OTHER","WZ_SHLDER_MDN","ROADWAY_CLEARED","WEATHER1","WEATHER2","WZ_WORKERS_INJ_KILLED","SECONDARY_CRASH","INTERSECTION_RELATED"
"1736","0","0","0","0","0","0","0","0","0","0","0","","36","08","2020","2020071992","4","40.0489","-76.2529","1730","08","0","0","0","0","0","0","0","0","","0","0","0","17","1","1","00","1","40 02:55.929","4","00","76 15:10.383","2","0","1","1","36215","0","0","0","N","0","0","0","1","36215","0","","1","01","N","N","0","","0","1","0","0","0","N","1729","1","1","0","0","0","0","0","1","0","1","N","","","","","","","","","","","1802","03","  ","","N","N"
"1920","1","0","0","0","0","0","0","0","0","4","0","","36","08","2020","2020072002","2","40.1117","-76.4517","1905","08","0","0","1","0","0","0","0","0","","0","0","0","19","1","0","01","0","40 06:42.025","","00","76 27:06.017","0","0","0","0","36230","0","0","0","N","0","0","0","2","36410","0","","1","01","N","N","0","","0","0","1","3","2","","1900","0","2","0","0","1","0","0","1","0","2","N","","","","","","","","","","","","03","  ","","N",""
"1248","0","0","0","0","0","0","0","0","0","5","0","","36","07","2020","2020071874","4","40.1092","-76.4966","1243","08","0","0","0","0","0","1","0","0","","0","0","0","12","1","0","00","0","40 06:32.974","","00","76 29:47.849","0","0","0","0","36413","0","0","0","N","0","0","0","2","36413","0","","1","01","N","N","0","","0","0","2","0","0","","1243","0","2","0","0","0","0","0","2","0","2","N","","","","","","","","","","","","03","  ","","N","N"
"1720","1","0","0","0","0","0","0","0","0","7","0","","36","08","2020","2020071998","1","40.0396","-76.2102","1716","08","0","0","0","0","0","0","0","0","","0","0","0","17","1","0","02","0","40 02:22.415","","00","76 12:36.898","0","0","0","0","36215","0","0","0","N","0","0","0","2","36215","0","","4","01","N","N","0","","0","0","0","3","2","","1713","0","2","0","0","0","0","0","1","0","1","N","","","","","","","","","","","","03","03","","N",""
"1908","1","0","0","0","0","0","0","0","0","7","0","","36","09","2020","2020072262","4","40.107","-76.2492","1856","08","0","0","0","0","0","0","0","0","","0","0","0","18","4","0","00","0","40 06:25.361","","03","76 14:57.083","0","0","0","0","36101","0","0","0","N","0","0","0","3","36101","0","","1","01","N","N","1","","0","0","1","0","0","","1840","0","3","0","0","0","0","0","3","0","3","N","","","","","","","","","","","","03","03","","N","N"
"0821","2","0","0","0","0","0","0","0","0","4","0","","36","08","2020","2020071949","7","40.1855","-76.1526","0817","08","0","0","0","0","1","0","0","0","","0","0","0","08","1","0","00","2","40 11:07.953","6","00","76 09:09.347","0","0","0","0","36218","0","0","0","N","0","0","0","2","36408","0","","1","01","N","N","1","","0","0","0","0","0","N","0815","0","3","0","0","0","0","0","1","0","3","N","","","","","","","","","","","0913","03","03","","N","N"
"1336","1","0","0","0","0","0","0","0","0","1","0","","36","09","2020","2020071989","4","40.0743","-76.3362","1327","08","0","0","0","0","0","0","0","0","","0","0","0","13","1","1","00","0","40 04:27.301","","00","76 20:10.209","3","0","0","0","36101","0","0","0","N","0","0","0","2","36101","0","","1","01","N","N","0","","1","0","1","3","2","","1321","1","2","0","0","0","0","0","3","0","2","N","","","","","","","","","","","","03","03","","N","N"
"1512","1","0","0","0","0","0","0","0","0","1","0","","36","07","2020","2020071990","1","40.0163","-76.1904","1507","08","0","0","0","0","0","0","0","0","","0","0","2","15","1","5","00","2","40 00:58.617","5","00","76 11:25.500","2","0","0","0","36215","5","0","3","N","0","0","0","6","36215","0","","2","01","N","N","0","","2","3","0","0","0","Y","1504","5","3","0","0","0","0","0","1","0","1","N","","","","","","","","","","","1600","03","  ","","N","N"
"1502","0","0","0","0","0","0","0","0","0","1","0","","36","08","2020","2020071993","3","40.088","-76.1952","1457","08","0","0","0","0","0","0","1","0","","0","0","0","14","1","0","00","2","40 05:16.703","3","00","76 11:42.578","0","0","0","0","36234","0","0","0","N","0","0","0","2","36215","0","","1","01","N","N","2","","0","0","0","0","0","N","1452","0","2","0","0","0","0","0","1","0","2","N","","","","","","","","","","","1550","03","  ","","N","N"
"1631","0","0","0","0","0","0","0","0","0","1","0","","36","08","2020","2020071991","2","40.0224","-76.1929","1627","08","0","0","0","0","0","1","0","0","","0","0","0","16","1","1","01","2","40 01:20.631","3","00","76 11:34.338","2","0","1","1","36215","0","0","0","N","0","0","0","3","36215","0","","1","01","N","N","0","","0","1","0","3","2","N","1626","1","2","0","0","0","0","0","1","1","2","N","","","","","","","","","","","1730","03","  ","","N",""
"0753","3","0","0","0","0","0","0","0","0","1","0","","36","08","2020","2020071994","4","40.0166","-76.1635","0746","08","0","0","0","0","0","2","0","0","","0","0","0","07","1","0","00","1","40 00:59.923","4","00","76 09:48.472","0","0","0","0","36215","0","0","0","N","0","0","0","3","36215","0","","1","01","N","N","0","","0","0","0","3","2","N","0745","0","3","0","0","0","0","0","1","0","3","N","","","","","","","","","","","0845","03","03","","N","Y"
"1728","2","0","0","0","0","0","0","0","0","1","0","","36","08","2020","2020071995","5","40.0542","-76.214","1720","08","0","0","0","0","0","1","0","0","","0","0","0","17","1","0","00","1","40 03:15.046","1","00","76 12:50.558","0","0","0","0","36215","0","0","0","N","0","0","0","5","36215","0","","1","01","N","N","0","","0","0","1","0","0","N","1717","0","3","0","0","2","0","0","1","0","3","N","","","","","","","","","","","1758","03","03","","N","N"
"1737","0","0","0","0","0","0","0","0","0","4","0","","36","08","2020","2020071997","5","40.0253","-76.2073","1729","08","0","0","0","0","0","1","0","0","","0","0","0","17","1","1","00","1","40 01:31.168","4","00","76 12:26.319","3","0","0","0","36215","0","0","0","N","0","0","0","2","36215","0","","1","01","N","N","0","","1","0","2","0","0","N","1724","1","2","0","0","0","0","0","1","0","2","N","","","","","","","","","","","1809","03","03","","N","N"
"2039","1","0","0","0","0","0","0","0","0","4","0","","36","08","2020","2020071999","6","40.1599","-76.391","2036","08","0","0","0","0","1","0","0","0","","0","0","0","20","3","0","01","0","40 09:35.787","","00","76 23:27.591","9","0","0","0","36410","0","0","0","N","0","0","0","2","36410","0","","1","01","N","N","0","","0","0","1","3","2","","2035","0","2","0","0","0","0","1","2","0","2","N","","","","","","","","","","","","03","03","","N",""
"1450","0","0","0","0","0","0","0","0","0","4","0","","36","08","2020","2020072000","1","40.1117","-76.4517","1441","08","0","0","1","0","0","1","0","0","","0","0","0","14","1","2","01","0","40 06:42.333","","00","76 27:05.926","4","0","0","0","36230","0","0","0","N","0","0","0","5","36410","2","","1","01","N","N","0","","0","0","2","3","2","","1441","2","2","0","0","0","0","0","1","0","2","N","","","","","","","","","","","","03","  ","","N",""
"0209","1","0","0","0","0","0","0","0","0","7","0","","36","08","2020","2020072001","5","40.1158","-76.452","0203","08","0","0","0","0","0","0","0","0","","0","0","0","01","3","0","00","0","40 06:56.896","","00","76 27:07.110","0","0","0","0","36230","0","0","0","N","0","0","0","2","36410","0","","4","01","N","N","0","","0","0","0","0","0","","0159","0","1","0","0","0","0","0","1","0","1","N","","","","","","","","","","","","03","03","","N","N"
"0940","0","0","0","0","0","0","0","0","0","1","0","","36","08","2020","2020072003","2","40.1256","-76.4653","0930","08","0","0","0","0","0","0","1","0","","0","1","0","09","1","0","00","0","40 07:32.135","","00","76 27:55.183","0","0","0","0","36230","0","0","0","N","0","0","0","2","36410","0","","1","01","N","N","0","","0","0","1","0","0","","0928","0","2","0","0","0","0","0","1","0","2","N","","","","","","","","","","","","03","03","","N","N"
"0008","2","0","0","0","0","0","0","0","0","4","0","","36","08","2020","2020072085","1","40.0377","-76.3078","0003","08","0","0","0","0","0","0","0","0","","0","0","0","00","3","0","01","0","40 02:15.851","","00","76 18:28.000","0","0","0","0","36301","0","0","0","N","0","0","0","4","36301","0","","1","09","N","N","0","","0","0","0","3","2","","0002","0","2","0","0","0","0","0","3","0","2","N","","","","","","","","","","","","07","04","","N",""
"2121","2","0","0","0","0","0","0","0","0","4","0","","36","09","2020","2020072089","5","40.0251","-76.3177","2117","08","0","0","0","0","0","0","0","0","","0","0","0","21","3","1","01","1","40 01:30.485","1","00","76 19:03.655","3","0","0","0","36301","0","0","0","N","0","0","0","3","36301","0","","1","09","N","N","0","","1","0","0","3","3","Y","2117","1","2","0","0","0","0","2","3","0","2","N","","","","","","","","","","","2155","07","  ","","N",""
"2238","1","0","0","0","0","0","0","0","0","7","0","","36","09","2020","2020072109","5","39.9892","-76.2261","2223","08","0","0","0","0","0","0","0","0","","0","0","0","22","2","0","00","2","39 59:21.248","3","00","76 13:34.060","0","0","0","0","36240","0","0","0","N","0","0","0","1","36240","0","","5","09","N","N","0","","0","0","0","0","0","N","2223","0","1","0","0","0","0","0","1","0","1","N","","","","","","","","","","","2326","07","  ","","N","N"
"0035","0","0","0","0","0","0","0","0","0","1","0","","36","08","2020","2020072114","1","40.0478","-76.2986","0031","08","0","0","0","0","0","0","0","0","","0","0","0","00","3","0","00","2","40 02:51.944","2","00","76 17:55.050","0","0","0","0","36301","0","0","0","N","0","0","0","1","36301","0","","2","01","N","N","0","","0","0","2","0","0","N","0030","0","2","0","0","1","0","0","3","0","2","N","","","","","","","","","","","0122","03","03","","N","Y"
"1713","1","0","0","0","0","0","0","0","0","1","0","","36","09","2020","2020072126","4","40.0594","-76.3345","1652","08","0","0","0","0","1","0","0","0","","0","0","0","16","1","0","00","0","40 03:33.838","","00","76 20:04.087","0","0","0","0","36101","0","0","0","N","0","0","0","2","36101","0","","1","01","N","N","0","","0","0","1","0","0","","1649","0","2","0","0","0","0","0","3","0","2","N","","","","","","","","","","","","03","03","","N","N"
"1531","0","0","0","0","0","0","0","0","0","1","0","","36","08","2020","2020072127","6","40.0579","-76.4005","1529","08","0","0","0","0","0","1","0","0","","0","0","0","15","1","2","00","1","40 03:28.389","3","00","76 24:01.849","3","0","0","0","36214","0","0","0","N","0","0","0","2","36214","1","","1","09","N","N","0","","1","0","2","0","0","N","1527","2","2","0","0","0","0","0","3","0","2","N","","","","","","","","","","","1603","07","  ","","N","N"
"0752","1","0","0","0","0","0","0","0","0","7","0","","36","09","2020","2020072128","4","40.1126","-76.3517","0740","08","0","0","0","0","0","0","0","0","","0","0","0","07","1","0","00","1","40 06:45.220","4","00","76 21:06.120","0","0","0","0","36214","0","0","0","N","0","0","0","1","36214","0","","2","09","N","N","0","","0","0","0","0","0","N","0734","0","1","0","0","0","0","0","3","0","1","N","","","","","","","","","","","0045","07","  ","","N","N"
"1341","1","0","0","0","0","0","0","0","0","4","0","","36","09","2020","2020072129","4","40.0691","-76.3569","1337","08","0","0","0","0","0","1","1","0","","0","0","0","13","1","1","02","0","40 04:08.816","","00","76 21:24.786","4","0","0","0","36214","0","0","0","N","0","0","0","2","36214","1","","1","01","N","N","0","","0","0","1","3","3","","1334","1","2","0","0","0","0","0","3","0","2","N","","","","","","","","","","","","04","  ","","N",""
"1039","0","0","0","0","0","0","0","0","0","5","1","65","36","09","2020","2020072130","5","40.0887","-76.3801","1032","08","0","0","0","0","0","0","0","1","","0","1","0","10","1","1","00","0","40 05:19.404","","00","76 22:48.347","4","0","0","0","36214","0","0","0","N","0","0","0","3","36214","1","","1","01","N","N","0","","0","0","1","0","0","","1027","1","2","0","0","0","0","0","3","0","2","Y","4","1","Y","N","N","N","N","Y","N","N","","03","03","N","N","N"
"1622","0","0","0","0","0","0","0","0","0","7","0","","36","09","2020","2020072131","5","40.1063","-76.4271","1608","08","0","0","1","0","0","0","0","0","","0","0","0","16","1","0","00","0","40 06:22.728","","02","76 25:37.705","0","0","0","0","36214","0","0","0","N","0","0","0","1","36214","0","","4","09","N","N","1","","0","0","0","0","0","","1602","0","1","0","0","0","0","0","3","0","1","N","","","","","","","","","","","","04","  ","","N","N"
"1705","1","0","0","0","0","0","0","0","0","4","0","","36","08","2020","2020072149","4","40.0361","-76.3138","1701","08","0","0","0","0","0","0","0","0","","0","0","0","16","1","1","00","0","40 02:09.962","","00","76 18:49.759","3","0","0","0","36301","0","0","0","N","0","0","0","2","36301","0","","1","01","N","N","1","","1","0","0","0","0","","1651","1","3","0","0","0","0","0","3","1","3","N","","","","","","","","","","","","03","  ","","N","N"
"1733","3","0","0","0","0","0","0","0","0","1","0","","36","08","2020","2020072177","6","40.1303","-76.218","1725","08","0","1","0","0","0","1","0","0","","0","0","0","17","1","1","00","0","40 07:49.023","","00","76 13:04.646","3","0","0","0","36238","0","0","0","N","0","0","0","3","36238","0","","1","09","N","N","0","","1","0","0","0","0","","1725","1","3","0","0","0","0","0","3","0","3","N","","","","","","","","","","","","07","  ","","N","Y"
"1900","0","0","0","0","0","0","0","0","0","4","0","","36","08","2020","2020072260","5","40.067","-76.3324","1856","08","0","0","0","0","0","1","0","0","","0","0","0","18","1","2","00","1","40 04:01.159","4","00","76 19:56.671","4","0","0","0","36101","0","0","0","N","0","0","0","2","36101","2","","1","01","N","N","1","","0","0","1","0","0","N","1854","2","2","0","0","0","0","0","3","0","2","N","","","","","","","","","","","1955","03","03","","N","N"
"1801","1","0","0","0","0","0","0","0","0","7","0","","36","08","2020","2020072264","6","40.1393","-76.1245","1753","08","0","0","0","0","0","0","0","0","","0","0","0","17","1","0","00","1","40 08:21.392","6","00","76 07:28.152","0","0","0","0","36209","0","0","0","N","0","0","0","1","36415","0","","5","09","N","N","0","","0","0","0","0","0","N","1752","0","1","0","0","1","0","0","1","0","1","N","","","","","","","","","","","1830","07","  ","","N","N"
"1451","1","0","0","0","0","0","0","0","0","4","0","","36","09","2020","2020072261","3","40.0701","-76.3005","1451","08","0","1","0","0","0","0","0","0","","0","0","0","14","1","1","00","0","40 04:12.200","","07","76 18:01.800","4","0","0","0","36101","0","0","0","N","0","0","0","4","36101","1","","1","01","N","N","0","","0","0","1","0","0","","1451","1","2","0","0","0","0","0","3","0","2","N","","","","","","","","","","","","03","03","","N","N"
"1750","1","0","0","0","0","0","0","0","0","4","0","","36","09","2020","2020072328","5","40.1059","-76.0254","1745","08","0","0","0","0","0","1","0","1","","0","0","0","17","1","1","01","1","40 06:21.120","5","00","76 01:31.461","3","0","0","0","36213","0","0","0","N","0","0","0","4","36213","0","","1","01","N","N","0","","1","0","1","3","3","Y","1742","1","2","0","0","0","0","0","1","0","2","N","","","","","","","","","","","1836","04","  ","","N",""
"1836","2","0","0","0","0","0","0","0","0","1","0","","36","09","2020","2020072589","7","40.0216","-76.3346","1830","08","0","0","0","0","0","0","0","0","","0","0","0","18","1","1","02","0","40 01:17.735","","00","76 20:04.604","3","0","0","0","36220","0","0","0","N","0","0","0","6","36101","0","","1","01","N","N","0","","1","0","0","3","3","","1827","1","2","0","0","0","0","0","3","0","2","N","","","","","","","","","","","","03","03","","N","N"
"0537","0","0","0","0","0","0","0","0","0","7","0","","36","09","2020","2020072361","6","40.2396","-76.144","0532","08","0","0","0","0","0","1","0","0","","0","0","0","05","2","0","02","2","40 14:22.439","6","00","76 08:38.422","0","0","0","0","36236","0","0","0","Y","0","0","0","1","36408","0","","5","09","N","N","1","","0","0","0","0","0","Y","0532","0","1","0","0","0","0","0","1","0","1","N","","","","","","","","","","","0730","05","  ","","N","N"
"1451","0","0","0","0","0","0","0","0","0","4","0","","36","09","2020","2020072357","6","40.133","-76.1129","1446","08","0","0","0","0","0","2","0","0","","0","0","0","14","1","0","01","1","40 07:58.926","2","00","76 06:46.330","0","0","0","0","36209","0","0","0","N","0","0","0","4","36415","0","","1","01","N","N","0","","0","0","1","3","3","N","1446","0","2","0","0","0","0","0","1","1","2","N","","","","","","","","","","","1519","03","  ","","N",""
"1643","2","0","0","0","0","0","0","0","0","4","0","","36","09","2020","2020072369","6","40.1919","-76.1764","1639","08","0","0","0","0","0","1","1","0","","0","0","0","16","1","0","01","1","40 11:30.946","2","00","76 10:35.026","0","0","0","0","36218","0","0","0","N","0","0","0","4","36408","0","","1","01","N","N","0","","0","0","0","3","2","N","1639","0","2","0","0","0","0","0","1","0","2","N","","","","","","","","","","","1655","03","  ","","N","N"
"0706","0","0","0","0","0","0","0","0","0","1","0","","36","08","2020","2020072506","2","40.1466","-76.1189","0656","08","0","0","0","0","0","1","0","0","","0","0","0","06","5","0","00","1","40 08:47.688","3","00","76 07:08.142","0","0","0","0","36209","0","0","0","N","0","0","0","2","36415","0","","1","01","N","N","2","","0","0","0","0","0","N","0654","0","2","0","0","0","0","0","1","0","2","N","","","","","","","","","","","0020","03","  ","","N","N"
"2045","1","0","0","0","0","0","0","0","0","98","0","","36","09","2020","2020072537","6","40.1206","-76.5433","2022","08","0","0","0","0","0","1","0","0","","0","0","0","20","2","1","00","2","40 07:14.137","5","00","76 32:36.043","3","0","0","0","36211","0","0","0","N","0","0","0","1","36504","0","","1","01","N","N","0","","1","0","0","0","0","Y","2022","1","1","0","0","0","0","0","1","0","1","N","","","","","","","","","","","2112","03","  ","","N","N"
"0939","1","0","0","0","0","0","0","0","0","4","1","","36","08","2020","2020072596","2","40.1764","-76.1842","0943","08","0","0","0","0","0","0","1","0","","0","0","0","09","1","1","01","2","40 10:34.924","5","00","76 11:03.184","3","0","0","0","36408","0","0","0","N","0","0","0","2","36408","0","","1","01","N","N","1","","1","0","0","2","3","Y","0939","1","2","0","0","0","0","0","2","0","2","N","","","","","","","","","","","0100","03","  ","","N","N"
"1523","1","0","0","0","0","0","0","0","0","4","0","","36","09","2020","2020072660","7","39.9751","-76.2473","1516","08","0","0","0","0","0","0","0","0","","0","0","0","15","1","0","01","2","39 58:30.378","5","00","76 14:50.447","0","0","0","0","36240","0","0","0","N","0","0","0","2","36240","0","","1","01","N","N","0","","0","0","1","3","2","Y","1516","0","2","0","0","0","0","0","1","0","2","N","","","","","","","","","","","1619","03","  ","","N",""
"1413","1","0","0","0","0","0","0","0","0","3","0","","36","09","2020","2020072669","1","40.1636","-76.1524","1407","08","0","0","0","0","1","1","0","0","","0","0","0","14","1","0","01","2","40 09:49.309","4","02","76 09:08.375","0","0","0","0","36218","0","0","0","N","0","0","0","4","36408","0","","1","01","N","N","1","","0","0","0","3","2","Y","1404","0","2","0","0","0","0","0","1","0","2","N","","","","","","","","","","","1453","03","03","","N",""
"1526","0","0","0","0","0","0","0","0","0","7","0","","36","08","2020","2020072710","2","40.1105","-76.5068","1522","08","0","0","0","0","0","0","0","0","","0","0","0","15","1","0","01","1","40 06:37.841","2","00","76 30:24.342","0","0","0","0","36413","0","0","0","N","0","0","0","1","36413","0","","2","01","N","N","0","","0","0","1","3","2","N","1522","0","2","0","0","0","0","0","2","0","1","N","","","","","","","","","","","0030","99","  ","","Y","N"
"1801","1","0","0","0","0","0","0","0","0","8","0","","36","09","2020","2020072729","7","40.0458","-76.3081","1801","08","0","0","0","0","0","0","0","0","","0","0","0","17","1","1","00","1","40 02:44.772","4","00","76 18:29.061","3","0","0","0","36301","1","0","0","N","1","0","0","2","36301","0","","1","01","N","N","0","","1","0","0","0","0","Y","1753","1","2","0","0","0","0","0","3","0","1","N","","","","","","","","","","","1820","03","03","","N","N"
"0544","1","0","0","0","0","0","0","0","0","5","0","","36","09","2020","2020072733","7","40.1605","-76.5861","0540","08","0","0","0","0","0","0","0","0","","0","0","0","05","2","0","00","2","40 09:37.783","4","00","76 35:10.000","0","0","0","0","36407","0","0","0","N","0","0","0","1","36407","0","","6","01","N","N","0","","0","0","1","0","0","N","0540","0","2","0","0","0","0","0","2","0","2","N","","","","","","","","","","","0620","03","  ","","N","N"
"1840","1","0","0","0","0","0","0","0","0","0","0","","36","09","2020","2020072745","7","40.0338","-76.3011","1839","08","0","0","0","0","0","0","0","0","","0","0","0","18","1","1","01","2","40 02:01.547","7","00","76 18:03.895","2","0","1","1","36301","0","0","0","N","0","0","0","3","36301","0","","1","01","N","N","0","","0","1","0","3","2","Y","1838","1","2","0","0","0","0","0","3","0","2","N","","","","","","","","","","","1920","03","03","","N",""
"0130","1","0","0","0","0","0","0","0","0","7","0","","36","09","2020","2020072755","2","40.1104","-76.0015","0123","08","0","1","0","0","0","0","0","0","","0","0","0","01","2","1","00","1","40 06:37.294","4","00","76 00:05.536","4","0","0","0","36213","0","0","0","N","0","0","0","1","36213","1","","5","01","N","N","0","","0","0","0","0","0","N","0120","1","1","0","0","0","0","0","1","0","1","N","","","","","","","","","","","0230","03","03","","N","N"
"1726","1","0","0","0","0","0","0","0","0","4","0","","36","09","2020","2020072773","1","40.0676","-76.3545","1726","08","0","0","0","0","0","1","0","0","","0","0","0","17","1","3","00","0","40 04:03.389","","00","76 21:16.292","3","0","0","0","36214","0","0","0","N","0","0","0","4","36214","0","","1","01","N","N","1","","3","0","0","0","0","","1725","3","2","0","0","0","0","0","3","0","2","N","","","","","","","","","","","","03","03","","N","N"
"0507","1","0","0","0","0","0","0","0","0","7","0","","36","09","2020","2020072774","3","40.0444","-76.3628","0504","08","0","0","0","0","0","1","0","0","","0","0","0","05","3","0","00","0","40 02:39.810","","00","76 21:46.100","0","0","0","0","36214","0","0","0","N","0","0","0","1","36214","0","","5","01","N","N","0","","0","0","0","0","0","","0503","0","1","0","0","0","0","0","3","0","1","N","","","","","","","","","","","","03","03","","N","N"
"1826","0","0","0","0","0","0","0","0","0","0","0","","36","09","2020","2020072775","6","40.1045","-76.4259","1821","08","0","0","1","0","0","0","0","0","","0","0","0","18","1","2","07","1","40 06:16.333","4","02","76 25:33.181","3","0","0","0","36214","0","0","0","N","0","0","0","2","36214","0","","7","01","N","N","0","","2","0","1","0","0","N","1820","2","1","0","0","1","0","0","3","0","1","N","","","","","","","","","","","1930","03","03","","N",""
"1029","0","0","0","0","0","0","0","0","0","7","0","","36","09","2020","2020072776","7","40.1227","-76.0754","1028","08","0","0","1","0","0","0","0","0","","0","0","0","10","1","0","00","0","40 07:21.840","","00","76 04:31.550","0","0","0","0","36209","0","0","0","N","0","0","0","1","36415","0","","5","01","N","N","0","","0","0","1","0","0","","1026","0","1","0","0","0","0","0","1","0","1","N","","","","","","","","","","","","03","  ","","N","N"
"1558","1","0","0","0","0","0","0","0","0","1","0","","36","09","2020","2020072947","5","40.1","-76.3556","1555","08","0","0","0","1","0","0","0","0","","0","0","0","15","1","0","01","0","40 05:59.944","","00","76 21:20.163","0","0","0","0","36406","0","0","0","N","0","0","0","2","36506","0","","1","09","N","N","1","","0","0","0","3","2","","1554","0","2","0","0","0","0","0","3","0","2","N","","","","","","","","","","","","03","03","","N",""
"1609","1","0","0","0","0","0","0","0","0","1","0","","36","09","2020","2020072948","6","40.1849","-76.3091","1604","08","0","0","0","0","0","1","0","0","","0","0","0","16","1","0","02","0","40 11:05.740","","00","76 18:32.768","0","0","0","0","36235","0","0","0","N","0","0","0","5","36506","0","","1","01","N","N","1","","0","0","1","0","0","","1601","0","3","0","0","1","0","0","1","0","3","N","","","","","","","","","","","","03","  ","","N",""
"1906","1","0","0","0","0","0","0","0","0","4","0","","36","09","2020","2020072949","6","40.1821","-76.2587","1906","08","0","0","0","0","0","1","0","0","","0","0","0","18","1","1","00","1","40 10:55.689","6","07","76 15:31.413","3","0","0","1","36218","0","0","0","N","0","0","0","2","36506","0","","1","01","N","N","0","","1","0","0","0","0","Y","1852","1","2","0","0","0","0","0","1","0","2","N","","","","","","","","","","","1934","03","  ","","N","N"
"0924","2","0","1","0","0","0","0","0","0","1","0","","36","09","2020","2020072772","7","40.0755","-76.297","0923","08","0","0","0","0","0","0","0","0","","0","0","0","09","1","1","00","2","40 04:31.897","5","07","76 17:49.116","2","0","0","0","36101","0","0","0","N","0","0","0","2","36101","0","","1","01","N","N","0","","0","1","0","0","0","Y","0923","1","2","0","0","0","0","0","3","0","2","N","","","","","","","","","","","1015","03","03","","N","N"
"1308","1","0","0","1","0","0","0","0","0","4","0","","36","08","2020","2020072828","3","40.038","-76.3201","1303","08","0","0","0","0","0","0","0","0","","0","0","0","13","1","1","02","0","40 02:16.726","","00","76 19:12.456","3","0","0","0","36301","1","0","0","N","0","0","0","2","36301","0","","1","01","N","N","0","","1","0","0","0","0","","1303","1","2","0","0","0","0","0","3","0","1","N","","","","","","","","","","","","03","  ","","N","N"
"1900","2","0","0","0","0","0","0","0","0","4","0","","36","09","2020","2020073032","2","40.0394","-76.2932","1854","08","0","0","0","0","0","0","0","0","","0","0","0","18","1","0","01","1","40 02:21.970","2","00","76 17:35.658","0","0","0","0","36301","0","0","0","N","0","0","0","2","36301","0","","1","01","N","N","0","","0","0","0","3","3","Y","1852","0","2","0","0","0","0","0","3","0","2","N","","","","","","","","","","","1935","03","03","","N",""
"2108","1","0","0","0","0","0","0","0","0","4","0","","36","09","2020","2020072930","1","39.9948","-76.2751","2105","08","0","0","0","0","0","0","0","1","","0","0","0","20","6","1","02","0","39 59:41.125","","00","76 16:30.183","3","0","0","0","36240","0","0","0","N","0","0","0","3","36240","0","","1","01","N","N","0","","1","0","1","3","3","N","2059","1","2","0","0","0","0","0","1","0","2","N","","","","","","","","","","","","03","03","","N",""
"0244","1","0","0","0","0","0","0","0","0","7","0","","36","09","2020","2020072943","6","40.1116","-76.4105","0234","08","0","0","0","0","0","0","0","0","","0","0","0","02","2","0","00","0","40 06:41.700","","00","76 24:37.910","0","0","0","0","36214","0","0","0","N","0","0","0","1","36214","0","","5","01","N","N","0","","0","0","0","0","0","","0230","0","1","0","0","0","0","0","3","0","1","N","","","","","","","","","","","","05","04","","N","N"