"ARRIVAL_TM","AUTOMOBILE_COUNT","BELTED_DEATH_COUNT","BELTED_SUSP_SERIOUS_INJ_COUNT","BICYCLE_COUNT","BICYCLE_DEATH_COUNT","BICYCLE_SUSP_SERIOUS_INJ_COUNT","BUS_COUNT","CHLDPAS_DEATH_COUNT","CHLDPAS_SUSP_SERIOUS_INJ_COUNT","COLLISION_TYPE","COMM_VEH_COUNT","CONS_ZONE_SPD_LIM","COUNTY","CRASH_MONTH","CRASH_YEAR","CRN","DAY_OF_WEEK","DEC_LAT","DEC_LONG","DISPATCH_TM","DISTRICT","DRIVER_COUNT_16YR","DRIVER_COUNT_17YR","DRIVER_COUNT_18YR","DRIVER_COUNT_19YR","DRIVER_COUNT_20YR","DRIVER_COUNT_50_64YR","DRIVER_COUNT_65_74YR","DRIVER_COUNT_75PLUS","EST_HRS_CLOSED","FATAL_COUNT","HEAVY_TRUCK_COUNT","HORSE_BUGGY_COUNT","HOUR_OF_DAY","ILLUMINATION","INJURY_COUNT","INTERSECT_TYPE","LANE_CLOSED","LATITUDE","LN_CLOSE_DIR","LOCATION_TYPE","LONGITUDE","MAX_SEVERITY_LEVEL","MCYCLE_DEATH_COUNT","MCYCLE_SUSP_SERIOUS_INJ_COUNT","MOTORCYCLE_COUNT","MUNICIPALITY","NONMOTR_COUNT","NONMOTR_DEATH_COUNT","NONMOTR_SUSP_SERIOUS_INJ_COUNT","NTFY_HIWY_MAINT","PED_COUNT","PED_DEATH_COUNT","PED_SUSP_SERIOUS_INJ_COUNT","PERSON_COUNT","POLICE_AGCY","POSSIBLE_INJ_COUNT","RDWY_SURF_TYPE_CD","RELATION_TO_ROAD","ROAD_CONDITION","SCH_BUS_IND","SCH_ZONE_IND","SMALL_TRUCK_COUNT","SPEC_JURIS_CD","SUSP_MINOR_INJ_COUNT","SUSP_SERIOUS_INJ_COUNT","SUV_COUNT","TCD_FUNC_CD","TCD_TYPE","TFC_DETOUR_IND","TIME_OF_DAY","TOT_INJ_COUNT","TOTAL_UNITS","UNB_DEATH_COUNT","UNB_SUSP_SERIOUS_INJ_COUNT","UNBELTED_OCC_COUNT","UNK_INJ_DEG_COUNT","UNK_INJ_PER_COUNT","URBAN_RURAL","VAN_COUNT","VEHICLE_COUNT","WORK_ZONE_IND","WORK_ZONE_LOC","WORK_ZONE_TYPE","WORKERS_PRES","WZ_CLOSE_DETOUR","WZ_FLAGGER","WZ_LAW_OFFCR_IND","WZ_LN_CLOSURE","WZ_MOVING","WZ_OTHER","WZ_SHLDER_MDN","ROADWAY_CLEARED","WEATHER1","WEATHER2","WZ_WORKERS_INJ_KILLED","SECONDARY_CRASH","INTERSECTION_RELATED"
"0547","1","0","0","0","0","0","0","0","0","2","0","","36","09","2020","2020072944","5","40.0081","-76.3798","0539","08","0","0","0","0","0","0","0","0","","0","0","0","05","5","1","00","2","40 00:29.168","6","00","76 22:47.219","3","0","0","0","36223","0","0","0","N","0","0","0","2","36223","0","","1","01","N","N","1","","1","0","0","0","0","Y","0535","1","2","0","0","0","0","0","1","0","2","N","","","","","","","","","","","0705","04","  ","","N","N"
"0210","1","0","0","0","0","0","0","0","0","7","0","","36","08","2020","2020072945","2","40.2471","-76.3619","0204","08","0","0","0","1","0","0","0","0","","0","0","0","01","2","2","00","2","40 14:49.709","6","00","76 21:42.825","8","0","0","0","36227","0","0","0","N","0","0","0","2","36506","0","","4","01","N","N","0","","0","0","0","0","0","Y","0158","2","1","0","0","0","2","0","1","0","1","N","","","","","","","","","","","0100","03","03","","N","N"
"1602","1","0","0","0","0","0","0","0","0","7","0","","36","09","2020","2020072946","4","40.1297","-76.3164","1556","08","0","0","0","0","0","0","0","0","","0","0","0","15","1","1","02","2","40 07:46.754","7","00","76 18:59.061","3","0","0","0","36235","0","0","0","N","0","0","0","1","36506","0","","4","01","N","N","0","","1","0","0","0","0","Y","1555","1","1","0","0","1","0","0","1","0","1","N","","","","","","","","","","","1646","03","03","","N",""
"1610","1","0","0","0","0","0","0","0","0","4","0","","36","09","2020","2020073027","5","40.1929","-76.1858","1606","08","0","0","0","0","0","0","1","0","","0","0","0","16","1","0","02","0","40 11:34.317","","07","76 11:08.880","0","0","0","0","36218","0","0","0","N","0","0","0","7","36408","0","","1","01","N","N","0","","0","0","0","3","3","","1604","0","2","0","0","0","0","0","1","1","2","N","","","","","","","","","","","","03","03","","N",""
"1204","3","0","0","0","0","0","0","0","0","1","0","","36","08","2020","2020073086","1","40.0782","-76.3089","1158","08","0","1","0","0","0","0","0","0","","0","0","0","11","1","0","00","0","40 04:41.627","","00","76 18:31.876","0","0","0","0","36101","0","0","0","N","0","0","0","7","36101","0","","1","01","N","N","0","","0","0","0","0","0","","1158","0","3","0","0","0","0","0","3","0","3","N","","","","","","","","","","","","04","04","","N","N"
"0852","1","0","0","0","0","0","0","0","0","7","0","","36","08","2020","2020073180","3","40.2085","-76.1101","0838","08","0","0","0","0","1","0","0","0","","0","0","0","08","1","1","00","0","40 12:30.736","","00","76 06:36.396","3","0","0","0","36210","0","0","0","N","0","0","0","1","36210","0","","2","09","N","N","0","","1","0","0","0","0","","0838","1","1","0","0","0","0","0","1","0","1","N","","","","","","","","","","","","07","  ","","N","N"
"1652","1","0","0","0","0","0","0","0","0","4","0","","36","08","2020","2020073181","7","40.2331","-76.0783","1650","08","0","0","0","0","0","1","0","0","","0","0","0","16","1","0","01","0","40 13:59.165","","00","76 04:42.021","0","0","0","0","36210","0","0","0","N","0","0","0","3","36210","0","","1","01","N","N","1","","0","0","0","3","2","","1649","0","2","0","0","0","0","0","1","0","2","N","","","","","","","","","","","","03","  ","","N","N"
"1027","1","0","0","0","0","0","0","0","0","0","0","","36","08","2020","2020073184","1","40.1979","-76.1216","1021","08","0","0","1","0","0","0","0","0","","0","0","0","10","1","0","00","0","40 11:52.412","","00","76 07:17.662","0","0","0","0","36210","0","0","0","N","0","0","0","1","36210","0","","2","01","N","N","0","","0","0","0","0","0","","1019","0","1","0","0","0","0","0","1","0","1","N","","","","","","","","","","","","03","  ","","N","N"
"1251","2","0","0","0","0","0","0","0","0","4","0","","36","08","2020","2020073183","1","40.224","-76.1472","1244","08","0","0","0","0","0","1","0","0","","0","0","0","12","1","1","01","2","40 13:26.276","5","00","76 08:49.774","8","0","0","0","36405","0","0","0","N","0","0","0","3","36210","0","","1","01","N","N","0","","0","0","0","3","3","Y","1243","1","2","0","0","0","1","0","1","0","2","N","","","","","","","","","","","1241","03","  ","","N","N"
"0813","0","0","0","0","0","0","0","0","0","4","1","","36","08","2020","2020073186","4","40.2215","-76.098","0805","08","0","0","0","0","0","2","0","0","","0","1","0","08","1","2","00","0","40 13:17.571","","07","76 05:52.870","4","0","0","0","36210","0","0","0","N","0","0","0","3","36210","2","","1","01","N","N","0","","0","0","0","0","0","","0805","2","2","0","0","0","0","0","1","1","2","N","","","","","","","","","","","","03","  ","","N","N"
"2050","1","0","0","0","0","0","0","0","0","4","1","","36","08","2020","2020073193","6","40.2331","-76.0783","2047","08","0","0","1","0","0","0","0","0","","0","1","0","20","3","0","01","2","40 13:59.165","7","00","76 04:42.021","0","0","0","0","36210","0","0","0","N","0","0","0","2","36210","0","","1","01","N","N","0","","0","0","0","3","2","Y","2045","0","2","0","0","0","0","0","1","0","2","N","","","","","","","","","","","2309","03","  ","","N","N"
"1611","2","0","0","0","0","0","0","0","0","6","0","","36","08","2020","2020073191","6","40.1924","-76.1238","1604","08","0","0","0","0","0","0","0","0","","0","0","0","15","1","1","00","1","40 11:32.521","1","00","76 07:25.828","8","0","0","0","36210","0","0","0","Y","0","0","0","7","36210","0","","1","09","N","N","0","","0","0","0","0","0","N","1556","1","2","0","0","0","1","0","1","0","2","N","","","","","","","","","","","1705","07","  ","","N","N"
"0311","1","0","0","0","0","0","0","0","0","7","0","","36","08","2020","2020073194","7","40.1952","-76.1227","0302","08","0","0","0","0","0","0","0","0","","0","0","0","02","2","0","00","0","40 11:42.823","","00","76 07:21.612","0","0","0","0","36210","0","0","0","N","0","0","0","1","36210","0","","4","01","N","N","0","","0","0","0","0","0","","0257","0","2","0","0","0","0","0","1","0","1","N","","","","","","","","","","","","03","  ","","N","N"
"1328","0","0","0","0","0","0","0","0","0","4","0","","36","09","2020","2020073197","5","40.2162","-76.1551","1324","08","0","0","0","0","0","1","0","0","","0","0","0","13","1","0","01","2","40 12:58.376","2","00","76 09:18.249","0","0","0","0","36210","0","0","0","N","0","0","0","2","36210","0","","1","01","N","N","1","","0","0","1","3","3","N","1322","0","2","0","0","0","0","0","1","0","2","N","","","","","","","","","","","1405","03","  ","","N","N"
"1656","1","0","0","0","0","0","0","0","0","7","0","","36","09","2020","2020073196","4","40.277","-76.0958","1638","08","0","0","0","0","1","0","0","0","","0","0","0","16","1","0","00","0","40 16:37.059","","00","76 05:45.003","0","0","0","0","36210","0","0","0","N","0","0","0","1","36210","0","","4","01","N","N","0","","0","0","0","0","0","","1638","0","1","0","0","0","0","0","1","0","1","N","","","","","","","","","","","","04","  ","","N","N"
"1840","1","0","0","0","0","0","0","0","0","1","1","","36","08","2020","2020073282","3","40.0268","-76.2173","1837","08","0","0","0","0","0","1","0","0","","0","1","0","18","1","1","00","0","40 01:36.601","","07","76 13:02.170","4","0","0","0","36215","0","0","0","N","0","0","0","2","36215","1","","1","01","N","N","0","","0","0","0","3","2","","1836","1","2","0","0","0","0","0","1","0","2","N","","","","","","","","","","","","03","  ","","N","N"
"1812","0","0","0","0","0","0","0","0","0","1","0","","36","08","2020","2020073283","6","40.0869","-76.1935","1756","08","0","0","0","0","0","0","1","1","","0","0","0","17","1","1","00","1","40 05:12.958","4","00","76 11:36.717","4","0","0","0","36234","0","0","0","N","0","0","0","3","36215","1","","1","01","N","N","1","","0","0","1","0","0","N","1752","1","2","0","0","0","0","0","1","0","2","N","","","","","","","","","","","1835","03","  ","","N","Y"
"0655","1","0","0","0","0","0","0","0","0","7","0","","36","09","2020","2020073562","7","39.9745","-76.4574","0639","08","0","0","0","1","0","0","0","0","","0","0","0","06","5","0","00","2","39 58:28.117","6","00","76 27:26.817","0","0","0","0","36223","0","0","0","Y","0","0","0","1","36223","0","","2","01","N","N","0","","0","0","0","0","0","Y","0637","0","1","0","0","0","0","0","1","0","1","N","","","","","","","","","","","0730","04","  ","","N","N"
"1201","1","0","0","0","0","0","0","0","0","4","0","","36","09","2020","2020073228","3","40.0487","-76.2989","1156","08","0","0","0","0","0","0","0","1","","0","0","0","11","1","1","01","2","40 02:55.262","7","00","76 17:55.975","3","0","0","0","36301","0","0","0","N","0","0","0","2","36301","0","","1","01","N","N","0","","1","0","1","3","3","Y","1153","1","2","0","0","0","0","0","3","0","2","N","","","","","","","","","","","1256","03","  ","","N","N"
"1628","1","0","0","0","0","0","0","0","0","4","0","","36","08","2020","2020073284","1","40.0388","-76.185","1626","08","0","0","1","0","0","0","0","0","","0","0","0","12","1","1","02","2","40 02:19.631","6","00","76 11:06.047","2","0","1","1","36215","0","0","0","N","0","0","0","2","36215","0","","1","01","N","N","0","","0","1","0","3","3","N","1205","1","2","0","0","0","0","0","1","0","2","N","","","","","","","","","","","1657","03","03","","N",""
"0020","1","0","0","0","0","0","0","0","0","7","0","","36","09","2020","2020073285","4","40.0556","-76.2664","0017","08","0","0","0","0","0","0","0","0","","0","0","0","00","3","0","06","1","40 03:20.035","4","00","76 15:58.864","0","0","0","0","36215","0","0","0","N","0","0","0","1","36215","0","","4","09","N","N","0","","0","0","0","0","0","N","0013","0","1","0","0","0","0","0","1","0","1","N","","","","","","","","","","","0050","07","  ","","N",""
"1446","0","0","0","0","0","0","0","0","0","4","0","","36","09","2020","2020073286","6","40.0761","-76.2059","1442","08","0","0","0","0","0","1","0","0","","0","0","0","14","1","1","01","2","40 04:34.113","6","00","76 12:21.249","4","0","0","0","36234","0","0","0","N","0","0","0","2","36215","1","","1","01","N","N","1","","0","0","1","3","3","Y","1441","1","2","0","0","0","0","0","1","0","2","N","","","","","","","","","","","1505","03","03","","N",""
"2007","0","0","0","0","0","0","0","0","0","1","0","","36","09","2020","2020073287","6","40.0409","-76.2529","2003","08","0","0","0","0","0","0","0","1","","0","0","0","20","2","1","00","1","40 02:27.200","1","00","76 15:10.480","8","0","0","1","36215","0","0","0","N","0","0","0","2","36215","0","","1","01","N","N","0","","0","0","1","3","2","Y","2002","1","2","0","0","0","1","0","1","0","2","N","","","","","","","","","","","2055","03","  ","","N","N"
"2012","2","0","0","0","0","0","0","0","0","1","0","","36","09","2020","2020073288","6","40.0269","-76.2189","2005","08","0","0","0","0","0","1","1","0","","0","0","0","20","3","0","00","1","40 01:36.932","3","00","76 13:07.975","0","0","0","0","36215","0","0","0","N","0","0","0","5","36215","0","","1","01","N","N","0","","0","0","1","0","0","N","2001","0","3","0","0","0","0","0","1","0","3","N","","","","","","","","","","","2040","03","03","","N","N"
"1400","0","0","0","0","0","0","0","0","0","7","0","","36","08","2020","2020073289","5","40.0343","-76.5302","1355","08","0","0","0","0","0","0","0","0","","0","0","0","13","1","2","00","0","40 02:03.540","","03","76 31:48.886","3","0","0","0","36239","0","0","0","N","0","0","0","2","36239","0","","4","01","N","N","0","","2","0","1","0","0","","1355","2","2","0","0","0","0","0","3","0","1","N","","","","","","","","","","","","03","03","","N","N"
"0725","2","0","0","0","0","0","0","0","0","4","0","","36","09","2020","2020073526","4","40.0347","-76.5078","0722","08","0","0","0","0","0","0","0","0","","0","0","0","07","1","0","00","2","40 02:04.900","5","07","76 30:28.000","0","0","0","0","36404","0","0","0","N","0","0","0","3","36404","0","","1","01","N","N","0","","0","0","0","0","0","Y","0722","0","2","0","0","0","0","0","3","0","2","N","","","","","","","","","","","0821","03","03","","N","N"
"0703","0","0","0","0","0","0","1","0","0","4","1","","36","08","2020","2020073291","2","40.1034","-76.4317","0655","08","0","0","0","0","0","1","0","0","","0","0","0","06","1","1","02","1","40 06:12.342","3","00","76 25:54.179","4","0","0","0","36214","0","0","0","N","0","0","0","2","36239","1","","1","01","Y","N","0","","0","0","1","3","3","N","0655","1","2","0","0","0","0","0","3","0","2","N","","","","","","","","","","","0759","03","03","","N",""
"1153","1","0","0","0","0","0","0","0","0","6","0","","36","09","2020","2020073292","5","40.0495","-76.4338","1153","08","0","0","0","0","0","0","0","1","","0","0","0","11","1","1","00","1","40 02:58.290","3","00","76 26:01.650","4","0","0","0","36239","0","0","0","N","0","0","0","1","36239","1","","4","01","N","N","0","","0","0","1","0","0","N","1153","1","2","0","0","1","0","0","3","0","2","N","","","","","","","","","","","1230","03","04","","N","N"
"1542","1","0","2","0","0","0","0","0","0","6","1","","36","08","2020","2020073290","7","40.0267","-76.5241","1531","08","0","0","0","0","0","2","0","0","","0","1","0","15","1","3","00","2","40 01:35.974","6","03","76 31:26.806","2","0","0","0","36404","0","0","0","N","0","0","0","4","36239","0","","1","01","N","N","0","","1","2","1","0","0","Y","1529","3","3","0","0","1","0","0","3","0","3","N","","","","","","","","","","","1638","03","03","","N","N"
"2140","1","0","0","0","0","0","0","0","0","7","0","","36","09","2020","2020073294","2","40.0341","-76.4293","2140","08","0","0","0","0","0","0","1","0","","0","0","0","21","2","1","02","2","40 02:02.836","5","00","76 25:45.352","4","0","0","0","36239","0","0","0","N","0","0","0","1","36239","1","","4","01","N","N","0","","0","0","0","0","0","Y","2140","1","1","0","0","1","0","0","3","0","1","N","","","","","","","","","","","2200","03","  ","","N",""
"1148","1","0","0","0","0","0","0","0","0","4","0","","36","09","2020","2020073422","3","40.0377","-76.4213","1141","08","0","0","0","0","0","0","0","1","","0","0","0","11","1","0","00","1","40 02:15.571","6","07","76 25:16.714","0","0","0","0","36414","0","0","0","N","0","0","0","2","36239","0","","1","01","N","N","0","","0","0","1","0","0","Y","1140","0","2","0","0","0","0","0","3","0","2","N","","","","","","","","","","","1212","03","03","","N","N"
"1002","3","0","0","0","0","0","0","0","0","4","0","","36","09","2020","2020073472","6","40.0376","-76.3176","0958","08","0","0","0","0","0","1","0","0","","0","0","0","09","1","1","00","1","40 02:15.431","3","00","76 19:03.440","3","0","0","0","36301","1","0","0","N","1","0","0","2","36301","0","","2","01","N","N","0","","1","0","0","0","0","N","0958","1","4","0","0","0","0","0","3","0","3","N","","","","","","","","","","","1040","03","03","","Y","N"
"0716","0","0","0","0","0","0","0","0","0","0","0","","36","09","2020","2020073560","4","40.0521","-76.2768","0711","08","0","1","0","0","0","0","0","0","","0","0","0","07","1","0","00","2","40 03:07.692","4","00","76 16:36.531","0","0","0","0","36101","0","0","0","N","0","0","0","1","36101","0","","1","01","N","N","0","","0","0","1","0","0","Y","0703","0","1","0","0","0","0","0","3","0","1","N","","","","","","","","","","","0800","03","  ","","N","N"
"1517","2","0","0","0","0","0","0","0","0","4","0","","36","09","2020","2020073556","1","40.0387","-76.4948","1507","08","0","0","0","1","0","0","0","0","","0","0","0","15","1","0","01","1","40 02:19.442","5","00","76 29:41.229","0","0","0","0","36404","0","0","0","N","0","0","0","4","36404","0","","1","01","N","N","0","","0","0","0","3","3","Y","1507","0","2","0","0","0","0","0","3","0","2","N","","","","","","","","","","","1535","03","03","","N","N"
"0952","1","0","0","0","0","0","0","0","0","7","0","","36","09","2020","2020073563","3","40.1417","-76.222","0940","08","0","1","0","0","0","0","0","0","","0","0","0","09","1","1","00","1","40 08:30.040","5","00","76 13:19.070","3","0","0","0","36235","0","0","0","N","0","0","0","1","36506","0","","4","01","N","N","0","","1","0","0","0","0","Y","0940","1","1","0","0","0","0","0","1","0","1","N","","","","","","","","","","","0100","03","  ","","N","N"
"1620","2","0","0","0","0","0","0","0","0","1","0","","36","08","2020","2020073561","7","40.0292","-76.2281","1616","08","0","0","0","0","0","1","0","0","","0","0","0","16","1","1","01","1","40 01:45.202","4","00","76 13:41.253","3","0","0","0","36215","0","0","0","N","0","0","0","5","36215","0","","1","01","N","N","0","","1","0","0","3","2","N","1614","1","2","0","0","1","0","0","1","0","2","N","","","","","","","","","","","0030","03","03","","N",""
"1330","0","0","0","0","0","0","0","0","0","7","0","","36","07","2020","2020073588","5","39.8855","-76.1767","1330","08","0","1","0","0","0","0","0","0","","0","0","0","13","1","0","00","0","39 53:07.880","","00","76 10:36.170","0","0","0","0","36212","0","0","0","N","0","0","0","1","68J01","0","","5","01","N","N","0","","0","0","1","0","0","","1327","0","1","0","0","0","0","0","1","0","1","N","","","","","","","","","","","","03","03","","N","N"
"1203","1","0","0","0","0","0","0","0","0","7","0","","36","07","2020","2020073590","1","40.01","-76.1109","1151","08","0","0","0","0","0","0","0","0","","0","0","0","11","1","1","00","0","40 00:36.000","","00","76 06:39.410","3","0","0","0","36226","0","0","0","N","0","0","0","1","68J01","0","","4","01","N","N","0","","1","0","0","0","0","","1151","1","1","0","0","0","0","0","1","0","1","N","","","","","","","","","","","","03","03","","N","N"
"1211","0","0","0","0","0","0","0","0","0","8","1","","36","07","2020","2020073592","4","39.9856","-76.0178","1203","08","0","0","0","0","0","0","0","0","","0","1","0","12","1","1","02","0","39 59:08.196","","00","76 01:04.123","3","0","0","0","36232","1","0","0","N","1","0","0","3","68J01","0","","1","01","N","N","0","","1","0","0","3","2","","1202","1","2","0","0","0","0","0","1","0","1","N","","","","","","","","","","","","03","  ","","N","N"
"0901","1","0","0","0","0","0","0","0","0","4","1","","36","07","2020","2020073597","6","39.9815","-76.0248","0845","08","0","0","0","0","0","1","0","0","","0","0","0","08","1","2","00","2","39 58:53.300","3","00","76 01:29.280","3","0","0","0","36232","0","0","0","N","0","0","0","3","68J01","0","","1","09","N","N","0","","2","0","0","0","0","N","0842","2","2","0","0","0","0","1","1","0","2","N","","","","","","","","","","","0940","07","07","","N","N"
"1441","0","0","0","0","0","0","0","0","0","4","1","","36","07","2020","2020073598","6","40.0381","-76.1066","1435","08","0","0","0","0","0","1","1","0","","0","1","0","14","1","0","01","2","40 02:17.056","7","00","76 06:23.604","0","0","0","0","36221","0","0","0","N","0","0","0","5","68J01","0","","1","01","N","N","2","","0","0","1","3","3","Y","1425","0","5","0","0","0","0","0","1","1","5","N","","","","","","","","","","","1530","03","03","","Y","N"
"1542","1","0","0","0","0","0","0","0","0","1","0","","36","07","2020","2020073599","6","39.8885","-76.2367","1516","08","0","0","0","0","0","1","0","0","","0","0","0","15","1","1","00","1","39 53:18.460","1","00","76 14:12.114","3","0","0","0","36229","0","0","0","N","0","0","0","5","68J01","0","","1","01","N","N","0","","1","0","2","0","0","N","1512","1","4","0","0","1","0","0","1","1","4","N","","","","","","","","","","","1732","04","  ","","N","Y"
"1440","0","0","0","0","0","0","0","0","0","7","0","","36","08","2020","2020073602","1","39.796","-76.2586","1414","08","0","1","0","0","0","0","0","0","","0","0","0","14","1","1","00","2","39 47:45.500","6","00","76 15:31.100","3","0","0","0","36208","0","0","0","N","0","0","0","2","68J01","0","","4","01","N","N","1","","1","0","0","0","0","Y","1409","1","1","0","0","1","0","0","1","0","1","N","","","","","","","","","","","1900","03","03","","N","N"
"1047","0","0","0","0","0","0","0","0","0","4","1","","36","08","2020","2020073604","2","39.9931","-76.0272","1035","08","0","0","0","0","0","0","0","0","","0","1","0","10","1","1","00","2","39 59:34.995","6","07","76 01:37.931","4","0","0","0","36232","0","0","0","N","0","0","0","2","68J01","1","","1","01","N","N","0","","0","0","1","0","0","N","1031","1","2","0","0","0","0","0","1","0","2","N","","","","","","","","","","","0030","03","03","","N","N"
"1602","1","0","0","0","0","0","0","0","0","4","0","","36","08","2020","2020073605","2","39.9906","-76.0207","1559","08","0","0","0","0","0","0","1","0","","0","0","0","15","1","0","00","0","39 59:26.035","","07","76 01:14.498","0","0","0","0","36232","0","0","0","N","0","0","0","2","68J01","0","","1","01","N","N","0","","0","0","1","0","0","","1557","0","2","0","0","0","0","0","1","0","2","N","","","","","","","","","","","","03","03","","N","Y"
"1728","2","0","0","0","0","0","0","0","0","4","0","","36","08","2020","2020073606","2","39.9431","-76.1454","1715","08","0","0","0","1","0","1","0","0","","0","0","0","17","1","1","00","0","39 56:35.141","","07","76 08:43.531","3","0","0","0","36233","0","0","0","N","0","0","0","9","68J01","0","","1","01","N","N","1","","1","0","1","0","0","","1712","1","4","0","0","0","0","0","1","0","4","N","","","","","","","","","","","","03","03","","N","N"
"1706","1","0","0","0","0","0","0","0","0","1","0","","36","08","2020","2020073612","4","39.9846","-76.0175","1652","08","0","0","1","0","0","0","0","1","","0","0","0","16","1","0","00","1","39 59:04.733","1","00","76 01:03.151","0","0","0","0","36232","0","0","0","N","0","0","0","2","68J01","0","","1","01","N","N","0","","0","0","1","0","0","N","1646","0","2","0","0","0","0","0","1","0","2","N","","","","","","","","","","","1745","03","03","","N","Y"
"0659","1","0","0","0","0","0","0","0","0","6","1","","36","08","2020","2020073625","2","40.1341","-75.9581","0634","08","0","0","0","0","0","2","0","0","","0","1","0","06","5","1","00","2","40 08:02.629","6","00","75 57:29.127","3","0","0","0","36203","0","0","0","N","0","0","0","2","68J01","0","","1","01","N","N","0","","1","0","0","0","0","Y","0631","1","2","0","0","0","0","0","1","0","2","N","","","","","","","","","","","0753","05","03","","N","N"
"1307","1","0","0","0","0","0","0","0","0","1","0","","36","08","2020","2020073668","3","39.9916","-76.0175","1252","08","1","0","0","0","0","0","0","0","","0","0","0","12","1","0","00","2","39 59:29.742","3","00","76 01:03.112","0","0","0","0","36232","0","0","0","N","0","0","0","2","68J01","0","","1","01","N","N","0","","0","0","1","3","2","N","1250","0","2","0","0","0","0","0","1","0","2","N","","","","","","","","","","","1320","03","03","","N","Y"
"1821","0","0","0","0","0","0","0","0","0","0","0","","36","08","2020","2020073720","2","39.904","-76.0936","1756","08","0","0","0","0","0","0","0","0","","0","0","0","17","1","0","00","2","39 54:14.400","6","00","76 05:37.010","0","0","0","0","36201","0","0","0","N","0","0","0","1","68J01","0","","1","09","N","N","0","","0","0","1","0","0","Y","1753","0","1","0","0","0","0","0","1","0","1","N","","","","","","","","","","","1900","07","04","","N","N"
"0950","0","0","0","0","0","0","0","0","0","4","0","","36","09","2020","2020073787","6","39.9887","-75.9846","0936","08","0","0","0","0","0","0","0","0","","0","0","0","09","1","0","01","1","39 59:19.233","3","00","75 59:04.464","0","0","0","0","36232","0","0","0","N","0","0","0","3","68J01","0","","1","01","N","N","0","","0","0","2","3","3","N","0934","0","2","0","0","0","0","0","1","0","2","N","","","","","","","","","","","1029","03","03","","N","N"
"2334","1","0","0","0","0","0","0","0","0","7","0","","36","09","2020","2020073804","6","40.1122","-75.9813","2318","08","0","0","0","0","0","0","0","0","","0","0","0","23","2","1","00","0","40 06:43.971","","00","75 58:52.703","4","0","0","0","36203","0","0","0","N","0","0","0","3","68J01","1","","4","01","N","N","1","","0","0","1","0","0","","2317","1","3","0","0","1","0","0","1","0","3","N","","","","","","","","","","","","03","03","","Y","N"
"2314","1","0","0","0","0","0","0","0","0","7","0","","36","09","2020","2020073822","7","39.9941","-76.0346","2306","08","0","0","0","0","0","0","0","0","","0","0","0","23","2","2","00","2","39 59:38.925","6","00","76 02:04.474","3","0","0","0","36232","0","0","0","N","0","0","0","2","68J01","1","","4","01","N","N","0","","1","0","0","0","0","Y","2302","2","1","0","0","0","0","0","1","0","1","N","","","","","","","","","","","2355","03","03","","N","N"
"1605","1","0","0","0","0","0","0","0","0","4","0","","36","09","2020","2020073834","1","40.0022","-75.9802","1547","08","0","0","1","0","0","0","0","0","","0","0","0","15","1","0","01","1","40 00:08.085","7","00","75 58:48.781","0","0","0","0","36232","0","0","0","N","0","0","0","2","68J01","0","","1","01","N","N","0","","0","0","1","1","3","N","1542","0","2","0","0","1","0","0","1","0","2","N","","","","","","","","","","","1620","03","  ","","N","N"
"1438","0","0","0","0","0","0","0","0","0","6","0","","36","06","2020","2020073866","5","39.7739","-76.1791","1415","08","0","0","0","0","0","0","1","0","","0","0","0","13","1","1","01","0","39 46:25.988","","00","76 10:44.934","4","0","0","0","36219","0","0","0","N","0","0","0","3","68J01","1","","1","01","N","N","0","","0","0","2","3","3","","1356","1","2","0","0","0","0","0","1","0","2","N","","","","","","","","","","","","03","03","","N","N"
"1240","1","0","1","0","0","0","0","0","0","2","0","","36","07","2020","2020073869","4","39.779","-76.1168","1214","08","0","0","0","0","0","1","0","0","","0","0","0","12","1","1","02","1","39 46:44.379","7","00","76 07:00.453","2","0","0","0","36222","0","0","0","N","0","0","0","2","68J01","0","","1","01","N","N","0","","0","1","1","3","3","N","1213","1","2","0","0","0","0","0","1","0","2","N","","","","","","","","","","","1300","03","03","","N","N"
"0508","2","0","0","0","0","0","0","0","0","5","0","","36","09","2020","2020073907","2","40.031","-76.2989","0459","08","0","0","0","0","0","0","0","0","","0","0","0","04","3","0","00","0","40 01:51.500","","00","76 17:56.100","0","0","0","0","36301","0","0","0","N","0","0","0","1","36301","0","","2","01","N","N","0","","0","0","1","0","0","","0456","0","3","0","0","1","0","0","3","0","3","N","","","","","","","","","","","","99","  ","","N","N"
"0300","1","0","0","0","0","0","0","0","0","7","0","","36","09","2020","2020073917","2","40.1694","-76.1978","0300","08","0","0","0","0","0","0","0","0","","0","0","0","02","3","0","02","0","40 10:09.748","","00","76 11:51.952","0","0","0","0","36408","0","0","0","N","0","0","0","1","36408","0","","5","01","N","N","0","","0","0","0","3","2","","0258","0","1","0","0","0","0","0","2","0","1","N","","","","","","","","","","","","03","03","","N",""
"0133","2","0","0","0","0","0","0","0","0","4","0","","36","09","2020","2020073938","2","40.0432","-76.3285","0124","08","0","0","0","0","0","1","0","0","","0","0","0","01","3","2","01","1","40 02:35.541","1","00","76 19:42.722","4","0","0","0","36220","0","0","0","N","0","0","0","2","36101","2","","1","01","N","N","0","","0","0","0","3","2","N","0122","2","2","0","0","0","0","0","3","0","2","N","","","","","","","","","","","0235","03","  ","","N",""