"ARRIVAL_TM","AUTOMOBILE_COUNT","BELTED_DEATH_COUNT","BELTED_SUSP_SERIOUS_INJ_COUNT","BICYCLE_COUNT","BICYCLE_DEATH_COUNT","BICYCLE_SUSP_SERIOUS_INJ_COUNT","BUS_COUNT","CHLDPAS_DEATH_COUNT","CHLDPAS_SUSP_SERIOUS_INJ_COUNT","COLLISION_TYPE","COMM_VEH_COUNT","CONS_ZONE_SPD_LIM","COUNTY","CRASH_MONTH","CRASH_YEAR","CRN","DAY_OF_WEEK","DEC_LAT","DEC_LONG","DISPATCH_TM","DISTRICT","DRIVER_COUNT_16YR","DRIVER_COUNT_17YR","DRIVER_COUNT_18YR","DRIVER_COUNT_19YR","DRIVER_COUNT_20YR","DRIVER_COUNT_50_64YR","DRIVER_COUNT_65_74YR","DRIVER_COUNT_75PLUS","EST_HRS_CLOSED","FATAL_COUNT","HEAVY_TRUCK_COUNT","HORSE_BUGGY_COUNT","HOUR_OF_DAY","ILLUMINATION","INJURY_COUNT","INTERSECT_TYPE","LANE_CLOSED","LATITUDE","LN_CLOSE_DIR","LOCATION_TYPE","LONGITUDE","MAX_SEVERITY_LEVEL","MCYCLE_DEATH_COUNT","MCYCLE_SUSP_SERIOUS_INJ_COUNT","MOTORCYCLE_COUNT","MUNICIPALITY","NONMOTR_COUNT","NONMOTR_DEATH_COUNT","NONMOTR_SUSP_SERIOUS_INJ_COUNT","NTFY_HIWY_MAINT","PED_COUNT","PED_DEATH_COUNT","PED_SUSP_SERIOUS_INJ_COUNT","PERSON_COUNT","POLICE_AGCY","POSSIBLE_INJ_COUNT","RDWY_SURF_TYPE_CD","RELATION_TO_ROAD","ROAD_CONDITION","SCH_BUS_IND","SCH_ZONE_IND","SMALL_TRUCK_COUNT","SPEC_JURIS_CD","SUSP_MINOR_INJ_COUNT","SUSP_SERIOUS_INJ_COUNT","SUV_COUNT","TCD_FUNC_CD","TCD_TYPE","TFC_DETOUR_IND","TIME_OF_DAY","TOT_INJ_COUNT","TOTAL_UNITS","UNB_DEATH_COUNT","UNB_SUSP_SERIOUS_INJ_COUNT","UNBELTED_OCC_COUNT","UNK_INJ_DEG_COUNT","UNK_INJ_PER_COUNT","URBAN_RURAL","VAN_COUNT","VEHICLE_COUNT","WORK_ZONE_IND","WORK_ZONE_LOC","WORK_ZONE_TYPE","WORKERS_PRES","WZ_CLOSE_DETOUR","WZ_FLAGGER","WZ_LAW_OFFCR_IND","WZ_LN_CLOSURE","WZ_MOVING","WZ_OTHER","WZ_SHLDER_MDN","ROADWAY_CLEARED","WEATHER1","WEATHER2","WZ_WORKERS_INJ_KILLED","SECONDARY_CRASH","INTERSECTION_RELATED"
"1833","1","0","0","0","0","0","0","0","0","4","0","","36","09","2020","2020073939","4","40.0709","-76.3176","1831","08","0","1","0","0","0","0","0","0","","0","0","0","18","1","5","01","1","40 04:15.221","1","00","76 19:03.325","3","0","0","0","36101","0","0","0","N","0","0","0","5","36101","1","","1","01","N","N","0","","4","0","1","3","2","N","1830","5","2","0","0","0","0","0","3","0","2","N","","","","","","","","","","","1923","03","03","","N",""
"1705","2","0","0","0","0","0","0","0","0","2","0","","36","09","2020","2020073940","1","40.0691","-76.3569","1701","08","0","0","0","0","0","0","0","0","","0","0","0","16","1","0","01","2","40 04:08.816","7","00","76 21:24.786","0","0","0","0","36214","0","0","0","N","0","0","0","3","36214","0","","1","01","N","N","0","","0","0","0","3","2","Y","1659","0","2","0","0","0","0","0","3","0","2","N","","","","","","","","","","","1750","03","  ","","N",""
"1516","0","0","0","0","0","0","0","0","0","8","1","","36","09","2020","2020073966","4","40.0494","-76.3264","1510","08","0","0","0","0","0","0","0","0","","0","1","0","15","1","1","00","2","40 02:58.000","6","00","76 19:34.900","8","0","0","0","36301","1","0","0","N","1","0","0","2","36301","0","","1","01","N","N","0","","0","0","0","0","0","Y","1507","1","2","0","0","0","1","0","3","0","1","N","","","","","","","","","","","1605","03","03","","N","N"
"1054","1","0","0","0","0","0","0","0","0","1","0","","36","09","2020","2020073967","3","39.995","-76.3144","1049","08","0","0","0","0","0","0","0","0","","0","1","0","10","1","1","02","1","39 59:42.093","1","00","76 18:51.785","8","0","0","0","36228","0","0","0","N","0","0","0","2","36228","0","","1","01","N","N","0","","0","0","0","0","0","Y","1046","1","2","0","0","0","1","0","1","0","2","N","","","","","","","","","","","1115","03","  ","","N","N"
"0705","0","0","0","0","0","0","0","0","0","1","1","","36","09","2020","2020074040","6","40.2192","-76.085","0654","08","0","0","0","0","0","0","1","0","","0","1","0","06","1","0","00","0","40 13:09.253","","00","76 05:05.997","0","0","0","0","36210","0","0","0","N","0","0","0","3","68T06","0","","1","01","N","N","1","","0","0","0","0","0","","0652","0","2","0","0","0","0","0","1","0","2","N","","","","","","","","","","","","03","  ","","N","N"
"2050","2","0","0","0","0","0","0","0","0","5","0","","36","09","2020","2020074237","7","40.0348","-76.3056","2046","08","1","0","0","0","0","0","0","0","","0","0","0","20","3","0","00","2","40 02:05.100","4","00","76 18:20.100","0","0","0","0","36301","0","0","0","N","0","0","0","1","36301","0","","6","01","N","N","0","","0","0","1","0","0","Y","2043","0","3","0","0","0","0","0","3","0","3","N","","","","","","","","","","","2132","03","03","","N","N"
"1023","2","0","0","0","0","0","0","0","0","4","0","","36","09","2020","2020074063","6","39.989","-76.18","1016","08","0","0","0","0","0","1","0","1","","0","0","0","10","1","0","00","1","39 59:20.444","2","00","76 10:48.092","0","0","0","0","36417","0","0","0","N","0","0","0","3","36417","0","","1","01","N","N","0","","0","0","0","0","0","N","1016","0","2","0","0","0","0","0","1","0","2","N","","","","","","","","","","","1110","03","03","","N","N"
"1520","1","0","0","0","0","0","0","0","0","3","0","","36","09","2020","2020074455","4","40.1551","-76.1244","1514","08","0","0","0","1","0","0","0","0","","0","0","0","15","1","2","02","1","40 09:18.278","1","00","76 07:27.939","3","0","0","0","36218","0","0","0","N","0","0","0","6","36408","0","","1","09","N","N","0","","2","0","0","3","3","Y","1514","2","2","0","0","0","0","0","1","1","2","N","","","","","","","","","","","1600","07","07","","N","N"
"1957","0","0","0","0","0","0","0","0","0","7","1","","36","09","2020","2020074107","4","40.1012","-76.0887","1954","08","0","0","0","0","0","0","0","0","","0","1","0","19","3","0","00","0","40 06:04.200","","00","76 05:19.160","0","0","0","0","36415","0","0","0","N","0","0","0","1","36415","0","","1","01","N","N","0","","0","0","0","0","0","","1953","0","1","0","0","0","0","0","1","0","1","N","","","","","","","","","","","","03","  ","","N","N"
"1543","1","0","2","0","0","0","0","0","0","4","0","","36","09","2020","2020074106","7","40.0817","-76.1157","1540","08","0","0","0","0","0","2","0","0","","0","0","0","15","1","6","01","2","40 04:54.116","7","00","76 06:56.550","2","0","0","0","36234","0","0","0","N","0","0","0","6","36415","0","","1","01","N","N","0","","4","2","1","3","3","Y","1537","6","2","0","0","0","0","0","1","0","2","N","","","","","","","","","","","1640","03","03","","N",""
"1615","1","0","0","0","0","0","0","0","0","4","0","","36","09","2020","2020074105","7","40.0187","-76.1739","1611","08","0","0","0","0","0","1","0","0","","0","0","0","16","1","3","01","2","40 01:07.427","7","00","76 10:26.160","3","0","0","0","36215","0","0","0","N","0","0","0","3","36215","2","","1","01","N","N","0","","1","0","1","3","3","N","1611","3","2","0","0","1","0","0","1","0","2","N","","","","","","","","","","","1712","03","03","","N",""
"2212","1","0","0","0","0","0","0","0","0","5","0","","36","09","2020","2020074241","4","40.0403","-76.2985","2210","08","0","0","0","0","0","0","0","0","","0","0","0","22","3","1","00","2","40 02:25.200","4","00","76 17:54.700","3","0","0","0","36301","0","0","0","N","0","0","0","6","36301","0","","1","01","N","N","0","","1","0","1","0","0","N","2209","1","3","0","0","0","0","0","3","1","3","N","","","","","","","","","","","2311","03","03","","N","N"
"1854","1","0","0","0","0","0","0","0","0","7","0","","36","09","2020","2020074131","4","40.1765","-76.168","1844","08","0","0","0","0","0","0","0","0","","0","0","0","18","1","0","00","0","40 10:35.289","","00","76 10:04.916","0","0","0","0","36408","0","0","0","N","0","0","0","2","36408","0","","5","01","N","N","0","","0","0","0","0","0","","1844","0","1","0","0","2","0","0","2","0","1","N","","","","","","","","","","","","03","  ","","N","N"
"2225","1","0","0","0","0","0","0","0","0","7","0","","36","07","2020","2020074135","5","40.0025","-76.0931","2219","08","0","0","0","0","0","0","0","0","","0","0","0","22","3","0","00","0","40 00:08.906","","00","76 05:35.134","0","0","0","0","36226","0","0","0","N","0","0","0","1","68J01","0","","5","01","N","N","0","","0","0","0","0","0","","2216","0","1","0","0","0","0","0","1","0","1","N","","","","","","","","","","","","03","04","","N","N"
"1953","0","0","0","0","0","0","0","0","0","4","0","","36","08","2020","2020074136","2","39.9135","-76.0453","1740","08","0","0","0","0","0","0","0","0","","0","1","0","17","4","2","01","2","39 54:48.553","7","00","76 02:42.913","3","0","0","0","36201","0","0","0","N","0","0","0","7","68J01","0","","1","09","N","N","1","","2","0","0","3","3","N","1738","2","2","0","0","1","0","0","1","0","2","N","","","","","","","","","","","0100","07","  ","","N","N"
"1212","0","0","0","0","0","0","0","0","0","7","0","","36","08","2020","2020074138","3","40.1557","-76.0461","1143","08","0","0","0","0","0","1","0","0","","0","0","0","11","1","0","00","0","40 09:20.436","","00","76 02:46.079","0","0","0","0","36418","0","0","0","N","0","0","0","1","68J01","0","","4","01","N","N","0","","0","0","0","0","0","","1135","0","1","0","0","0","0","0","1","1","1","N","","","","","","","","","","","","03","03","","N","N"
"1017","0","0","0","0","0","0","0","0","0","7","0","","36","08","2020","2020074137","3","40.1108","-75.9677","1004","08","0","0","0","0","0","0","0","0","","0","0","0","09","1","1","00","2","40 06:38.706","6","00","75 58:03.737","3","0","0","0","36203","0","0","0","N","0","0","0","1","68J01","0","","4","01","N","N","0","","1","0","1","0","0","Y","0948","1","1","0","0","0","0","0","1","0","1","N","","","","","","","","","","","0030","03","03","","N","N"
"1349","0","0","0","0","0","0","0","0","0","7","0","","36","08","2020","2020074142","6","40.2216","-76.2639","1332","08","0","1","0","0","0","0","0","0","","0","0","0","13","1","1","00","2","40 13:17.713","3","00","76 15:49.977","3","0","0","0","36217","0","0","0","N","0","0","0","1","68J01","0","","4","01","N","N","0","","1","0","1","0","0","Y","1329","1","1","0","0","0","0","0","1","0","1","N","","","","","","","","","","","1445","03","  ","","N","N"
"1237","0","0","0","0","0","0","0","0","0","2","0","","36","08","2020","2020074141","6","40.0007","-76.0793","1224","08","0","0","0","0","0","2","0","0","","0","0","0","12","1","2","03","1","40 00:02.517","4","00","76 04:45.301","3","0","0","0","36226","0","0","0","N","0","0","0","2","68J01","0","","1","01","N","N","1","","2","0","1","0","0","N","1221","2","2","0","0","0","0","0","1","0","2","N","","","","","","","","","","","1315","03","03","","N","N"
"1514","0","0","0","0","0","0","0","0","0","4","0","","36","08","2020","2020074144","7","39.9945","-76.0291","1500","08","0","0","0","0","0","0","0","0","","0","0","0","14","1","0","01","0","39 59:40.359","","00","76 01:44.728","0","0","0","0","36232","0","0","0","N","0","0","0","8","68J01","0","","1","01","N","N","0","","0","0","2","3","2","","1447","0","2","0","0","0","0","0","1","0","2","N","","","","","","","","","","","","03","03","","N","N"
"1210","1","0","0","0","0","0","0","0","0","7","0","","36","08","2020","2020074151","6","39.8557","-76.2806","1155","08","0","0","0","0","0","1","0","0","","0","0","0","11","1","1","00","2","39 51:20.552","3","00","76 16:50.076","8","0","0","0","36224","0","0","0","N","0","0","0","1","68J01","0","","4","01","N","N","0","","0","0","0","0","0","N","1151","1","1","0","0","0","1","0","1","0","1","N","","","","","","","","","","","1215","03","03","","N","N"
"1935","0","0","0","0","0","0","0","0","0","7","0","","36","08","2020","2020074146","2","39.909","-76.235","1921","08","0","0","0","0","0","0","0","0","","0","0","0","19","1","0","00","0","39 54:32.400","","00","76 14:06.000","0","0","0","0","36229","0","0","0","N","0","0","0","1","68J01","0","","4","01","N","N","0","","0","0","1","0","0","","1908","0","1","0","0","0","0","0","1","0","1","N","","","","","","","","","","","","03","03","","N","N"
"0952","1","0","0","0","0","0","0","0","0","6","0","","36","08","2020","2020074154","3","39.9277","-76.0703","0940","08","0","0","0","0","0","0","0","0","","0","1","0","09","1","1","00","2","39 55:39.551","2","00","76 04:13.205","3","0","0","0","36201","0","0","0","N","0","0","0","2","68J01","0","","1","01","N","N","0","","1","0","0","0","0","N","0938","1","2","0","0","1","0","0","1","0","2","N","","","","","","","","","","","1115","03","03","","N","N"
"1807","0","0","0","0","0","0","0","0","0","4","0","","36","08","2020","2020074156","4","40.0172","-76.0586","1755","08","0","0","0","0","0","0","0","0","","0","0","0","17","1","0","02","1","40 01:01.772","4","00","76 03:30.931","0","0","0","0","36232","0","0","0","N","0","0","0","4","68J01","0","","1","01","N","N","1","","0","0","1","3","3","N","1751","0","2","0","0","0","0","0","1","0","2","N","","","","","","","","","","","0710","03","  ","","N","N"
"0838","0","0","0","0","0","0","0","0","0","0","0","","36","08","2020","2020074152","2","40.1066","-75.9525","0838","08","0","0","0","0","0","0","0","0","","0","0","0","08","1","1","00","1","40 06:23.648","3","07","75 57:08.922","8","0","0","1","36203","0","0","0","N","0","0","0","1","68J01","0","","1","01","N","N","0","","0","0","0","0","0","N","0830","1","2","0","0","0","1","0","1","0","1","N","","","","","","","","","","","0900","03","  ","","N","N"
"1529","1","0","0","0","0","0","0","0","0","7","0","","36","08","2020","2020074162","1","39.7789","-76.0813","1508","08","0","0","0","0","0","0","0","0","","0","0","0","14","1","0","00","0","39 46:44.200","","00","76 04:52.587","0","0","0","0","36222","0","0","0","N","0","0","0","1","68J01","0","","4","01","N","N","0","","0","0","1","0","0","","1458","0","2","0","0","0","0","0","1","0","2","N","","","","","","","","","","","","03","  ","","N","N"
"2006","1","0","0","0","0","0","0","0","0","7","0","","36","08","2020","2020074163","1","39.9258","-76.3634","1952","08","0","0","0","0","0","0","0","0","","0","0","0","19","2","1","00","1","39 55:32.850","5","00","76 21:48.170","3","0","0","0","36206","0","0","0","N","0","0","0","1","68J01","0","","4","01","N","N","0","","1","0","0","0","0","N","1948","1","1","0","0","0","0","0","1","0","1","N","","","","","","","","","","","0845","03","  ","","N","N"
"0745","0","0","0","0","0","0","0","0","0","4","1","","36","09","2020","2020074164","3","40.0523","-76.1013","0736","08","0","0","0","0","0","1","0","0","","0","1","0","07","1","0","00","2","40 03:08.250","5","00","76 06:04.840","0","0","0","0","36221","0","0","0","N","0","0","0","2","68J01","0","","1","01","N","N","0","","0","0","1","0","0","Y","0734","0","2","0","0","0","0","0","1","0","2","N","","","","","","","","","","","0830","03","  ","","N","Y"
"2211","0","0","0","0","0","0","0","0","0","4","0","","36","09","2020","2020074172","4","39.9841","-76.2913","2201","08","0","0","0","1","0","0","0","0","","0","1","0","21","3","0","01","1","39 59:02.813","5","00","76 17:28.847","0","0","0","0","36228","0","0","0","N","0","0","0","2","68J01","0","","1","09","N","N","0","","0","0","1","3","2","N","2148","0","2","0","0","0","0","0","1","0","2","N","","","","","","","","","","","0020","03","  ","","N","N"
"1721","1","0","0","0","0","0","0","0","0","1","0","","36","09","2020","2020074193","4","40.1872","-76.0494","1703","08","0","0","0","0","0","0","0","0","","0","0","0","16","1","0","00","0","40 11:13.973","","00","76 02:57.943","0","0","0","0","36202","0","0","0","N","0","0","0","2","68J01","0","","1","01","N","N","1","","0","0","0","0","0","","1658","0","2","0","0","0","0","0","1","0","2","N","","","","","","","","","","","","03","  ","","N","N"
"1601","0","0","0","0","0","0","0","0","0","0","0","","36","07","2020","2020074197","1","39.8825","-76.3183","1553","08","0","0","0","0","0","1","0","0","","0","0","0","15","1","1","00","2","39 52:57.170","5","00","76 19:05.940","2","0","1","1","36224","0","0","0","N","0","0","0","2","68J01","0","","1","01","N","N","0","","0","1","0","0","0","Y","1550","1","1","0","0","0","0","0","1","0","1","N","","","","","","","","","","","1800","03","03","","N","N"
"1800","1","0","0","0","0","0","0","0","0","4","0","","36","09","2020","2020074229","5","40.036","-76.2868","1750","08","0","0","0","0","0","0","0","0","","0","0","0","17","1","0","01","0","40 02:09.618","","00","76 17:12.530","0","0","0","1","36301","0","0","0","N","0","0","0","2","36301","0","","1","09","N","N","0","","0","0","0","3","3","","1749","0","2","0","0","0","0","0","3","0","2","N","","","","","","","","","","","","07","07","","N",""
"1642","1","0","0","0","0","0","0","0","0","7","0","","36","08","2020","2020074246","5","39.9718","-76.2682","1622","08","0","0","0","0","1","0","0","0","","0","0","0","16","1","0","00","1","39 58:18.407","4","00","76 16:05.458","0","0","0","0","36240","0","0","0","N","0","0","0","1","36240","0","","5","01","N","N","0","","0","0","0","0","0","N","1615","0","1","0","0","0","0","0","1","0","1","N","","","","","","","","","","","1714","03","03","","N","N"
"1900","1","0","0","0","0","0","0","0","0","7","0","","36","08","2020","2020074261","2","40.222","-76.1038","1856","08","0","0","0","0","0","1","0","0","","0","0","0","18","1","0","00","0","40 13:19.071","","00","76 06:13.581","0","0","0","0","36210","0","0","0","N","0","0","0","1","36210","0","","5","01","N","N","0","","0","0","0","0","0","","1856","0","1","0","0","0","0","0","1","0","1","N","","","","","","","","","","","","03","  ","","N","N"
"1728","1","0","0","0","0","0","0","0","0","4","0","","36","09","2020","2020074263","5","40.224","-76.1472","1723","08","0","1","0","0","0","0","0","1","","0","0","0","17","1","1","01","0","40 13:26.276","","00","76 08:49.774","3","0","0","0","36405","0","0","0","N","0","0","0","4","36210","0","","1","09","N","N","0","","1","0","1","3","3","","1722","1","2","0","0","0","0","0","1","0","2","N","","","","","","","","","","","","03","  ","","N","N"
"1248","1","0","0","0","0","0","0","0","0","1","0","","36","09","2020","2020074269","5","40.0624","-76.3531","1248","08","0","0","0","0","0","1","0","1","","0","0","0","12","1","1","02","1","40 03:44.492","1","00","76 21:11.066","8","0","0","0","36214","0","0","0","N","0","0","0","2","36214","0","","1","09","N","N","0","","0","0","1","0","0","N","1248","1","2","0","0","0","1","0","3","0","2","N","","","","","","","","","","","0030","07","  ","","N",""
"2025","3","0","0","0","0","0","0","0","0","5","0","","36","09","2020","2020074270","5","40.1006","-76.1034","2019","08","0","0","0","1","0","0","0","0","","0","0","0","20","3","0","00","0","40 06:02.300","","00","76 06:12.200","0","0","0","0","36415","0","0","0","N","0","0","0","1","36415","0","","6","09","N","N","0","","0","0","0","0","0","","2018","0","3","0","0","0","0","0","1","0","3","N","","","","","","","","","","","","07","  ","","N","N"
"1731","0","0","0","0","0","0","0","0","0","2","0","","36","09","2020","2020074287","5","40.0273","-76.3037","1731","08","0","0","0","0","0","0","0","0","","0","0","0","17","1","0","02","2","40 01:38.209","5","00","76 18:13.347","0","0","0","0","36301","0","0","0","N","0","0","0","1","36301","0","","5","04","N","N","1","","0","0","0","3","2","Y","1713","0","1","0","0","0","0","0","3","0","1","N","","","","","","","","","","","1817","07","  ","","N","N"
"1924","2","0","0","0","0","0","0","0","0","6","0","","36","08","2020","2020074325","1","40.0351","-76.5003","1916","08","0","0","0","0","0","1","0","0","","0","0","0","19","1","0","00","0","40 02:06.329","","00","76 30:01.245","0","0","0","0","36404","0","0","0","N","0","0","0","2","36404","0","","4","01","N","N","0","","0","0","0","0","0","","1916","0","2","0","0","0","0","0","3","0","2","N","","","","","","","","","","","","03","03","","N","Y"
"1310","1","0","0","0","0","0","0","0","0","4","0","","36","09","2020","2020074428","6","40.0464","-76.3107","1307","08","0","0","0","0","0","0","1","0","","0","0","0","13","1","1","00","0","40 02:46.889","","07","76 18:38.612","3","0","0","1","36301","0","0","0","N","0","0","0","2","36301","0","","1","01","N","N","0","","1","0","0","0","0","","1306","1","2","0","0","0","0","0","3","0","2","N","","","","","","","","","","","","04","  ","","N","N"
"1717","0","0","0","0","0","0","0","0","0","7","0","","36","09","2020","2020074434","5","39.9819","-76.2778","1713","08","0","0","0","0","0","1","0","0","","0","0","0","17","1","1","00","1","39 58:54.771","1","00","76 16:40.055","3","0","0","0","36240","0","0","0","N","0","0","0","1","36240","0","","5","09","N","N","0","","1","0","1","0","0","N","1711","1","1","0","0","0","0","0","1","0","1","N","","","","","","","","","","","1800","04","  ","","N","N"
"1916","1","0","0","0","0","0","0","0","0","98","0","","36","09","2020","2020074465","5","40.0742","-76.333","1910","08","0","1","0","0","0","0","0","0","","0","0","0","19","4","0","00","1","40 04:26.971","3","00","76 19:58.824","0","0","0","0","36101","0","0","0","N","0","0","0","2","36101","0","","9","08","N","N","0","","0","0","1","0","0","N","1910","0","3","0","0","0","0","0","3","0","2","N","","","","","","","","","","","0100","07","  ","","N","N"
"0506","0","0","0","0","0","0","0","0","0","7","0","","36","09","2020","2020074466","6","40.0747","-76.3214","0456","08","0","0","0","0","0","1","0","0","","0","0","0","04","3","0","00","1","40 04:28.836","1","00","76 19:17.063","0","0","0","0","36101","0","0","0","N","0","0","0","1","36101","0","","5","01","N","N","0","","0","0","1","0","0","N","0450","0","1","0","0","0","0","0","3","0","1","N","","","","","","","","","","","0545","05","  ","","N","N"
"1055","0","0","0","0","0","0","0","0","0","4","0","","36","09","2020","2020074467","3","40.0348","-76.3245","1045","08","0","0","0","0","0","0","0","0","","0","0","0","10","1","0","02","0","40 02:05.326","","00","76 19:28.020","0","0","0","0","36220","0","0","0","N","0","0","0","2","36101","0","","1","01","N","N","0","","0","0","2","3","3","","1042","0","2","0","0","0","0","0","3","0","2","N","","","","","","","","","","","","03","03","","N",""
"1343","1","0","0","0","0","0","0","0","0","7","0","","36","09","2020","2020074470","4","40.0293","-76.3237","1336","08","0","0","0","0","0","0","0","1","","0","0","0","13","1","2","00","1","40 01:45.374","4","00","76 19:25.373","3","0","0","0","36220","0","0","0","N","0","0","0","2","36101","1","","5","01","N","N","0","","1","0","0","0","0","Y","1331","2","1","0","0","0","0","0","3","0","1","N","","","","","","","","","","","1450","03","  ","","N","N"
"1712","0","0","0","0","0","0","0","0","0","1","0","","36","09","2020","2020074469","3","40.0724","-76.2871","1701","08","0","0","0","0","0","1","0","0","","0","0","0","17","1","2","00","0","40 04:20.548","","00","76 17:13.505","3","0","0","0","36101","0","0","0","N","0","0","0","3","36101","0","","1","01","N","N","0","","2","0","1","0","0","","1700","2","3","0","0","0","0","0","3","2","3","N","","","","","","","","","","","","03","  ","","N","N"
"0957","0","0","0","0","0","0","0","0","0","1","1","","36","09","2020","2020074472","3","40.1057","-76.4291","0943","08","0","0","0","0","0","1","0","0","","0","1","0","09","1","1","00","2","40 06:20.684","3","01","76 25:44.762","3","0","0","0","36214","0","0","0","N","0","0","0","2","36214","0","","1","01","N","N","1","","1","0","0","0","0","Y","0940","1","2","0","0","0","0","0","3","0","2","N","","","","","","","","","","","0100","03","03","","Y","N"
"1005","1","0","0","0","0","0","0","0","0","4","0","","36","09","2020","2020074473","3","40.1057","-76.4264","1005","08","0","0","0","0","0","0","0","1","","0","0","0","09","1","0","01","0","40 06:20.352","","00","76 25:34.862","0","0","0","0","36214","0","0","0","N","0","0","0","2","36214","0","","1","01","N","N","0","","0","0","1","0","0","","0945","0","2","0","0","0","0","0","3","0","2","N","","","","","","","","","","","","03","03","","N",""
"1207","2","0","0","0","0","0","0","0","0","4","0","","36","09","2020","2020074474","5","40.0624","-76.3531","1203","08","0","0","0","0","0","1","0","0","","0","0","0","12","1","2","02","1","40 03:44.492","5","00","76 21:11.066","3","0","0","0","36214","0","0","0","N","0","0","0","3","36214","0","","1","09","N","N","0","","2","0","0","3","3","Y","1200","2","2","0","0","0","0","0","3","0","2","N","","","","","","","","","","","1225","07","  ","","N",""
"2020","1","0","0","0","0","0","0","0","0","4","0","","36","09","2020","2020074476","4","40.1432","-76.3063","2020","08","0","1","0","0","0","0","0","0","","0","0","0","20","3","0","01","0","40 08:35.653","","00","76 18:22.859","9","0","0","0","36409","0","0","0","N","0","0","0","3","36409","0","","1","01","N","N","1","","0","0","0","3","3","","2020","0","2","0","0","0","0","3","3","0","2","N","","","","","","","","","","","","03","  ","","N",""
"0930","0","0","0","0","0","0","0","0","0","7","0","55","36","09","2020","2020074471","3","40.0888","-76.3806","0901","08","0","0","0","0","0","0","0","0","","0","0","0","08","1","0","00","2","40 05:19.790","3","01","76 22:50.072","0","0","0","0","36214","0","0","0","N","0","0","0","1","36214","0","","1","01","N","N","0","","0","0","1","0","0","N","0859","0","1","0","0","0","0","0","3","0","1","Y","4","1","Y","N","N","N","N","N","N","Y","0946","04","05","N","N","N"
"1714","1","0","0","0","0","0","0","0","0","5","0","","36","09","2020","2020074475","5","40.1068","-76.4319","1708","08","0","1","0","0","0","0","0","0","","0","0","0","17","1","2","00","2","40 06:24.653","3","00","76 25:54.774","3","0","0","0","36230","0","0","0","N","0","0","0","2","36214","1","","1","01","N","N","1","","1","0","0","0","0","Y","1705","2","2","0","0","0","0","0","1","0","2","N","","","","","","","","","","","1802","03","  ","","N","N"
"0328","1","0","0","0","0","0","0","0","0","7","0","","36","09","2020","2020074616","4","40.1036","-76.2546","0319","08","0","0","0","0","0","0","0","0","","0","0","0","03","2","0","00","0","40 06:13.112","","00","76 15:16.518","9","0","0","0","36101","0","0","0","N","0","0","0","1","36101","0","","3","01","N","N","0","","0","0","0","0","0","","0316","0","1","0","0","0","0","1","3","0","1","N","","","","","","","","","","","","03","  ","","N","N"
"0246","0","0","0","0","0","0","0","0","0","7","0","","36","05","2020","2020074558","1","39.9663","-76.173","0152","08","0","0","0","0","0","0","0","0","","0","0","0","01","2","1","00","2","39 57:58.524","5","00","76 10:22.945","3","0","0","0","36233","0","0","0","N","0","0","0","1","68J01","0","","4","01","N","N","1","","1","0","0","0","0","Y","0144","1","1","0","0","1","0","0","1","0","1","N","","","","","","","","","","","0246","03","  ","","N","N"
"1224","0","0","0","0","0","0","0","0","0","4","0","","36","09","2020","2020074617","6","40.0378","-76.3637","1217","08","0","0","0","0","0","1","0","1","","0","0","0","12","1","1","01","0","40 02:16.155","","00","76 21:49.258","3","0","0","0","36223","0","0","0","N","0","0","0","3","36223","0","","1","01","N","N","1","","1","0","1","3","3","","1214","1","2","0","0","0","0","0","1","0","2","N","","","","","","","","","","","","04","  ","","N",""
"1914","1","0","0","0","0","0","0","0","0","4","0","","36","09","2020","2020074630","5","40.1968","-76.1692","1910","08","0","0","0","0","0","1","0","0","","0","0","0","19","1","2","01","1","40 11:48.459","1","00","76 10:08.984","8","0","0","0","36218","0","0","0","N","0","0","0","3","36408","0","","1","01","N","N","1","","0","0","0","3","2","N","1908","2","2","0","0","0","2","0","1","0","2","N","","","","","","","","","","","1845","03","03","","N","N"
"1656","1","0","0","0","0","0","0","0","0","1","0","","36","09","2020","2020074628","5","40.0925","-76.6638","1650","08","0","0","0","0","0","1","0","0","","0","0","0","16","1","2","01","2","40 05:33.143","5","00","76 39:49.645","8","0","0","0","36207","0","0","0","N","0","0","0","2","36504","0","","1","01","N","N","0","","0","0","1","0","0","Y","1648","2","2","0","0","0","2","0","1","0","2","N","","","","","","","","","","","1742","99","  ","","N",""
"1147","1","0","0","0","0","0","0","0","0","4","0","","36","09","2020","2020074670","6","40.1506","-76.6044","1143","08","0","0","0","0","0","0","0","1","","0","0","0","11","1","0","02","2","40 09:02.055","1","00","76 36:15.764","0","0","0","0","36407","0","0","0","N","0","0","0","2","36407","0","","2","01","N","N","1","","0","0","0","3","3","N","1141","0","2","0","0","0","0","0","2","0","2","N","","","","","","","","","","","1220","04","  ","","N",""
"0916","1","0","0","0","0","0","0","0","0","4","0","","36","09","2020","2020074672","7","40.0431","-76.3198","0915","08","0","0","0","0","0","0","0","0","","0","0","0","09","1","0","01","2","40 02:35.131","6","00","76 19:11.233","0","0","0","0","36301","0","0","0","N","0","0","0","3","36301","0","","1","01","N","N","1","","0","0","0","3","2","Y","0914","0","2","0","0","1","0","0","3","0","2","N","","","","","","","","","","","0945","04","  ","","N",""