"ARRIVAL_TM","AUTOMOBILE_COUNT","BELTED_DEATH_COUNT","BELTED_SUSP_SERIOUS_INJ_COUNT","BICYCLE_COUNT","BICYCLE_DEATH_COUNT","BICYCLE_SUSP_SERIOUS_INJ_COUNT","BUS_COUNT","CHLDPAS_DEATH_COUNT","CHLDPAS_SUSP_SERIOUS_INJ_COUNT","COLLISION_TYPE","COMM_VEH_COUNT","CONS_ZONE_SPD_LIM","COUNTY","CRASH_MONTH","CRASH_YEAR","CRN","DAY_OF_WEEK","DEC_LAT","DEC_LONG","DISPATCH_TM","DISTRICT","DRIVER_COUNT_16YR","DRIVER_COUNT_17YR","DRIVER_COUNT_18YR","DRIVER_COUNT_19YR","DRIVER_COUNT_20YR","DRIVER_COUNT_50_64YR","DRIVER_COUNT_65_74YR","DRIVER_COUNT_75PLUS","EST_HRS_CLOSED","FATAL_COUNT","HEAVY_TRUCK_COUNT","HORSE_BUGGY_COUNT","HOUR_OF_DAY","ILLUMINATION","INJURY_COUNT","INTERSECT_TYPE","LANE_CLOSED","LATITUDE","LN_CLOSE_DIR","LOCATION_TYPE","LONGITUDE","MAX_SEVERITY_LEVEL","MCYCLE_DEATH_COUNT","MCYCLE_SUSP_SERIOUS_INJ_COUNT","MOTORCYCLE_COUNT","MUNICIPALITY","NONMOTR_COUNT","NONMOTR_DEATH_COUNT","NONMOTR_SUSP_SERIOUS_INJ_COUNT","NTFY_HIWY_MAINT","PED_COUNT","PED_DEATH_COUNT","PED_SUSP_SERIOUS_INJ_COUNT","PERSON_COUNT","POLICE_AGCY","POSSIBLE_INJ_COUNT","RDWY_SURF_TYPE_CD","RELATION_TO_ROAD","ROAD_CONDITION","SCH_BUS_IND","SCH_ZONE_IND","SMALL_TRUCK_COUNT","SPEC_JURIS_CD","SUSP_MINOR_INJ_COUNT","SUSP_SERIOUS_INJ_COUNT","SUV_COUNT","TCD_FUNC_CD","TCD_TYPE","TFC_DETOUR_IND","TIME_OF_DAY","TOT_INJ_COUNT","TOTAL_UNITS","UNB_DEATH_COUNT","UNB_SUSP_SERIOUS_INJ_COUNT","UNBELTED_OCC_COUNT","UNK_INJ_DEG_COUNT","UNK_INJ_PER_COUNT","URBAN_RURAL","VAN_COUNT","VEHICLE_COUNT","WORK_ZONE_IND","WORK_ZONE_LOC","WORK_ZONE_TYPE","WORKERS_PRES","WZ_CLOSE_DETOUR","WZ_FLAGGER","WZ_LAW_OFFCR_IND","WZ_LN_CLOSURE","WZ_MOVING","WZ_OTHER","WZ_SHLDER_MDN","ROADWAY_CLEARED","WEATHER1","WEATHER2","WZ_WORKERS_INJ_KILLED","SECONDARY_CRASH","INTERSECTION_RELATED"
"0913","0","0","0","0","0","0","0","0","0","1","0","","36","08","2020","2020074694","1","40.0047","-76.1043","0907","08","0","0","0","0","0","1","0","0","","0","0","0","09","1","1","00","0","40 00:16.881","","00","76 06:15.425","4","0","0","0","36226","0","0","0","N","0","0","0","2","68J01","1","","1","01","N","N","0","","0","0","2","0","0","","0906","1","2","0","0","0","0","0","1","0","2","N","","","","","","","","","","","","03","03","","N","N"
"1114","1","0","0","0","0","0","0","0","0","4","0","","36","08","2020","2020074695","1","40.1973","-76.0516","1051","08","0","0","0","0","0","0","0","0","","0","0","0","10","1","0","02","2","40 11:50.210","2","00","76 03:05.699","0","0","0","0","36202","0","0","0","N","0","0","0","4","68J01","0","","1","01","N","N","0","","0","0","1","3","3","N","1049","0","2","0","0","0","0","0","1","0","2","N","","","","","","","","","","","0050","03","03","","N","N"
"1537","0","0","0","0","0","0","0","0","0","6","0","","36","08","2020","2020074698","2","40.0398","-76.0133","1523","08","0","0","0","0","0","1","0","0","","0","2","0","15","1","0","00","2","40 02:23.425","1","00","76 00:47.824","0","0","0","0","36232","0","0","0","N","0","0","0","5","68J01","0","","1","01","N","N","0","","0","0","0","0","0","N","1514","0","2","0","0","0","0","0","1","0","2","N","","","","","","","","","","","1615","03","03","","N","N"
"0019","0","0","0","0","0","0","0","0","0","4","0","","36","09","2020","2020074749","7","40.0564","-76.3304","0014","08","0","0","0","0","0","1","0","0","","0","0","0","00","2","0","00","0","40 03:23.087","","00","76 19:49.606","0","0","0","0","36101","0","0","0","N","0","0","0","2","36101","0","","1","01","N","N","0","","0","0","2","0","0","","0012","0","2","0","0","0","0","0","3","0","2","N","","","","","","","","","","","","03","  ","","N","N"
"1639","1","0","0","0","0","0","0","0","0","4","0","","36","09","2020","2020074750","6","40.0396","-76.3637","1620","08","0","0","0","0","0","0","0","0","","0","0","0","16","1","0","00","0","40 02:22.422","","00","76 21:49.252","0","0","0","0","36214","0","0","0","N","0","0","0","2","36214","0","","1","01","N","N","0","","0","0","1","3","2","","1618","0","2","0","0","0","0","0","3","0","2","N","","","","","","","","","","","","04","04","","N","N"
"1700","2","0","0","0","0","0","0","0","0","6","0","","36","09","2020","2020074826","7","40.0685","-76.5453","1659","08","0","0","0","0","0","1","0","0","","0","0","0","16","1","4","02","2","40 04:06.561","6","00","76 32:42.924","8","0","0","0","36211","0","0","0","N","0","0","0","4","36504","0","","1","01","N","N","0","","0","0","0","3","3","Y","1658","4","2","0","0","0","4","0","1","0","2","N","","","","","","","","","","","1748","03","03","","N","N"
"1555","1","0","0","0","0","0","0","0","0","4","0","","36","09","2020","2020074839","6","40.0306","-76.2898","1550","08","0","0","0","0","0","0","0","0","","0","0","0","15","1","0","02","1","40 01:50.318","3","00","76 17:23.103","0","0","0","0","36301","0","0","0","N","0","0","0","2","36301","0","","1","01","N","N","0","","0","0","1","3","3","Y","1550","0","2","0","0","0","0","0","3","0","2","N","","","","","","","","","","","1620","03","  ","","N","N"
"1551","1","0","0","0","0","0","0","0","0","4","0","","36","09","2020","2020074842","4","40.0418","-76.2977","1550","08","0","0","0","1","0","0","0","0","","0","0","0","15","1","1","00","1","40 02:30.300","1","07","76 17:51.600","3","0","0","0","36301","0","0","0","N","0","0","0","2","36301","0","","1","01","N","N","0","","1","0","1","0","0","N","1550","1","2","0","0","0","0","0","3","0","2","N","","","","","","","","","","","1620","03","  ","","N","N"
"1304","1","0","0","0","0","0","0","0","0","98","0","","36","09","2020","2020074873","3","40.1465","-76.186","1254","08","0","0","0","0","0","0","0","0","","0","0","0","12","1","0","00","1","40 08:47.367","1","00","76 11:09.764","0","0","0","0","36238","0","0","0","N","0","0","0","1","36238","0","","1","01","N","N","0","","0","0","0","0","0","N","1254","0","1","0","0","0","0","0","3","0","1","N","","","","","","","","","","","1332","03","  ","","N","N"
"1329","2","0","0","0","0","0","0","0","0","1","0","","36","09","2020","2020074875","7","40.1445","-76.21","1328","08","0","0","0","0","0","0","1","0","","0","0","0","13","1","2","01","1","40 08:40.211","1","00","76 12:36.127","3","0","0","0","36238","0","0","0","N","0","0","0","2","36238","0","","1","01","N","N","0","","2","0","0","0","0","N","1328","2","2","0","0","0","0","0","3","0","2","N","","","","","","","","","","","1403","03","  ","","N","N"
"1541","0","0","0","0","0","0","0","0","0","2","0","","36","09","2020","2020074938","7","40.0495","-76.3479","1534","08","0","0","0","0","0","1","0","0","","0","0","0","15","1","2","02","2","40 02:58.384","6","00","76 20:52.779","3","0","0","0","36214","0","0","0","N","0","0","0","3","36214","1","","1","01","N","N","0","","1","0","1","0","0","Y","1532","2","2","0","0","0","0","0","3","1","2","N","","","","","","","","","","","1628","03","03","","N",""
"1920","1","0","0","0","0","0","0","0","0","1","0","","36","09","2020","2020075080","6","39.9881","-76.3176","1917","08","0","0","0","0","0","0","0","0","","0","0","0","19","1","0","00","2","39 59:17.021","5","00","76 19:03.313","0","0","0","0","36228","0","0","0","N","0","0","0","2","36228","0","","1","01","N","N","0","","0","0","1","0","0","Y","1917","0","2","0","0","0","0","0","1","0","2","N","","","","","","","","","","","2000","03","  ","","N","N"
"2202","2","0","0","0","0","0","0","0","0","1","0","45","36","09","2020","2020075239","1","40.0885","-76.3806","2157","08","0","2","0","0","0","0","0","0","","0","0","0","21","3","1","00","2","40 05:18.724","5","03","76 22:50.151","3","0","0","0","36214","0","0","0","N","0","0","0","3","36214","0","","1","09","N","N","0","","1","0","0","3","2","Y","2155","1","2","0","0","0","0","0","3","0","2","Y","4","1","N","N","N","N","N","N","Y","N","2240","04","  ","N","N","N"
"1150","0","0","0","0","0","0","0","0","0","0","0","","36","09","2020","2020075240","3","40.1326","-76.347","1139","08","0","0","0","0","0","0","0","0","","0","0","0","11","1","1","01","0","40 07:57.364","","00","76 20:49.148","8","0","0","1","36227","0","0","0","N","0","0","0","1","36506","0","","1","01","N","N","0","","0","0","0","3","3","","1139","1","1","0","0","0","1","0","1","0","1","N","","","","","","","","","","","","03","  ","","N",""
"2010","2","0","0","0","0","0","0","0","0","2","0","","36","09","2020","2020075241","4","40.1004","-76.3542","1958","08","0","0","1","0","0","0","0","0","","0","0","0","19","3","0","00","0","40 06:01.399","","00","76 21:15.002","0","0","0","0","36406","0","0","0","N","0","0","0","2","36506","0","","1","01","N","N","0","","0","0","0","0","0","","1957","0","2","0","0","0","0","0","3","0","2","N","","","","","","","","","","","","03","  ","","N","N"
"2220","1","0","0","0","0","0","0","0","0","4","0","","36","09","2020","2020075272","5","40.035","-76.5061","2213","08","0","0","0","0","0","0","0","0","","0","0","0","22","3","0","01","0","40 02:05.974","","00","76 30:21.888","9","0","0","0","36404","0","0","0","N","0","0","0","1","36404","0","","1","01","N","N","1","","0","0","0","0","0","","2213","0","2","0","0","0","0","1","3","0","2","N","","","","","","","","","","","","03","  ","","N",""
"1550","0","0","0","0","0","0","0","0","0","5","0","","36","09","2020","2020075439","2","40.0389","-76.2968","1547","08","0","0","0","0","0","1","1","0","","0","0","0","15","1","1","00","0","40 02:20.163","","00","76 17:48.643","3","0","0","1","36301","0","0","0","N","0","0","0","2","36301","0","","1","01","N","N","1","","1","0","0","0","0","","1545","1","2","0","0","0","0","0","3","0","2","N","","","","","","","","","","","","03","03","","N","N"
"1158","0","0","0","0","0","0","0","0","0","7","0","","36","09","2020","2020075393","1","40.2962","-76.1521","1148","08","0","0","0","0","0","0","0","0","","0","0","0","11","1","1","00","2","40 17:46.456","5","00","76 09:07.697","8","0","0","1","36236","0","0","0","N","0","0","0","1","36408","0","","1","01","N","N","0","","0","0","0","0","0","Y","1148","1","1","0","0","0","1","0","1","0","1","N","","","","","","","","","","","1215","03","  ","","N","N"
"0135","2","0","0","0","0","0","0","0","0","4","0","","36","09","2020","2020075398","1","40.0384","-76.3013","0133","08","0","0","0","0","0","0","0","0","","0","0","0","01","3","1","01","2","40 02:18.358","3","00","76 18:04.767","3","0","0","0","36301","0","0","0","N","0","0","0","2","36301","0","","1","01","N","N","0","","1","0","0","3","2","Y","0133","1","2","0","0","0","0","0","3","0","2","N","","","","","","","","","","","0255","03","  ","","N",""
"1815","0","0","0","1","0","0","0","0","0","4","0","","36","09","2020","2020075426","2","40.0755","-76.4129","1811","08","0","0","0","0","0","0","0","0","","0","0","0","18","1","1","01","0","40 04:31.900","","00","76 24:46.457","8","0","0","0","36214","1","0","0","N","0","0","0","3","36214","0","","1","01","N","N","1","","0","0","0","3","3","","1811","1","2","0","0","0","1","0","3","0","1","N","","","","","","","","","","","","03","  ","","N",""
"0922","0","0","0","0","0","0","0","0","0","4","0","","36","09","2020","2020075652","2","40.0709","-76.3176","0919","08","0","0","0","0","0","0","1","0","","0","0","0","09","1","0","01","0","40 04:15.221","","00","76 19:03.325","0","0","0","0","36101","0","0","0","N","0","0","0","3","36101","0","","1","01","N","N","0","","0","0","2","3","2","","0912","0","2","0","0","0","0","0","3","0","2","N","","","","","","","","","","","","03","03","","N",""
"1244","1","0","0","0","0","0","0","0","0","4","0","","36","09","2020","2020075653","2","40.0444","-76.2808","1219","08","0","0","0","0","1","0","0","0","","0","0","0","12","1","0","00","2","40 02:39.690","3","00","76 16:50.810","0","0","0","0","36220","0","0","0","N","0","0","0","2","36101","0","","1","01","N","N","1","","0","0","1","0","0","N","1217","0","3","0","0","0","0","0","3","0","3","N","","","","","","","","","","","0100","03","  ","","N","N"
"0804","0","0","0","0","0","0","0","0","0","7","0","","36","07","2020","2020075654","5","40.0556","-76.2688","0757","08","0","0","0","0","0","0","0","0","","0","0","0","07","1","0","06","2","40 03:20.127","4","02","76 16:07.714","0","0","0","0","36215","0","0","0","N","0","0","0","1","36215","0","","2","09","N","N","0","","0","0","1","0","0","N","0756","0","1","0","0","0","0","0","1","0","1","N","","","","","","","","","","","0850","04","  ","","N",""
"1414","1","0","0","0","0","0","0","0","0","7","0","","36","09","2020","2020075655","5","40.0885","-76.1952","1410","08","0","0","0","1","0","0","0","0","","0","0","0","14","1","0","00","0","40 05:18.522","","00","76 11:42.786","0","0","0","0","36234","0","0","0","N","0","0","0","1","36215","0","","2","01","N","N","0","","0","0","0","0","0","","1410","0","1","0","0","0","0","0","1","0","1","N","","","","","","","","","","","","03","03","","N","N"
"1400","2","0","0","0","0","0","0","0","0","1","0","","36","09","2020","2020075656","1","40.0388","-76.186","1357","08","0","0","0","0","0","0","0","0","","0","0","0","13","1","4","02","1","40 02:19.811","6","00","76 11:09.603","3","0","0","0","36215","0","0","0","N","0","0","0","5","36215","0","","1","01","N","N","0","","4","0","0","3","2","N","1357","4","2","0","0","0","0","0","1","0","2","N","","","","","","","","","","","1500","03","03","","N",""
"2058","0","0","0","0","0","0","0","0","0","1","0","","36","09","2020","2020075657","6","40.0907","-76.1705","2056","08","0","0","0","0","0","1","0","0","","0","0","0","20","2","0","00","1","40 05:26.496","3","07","76 10:13.935","0","0","0","0","36234","0","0","0","N","0","0","0","2","36215","0","","1","01","N","N","0","","0","0","2","0","0","Y","2053","0","2","0","0","0","0","0","1","0","2","N","","","","","","","","","","","2147","03","03","","N","N"
"1210","0","0","0","0","0","0","0","0","0","7","0","","36","09","2020","2020075659","7","40.1297","-76.3164","1205","08","0","0","0","0","0","0","0","1","","0","0","0","12","1","0","02","0","40 07:46.754","","00","76 18:59.061","0","0","0","0","36235","0","0","0","N","0","0","0","1","36506","0","","2","01","N","N","0","","0","0","1","0","0","","1205","0","1","0","0","0","0","0","1","0","1","N","","","","","","","","","","","","03","03","","N",""
"1906","0","0","0","0","0","0","0","0","0","4","0","","36","09","2020","2020075658","7","40.0328","-76.2431","1903","08","0","0","0","1","0","0","0","0","","0","0","0","19","1","2","01","1","40 01:57.997","6","07","76 14:35.031","3","0","0","0","36215","0","0","0","N","0","0","0","4","36215","0","","1","01","N","N","1","","2","0","1","3","2","N","1902","2","2","0","0","0","0","1","1","0","2","N","","","","","","","","","","","1952","03","  ","","N",""
"1559","1","0","0","0","0","0","0","0","0","7","0","","36","09","2020","2020075712","3","40.1984","-76.1703","1556","08","0","0","0","1","0","0","0","0","","0","0","0","15","1","0","00","2","40 11:54.261","6","00","76 10:12.924","0","0","0","0","36218","0","0","0","Y","0","0","0","1","36408","0","","4","01","N","N","0","","0","0","0","0","0","Y","1556","0","1","0","0","0","0","0","1","0","1","N","","","","","","","","","","","1645","03","  ","","N","N"
"1915","1","0","0","0","0","0","0","0","0","1","0","","36","09","2020","2020075804","2","40.0337","-76.2876","1912","08","0","0","0","0","0","0","0","0","","0","0","0","19","1","0","00","2","40 02:01.300","6","00","76 17:15.500","0","0","0","0","36301","0","0","0","N","0","0","0","1","36301","0","","2","01","N","N","1","","0","0","0","0","0","N","1911","0","2","0","0","0","0","0","3","0","2","N","","","","","","","","","","","2011","03","03","","N","N"
"1917","3","0","0","0","0","0","0","0","0","1","0","","36","09","2020","2020075805","6","40.0393","-76.2944","1910","08","0","0","0","0","0","0","0","0","","0","0","0","19","3","0","00","1","40 02:21.344","3","00","76 17:39.820","0","0","0","0","36301","0","0","0","N","0","0","0","1","36301","0","","6","01","N","N","0","","0","0","0","0","0","N","1907","0","4","0","0","0","0","0","3","1","4","N","","","","","","","","","","","2020","03","03","","N","N"
"1632","1","0","0","0","0","0","0","0","0","7","0","","36","07","2020","2020075829","6","40.0332","-76.5057","1630","08","0","0","0","0","1","0","0","0","","0","0","0","16","1","1","00","2","40 01:59.645","3","00","76 30:20.550","3","0","0","0","36404","0","0","0","N","0","0","0","1","36404","0","","4","09","N","N","0","","1","0","0","0","0","N","1628","1","1","0","0","0","0","0","3","0","1","N","","","","","","","","","","","1700","07","  ","","N","N"
"1812","3","0","0","0","0","0","0","0","0","4","0","","36","09","2020","2020075835","1","40.0451","-76.3151","1811","08","0","0","0","0","1","0","0","0","","0","0","0","18","1","0","00","0","40 02:42.365","","00","76 18:54.278","0","0","0","0","36301","0","0","0","N","0","0","0","2","36301","0","","4","01","N","N","0","","0","0","0","0","0","","1810","0","3","0","0","0","0","0","3","0","3","N","","","","","","","","","","","","03","03","","N","N"
"1820","2","0","0","0","0","0","0","0","0","4","0","","36","09","2020","2020075838","4","40.0421","-76.3134","1825","08","0","0","0","0","0","0","0","1","","0","0","0","18","1","1","01","2","40 02:31.437","7","00","76 18:48.380","3","0","0","0","36301","0","0","0","N","0","0","0","2","36301","0","","1","01","N","N","0","","1","0","0","3","2","Y","1820","1","2","0","0","0","0","0","3","0","2","N","","","","","","","","","","","1900","03","03","","N","N"
"2353","0","0","0","0","0","0","0","0","0","7","0","","36","08","2020","2020075846","2","40.2115","-76.1034","2344","08","0","0","0","0","1","0","0","0","","0","0","0","23","2","0","00","1","40 12:41.556","1","00","76 06:12.182","0","0","0","0","36210","0","0","0","N","0","0","0","1","36210","0","","3","09","N","N","0","","0","0","1","0","0","N","2344","0","1","0","0","0","0","0","1","0","1","N","","","","","","","","","","","0046","07","  ","","N","N"
"1533","0","0","0","0","0","0","0","0","0","7","0","","36","09","2020","2020075852","5","40.0567","-76.3922","1531","08","0","0","0","0","0","1","0","0","","0","0","0","15","1","1","00","1","40 03:23.959","3","00","76 23:31.918","3","0","0","0","36214","0","0","0","N","0","0","0","1","36214","0","","4","09","N","N","0","","1","0","1","0","0","N","1530","1","1","0","0","1","0","0","3","0","1","N","","","","","","","","","","","1600","07","04","","N","N"
"1349","1","0","0","0","0","0","0","0","0","1","0","55","36","09","2020","2020075853","3","40.0515","-76.3976","1337","08","0","0","0","0","0","0","1","0","","0","0","0","13","1","0","00","1","40 03:05.567","3","00","76 23:51.498","0","0","0","0","36214","0","0","0","N","0","0","0","3","36214","0","","1","01","N","N","1","","0","0","0","0","0","N","1336","0","2","0","0","0","0","0","3","0","2","Y","2","2","Y","N","N","N","Y","N","N","N","0100","03","03","N","N","N"
"1247","1","0","0","0","0","0","0","0","0","7","0","","36","09","2020","2020075854","2","40.0058","-76.4754","1235","08","0","0","0","0","0","0","0","0","","0","0","0","12","1","0","00","1","40 00:20.880","5","00","76 28:31.600","0","0","0","0","36223","0","0","0","N","0","0","0","1","36223","0","","4","01","N","N","0","","0","0","0","0","0","N","1235","0","1","0","0","1","0","0","1","0","1","N","","","","","","","","","","","1333","03","  ","","N","N"
"1135","0","0","0","0","0","0","0","0","0","4","0","","36","09","2020","2020075847","1","40.2379","-76.1366","1129","08","0","0","0","0","0","0","0","0","","0","0","0","11","1","1","01","1","40 14:16.312","1","00","76 08:11.870","9","0","0","0","36405","0","0","0","N","0","0","0","2","36210","0","","1","01","N","N","1","","0","0","0","3","3","N","1129","0","2","0","0","0","0","2","1","1","2","N","","","","","","","","","","","1220","03","  ","","N","N"
"1700","0","0","0","0","0","0","0","0","0","2","0","","36","09","2020","2020076005","6","40.0441","-76.3089","1647","08","0","0","0","0","0","0","0","0","","0","0","0","16","1","0","01","0","40 02:38.745","","00","76 18:32.000","0","0","0","0","36301","0","0","0","N","0","0","0","2","36301","0","","1","01","N","N","0","","0","0","2","3","2","","1647","0","2","0","0","0","0","0","3","0","2","N","","","","","","","","","","","","03","  ","","N",""
"1642","1","0","0","0","0","0","0","0","0","2","0","","36","08","2020","2020076010","7","40.0406","-76.3018","1634","08","0","0","0","0","0","0","0","0","","0","0","0","16","1","2","00","1","40 02:26.140","1","00","76 18:06.306","4","0","0","0","36301","0","0","0","N","0","0","0","2","36301","2","","5","01","N","N","0","","0","0","0","0","0","N","1631","2","1","0","0","2","0","0","3","0","1","N","","","","","","","","","","","1742","03","  ","","N","N"
"1630","1","0","0","0","0","0","0","0","0","4","0","","36","09","2020","2020076029","7","40.0205","-76.1828","1629","08","0","0","0","0","1","0","0","0","","0","0","0","16","1","1","00","1","40 01:13.804","3","00","76 10:58.245","3","0","0","0","36215","0","0","0","N","0","0","0","8","36215","0","","1","01","N","N","0","","1","0","1","0","0","N","1625","1","2","0","0","0","0","0","1","0","2","N","","","","","","","","","","","0045","03","03","","N","N"
"1343","1","0","0","0","0","0","0","0","0","7","0","","36","09","2020","2020076031","5","40.2187","-76.4323","1336","08","0","0","0","0","0","0","0","1","","0","0","0","13","1","1","00","0","40 13:07.153","","00","76 25:56.171","8","0","0","0","36230","0","0","0","N","0","0","0","1","36410","0","","2","01","N","N","0","","0","0","0","0","0","","1334","1","1","0","0","0","1","0","1","0","1","N","","","","","","","","","","","","03","  ","","N","N"
"1104","1","0","0","0","0","0","0","0","0","6","0","","36","09","2020","2020076033","7","40.1113","-76.4552","1059","08","0","0","0","0","0","0","2","0","","0","0","0","10","1","0","01","0","40 06:40.844","","00","76 27:18.725","0","0","0","0","36230","0","0","0","N","0","0","0","2","36410","0","","1","01","N","N","0","","0","0","1","3","3","","1058","0","2","0","0","1","0","0","1","0","2","N","","","","","","","","","","","","03","03","","N",""
"1438","1","0","0","0","0","0","0","0","0","4","0","","36","08","2020","2020076030","7","40.1436","-76.3048","1435","08","0","0","0","0","1","1","0","0","","0","0","0","14","1","2","01","2","40 08:36.966","7","00","76 18:17.243","3","0","0","0","36409","0","0","0","N","0","0","0","7","36409","0","","1","01","N","N","1","","1","0","0","3","2","Y","1435","2","3","0","0","0","1","0","3","1","3","N","","","","","","","","","","","1540","03","03","","N",""
"0934","1","0","0","0","0","0","0","0","0","7","0","","36","09","2020","2020076032","7","40.1715","-76.4142","0926","08","0","0","0","0","0","0","0","0","","0","0","0","09","1","0","03","0","40 10:17.295","","00","76 24:50.946","0","0","0","0","36230","0","0","0","N","0","0","0","1","36410","0","","4","01","N","N","0","","0","0","0","3","3","","0925","0","1","0","0","0","0","0","1","0","1","N","","","","","","","","","","","","03","03","","N",""
"1757","2","0","0","0","0","0","0","0","0","4","0","","36","09","2020","2020076034","2","40.1619","-76.3931","1734","08","0","0","0","0","0","0","1","0","","0","0","0","17","1","0","01","0","40 09:42.680","","00","76 23:35.003","0","0","0","0","36410","0","0","0","N","0","0","0","2","36410","0","","1","01","N","N","0","","0","0","0","0","0","","1722","0","2","0","0","0","0","0","2","0","2","N","","","","","","","","","","","","03","03","","N",""
"1724","1","0","0","0","0","0","0","0","0","1","0","","36","09","2020","2020076173","4","40.0684","-76.3575","1714","08","0","0","0","0","1","0","0","0","","0","0","0","17","1","1","00","0","40 04:06.330","","00","76 21:27.035","3","0","0","0","36214","0","0","0","N","0","0","0","2","36214","0","","1","01","N","N","1","","1","0","0","0","0","","1710","1","2","0","0","0","0","0","3","0","2","N","","","","","","","","","","","","03","03","","N","N"
"0453","1","0","0","0","0","0","0","0","0","7","0","","36","09","2020","2020076174","7","40.0225","-76.3639","0451","08","0","0","1","0","0","0","0","0","","0","0","0","04","2","0","00","0","40 01:20.900","","00","76 21:49.880","0","0","0","0","36223","0","0","0","N","0","0","0","2","36223","0","","4","01","N","N","0","","0","0","0","0","0","","0449","0","1","0","0","0","0","0","1","0","1","N","","","","","","","","","","","","03","  ","","N","N"
"0647","0","0","0","0","0","0","0","0","0","4","0","","36","09","2020","2020076351","4","40.0752","-76.2972","0643","08","0","0","0","0","0","1","0","0","","0","0","0","06","5","1","02","0","40 04:30.591","","00","76 17:49.962","3","0","0","1","36101","0","0","0","N","0","0","0","2","36101","0","","1","01","N","N","0","","1","0","1","0","0","","0643","1","2","0","0","0","0","0","3","0","2","N","","","","","","","","","","","","03","03","","N",""
"1232","2","0","0","0","0","0","0","0","0","4","0","","36","09","2020","2020076352","2","40.1084","-76.4177","1221","08","0","0","0","0","0","1","0","0","","0","0","0","12","1","0","00","0","40 06:30.310","","00","76 25:03.560","0","0","0","0","36214","0","0","0","N","0","0","0","3","36214","0","","1","01","N","N","0","","0","0","0","0","0","","1221","0","2","0","0","0","0","0","3","0","2","N","","","","","","","","","","","","03","  ","","N","Y"
"1212","1","0","0","0","0","0","0","0","0","4","0","","36","09","2020","2020076353","3","40.1214","-76.3756","1204","08","0","0","0","0","1","1","0","0","","0","0","0","11","1","2","00","2","40 07:17.060","5","00","76 22:32.100","3","0","0","0","36214","0","0","0","N","0","0","0","3","36214","0","","1","01","N","N","1","","2","0","0","0","0","Y","1159","2","2","0","0","0","0","0","3","0","2","N","","","","","","","","","","","1303","04","04","","N","N"
"0641","0","0","0","0","0","0","0","0","0","4","0","35","36","09","2020","2020076525","6","40.1636","-76.1524","0636","08","0","0","0","0","0","1","0","0","","0","0","0","06","1","1","01","1","40 09:49.309","4","02","76 09:08.375","8","0","0","0","36218","0","0","0","N","0","0","0","2","36408","0","","1","01","N","N","1","","0","0","1","3","2","N","0633","1","2","0","0","0","1","0","1","0","2","Y","4","1","Y","","","N","","Y","","Y","0724","03","  ","N","N",""
"1640","2","0","0","0","0","0","0","0","0","1","0","","36","09","2020","2020076442","5","39.9933","-76.2413","1637","08","0","0","0","0","0","1","0","0","","0","0","0","16","1","0","00","0","39 59:35.982","","00","76 14:28.848","0","0","0","0","36240","0","0","0","N","0","0","0","2","36240","0","","1","01","N","N","0","","0","0","0","0","0","","1636","0","2","0","0","0","0","0","1","0","2","N","","","","","","","","","","","","03","03","","N","N"
"0255","2","0","0","0","0","0","0","0","0","5","0","","36","09","2020","2020076460","6","40.0416","-76.3178","0252","08","0","0","0","1","0","0","0","0","","0","0","0","02","3","1","00","1","40 02:29.900","4","00","76 19:04.200","3","0","0","0","36301","0","0","0","N","0","0","0","1","36301","0","","2","01","N","N","0","","1","0","0","0","0","N","0252","1","2","0","0","0","0","0","3","0","2","N","","","","","","","","","","","0429","03","03","","N","N"
"1407","3","0","0","0","0","0","0","0","0","4","0","","36","09","2020","2020076523","4","39.9883","-76.2734","1403","08","0","0","0","0","0","0","1","0","","0","0","0","14","1","1","02","0","39 59:17.730","","00","76 16:24.296","3","0","0","0","36240","0","0","0","N","0","0","0","4","36240","0","","1","01","N","N","0","","1","0","0","3","2","","1401","1","3","0","0","0","0","0","1","0","3","N","","","","","","","","","","","","03","  ","","N",""
"0639","0","0","0","0","0","0","0","0","0","4","0","","36","09","2020","2020076524","1","40.036","-76.3082","0635","08","0","0","0","0","0","0","0","0","","0","0","0","06","1","1","01","0","40 02:09.771","","00","76 18:29.474","3","0","0","0","36301","0","0","0","N","0","0","0","2","36301","0","","1","01","N","N","1","","1","0","1","3","3","","0634","1","2","0","0","0","0","0","3","0","2","N","","","","","","","","","","","","03","  ","","N",""
"1056","0","0","0","0","0","0","0","0","0","0","1","","36","09","2020","2020076541","3","40.2153","-76.1824","1047","08","0","0","0","0","0","1","0","0","","0","1","0","10","1","1","02","2","40 12:55.180","6","00","76 10:56.589","8","0","0","0","36236","0","0","0","N","0","0","0","1","36408","0","","2","01","N","N","0","","0","0","0","0","0","Y","1045","1","1","0","0","0","1","0","1","0","1","N","","","","","","","","","","","1644","03","  ","","N",""
"1311","0","0","0","0","0","0","0","0","0","4","1","","36","09","2020","2020076601","5","39.9751","-76.2473","1308","08","0","0","0","0","0","0","0","1","","0","1","0","13","1","1","01","2","39 58:30.378","7","00","76 14:50.447","8","0","0","0","36240","0","0","0","N","0","0","0","2","36240","0","","1","01","N","N","0","","0","0","1","3","2","Y","1307","1","2","0","0","0","1","0","1","0","2","N","","","","","","","","","","","1448","03","  ","","N",""