"ARRIVAL_TM","AUTOMOBILE_COUNT","BELTED_DEATH_COUNT","BELTED_SUSP_SERIOUS_INJ_COUNT","BICYCLE_COUNT","BICYCLE_DEATH_COUNT","BICYCLE_SUSP_SERIOUS_INJ_COUNT","BUS_COUNT","CHLDPAS_DEATH_COUNT","CHLDPAS_SUSP_SERIOUS_INJ_COUNT","COLLISION_TYPE","COMM_VEH_COUNT","CONS_ZONE_SPD_LIM","COUNTY","CRASH_MONTH","CRASH_YEAR","CRN","DAY_OF_WEEK","DEC_LAT","DEC_LONG","DISPATCH_TM","DISTRICT","DRIVER_COUNT_16YR","DRIVER_COUNT_17YR","DRIVER_COUNT_18YR","DRIVER_COUNT_19YR","DRIVER_COUNT_20YR","DRIVER_COUNT_50_64YR","DRIVER_COUNT_65_74YR","DRIVER_COUNT_75PLUS","EST_HRS_CLOSED","FATAL_COUNT","HEAVY_TRUCK_COUNT","HORSE_BUGGY_COUNT","HOUR_OF_DAY","ILLUMINATION","INJURY_COUNT","INTERSECT_TYPE","LANE_CLOSED","LATITUDE","LN_CLOSE_DIR","LOCATION_TYPE","LONGITUDE","MAX_SEVERITY_LEVEL","MCYCLE_DEATH_COUNT","MCYCLE_SUSP_SERIOUS_INJ_COUNT","MOTORCYCLE_COUNT","MUNICIPALITY","NONMOTR_COUNT","NONMOTR_DEATH_COUNT","NONMOTR_SUSP_SERIOUS_INJ_COUNT","NTFY_HIWY_MAINT","PED_COUNT","PED_DEATH_COUNT","PED_SUSP_SERIOUS_INJ_COUNT","PERSON_COUNT","POLICE_AGCY","POSSIBLE_INJ_COUNT","RDWY_SURF_TYPE_CD","RELATION_TO_ROAD","ROAD_CONDITION","SCH_BUS_IND","SCH_ZONE_IND","SMALL_TRUCK_COUNT","SPEC_JURIS_CD","SUSP_MINOR_INJ_COUNT","SUSP_SERIOUS_INJ_COUNT","SUV_COUNT","TCD_FUNC_CD","TCD_TYPE","TFC_DETOUR_IND","TIME_OF_DAY","TOT_INJ_COUNT","TOTAL_UNITS","UNB_DEATH_COUNT","UNB_SUSP_SERIOUS_INJ_COUNT","UNBELTED_OCC_COUNT","UNK_INJ_DEG_COUNT","UNK_INJ_PER_COUNT","URBAN_RURAL","VAN_COUNT","VEHICLE_COUNT","WORK_ZONE_IND","WORK_ZONE_LOC","WORK_ZONE_TYPE","WORKERS_PRES","WZ_CLOSE_DETOUR","WZ_FLAGGER","WZ_LAW_OFFCR_IND","WZ_LN_CLOSURE","WZ_MOVING","WZ_OTHER","WZ_SHLDER_MDN","ROADWAY_CLEARED","WEATHER1","WEATHER2","WZ_WORKERS_INJ_KILLED","SECONDARY_CRASH","INTERSECTION_RELATED"
"0817","1","0","0","0","0","0","0","0","0","1","0","","36","09","2020","2020076667","5","40.0607","-76.3603","0808","08","0","0","0","0","0","0","1","0","","0","0","0","08","1","0","00","1","40 03:38.472","4","00","76 21:37.237","0","0","0","0","36214","0","0","0","N","0","0","0","2","36214","0","","1","01","N","N","1","","0","0","0","0","0","N","0805","0","2","0","0","0","0","0","3","0","2","N","","","","","","","","","","","0850","03","  ","","N","N"
"0940","1","0","0","0","0","0","0","0","0","7","0","","36","08","2020","2020076695","2","39.8944","-76.3302","0913","08","0","0","0","0","0","0","0","0","","0","0","0","09","1","0","00","2","39 53:39.960","6","00","76 19:48.549","0","0","0","0","36224","0","0","0","N","0","0","0","1","68J01","0","","4","09","N","N","0","","0","0","0","0","0","Y","0905","0","1","0","0","0","0","0","1","0","1","N","","","","","","","","","","","1010","03","03","","N","N"
"1211","1","0","0","0","0","0","0","0","0","4","0","","36","08","2020","2020076697","4","39.9079","-76.1215","1204","08","0","0","0","0","0","0","1","1","","0","0","0","12","1","0","02","2","39 54:28.552","5","00","76 07:17.494","0","0","0","0","36216","0","0","0","N","0","0","0","3","68J01","0","","1","01","N","N","0","","0","0","1","3","3","Y","1203","0","2","0","0","0","0","0","1","0","2","N","","","","","","","","","","","1300","03","03","","N","N"
"1338","0","0","0","0","0","0","0","0","0","0","0","","36","08","2020","2020077152","2","39.9441","-76.1384","1317","08","0","0","0","0","0","0","0","0","","0","0","0","13","1","1","00","0","39 56:38.600","","07","76 08:18.300","3","0","0","1","36233","0","0","0","N","0","0","0","1","68J01","0","","1","01","N","N","0","","1","0","0","0","0","","1317","1","2","0","0","0","0","0","1","0","1","N","","","","","","","","","","","","03","03","","N","N"
"1725","1","0","0","0","0","0","0","0","0","7","0","","36","08","2020","2020077153","1","39.9152","-76.0497","1657","08","0","0","0","0","0","0","0","0","","0","0","0","16","1","1","00","1","39 54:54.872","1","00","76 02:58.907","3","0","0","0","36201","0","0","0","N","0","0","0","1","68J01","0","","4","01","N","N","0","","1","0","0","0","0","N","1650","1","1","0","0","0","0","0","1","0","1","N","","","","","","","","","","","1845","03","03","","N","N"
"2036","0","0","0","0","0","0","0","0","0","1","0","","36","09","2020","2020076760","6","39.9551","-76.1123","2030","08","0","0","0","0","0","0","1","0","","0","0","0","20","2","0","00","2","39 57:18.410","6","00","76 06:44.270","0","0","0","0","36226","0","0","0","N","0","0","0","2","68J01","0","","1","01","N","N","1","","0","0","0","0","0","Y","2028","0","2","0","0","1","0","0","1","0","2","N","","","","","","","","","","","2134","03","  ","","N","N"
"0833","0","0","0","0","0","0","0","0","0","7","0","","36","09","2020","2020076762","2","39.7763","-76.1789","0823","08","0","0","0","0","1","0","0","0","","0","0","0","08","1","0","00","1","39 46:34.679","1","00","76 10:44.006","0","0","0","0","36219","0","0","0","N","0","0","0","1","68J01","0","","5","01","N","N","1","","0","0","0","0","0","N","0816","0","1","0","0","0","0","0","1","0","1","N","","","","","","","","","","","0900","03","03","","N","N"
"1106","0","0","0","0","0","0","0","0","0","7","0","","36","09","2020","2020076768","2","39.8991","-76.1801","1053","08","0","0","0","0","0","0","0","1","","0","0","0","10","1","0","00","1","39 53:56.916","5","00","76 10:48.401","0","0","0","0","36229","0","0","0","N","0","0","0","1","68J01","0","","4","01","N","N","1","","0","0","0","0","0","N","1049","0","1","0","0","0","0","0","1","0","1","N","","","","","","","","","","","1130","03","03","","N","N"
"1904","1","0","0","0","0","0","0","0","0","2","0","","36","09","2020","2020076772","3","39.8726","-76.2286","1844","08","0","0","1","0","1","0","0","0","","0","0","0","18","1","2","01","1","39 52:21.341","7","00","76 13:43.058","3","0","0","0","36212","0","0","0","N","0","0","0","4","68J01","0","","1","01","N","N","0","","2","0","1","3","2","N","1841","2","2","0","0","4","0","0","1","0","2","N","","","","","","","","","","","1800","03","  ","","N","N"
"1943","2","0","0","0","0","0","0","0","0","6","0","","36","09","2020","2020076806","6","40.1959","-76.1686","1941","08","0","1","0","0","1","0","0","0","","0","0","0","19","4","0","03","2","40 11:45.181","3","00","76 10:07.078","0","0","0","0","36218","0","0","0","N","0","0","0","3","36408","0","","1","01","N","N","0","","0","0","0","0","0","Y","1939","0","2","0","0","0","0","0","1","0","2","N","","","","","","","","","","","2018","03","03","","N",""
"1849","0","0","0","0","0","0","0","0","0","7","0","","36","09","2020","2020077083","5","40.2234","-76.145","1844","08","0","0","0","0","0","0","0","0","","0","0","0","18","1","0","02","0","40 13:24.322","","00","76 08:42.179","0","0","0","0","36405","0","0","0","Y","0","0","0","1","36210","0","","4","01","N","N","0","","0","0","1","3","3","","1841","0","1","0","0","0","0","0","1","0","1","N","","","","","","","","","","","","03","  ","","N","N"
"1709","0","0","0","0","0","0","0","0","0","1","0","","36","09","2020","2020076837","5","40.0775","-76.3378","1659","08","0","0","0","0","0","1","0","0","","0","0","0","16","1","1","06","0","40 04:39.201","","02","76 20:16.161","4","0","0","0","36101","0","0","0","N","0","0","0","2","36101","1","","1","09","N","N","0","","0","0","2","3","4","","1655","1","2","0","0","0","0","0","3","0","2","N","","","","","","","","","","","","04","  ","","N",""
"0856","0","0","0","0","0","0","0","0","0","1","0","","36","09","2020","2020076836","5","40.0674","-76.3038","0853","08","0","0","0","0","0","0","1","0","","0","0","0","08","1","1","00","1","40 04:02.611","1","00","76 18:13.827","3","0","0","0","36101","0","0","0","N","0","0","0","2","36101","0","","1","01","N","N","0","","1","0","1","0","0","N","0851","1","2","0","0","0","0","0","3","1","2","N","","","","","","","","","","","0920","04","  ","","N","N"
"1821","0","0","0","0","0","0","0","0","0","4","1","","36","09","2020","2020076838","3","40.0762","-76.3477","1818","08","0","0","0","0","0","1","0","0","","0","1","0","18","1","2","02","2","40 04:34.187","5","00","76 20:51.755","2","0","0","0","36101","0","0","0","N","0","0","0","3","36101","0","","1","01","N","N","0","","1","1","1","3","3","Y","1815","2","2","0","1","1","0","0","3","0","2","N","","","","","","","","","","","1915","03","03","","N",""
"1554","2","0","0","0","0","0","0","0","0","4","0","","36","09","2020","2020076861","6","40.0406","-76.3111","1549","08","0","0","0","0","0","0","0","0","","0","0","0","15","1","0","01","0","40 02:26.239","","00","76 18:39.805","0","0","0","0","36301","0","0","0","N","0","0","0","2","36301","0","","1","01","N","N","0","","0","0","0","3","2","","1547","0","2","0","0","0","0","0","3","0","2","N","","","","","","","","","","","","03","  ","","N",""
"0822","2","0","0","0","0","0","0","0","0","1","0","","36","08","2020","2020076974","5","40.0764","-76.3087","0818","08","0","0","0","0","0","2","0","0","","0","0","0","08","1","1","00","1","40 04:34.975","1","00","76 18:31.469","3","0","0","0","36101","0","0","0","N","0","0","0","4","36101","0","","1","01","N","N","0","","1","0","0","3","2","Y","0817","1","3","0","0","1","0","1","3","1","3","N","","","","","","","","","","","0918","03","  ","","N","Y"
"1206","0","0","0","0","0","0","0","0","0","7","0","","36","09","2020","2020076985","6","40.1039","-76.5083","1202","08","0","0","0","1","0","0","0","0","","0","0","0","12","1","1","00","2","40 06:13.900","6","00","76 30:29.900","3","0","0","1","36413","0","0","0","N","0","0","0","1","36413","0","","4","01","N","N","0","","1","0","0","0","0","Y","1200","1","1","0","0","0","0","0","2","0","1","N","","","","","","","","","","","0030","99","  ","","Y","Y"
"1135","1","0","0","0","0","0","0","0","0","7","0","","36","09","2020","2020077080","4","40.2108","-76.1316","1132","08","0","0","0","0","0","0","0","0","","0","0","0","11","1","1","00","0","40 12:38.993","","00","76 07:53.803","3","0","0","0","36210","0","0","0","N","0","0","0","1","36210","0","","4","01","N","N","0","","1","0","0","0","0","","1132","1","1","0","0","0","0","0","1","0","1","N","","","","","","","","","","","","03","  ","","N","N"
"1604","2","0","0","0","0","0","0","0","0","6","0","","36","09","2020","2020077090","5","40.0568","-76.5678","1558","08","0","1","0","0","0","0","0","0","","0","0","0","15","1","0","01","0","40 03:24.598","","00","76 34:04.112","0","0","0","0","36411","0","0","0","N","0","0","0","2","36504","0","","1","01","N","N","0","","0","0","0","3","3","","1555","0","2","0","0","0","0","0","1","0","2","N","","","","","","","","","","","","03","03","","N","N"
"2000","1","0","0","0","0","0","0","0","0","4","0","","36","08","2020","2020077150","6","39.7307","-76.1935","1941","08","0","1","0","0","0","0","0","0","","0","0","0","19","1","0","01","2","39 43:50.617","2","00","76 11:36.470","0","0","0","0","36219","0","0","0","N","0","0","0","6","68J01","0","","1","01","N","N","1","","0","0","0","3","3","N","1939","0","2","0","0","0","0","0","1","0","2","N","","","","","","","","","","","0100","03","  ","","Y","N"
"0414","0","0","0","0","0","0","0","0","0","4","0","","36","09","2020","2020077158","6","39.9811","-76.3177","0410","08","0","0","0","0","0","0","1","0","","0","0","0","04","2","2","01","2","39 58:51.844","7","00","76 19:03.584","3","0","0","0","36228","0","0","0","N","0","0","0","2","68J01","0","","1","09","N","N","1","","2","0","1","3","2","Y","0409","2","2","0","0","1","0","0","1","0","2","N","","","","","","","","","","","0500","05","05","","N","N"
"1451","0","0","0","0","0","0","0","0","0","7","0","","36","09","2020","2020077539","2","40.1325","-76.5308","1446","08","0","1","0","0","0","0","0","0","","0","0","0","14","1","1","00","2","40 07:56.943","2","00","76 31:50.750","3","0","0","0","36225","0","0","0","N","0","0","0","1","36505","0","","2","01","N","N","0","","1","0","1","0","0","N","1443","1","1","0","0","0","0","0","2","0","1","N","","","","","","","","","","","1530","03","03","","N","N"
"1753","1","0","0","0","0","0","0","0","0","4","0","","36","09","2020","2020077533","6","40.0378","-76.3637","1751","08","0","0","1","0","0","0","1","0","","0","0","0","17","1","1","01","2","40 02:16.155","7","00","76 21:49.258","3","0","0","0","36223","0","0","0","N","0","0","0","3","36223","0","","1","01","N","N","0","","1","0","1","3","3","Y","1748","1","2","0","0","0","0","0","1","0","2","N","","","","","","","","","","","1830","03","03","","N",""
"2240","0","0","0","0","0","0","0","0","0","7","0","","36","09","2020","2020077542","7","40.1572","-76.5741","2228","08","0","0","0","0","0","0","0","0","","0","0","0","22","3","0","00","0","40 09:25.984","","00","76 34:26.637","0","0","0","0","36225","0","0","0","N","0","0","0","2","36505","0","","3","01","N","N","0","","0","0","1","0","0","","2228","0","1","0","0","0","0","0","2","0","1","N","","","","","","","","","","","","03","  ","","N","N"
"0429","1","0","0","0","0","0","0","0","0","7","0","","36","09","2020","2020077543","1","40.1641","-76.6411","0423","08","0","0","0","1","0","0","0","0","","0","0","0","04","2","0","00","0","40 09:50.772","","00","76 38:28.034","0","0","0","0","36225","0","0","0","N","0","0","0","1","36505","0","","4","01","N","N","0","","0","0","0","0","0","","0420","0","1","0","0","0","0","0","2","0","1","N","","","","","","","","","","","","03","  ","","N","N"
"1631","2","0","0","0","0","0","0","0","0","1","0","","36","09","2020","2020077230","2","40.0679","-76.2969","1621","08","0","0","0","0","0","0","0","1","","0","0","0","16","1","2","00","0","40 04:04.481","","00","76 17:48.817","3","0","0","0","36101","0","0","0","N","0","0","0","6","36101","1","","1","01","N","N","1","","1","0","0","0","0","","1620","2","3","0","0","0","0","0","3","0","3","N","","","","","","","","","","","","03","03","","N","N"
"1725","0","0","0","0","0","0","0","0","0","5","2","","36","09","2020","2020077231","6","40.0875","-76.2671","1714","08","1","0","0","0","0","2","0","0","","0","2","0","17","1","0","00","1","40 05:15.088","2","00","76 16:01.652","0","0","0","0","36101","0","0","0","N","0","0","0","5","36101","0","","1","01","N","N","0","","0","0","1","0","0","N","1710","0","3","0","0","0","0","0","3","0","3","N","","","","","","","","","","","0100","03","03","","N","N"
"1610","1","0","0","0","0","0","0","0","0","6","0","","36","09","2020","2020077535","2","40.1243","-76.5999","1601","08","0","0","0","0","0","1","0","0","","0","0","0","16","1","3","02","2","40 07:27.645","5","00","76 35:59.592","3","0","0","0","36237","0","0","0","N","0","0","0","4","36505","0","","1","01","N","N","1","","3","0","0","0","0","Y","1601","3","2","0","0","0","0","0","1","0","2","N","","","","","","","","","","","0030","03","03","","N",""
"1312","2","0","0","0","0","0","0","0","0","1","0","","36","07","2020","2020077368","5","40.1593","-76.2036","1309","08","0","0","0","0","0","0","1","0","","0","0","0","13","1","2","02","0","40 09:33.601","","00","76 12:13.014","4","0","0","0","36402","0","0","0","N","0","0","0","2","36402","2","","1","01","N","N","0","","0","0","0","0","0","","1309","2","2","0","0","1","0","0","2","0","2","N","","","","","","","","","","","","03","  ","","N",""
"2156","0","0","0","0","0","0","0","0","0","7","0","","36","08","2020","2020077441","5","40.1865","-76.0596","2129","08","0","0","0","0","0","1","0","0","","0","0","0","21","3","0","00","2","40 11:11.297","6","00","76 03:34.661","0","0","0","0","36202","0","0","0","N","0","0","0","1","68J01","0","","5","01","N","N","0","","0","0","1","0","0","Y","2126","0","1","0","0","0","0","0","1","0","1","N","","","","","","","","","","","2314","03","03","","N","N"
"0749","0","0","0","0","0","0","0","0","0","6","1","","36","08","2020","2020077442","4","40.0392","-76.0644","0737","08","0","0","0","0","0","1","0","0","","0","1","0","07","1","1","01","0","40 02:21.008","","00","76 03:51.801","3","0","0","0","36221","0","0","0","N","0","0","0","2","68J01","0","","1","01","N","N","0","","1","0","1","3","3","","0725","1","2","0","0","0","0","0","1","0","2","N","","","","","","","","","","","","03","  ","","N","N"
"1553","0","0","0","0","0","0","0","0","0","4","0","","36","09","2020","2020077446","7","39.9006","-76.0265","1530","08","0","0","0","0","0","0","0","1","","0","0","0","15","1","1","00","2","39 54:02.167","5","07","76 01:35.334","2","0","1","1","36201","0","0","0","N","0","0","0","3","68J01","0","","1","01","N","N","0","","0","1","1","0","0","Y","1529","1","2","0","0","0","0","0","1","0","2","N","","","","","","","","","","","1640","03","  ","","N","N"
"1721","0","0","0","0","0","0","0","0","0","4","0","","36","09","2020","2020077453","5","40.0251","-76.0838","1706","08","0","0","0","0","0","0","0","1","","0","0","0","17","1","0","00","0","40 01:30.300","","07","76 05:01.500","0","0","0","0","36221","0","0","0","N","0","0","0","2","68J01","0","","1","09","N","N","1","","0","0","0","0","0","","1700","0","2","0","0","0","0","0","1","1","2","N","","","","","","","","","","","","07","  ","","N","N"
"0747","1","0","0","0","0","0","0","0","0","7","0","","36","09","2020","2020077480","1","39.7816","-76.0941","0714","08","0","0","0","0","0","0","0","0","","0","0","0","07","1","0","00","2","39 46:53.630","6","00","76 05:38.836","0","0","0","0","36222","0","0","0","N","0","0","0","1","68J01","0","","4","01","N","N","0","","0","0","0","0","0","Y","0711","0","1","0","0","0","0","0","1","0","1","N","","","","","","","","","","","0930","03","  ","","N","N"
"0707","1","0","0","0","0","0","0","0","0","7","0","","36","09","2020","2020077519","5","40.1495","-76.1767","0657","08","0","0","0","0","0","0","0","0","","0","0","0","06","1","1","00","1","40 08:58.238","1","00","76 10:36.248","3","0","0","0","36238","0","0","0","N","0","0","0","1","36238","0","","3","01","N","N","0","","1","0","0","0","0","N","0657","1","1","0","0","0","0","0","3","0","1","N","","","","","","","","","","","0745","03","  ","","N","N"
"1031","0","0","0","1","0","0","0","0","0","4","0","","36","08","2020","2020077520","3","40.0951","-76.1519","1021","08","0","0","0","0","0","1","0","0","","0","0","0","10","1","1","02","0","40 05:42.259","","00","76 09:06.667","3","0","0","0","36238","1","0","0","N","0","0","0","2","36238","0","","1","01","N","N","0","","1","0","1","3","3","","1021","1","2","0","0","0","0","0","3","0","1","N","","","","","","","","","","","","03","  ","","N","N"
"1633","1","0","0","0","0","0","0","0","0","7","0","","36","08","2020","2020077534","2","40.1149","-76.6482","1630","08","0","1","0","0","0","0","0","0","","0","0","0","16","1","0","00","1","40 06:53.570","4","00","76 38:53.430","0","0","0","0","36237","0","0","0","N","0","0","0","1","36505","0","","5","09","N","N","0","","0","0","0","0","0","N","1630","0","1","0","0","1","0","0","1","0","1","N","","","","","","","","","","","0030","07","04","","N","N"
"1433","0","0","0","0","0","0","0","0","0","0","1","","36","09","2020","2020077536","6","40.1941","-76.5639","1426","08","0","0","0","0","1","0","0","0","","0","0","0","14","1","1","00","0","40 11:38.756","","00","76 33:50.139","8","0","0","0","36225","0","0","0","N","0","0","0","1","36505","0","","4","01","N","N","1","","0","0","0","0","0","","1426","1","1","0","0","0","1","0","2","0","1","N","","","","","","","","","","","","03","03","","N","N"
"1638","1","0","0","0","0","0","0","0","0","7","0","","36","09","2020","2020077540","3","40.1946","-76.5624","1634","08","0","0","0","0","0","0","0","0","","0","0","0","16","1","0","00","0","40 11:40.656","","99","76 33:44.763","0","0","0","0","36225","0","0","0","N","0","0","0","1","36505","0","","5","01","N","N","0","","0","0","0","0","0","","1634","0","1","0","0","0","0","0","2","0","1","N","","","","","","","","","","","","03","03","","N","N"
"1815","0","0","0","0","0","0","0","0","0","1","0","","36","09","2020","2020077541","5","40.1791","-76.6006","1810","08","0","0","0","0","0","1","0","0","","0","0","0","18","1","0","01","2","40 10:45.231","1","00","76 36:02.373","0","0","0","0","36225","0","0","0","N","0","0","0","3","36505","0","","1","01","N","N","0","","0","0","3","0","0","Y","1806","0","3","0","0","0","0","0","2","0","3","N","","","","","","","","","","","1906","04","  ","","N",""
"1657","2","0","0","0","0","0","0","0","0","4","0","","36","09","2020","2020077537","6","40.1427","-76.6537","1646","08","0","0","0","0","1","0","0","0","","0","0","0","16","1","1","01","0","40 08:33.672","","00","76 39:13.209","3","0","0","0","36237","0","0","0","N","0","0","0","2","36505","0","","1","01","N","N","0","","1","0","0","3","3","","1646","1","2","0","0","0","0","0","1","0","2","N","","","","","","","","","","","","03","03","","N",""
"1115","0","0","0","0","0","0","0","0","0","1","0","","36","09","2020","2020077538","2","40.1279","-76.5149","1102","08","0","0","0","0","0","1","0","0","","0","0","0","11","1","1","00","0","40 07:40.608","","00","76 30:53.560","8","0","0","0","36225","0","0","0","N","0","0","0","2","36505","0","","1","01","N","N","1","","0","0","0","0","0","","1102","1","2","0","0","0","1","0","2","1","2","N","","","","","","","","","","","","03","03","","Y","N"
"1327","0","0","0","0","0","0","0","0","0","1","1","","36","09","2020","2020077544","6","40.118","-76.2388","1318","08","0","1","0","0","0","1","0","0","","0","1","0","13","1","0","00","1","40 07:04.825","2","00","76 14:19.584","0","0","0","0","36101","0","0","0","N","0","0","0","2","36506","0","","1","01","N","N","0","","0","0","1","0","0","N","1313","0","2","0","0","0","0","0","3","0","2","N","","","","","","","","","","","1400","03","03","","N","N"
"1810","2","0","0","0","0","0","0","0","0","7","0","","36","09","2020","2020077545","7","40.1762","-76.3088","1810","08","0","0","1","1","0","0","0","0","","0","0","0","18","1","0","02","0","40 10:34.443","","07","76 18:31.844","0","0","0","0","36235","0","0","0","N","0","0","0","4","36506","0","","1","01","N","N","0","","0","0","0","3","3","","1810","0","2","0","0","0","0","0","1","0","2","N","","","","","","","","","","","","03","  ","","N",""
"1824","1","0","0","0","0","0","0","0","0","7","0","","36","09","2020","2020077546","1","40.1171","-76.2319","1824","08","0","0","0","0","1","0","0","0","","0","0","0","18","1","0","00","0","40 07:01.739","","03","76 13:54.981","0","0","0","0","36235","0","0","0","N","0","0","0","1","36506","0","","4","01","N","N","0","","0","0","0","0","0","","1824","0","2","0","0","0","0","0","1","0","1","N","","","","","","","","","","","","03","  ","","N","N"
"0631","1","0","0","0","0","0","0","0","0","1","0","","36","09","2020","2020077566","5","40.1334","-76.2134","0628","08","0","0","0","0","0","0","0","0","","0","0","0","06","5","2","02","1","40 08:00.196","1","00","76 12:48.318","3","0","0","0","36238","0","0","0","N","0","0","0","3","36238","1","","1","01","N","N","0","","1","0","2","0","0","N","0628","2","3","0","0","0","0","0","3","0","3","N","","","","","","","","","","","0700","03","  ","","N","N"
"2332","1","0","0","0","0","0","0","0","0","7","0","","36","08","2020","2020077582","5","39.8686","-76.2208","2315","08","0","0","0","0","0","0","0","0","","0","0","0","23","2","0","00","1","39 52:06.940","2","00","76 13:14.830","0","0","0","0","36212","0","0","0","N","0","0","0","1","68J01","0","","4","01","N","N","0","","0","0","0","0","0","N","2309","0","1","0","0","0","0","0","1","0","1","N","","","","","","","","","","","0013","03","03","","N","N"
"2024","1","0","0","0","0","0","0","0","0","7","0","","36","08","2020","2020077584","7","39.906","-76.3231","2013","08","0","0","0","0","0","0","1","0","","0","0","0","20","2","0","00","2","39 54:21.623","6","00","76 19:23.168","0","0","0","0","36224","0","0","0","N","0","0","0","1","68J01","0","","5","01","N","N","0","","0","0","0","0","0","Y","2007","0","1","0","0","0","0","0","1","0","1","N","","","","","","","","","","","2200","03","03","","N","N"
"0735","1","0","0","0","0","0","0","0","0","7","0","","36","08","2020","2020077580","2","39.7674","-76.1802","0714","08","0","0","0","0","0","0","0","0","","0","0","0","07","1","0","00","0","39 46:02.563","","00","76 10:48.791","0","0","0","0","36219","0","0","0","N","0","0","0","1","68J01","0","","5","01","N","N","0","","0","0","0","0","0","","0713","0","1","0","0","0","0","0","1","0","1","N","","","","","","","","","","","","03","  ","","N","N"
"0915","1","0","0","0","0","0","0","0","0","7","0","","36","08","2020","2020077590","6","40.2195","-76.2583","0909","08","0","0","0","0","0","0","0","0","","0","0","0","09","1","0","00","0","40 13:10.291","","00","76 15:29.797","0","0","0","0","36217","0","0","0","N","0","0","0","1","68J01","0","","5","01","N","N","0","","0","0","0","0","0","","0908","0","1","0","0","0","0","0","1","0","1","N","","","","","","","","","","","","03","  ","","N","N"
"1423","0","0","0","0","0","0","0","0","0","7","0","","36","09","2020","2020077597","4","40.0397","-76.1284","1413","08","0","0","0","0","0","1","0","0","","0","0","0","14","1","0","02","1","40 02:22.814","3","00","76 07:42.416","0","0","0","0","36221","0","0","0","N","0","0","0","1","68J01","0","","4","01","N","N","1","","0","0","0","0","0","N","1408","0","1","0","0","0","0","0","1","0","1","N","","","","","","","","","","","1420","07","04","","N","N"
"1341","0","0","0","1","0","1","0","0","0","4","0","","36","09","2020","2020077625","1","39.8414","-76.0613","1322","08","0","0","0","0","0","0","0","0","","0","0","0","13","1","1","01","1","39 50:29.050","2","00","76 03:40.665","2","0","0","0","36205","1","0","1","N","0","0","0","5","68J01","0","","1","01","N","N","0","","0","1","1","3","3","N","1318","1","2","0","0","0","0","0","1","0","1","N","","","","","","","","","","","1350","03","  ","","N","N"
"0049","0","0","0","0","0","0","0","0","0","7","0","","36","09","2020","2020077682","7","40.2765","-76.1975","0042","08","0","0","0","0","0","0","0","0","","0","0","0","00","2","1","00","2","40 16:35.359","5","00","76 11:50.940","8","0","0","0","36236","0","0","0","Y","0","0","0","1","36408","0","","5","01","N","N","0","","0","0","0","0","0","N","0041","1","1","0","0","0","1","0","1","1","1","N","","","","","","","","","","","0151","03","  ","","N","N"
"1119","1","0","0","0","0","0","0","0","0","4","0","","36","09","2020","2020077938","1","40.0248","-76.2048","1115","08","0","0","0","0","0","2","0","0","","0","0","0","11","1","0","03","1","40 01:29.695","4","00","76 12:17.002","0","0","0","0","36215","0","0","0","N","0","0","0","4","36215","0","","1","01","N","N","1","","0","0","0","3","2","N","1110","0","2","0","0","0","0","0","1","0","2","N","","","","","","","","","","","1150","03","  ","","N",""
"0704","0","0","0","0","0","0","0","0","0","0","0","","36","09","2020","2020077671","2","40.0262","-76.1319","0645","08","0","0","0","0","0","0","0","0","","0","0","0","06","2","0","00","0","40 01:34.450","","00","76 07:54.850","0","0","0","0","36221","0","0","0","N","0","0","0","1","68J01","0","","1","01","N","N","1","","0","0","0","0","0","","0632","0","1","0","0","0","0","0","1","0","1","N","","","","","","","","","","","","03","  ","","N","N"
"1340","2","0","0","0","0","0","0","0","0","1","0","","36","09","2020","2020077935","2","40.0194","-76.3413","1332","08","0","0","0","0","0","0","0","0","","0","0","0","13","1","0","02","0","40 01:09.994","","00","76 20:28.522","0","0","0","0","36220","0","0","0","N","0","0","0","2","36101","0","","1","01","N","N","0","","0","0","0","0","0","","1332","0","2","0","0","0","0","0","3","0","2","N","","","","","","","","","","","","03","03","","N",""
"1444","1","0","0","0","0","0","0","0","0","4","0","","36","09","2020","2020077749","2","40.0354","-76.2913","1444","08","0","0","0","0","0","0","0","0","","0","0","0","13","1","0","01","0","40 02:07.364","","00","76 17:28.806","0","0","0","0","36301","0","0","0","N","0","0","0","2","36301","0","","1","01","N","N","0","","0","0","1","3","3","","1314","0","2","0","0","0","0","0","3","0","2","N","","","","","","","","","","","","03","03","","N","N"
"1922","1","0","0","0","0","0","0","0","0","1","0","","36","09","2020","2020077707","2","40.0387","-76.3138","1909","08","0","0","0","0","1","0","0","0","","0","0","0","19","3","0","00","2","40 02:19.328","4","00","76 18:49.595","0","0","0","0","36301","0","0","0","N","0","0","0","2","36301","0","","1","01","N","N","0","","0","0","1","0","0","N","1909","0","2","0","0","0","0","0","3","0","2","N","","","","","","","","","","","1952","03","  ","","N","N"
"0753","1","0","0","0","0","0","0","0","0","5","0","","36","09","2020","2020077740","4","40.0475","-76.3248","0749","08","0","0","0","0","0","0","0","0","","0","0","0","06","6","0","00","0","40 02:50.826","","00","76 19:29.267","0","0","0","0","36301","0","0","0","N","0","0","0","1","36301","0","","4","01","N","N","0","","0","0","1","3","3","","0608","0","2","0","0","0","0","0","3","0","2","N","","","","","","","","","","","","03","03","","N","Y"
"1611","1","0","0","0","0","0","0","0","0","1","0","","36","09","2020","2020077887","2","39.8951","-76.1702","1603","08","0","0","0","0","0","1","0","1","","0","1","0","16","1","0","00","0","39 53:42.399","","00","76 10:12.605","0","0","0","0","36416","0","0","0","N","0","0","0","2","36416","0","","1","01","N","N","0","","0","0","0","0","0","","1603","0","2","0","0","0","0","0","1","0","2","N","","","","","","","","","","","","03","  ","","N","N"