"ARRIVAL_TM","AUTOMOBILE_COUNT","BELTED_DEATH_COUNT","BELTED_SUSP_SERIOUS_INJ_COUNT","BICYCLE_COUNT","BICYCLE_DEATH_COUNT","BICYCLE_SUSP_SERIOUS_INJ_COUNT","BUS_COUNT","CHLDPAS_DEATH_COUNT","CHLDPAS_SUSP_SERIOUS_INJ_COUNT","COLLISION_TYPE","COMM_VEH_COUNT","CONS_ZONE_SPD_LIM","COUNTY","CRASH_MONTH","CRASH_YEAR","CRN","DAY_OF_WEEK","DEC_LAT","DEC_LONG","DISPATCH_TM","DISTRICT","DRIVER_COUNT_16YR","DRIVER_COUNT_17YR","DRIVER_COUNT_18YR","DRIVER_COUNT_19YR","DRIVER_COUNT_20YR","DRIVER_COUNT_50_64YR","DRIVER_COUNT_65_74YR","DRIVER_COUNT_75PLUS","EST_HRS_CLOSED","FATAL_COUNT","HEAVY_TRUCK_COUNT","HORSE_BUGGY_COUNT","HOUR_OF_DAY","ILLUMINATION","INJURY_COUNT","INTERSECT_TYPE","LANE_CLOSED","LATITUDE","LN_CLOSE_DIR","LOCATION_TYPE","LONGITUDE","MAX_SEVERITY_LEVEL","MCYCLE_DEATH_COUNT","MCYCLE_SUSP_SERIOUS_INJ_COUNT","MOTORCYCLE_COUNT","MUNICIPALITY","NONMOTR_COUNT","NONMOTR_DEATH_COUNT","NONMOTR_SUSP_SERIOUS_INJ_COUNT","NTFY_HIWY_MAINT","PED_COUNT","PED_DEATH_COUNT","PED_SUSP_SERIOUS_INJ_COUNT","PERSON_COUNT","POLICE_AGCY","POSSIBLE_INJ_COUNT","RDWY_SURF_TYPE_CD","RELATION_TO_ROAD","ROAD_CONDITION","SCH_BUS_IND","SCH_ZONE_IND","SMALL_TRUCK_COUNT","SPEC_JURIS_CD","SUSP_MINOR_INJ_COUNT","SUSP_SERIOUS_INJ_COUNT","SUV_COUNT","TCD_FUNC_CD","TCD_TYPE","TFC_DETOUR_IND","TIME_OF_DAY","TOT_INJ_COUNT","TOTAL_UNITS","UNB_DEATH_COUNT","UNB_SUSP_SERIOUS_INJ_COUNT","UNBELTED_OCC_COUNT","UNK_INJ_DEG_COUNT","UNK_INJ_PER_COUNT","URBAN_RURAL","VAN_COUNT","VEHICLE_COUNT","WORK_ZONE_IND","WORK_ZONE_LOC","WORK_ZONE_TYPE","WORKERS_PRES","WZ_CLOSE_DETOUR","WZ_FLAGGER","WZ_LAW_OFFCR_IND","WZ_LN_CLOSURE","WZ_MOVING","WZ_OTHER","WZ_SHLDER_MDN","ROADWAY_CLEARED","WEATHER1","WEATHER2","WZ_WORKERS_INJ_KILLED","SECONDARY_CRASH","INTERSECTION_RELATED"
"1205","1","0","0","0","0","0","0","0","0","4","0","","36","09","2020","2020077888","3","39.8943","-76.1728","1201","08","0","0","0","0","0","0","1","0","","0","0","0","12","1","0","00","0","39 53:39.346","","07","76 10:22.010","0","0","0","0","36416","0","0","0","N","0","0","0","3","36416","0","","1","01","N","N","0","","0","0","1","0","0","","1201","0","2","0","0","0","0","0","1","0","2","N","","","","","","","","","","","","03","  ","","N","N"
"0750","2","0","0","0","0","0","0","0","0","4","0","","36","09","2020","2020077934","2","40.0606","-76.2768","0746","08","0","0","0","0","0","0","0","0","","0","0","0","07","1","0","01","1","40 03:38.263","4","03","76 16:36.564","0","0","0","0","36101","0","0","0","N","0","0","0","2","36101","0","","1","01","N","N","0","","0","0","0","3","2","N","0744","0","2","0","0","0","0","0","3","0","2","N","","","","","","","","","","","0830","03","03","","N",""
"0829","2","0","0","0","0","0","0","0","0","1","0","","36","09","2020","2020077937","2","40.0391","-76.2522","0825","08","0","0","0","0","0","1","0","0","","0","0","0","08","1","0","00","0","40 02:20.580","","00","76 15:07.820","0","0","0","0","36215","0","0","0","N","0","0","0","2","36215","0","","1","01","N","N","0","","0","0","0","0","0","","0825","0","2","0","0","1","0","0","1","0","2","N","","","","","","","","","","","","03","03","","N","N"
"1937","1","0","0","0","0","0","0","0","0","7","0","","36","09","2020","2020077936","7","40.0228","-76.1947","1937","08","0","0","0","0","0","0","0","0","","0","0","0","19","4","1","00","0","40 01:21.925","","00","76 11:40.783","8","0","0","0","36215","0","0","0","N","0","0","0","1","36215","0","","4","01","N","N","0","","0","0","0","0","0","","1933","1","2","0","0","0","1","0","1","0","1","N","","","","","","","","","","","","03","03","","N","N"
"1805","1","0","0","0","0","0","0","0","0","1","0","","36","09","2020","2020077939","4","40.0373","-76.4086","1759","08","0","0","0","0","0","0","0","0","","0","0","0","17","1","1","00","0","40 02:14.198","","00","76 24:30.924","3","0","0","0","36223","0","0","0","N","0","0","0","2","36223","0","","1","01","N","N","0","","1","0","1","0","0","","1740","1","2","0","0","0","0","0","1","0","2","N","","","","","","","","","","","","03","03","","N","Y"
"1843","1","0","0","0","0","0","0","0","0","2","0","","36","09","2020","2020077940","6","40.2213","-76.4323","1835","08","0","0","0","0","0","0","0","0","","0","0","0","18","1","2","01","1","40 13:16.697","7","00","76 25:56.245","3","0","0","0","36230","0","0","0","N","0","0","0","2","36410","1","","1","01","N","N","1","","1","0","0","0","0","Y","1835","2","2","0","0","0","0","0","1","0","2","N","","","","","","","","","","","0030","03","03","","N",""
"2043","1","0","0","0","0","0","0","0","0","4","0","","36","09","2020","2020077941","4","40.1004","-76.349","2041","08","0","0","1","0","0","0","0","0","","0","0","0","20","3","0","01","0","40 06:01.354","","00","76 20:56.477","0","0","0","0","36406","0","0","0","N","0","0","0","2","36506","0","","1","01","N","N","0","","0","0","1","0","0","","2041","0","2","0","0","0","0","0","3","0","2","N","","","","","","","","","","","","03","  ","","N",""
"1628","1","0","0","0","0","0","1","0","0","4","1","","36","09","2020","2020077943","2","40.1536","-76.2589","1620","08","0","0","0","0","0","0","1","0","","0","0","0","16","1","0","02","0","40 09:12.978","","00","76 15:32.169","0","0","0","0","36235","0","0","0","N","0","0","0","2","36506","0","","1","01","Y","N","0","","0","0","0","3","3","","1620","0","2","0","0","0","0","0","1","0","2","N","","","","","","","","","","","","03","  ","","N",""
"0809","2","0","0","0","0","0","0","0","0","6","0","","36","09","2020","2020077942","2","40.1781","-76.3091","0801","08","0","0","0","0","0","0","0","0","","0","0","0","08","1","0","00","0","40 10:41.138","","00","76 18:32.656","0","0","0","0","36235","0","0","0","N","0","0","0","2","36506","0","","1","01","N","N","0","","0","0","0","0","0","","0801","0","2","0","0","0","0","0","1","0","2","N","","","","","","","","","","","","03","  ","","N","N"
"0424","1","0","0","0","0","0","0","0","0","7","0","","36","09","2020","2020078083","3","40.0457","-76.3092","0424","08","0","0","0","0","0","0","0","0","","0","0","0","04","3","0","01","1","40 02:44.405","2","00","76 18:32.982","0","0","0","0","36301","0","0","0","N","0","0","0","1","36301","0","","5","01","N","N","0","","0","0","0","3","2","N","0424","0","1","0","0","0","0","0","3","0","1","N","","","","","","","","","","","0500","03","03","","N","N"
"1239","0","0","0","0","0","0","0","0","0","4","0","","36","09","2020","2020078115","3","40.0918","-76.348","1225","08","0","0","0","0","0","1","0","0","","0","1","0","12","1","0","00","2","40 05:30.467","2","00","76 20:52.872","0","0","0","0","36214","0","0","0","N","0","0","0","3","36214","0","","1","01","N","N","0","","0","0","1","0","0","Y","1222","0","2","0","0","0","0","0","3","0","2","N","","","","","","","","","","","1303","03","  ","","N","N"
"1808","0","0","0","0","0","0","0","0","0","5","0","","36","09","2020","2020078124","1","40.1108","-76.5078","1805","08","0","0","0","0","0","0","0","0","","0","0","0","18","1","0","00","0","40 06:38.739","","00","76 30:28.192","0","0","0","0","36413","0","0","0","N","0","0","0","1","36413","0","","6","01","N","N","0","","0","0","2","0","0","","1805","0","2","0","0","0","0","0","2","0","2","N","","","","","","","","","","","","03","  ","","N","N"
"0805","2","0","0","0","0","0","0","0","0","4","0","","36","09","2020","2020078289","4","40.0296","-76.3231","0802","08","0","0","0","1","0","0","0","0","","0","0","0","08","1","1","01","1","40 01:46.727","1","00","76 19:23.150","3","0","0","0","36301","0","0","0","N","0","0","0","3","36301","0","","1","01","N","N","0","","1","0","0","3","2","N","0800","1","2","0","0","0","0","0","3","0","2","N","","","","","","","","","","","0925","03","  ","","N",""
"1810","1","0","0","0","0","0","0","0","0","8","0","","36","09","2020","2020078330","3","40.0822","-76.3908","1804","08","0","0","0","0","0","0","0","0","","0","0","0","18","1","1","00","2","40 04:55.870","6","00","76 23:26.920","2","0","0","0","36214","1","0","1","N","1","0","1","2","36214","0","","1","01","N","N","0","","0","1","0","0","0","Y","1804","1","2","0","0","0","0","0","3","0","1","N","","","","","","","","","","","1920","03","03","","N","N"
"2053","2","0","0","0","0","0","0","0","0","4","0","","36","09","2020","2020078331","4","40.0327","-76.2431","2050","08","0","1","0","0","0","0","0","0","","0","0","0","20","3","0","01","0","40 01:57.964","","02","76 14:34.833","0","0","0","0","36215","0","0","0","N","0","0","0","4","36215","0","","1","01","N","N","0","","0","0","0","3","2","","2048","0","2","0","0","0","0","0","1","0","2","N","","","","","","","","","","","","03","  ","","N",""
"2110","1","0","0","0","0","0","0","0","0","7","0","","36","09","2020","2020078332","3","40.1325","-76.3356","2106","08","0","0","0","0","0","0","0","0","","0","0","0","21","2","0","00","0","40 07:56.855","","00","76 20:08.211","0","0","0","0","36227","0","0","0","N","0","0","0","1","36506","0","","2","01","N","N","0","","0","0","0","0","0","","2106","0","1","0","0","1","0","0","1","0","1","N","","","","","","","","","","","","03","03","","N","N"
"1517","0","0","0","0","0","0","0","0","0","7","0","","36","09","2020","2020078396","5","40.2442","-76.1614","1508","08","0","0","0","0","0","0","0","0","","0","0","0","15","1","1","00","1","40 14:39.247","4","00","76 09:41.164","8","0","0","0","36236","0","0","0","N","0","0","0","1","68T06","0","","3","09","N","N","0","","0","0","1","0","0","N","1508","1","1","0","0","0","1","0","1","0","1","N","","","","","","","","","","","0100","07","  ","","N","N"
"2357","2","0","0","0","0","0","0","0","0","4","0","","36","09","2020","2020078520","7","40.0628","-76.5218","2354","08","0","0","0","0","0","0","0","0","","0","0","0","23","2","0","00","2","40 03:46.125","6","00","76 31:18.574","0","0","0","0","36211","0","0","0","N","0","0","0","3","36504","0","","1","01","N","N","0","","0","0","0","0","0","Y","2352","0","2","0","0","1","0","0","1","0","2","N","","","","","","","","","","","0044","03","  ","","N","N"
"2010","0","0","0","0","0","0","0","0","0","0","0","","36","09","2020","2020078537","4","40.0617","-76.5263","2006","08","0","0","0","0","0","1","0","0","","0","0","0","20","2","0","00","2","40 03:42.126","6","00","76 31:34.707","0","0","0","0","36211","0","0","0","N","0","0","0","3","36504","0","","1","01","N","N","0","","0","0","1","0","0","Y","2003","0","1","0","0","0","0","0","1","0","1","N","","","","","","","","","","","2059","03","  ","","N","N"
"1708","1","0","0","0","0","0","0","0","0","5","1","","36","09","2020","2020078562","3","40.0436","-76.5129","1700","08","0","0","0","0","0","1","0","0","","0","1","0","16","1","0","02","0","40 02:37.018","","07","76 30:46.496","0","0","0","0","36239","0","0","0","N","0","0","0","2","36239","0","","1","01","N","N","0","","0","0","0","0","0","","1658","0","2","0","0","0","0","0","3","0","2","N","","","","","","","","","","","","03","03","","N",""
"1618","2","0","0","0","0","0","0","0","0","4","0","","36","09","2020","2020078572","4","40.04","-76.3016","1615","08","0","0","0","0","0","1","0","0","","0","1","0","16","1","1","01","2","40 02:24.019","1","00","76 18:05.911","4","0","0","0","36301","0","0","0","N","0","0","0","4","36301","1","","1","01","N","N","0","","0","0","0","3","2","Y","1615","1","3","0","0","0","0","0","3","0","3","N","","","","","","","","","","","1700","03","  ","","Y","N"
"1653","0","0","0","0","0","0","0","0","0","8","0","","36","09","2020","2020078598","1","40.0313","-76.3065","1648","08","0","0","0","0","0","0","0","0","","0","0","0","16","1","1","00","0","40 01:52.662","","00","76 18:23.409","3","0","0","0","36301","1","0","0","N","1","0","0","2","36301","0","","1","01","N","N","0","","1","0","1","0","0","","1646","1","2","0","0","0","0","0","3","0","1","N","","","","","","","","","","","","03","  ","","N","N"
"1545","1","0","0","0","0","0","0","0","0","5","0","","36","09","2020","2020078577","4","40.031","-76.2956","1539","08","0","0","0","0","0","0","0","0","","0","0","0","15","1","1","00","2","40 01:51.600","4","00","76 17:44.200","3","0","0","0","36301","0","0","0","N","0","0","0","2","36301","0","","1","01","N","N","0","","1","0","1","0","0","N","1539","1","2","0","0","0","0","0","3","0","2","N","","","","","","","","","","","1600","03","03","","N","N"
"1802","1","0","0","0","0","0","0","0","0","4","0","","36","09","2020","2020078599","3","39.9856","-76.3148","1800","08","1","0","0","0","0","0","0","0","","0","0","0","17","1","0","00","0","39 59:08.288","","07","76 18:53.394","0","0","0","0","36228","0","0","0","Y","0","0","0","2","36228","0","","1","01","N","N","0","","0","0","1","0","0","","1759","0","2","0","0","0","0","0","1","0","2","N","","","","","","","","","","","","03","03","","N","N"
"1907","0","0","0","2","0","0","0","0","0","4","0","","36","09","2020","2020078563","3","40.0888","-76.4208","1858","08","0","0","0","0","0","1","0","0","","0","0","0","18","1","2","01","0","40 05:19.784","","00","76 25:14.797","3","0","0","0","36239","2","0","0","N","0","0","0","3","36239","0","","1","01","N","N","1","","2","0","0","3","3","","1858","2","3","0","0","0","0","0","3","0","1","N","","","","","","","","","","","","03","  ","","N",""
"1456","0","0","0","0","0","0","0","0","0","7","0","","36","09","2020","2020078596","3","39.9647","-76.3221","1449","08","0","1","0","0","0","0","0","0","","0","0","0","14","1","0","00","1","39 57:52.998","2","00","76 19:19.555","0","0","0","0","36228","0","0","0","N","0","0","0","1","36228","0","","4","01","N","N","0","","0","0","1","0","0","N","1447","0","1","0","0","0","0","0","1","0","1","N","","","","","","","","","","","1523","03","  ","","N","N"
"0805","2","0","0","0","0","0","0","0","0","4","0","","36","09","2020","2020078740","4","40.0734","-76.3198","0803","08","0","0","0","0","1","0","0","1","","0","0","0","08","1","2","00","2","40 04:24.411","2","07","76 19:11.283","4","0","0","0","36101","0","0","0","N","0","0","0","2","36101","2","","1","01","N","N","0","","0","0","0","0","0","N","0801","2","2","0","0","0","0","0","3","0","2","N","","","","","","","","","","","0910","03","03","","N","N"
"1555","0","0","0","0","0","0","0","0","0","1","0","","36","09","2020","2020078903","4","40.0581","-76.4019","1551","08","0","0","0","0","0","0","0","0","","0","0","0","15","1","0","00","1","40 03:29.333","3","00","76 24:06.808","0","0","0","0","36214","0","0","0","N","0","0","0","6","36214","0","","1","01","N","N","1","","0","0","1","0","0","N","1548","0","3","0","0","0","0","0","3","1","3","N","","","","","","","","","","","1631","03","03","","N","N"
"1039","1","0","0","0","0","0","0","0","0","8","0","","36","09","2020","2020078630","5","40.0461","-76.3052","1037","08","0","0","0","0","0","0","0","0","","0","0","0","10","1","1","01","2","40 02:45.784","2","00","76 18:18.607","3","0","0","0","36301","1","0","0","N","1","0","0","5","36301","0","","1","01","N","N","0","","1","0","0","3","2","Y","1036","1","2","0","0","0","0","0","3","0","1","N","","","","","","","","","","","1100","03","03","","N",""
"0714","1","0","1","0","0","0","0","0","0","4","0","","36","09","2020","2020078741","5","40.0653","-76.3968","0711","08","0","0","0","0","0","1","0","1","","0","0","0","07","1","2","03","2","40 03:55.159","5","07","76 23:48.407","2","0","0","0","36214","0","0","0","N","0","0","0","2","36214","0","","1","01","N","N","0","","1","1","0","3","4","Y","0708","2","2","0","0","0","0","0","3","1","2","N","","","","","","","","","","","0740","04","  ","","N",""
"1505","0","0","0","0","0","0","0","0","0","1","0","","36","09","2020","2020078685","3","39.9801","-76.3107","1459","08","0","0","1","0","0","0","0","0","","0","0","0","14","1","2","00","1","39 58:48.211","6","00","76 18:38.534","4","0","0","0","36228","0","0","0","N","0","0","0","5","36228","2","","1","01","N","N","1","","0","0","0","0","0","Y","1455","2","2","0","0","0","0","0","1","1","2","N","","","","","","","","","","","1525","03","  ","","N","Y"
"1416","2","0","0","0","0","0","0","0","0","4","0","","36","09","2020","2020078742","7","40.0378","-76.3637","1415","08","0","0","0","0","0","0","1","0","","0","0","0","14","1","2","01","0","40 02:16.155","","00","76 21:49.258","4","0","0","0","36223","0","0","0","N","0","0","0","4","36223","2","","1","01","N","N","0","","0","0","0","9","3","","1414","2","2","0","0","0","0","0","1","0","2","N","","","","","","","","","","","","03","  ","","N",""
"1448","0","0","0","0","0","0","0","0","0","2","0","","36","09","2020","2020078739","6","40.0791","-76.3465","1442","08","0","0","0","0","0","0","0","1","","0","0","0","14","1","2","01","1","40 04:45.084","7","02","76 20:47.455","3","0","0","0","36101","0","0","0","N","0","0","0","2","36101","0","","1","01","N","N","0","","2","0","1","3","3","Y","1439","2","3","0","0","0","0","0","3","1","2","N","","","","","","","","","","","1500","03","03","","N",""
"1759","0","0","0","0","0","0","0","0","0","1","0","","36","09","2020","2020078743","1","40.1169","-76.2328","1752","08","0","1","0","1","0","0","0","0","","0","0","0","17","1","0","00","0","40 07:00.884","","00","76 13:57.922","0","0","0","0","36235","0","0","0","N","0","0","0","2","36506","0","","1","01","N","N","1","","0","0","1","0","0","","1752","0","2","0","0","0","0","0","1","0","2","N","","","","","","","","","","","","03","03","","Y","N"
"1802","1","0","0","0","0","0","0","0","0","1","0","","36","09","2020","2020078904","4","40.019","-76.3536","1755","08","0","0","0","0","0","0","0","0","","0","0","0","17","1","0","02","0","40 01:08.300","","00","76 21:12.899","0","0","0","0","36223","0","0","0","N","0","0","0","4","36223","0","","1","01","N","N","0","","0","0","1","0","0","","1751","0","2","0","0","0","0","0","1","0","2","N","","","","","","","","","","","","04","  ","","N",""
"1518","1","0","0","0","0","0","0","0","0","4","0","","36","09","2020","2020079368","5","39.7846","-76.1153","1432","08","0","0","0","1","0","1","0","0","","0","0","0","14","1","1","01","1","39 47:04.678","2","00","76 06:55.157","3","0","0","0","36222","0","0","0","N","0","0","0","3","68J01","0","","1","01","N","N","1","","1","0","0","3","3","N","1429","1","2","0","0","0","0","0","1","0","2","N","","","","","","","","","","","1640","04","04","","N","N"
"2345","1","0","0","0","0","0","0","0","0","7","0","","36","09","2020","2020079070","7","40.1217","-76.3457","2345","08","0","1","0","0","0","0","0","0","","0","0","0","22","3","0","00","0","40 07:18.110","","00","76 20:44.500","0","0","0","0","36101","0","0","0","N","0","0","0","1","36101","0","","5","01","N","N","0","","0","0","0","0","0","","2200","0","1","0","0","0","0","0","3","0","1","N","","","","","","","","","","","","03","03","","N","N"
"1540","1","0","0","0","0","0","0","0","0","5","0","","36","09","2020","2020079072","2","40.0534","-76.3907","1522","08","0","0","0","1","0","0","0","0","","0","0","0","15","1","0","00","0","40 03:12.084","","00","76 23:26.532","0","0","0","0","36214","0","0","0","N","0","0","0","1","36214","0","","2","01","N","N","0","","0","0","0","0","0","","1520","0","2","0","0","0","0","0","3","1","2","N","","","","","","","","","","","","03","03","","N","N"
"1412","1","0","0","0","0","0","0","0","0","7","0","","36","08","2020","2020079073","7","40.0496","-76.255","1410","08","0","0","0","0","0","0","0","0","","0","0","0","14","1","0","07","0","40 02:58.707","","02","76 15:17.880","0","0","0","0","36215","0","0","0","N","0","0","0","3","36215","0","","5","01","N","N","0","","0","0","0","0","0","","1406","0","1","0","0","0","0","0","1","0","1","N","","","","","","","","","","","","03","03","","N",""
"1634","1","0","0","0","0","0","0","0","0","4","1","","36","09","2020","2020079074","3","40.0618","-76.1703","1632","08","0","0","0","0","0","0","1","0","","0","1","0","16","1","1","01","2","40 03:42.505","5","00","76 10:12.981","3","0","0","0","36234","0","0","0","N","0","0","0","4","36215","0","","1","01","N","N","0","","1","0","0","3","3","Y","1629","1","2","0","0","0","0","0","1","0","2","N","","","","","","","","","","","1730","03","03","","N",""
"1615","2","0","0","0","0","0","0","0","0","4","0","","36","09","2020","2020079075","4","40.1475","-76.4055","1610","08","0","0","0","0","0","0","0","1","","0","0","0","16","1","0","03","1","40 08:51.140","7","00","76 24:19.764","0","0","0","0","36227","0","0","0","N","0","0","0","2","36506","0","","1","01","N","N","0","","0","0","0","3","3","Y","1610","0","2","0","0","0","0","0","1","0","2","N","","","","","","","","","","","1658","03","03","","N",""
"1853","0","0","0","0","0","0","0","0","0","5","0","","36","09","2020","2020079071","4","40.1133","-76.2647","1843","08","0","0","0","0","1","1","0","0","","0","0","0","18","4","0","02","0","40 06:47.839","","00","76 15:53.014","0","0","0","0","36101","0","0","0","N","0","0","0","2","36101","0","","1","01","N","N","1","","0","0","1","0","0","","1839","0","2","0","0","0","0","0","3","0","2","N","","","","","","","","","","","","03","03","","N",""
"1925","2","0","0","0","0","0","0","0","0","4","0","","36","09","2020","2020079175","6","40.044","-76.3096","1922","08","0","0","0","0","0","1","0","0","","0","0","0","19","3","0","01","2","40 02:38.526","6","00","76 18:34.563","9","0","0","0","36301","0","0","0","N","0","0","0","2","36301","0","","1","01","N","N","0","","0","0","0","3","3","Y","1920","0","2","0","0","0","0","1","3","0","2","N","","","","","","","","","","","1950","03","  ","","N",""
"1836","3","0","0","0","0","0","0","0","0","4","0","","36","09","2020","2020079180","7","40.0384","-76.3013","1828","08","0","0","1","0","0","1","0","0","","0","0","0","18","1","4","01","2","40 02:18.358","3","00","76 18:04.767","3","0","0","0","36301","2","0","0","N","2","0","0","6","36301","1","","1","01","N","N","0","","1","0","0","3","2","Y","1826","4","5","0","0","0","2","0","3","0","3","N","","","","","","","","","","","1917","03","03","","N","N"
"1609","1","0","0","0","0","0","0","0","0","1","0","","36","09","2020","2020079216","3","40.179","-76.1958","1604","08","0","0","0","0","0","1","0","0","","0","0","0","16","1","0","00","0","40 10:44.570","","00","76 11:44.835","0","0","0","0","36218","0","0","0","N","0","0","0","2","36408","0","","1","01","N","N","0","","0","0","1","0","0","","1603","0","2","0","0","0","0","0","1","0","2","N","","","","","","","","","","","","03","03","","N","Y"
"1020","1","0","0","0","0","0","0","0","0","7","0","","36","09","2020","2020079277","7","40.0629","-76.5693","1017","08","0","0","0","0","0","0","0","0","","0","0","0","10","1","0","00","1","40 03:46.421","2","00","76 34:09.520","0","0","0","0","36211","0","0","0","N","0","0","0","1","36504","0","","5","09","N","N","0","","0","0","0","0","0","Y","1014","0","1","0","0","0","0","0","1","0","1","N","","","","","","","","","","","1045","07","  ","","N","N"
"1857","0","0","0","0","0","0","0","0","0","7","0","","36","09","2020","2020079297","4","40.0842","-76.5544","1853","08","0","0","0","0","0","0","0","0","","0","0","0","18","1","1","00","2","40 05:03.180","6","00","76 33:15.845","8","0","0","0","36211","0","0","0","Y","0","0","0","1","36504","0","","5","01","N","N","1","","0","0","0","0","0","Y","1852","1","1","0","0","0","1","0","1","0","1","N","","","","","","","","","","","2000","99","98","","N","N"
"1213","1","0","0","0","0","0","0","0","0","1","0","","36","09","2020","2020079298","7","40.0808","-76.5307","1209","08","0","0","0","1","0","0","0","0","","0","0","0","12","1","1","02","1","40 04:50.902","5","00","76 31:50.433","8","0","0","0","36211","0","0","0","N","0","0","0","2","36504","0","","1","09","N","N","0","","0","0","1","0","0","Y","1208","1","2","0","0","0","1","0","1","0","2","N","","","","","","","","","","","1256","07","  ","","N",""
"1139","1","0","0","0","0","0","0","0","0","1","0","","36","09","2020","2020079333","7","40.0758","-76.3369","1135","08","0","0","0","0","0","1","0","0","","0","0","0","11","1","0","00","1","40 04:32.709","1","00","76 20:12.938","0","0","0","0","36101","0","0","0","N","0","0","0","4","36101","0","","1","09","N","N","0","","0","0","1","0","0","N","1131","0","2","0","0","0","0","0","3","0","2","N","","","","","","","","","","","1300","07","  ","","N","N"
"0720","0","0","0","0","0","0","0","0","0","7","0","","36","09","2020","2020079332","7","40.0684","-76.2888","0718","08","0","0","0","0","0","0","0","0","","0","0","0","07","5","1","00","0","40 04:06.176","","02","76 17:19.694","3","0","0","0","36101","0","0","0","N","0","0","0","1","36101","0","","4","09","N","N","0","","1","0","1","0","0","","0715","1","1","0","0","0","0","0","3","0","1","N","","","","","","","","","","","","07","  ","","N","N"
"1453","0","0","0","0","0","0","0","0","0","98","0","","36","09","2020","2020079366","6","40.1253","-75.9106","1409","08","0","0","0","0","0","1","0","0","","0","0","0","14","1","0","00","0","40 07:31.208","","00","75 54:38.126","0","0","0","0","36203","0","0","0","N","0","0","0","2","68J01","0","","1","01","N","N","0","","0","0","1","0","0","","1406","0","1","0","0","0","0","0","1","0","1","N","","","","","","","","","","","","03","03","","N","N"
"0811","1","0","0","0","0","0","0","0","0","7","0","","36","09","2020","2020079370","2","39.9968","-76.0499","0753","08","0","0","0","1","0","0","0","0","","0","0","0","07","1","2","00","0","39 59:48.422","","00","76 02:59.506","3","0","0","0","36232","0","0","0","N","0","0","0","2","68J01","0","","4","01","N","N","0","","2","0","0","0","0","","0749","2","1","0","0","0","0","0","1","0","1","N","","","","","","","","","","","","03","  ","","N","N"
"1711","0","0","0","0","0","0","0","0","0","4","0","","36","09","2020","2020079369","5","39.877","-76.1556","1637","08","0","0","0","0","0","0","1","0","","0","0","0","16","1","0","00","0","39 52:37.360","","07","76 09:20.305","0","0","0","0","36212","0","0","0","N","0","0","0","2","68J01","0","","1","09","N","N","1","","0","0","1","0","0","","1625","0","2","0","0","0","0","0","1","0","2","N","","","","","","","","","","","","07","04","","N","N"
"0740","0","0","0","0","0","0","0","0","0","6","2","","36","09","2020","2020079374","3","39.9896","-75.9967","0731","08","0","0","0","0","0","0","2","0","","0","2","0","07","1","2","00","2","39 59:22.544","6","00","75 59:48.030","2","0","0","0","36232","0","0","0","N","0","0","0","3","68J01","1","","1","01","N","N","0","","0","1","1","0","0","Y","0728","2","3","0","0","0","0","0","1","0","3","N","","","","","","","","","","","0800","03","  ","","Y","N"
"1743","0","0","0","0","0","0","0","0","0","1","0","","36","09","2020","2020079415","6","40.2596","-76.1827","1740","08","0","0","0","0","0","0","0","0","","0","0","0","17","1","0","00","2","40 15:34.546","1","00","76 10:57.811","0","0","0","0","36236","0","0","0","N","0","0","0","2","36408","0","","1","01","N","N","1","","0","0","1","0","0","N","1738","0","2","0","0","0","0","0","1","0","2","N","","","","","","","","","","","1840","03","03","","N","N"
"0830","2","0","0","0","0","0","0","0","0","5","0","","36","09","2020","2020079471","1","40.0361","-76.3139","0820","08","0","0","1","0","0","0","0","0","","0","1","0","08","1","1","00","1","40 02:09.804","2","00","76 18:49.932","3","0","0","0","36301","0","0","0","N","0","0","0","2","36301","0","","2","09","N","N","0","","1","0","0","0","0","N","0820","1","3","0","0","0","0","1","3","0","3","N","","","","","","","","","","","0925","07","  ","","N","N"
"1618","1","0","0","0","0","0","0","0","0","4","0","","36","09","2020","2020079438","4","40.0387","-76.2787","1612","08","0","1","0","0","0","0","0","0","","0","0","0","16","1","4","02","1","40 02:19.282","4","00","76 16:43.271","3","0","0","0","36220","0","0","0","N","0","0","0","4","36101","3","","1","01","N","N","0","","1","0","1","0","0","N","1610","4","2","0","0","0","0","0","3","0","2","N","","","","","","","","","","","1700","03","  ","","N",""
"1553","1","0","0","0","0","0","0","0","0","4","0","","36","09","2020","2020079429","5","40.1111","-76.5063","1548","08","0","0","0","0","0","0","1","0","","0","0","0","15","1","0","01","0","40 06:39.858","","00","76 30:22.538","0","0","0","0","36413","0","0","0","N","0","0","0","2","36413","0","","1","01","N","N","0","","0","0","1","3","3","","1548","0","2","0","0","0","0","0","2","0","2","N","","","","","","","","","","","","03","  ","","N","N"
"1732","0","0","0","0","0","0","0","0","0","1","0","","36","09","2020","2020079439","2","40.0679","-76.2953","1725","08","0","0","0","0","1","0","0","0","","0","0","0","17","1","1","00","1","40 04:04.606","3","00","76 17:42.901","3","0","0","0","36101","0","0","0","N","0","0","0","3","36101","0","","1","01","N","N","0","","1","0","2","0","0","N","1725","1","2","0","0","0","0","0","3","0","2","N","","","","","","","","","","","1800","03","03","","N","N"