"ARRIVAL_TM","AUTOMOBILE_COUNT","BELTED_DEATH_COUNT","BELTED_SUSP_SERIOUS_INJ_COUNT","BICYCLE_COUNT","BICYCLE_DEATH_COUNT","BICYCLE_SUSP_SERIOUS_INJ_COUNT","BUS_COUNT","CHLDPAS_DEATH_COUNT","CHLDPAS_SUSP_SERIOUS_INJ_COUNT","COLLISION_TYPE","COMM_VEH_COUNT","CONS_ZONE_SPD_LIM","COUNTY","CRASH_MONTH","CRASH_YEAR","CRN","DAY_OF_WEEK","DEC_LAT","DEC_LONG","DISPATCH_TM","DISTRICT","DRIVER_COUNT_16YR","DRIVER_COUNT_17YR","DRIVER_COUNT_18YR","DRIVER_COUNT_19YR","DRIVER_COUNT_20YR","DRIVER_COUNT_50_64YR","DRIVER_COUNT_65_74YR","DRIVER_COUNT_75PLUS","EST_HRS_CLOSED","FATAL_COUNT","HEAVY_TRUCK_COUNT","HORSE_BUGGY_COUNT","HOUR_OF_DAY","ILLUMINATION","INJURY_COUNT","INTERSECT_TYPE","LANE_CLOSED","LATITUDE","LN_CLOSE_DIR","LOCATION_TYPE","LONGITUDE","MAX_SEVERITY_LEVEL","MCYCLE_DEATH_COUNT","MCYCLE_SUSP_SERIOUS_INJ_COUNT","MOTORCYCLE_COUNT","MUNICIPALITY","NONMOTR_COUNT","NONMOTR_DEATH_COUNT","NONMOTR_SUSP_SERIOUS_INJ_COUNT","NTFY_HIWY_MAINT","PED_COUNT","PED_DEATH_COUNT","PED_SUSP_SERIOUS_INJ_COUNT","PERSON_COUNT","POLICE_AGCY","POSSIBLE_INJ_COUNT","RDWY_SURF_TYPE_CD","RELATION_TO_ROAD","ROAD_CONDITION","SCH_BUS_IND","SCH_ZONE_IND","SMALL_TRUCK_COUNT","SPEC_JURIS_CD","SUSP_MINOR_INJ_COUNT","SUSP_SERIOUS_INJ_COUNT","SUV_COUNT","TCD_FUNC_CD","TCD_TYPE","TFC_DETOUR_IND","TIME_OF_DAY","TOT_INJ_COUNT","TOTAL_UNITS","UNB_DEATH_COUNT","UNB_SUSP_SERIOUS_INJ_COUNT","UNBELTED_OCC_COUNT","UNK_INJ_DEG_COUNT","UNK_INJ_PER_COUNT","URBAN_RURAL","VAN_COUNT","VEHICLE_COUNT","WORK_ZONE_IND","WORK_ZONE_LOC","WORK_ZONE_TYPE","WORKERS_PRES","WZ_CLOSE_DETOUR","WZ_FLAGGER","WZ_LAW_OFFCR_IND","WZ_LN_CLOSURE","WZ_MOVING","WZ_OTHER","WZ_SHLDER_MDN","ROADWAY_CLEARED","WEATHER1","WEATHER2","WZ_WORKERS_INJ_KILLED","SECONDARY_CRASH","INTERSECTION_RELATED"
"2015","0","0","0","0","0","0","0","0","0","4","0","","36","09","2020","2020079650","6","40.1228","-76.2314","2010","08","0","0","1","0","0","1","0","0","","0","0","0","20","3","2","01","1","40 07:22.246","1","00","76 13:52.943","4","0","0","0","36238","0","0","0","N","0","0","0","6","36238","2","","1","01","N","N","0","","0","0","2","3","3","N","2010","2","2","0","0","0","0","0","3","0","2","N","","","","","","","","","","","2100","04","  ","","N","N"
"1334","1","0","0","0","0","0","0","0","0","1","0","","36","09","2020","2020079697","1","40.1023","-76.3054","1329","08","0","0","1","0","0","0","0","0","","0","0","0","13","1","0","00","1","40 06:08.176","1","00","76 18:19.378","0","0","0","0","36101","0","0","0","N","0","0","0","2","36101","0","","1","01","N","N","0","","0","0","1","0","0","N","1325","0","2","0","0","0","0","0","3","0","2","N","","","","","","","","","","","1415","04","  ","","N","N"
"1716","2","0","0","0","0","0","0","0","0","4","0","","36","09","2020","2020079698","6","40.0094","-76.3917","1711","08","0","0","1","0","0","0","0","0","","0","0","0","17","1","1","02","2","40 00:33.688","6","00","76 23:30.133","3","0","0","0","36223","0","0","0","N","0","0","0","2","36223","0","","1","01","N","N","0","","1","0","0","3","3","Y","1710","1","2","0","0","0","0","0","1","0","2","N","","","","","","","","","","","1752","03","03","","N",""
"2129","2","0","0","0","0","0","0","0","0","1","0","","36","09","2020","2020079440","3","40.0631","-76.3391","2122","08","0","0","0","0","0","0","0","0","","0","0","0","21","3","0","01","0","40 03:47.262","","02","76 20:20.880","9","0","0","0","36101","0","0","0","N","0","0","0","3","36101","0","","1","01","N","N","0","","0","0","1","3","2","","2119","0","3","0","0","0","0","1","3","0","3","N","","","","","","","","","","","","03","  ","","N",""
"0431","0","0","0","0","0","0","0","0","0","7","0","","36","09","2020","2020079441","4","40.0819","-76.3084","0429","08","0","0","0","0","0","0","0","0","","0","0","0","04","3","1","00","0","40 04:54.696","","00","76 18:30.281","4","0","0","0","36101","0","0","0","N","0","0","0","1","36101","1","","4","01","N","N","0","","0","0","1","0","0","","0425","1","1","0","0","0","0","0","3","0","1","N","","","","","","","","","","","","03","03","","N","N"
"1829","2","0","0","0","0","0","0","0","0","4","0","","36","09","2020","2020079699","6","40.0399","-76.3659","1827","08","1","0","0","0","0","0","0","0","","0","0","0","18","1","0","02","1","40 02:23.570","4","00","76 21:57.088","0","0","0","0","36223","0","0","0","N","0","0","0","3","36223","0","","1","01","N","N","0","","0","0","0","3","3","Y","1822","0","2","0","0","0","0","0","1","0","2","N","","","","","","","","","","","1709","03","03","","N",""
"0823","0","0","0","0","0","0","0","0","0","7","0","","36","09","2020","2020079700","7","39.9706","-76.4041","0813","08","0","0","0","0","0","0","0","0","","0","0","0","08","1","0","00","0","39 58:14.096","","00","76 24:14.895","0","0","0","0","36223","0","0","0","N","0","0","0","1","36223","0","","4","09","N","N","1","","0","0","0","0","0","","0810","0","1","0","0","0","0","0","1","0","1","N","","","","","","","","","","","","07","  ","","N","N"
"1655","1","0","0","0","0","0","0","0","0","5","0","","36","09","2020","2020079443","6","40.0531","-76.3925","1644","08","0","0","0","0","2","0","0","0","","0","0","0","16","1","1","07","1","40 03:11.233","4","02","76 23:33.034","3","0","0","1","36214","0","0","0","N","0","0","0","2","36214","0","","7","01","N","N","0","","1","0","0","0","0","N","1637","1","2","0","0","0","0","0","3","0","2","N","","","","","","","","","","","1703","03","03","","N",""
"1504","1","0","0","0","0","0","0","0","0","4","0","","36","09","2020","2020079442","5","40.1163","-76.3057","1457","08","0","0","0","0","0","0","0","1","","0","0","0","14","1","3","01","2","40 06:58.631","4","00","76 18:20.445","3","0","0","0","36101","0","0","0","N","0","0","0","3","36101","0","","1","01","N","N","0","","3","0","1","3","2","N","1455","3","2","0","0","0","0","0","3","0","2","N","","","","","","","","","","","1559","03","  ","","N",""
"1633","2","0","0","0","0","0","0","0","0","4","0","","36","09","2020","2020079721","5","40.0382","-76.3235","1626","08","0","0","0","0","0","0","0","0","","0","0","0","16","1","1","02","0","40 02:17.652","","00","76 19:24.590","3","0","0","0","36301","0","0","0","N","0","0","0","2","36301","0","","1","01","N","N","0","","1","0","0","3","2","","1619","1","2","0","0","0","0","0","3","0","2","N","","","","","","","","","","","","03","  ","","N",""
"1602","1","0","0","0","0","0","0","0","0","7","0","","36","09","2020","2020079748","5","40.0462","-76.3103","1557","08","0","0","0","0","0","0","0","0","","0","0","0","15","1","0","00","0","40 02:46.150","","00","76 18:37.099","0","0","0","0","36301","0","0","0","N","0","0","0","1","36301","0","","5","01","N","N","0","","0","0","0","0","0","","1556","0","1","0","0","0","0","0","3","0","1","N","","","","","","","","","","","","03","  ","","N","N"
"1139","1","0","0","0","0","0","0","0","0","4","0","","36","09","2020","2020079886","2","40.1236","-76.013","1133","08","0","0","0","0","0","0","2","0","","0","0","0","11","1","0","02","1","40 07:24.920","3","00","76 00:46.937","0","0","0","0","36213","0","0","0","N","0","0","0","3","36213","0","","1","01","N","N","0","","0","0","1","3","3","N","1130","0","2","0","0","0","0","0","1","0","2","N","","","","","","","","","","","1205","03","03","","N",""
"1801","2","0","0","0","0","0","0","0","0","1","0","","36","09","2020","2020079776","5","40.1055","-76.1389","1752","08","0","0","0","0","0","0","0","0","","0","0","0","17","4","1","00","0","40 06:19.699","","00","76 08:20.084","3","0","0","0","36238","0","0","0","N","0","0","0","2","36238","0","","1","01","N","N","0","","1","0","0","0","0","","1752","1","2","0","0","0","0","0","3","0","2","N","","","","","","","","","","","","03","03","","N","N"
"1957","1","0","0","0","0","0","0","0","0","0","0","","36","09","2020","2020079916","2","40.0251","-76.3301","1957","08","0","0","0","0","0","0","1","0","","0","0","0","19","2","0","02","1","40 01:30.482","1","00","76 19:48.334","0","0","0","0","36220","0","0","0","N","0","0","0","1","36101","0","","1","01","N","N","0","","0","0","0","0","0","N","1957","0","1","0","0","0","0","0","3","0","1","N","","","","","","","","","","","2054","03","03","","N",""
"0250","1","0","0","0","0","0","0","0","0","98","0","","36","09","2020","2020079919","4","40.0915","-76.1305","0248","08","0","0","0","0","0","0","0","0","","0","0","0","02","2","0","00","0","40 05:29.406","","00","76 07:49.665","0","0","0","0","36209","0","0","0","N","0","0","0","1","36415","0","","1","01","N","N","0","","0","0","0","0","0","","0248","0","1","0","0","0","0","0","1","0","1","N","","","","","","","","","","","","03","03","","N","N"
"1305","1","0","0","0","0","0","0","0","0","4","1","","36","09","2020","2020079920","6","40.1042","-76.0791","1301","08","0","0","1","0","0","1","0","0","","0","1","0","13","1","0","01","2","40 06:15.063","5","00","76 04:44.613","0","0","0","0","36415","0","0","0","N","0","0","0","2","36415","0","","1","01","N","N","0","","0","0","0","3","2","Y","1300","0","2","0","0","0","0","0","1","0","2","N","","","","","","","","","","","1345","03","03","","N",""
"1841","1","0","0","0","0","0","0","0","0","0","0","","36","09","2020","2020080080","6","40.0194","-76.3413","1840","08","0","0","0","0","1","0","1","0","","0","0","0","18","1","1","02","2","40 01:09.994","6","00","76 20:28.522","2","0","1","1","36412","0","0","0","N","0","0","0","2","36412","0","","1","01","N","N","0","","0","1","0","0","0","Y","1838","1","2","0","0","0","0","0","3","0","2","N","","","","","","","","","","","2005","03","  ","","N","N"
"0625","2","0","0","0","0","0","0","0","0","1","0","","36","09","2020","2020079918","3","40.0938","-76.1145","0620","08","0","0","0","0","0","1","0","0","","0","0","0","06","2","0","00","0","40 05:37.629","","00","76 06:52.189","0","0","0","0","36209","0","0","0","N","0","0","0","3","36415","0","","1","01","N","N","1","","0","0","0","0","0","","0620","0","3","0","0","0","0","0","1","0","3","N","","","","","","","","","","","","03","03","","N","N"
"1747","1","0","0","0","0","0","0","0","0","4","0","","36","09","2020","2020079917","5","40.0751","-76.3222","1744","08","0","0","0","0","0","1","0","0","","0","0","0","17","1","1","00","0","40 04:30.530","","07","76 19:20.052","3","0","0","1","36101","0","0","0","N","0","0","0","2","36101","0","","5","01","N","N","0","","1","0","0","0","0","","1741","1","2","0","0","0","0","0","3","0","2","N","","","","","","","","","","","","03","03","","N","N"
"0540","1","0","0","0","0","0","0","0","0","4","0","","36","09","2020","2020080329","6","40.0705","-76.1712","0538","08","0","0","1","0","0","0","1","0","","0","0","0","05","2","1","01","2","40 04:13.660","6","00","76 10:16.306","8","0","0","0","36234","0","0","0","N","0","0","0","3","36215","0","","1","01","N","N","1","","0","0","0","3","3","Y","0538","1","2","0","0","0","1","0","1","0","2","N","","","","","","","","","","","0620","03","03","","N",""
"1100","1","0","0","0","0","0","0","0","0","7","0","","36","09","2020","2020080117","7","40.1034","-76.4317","1045","08","0","1","0","0","0","0","0","0","","0","0","0","10","1","1","02","0","40 06:12.342","","00","76 25:54.179","8","0","0","0","36214","0","0","0","N","0","0","0","2","36239","0","","5","09","N","N","0","","0","0","0","0","0","","1045","1","1","0","0","0","1","0","3","0","1","N","","","","","","","","","","","","07","  ","","N",""
"0227","1","0","0","0","0","0","0","0","0","7","0","","36","09","2020","2020080337","1","40.2045","-76.366","0215","08","0","0","0","0","0","0","0","0","","0","0","0","02","3","0","00","2","40 12:16.060","6","00","76 21:57.432","9","0","0","0","36227","0","0","0","N","0","0","0","1","36506","0","","4","09","N","N","0","","0","0","0","0","0","Y","0214","0","1","0","0","0","0","1","1","0","1","N","","","","","","","","","","","0515","07","  ","","N","N"
"1116","1","0","0","0","0","0","0","0","0","4","0","","36","09","2020","2020080338","2","40.1297","-76.3113","1104","08","0","0","0","0","0","0","1","1","","0","0","0","11","1","0","02","0","40 07:46.855","","07","76 18:40.680","0","0","0","0","36235","0","0","0","N","0","0","0","2","36506","0","","1","01","N","N","0","","0","0","1","3","3","","1101","0","2","0","0","0","0","0","1","0","2","N","","","","","","","","","","","","03","03","","N",""
"0657","0","0","0","0","0","0","0","0","0","7","0","","36","09","2020","2020080031","2","40.1938","-76.005","0649","08","0","0","0","0","0","0","0","0","","0","0","0","06","5","0","00","0","40 11:37.747","","00","76 00:17.994","0","0","0","0","36202","0","0","0","N","0","0","0","1","68T06","0","","1","01","N","N","0","","0","0","0","0","0","","0649","0","1","0","0","0","0","0","1","1","1","N","","","","","","","","","","","","03","03","","N","N"
"1317","1","0","0","0","0","0","0","0","0","4","0","","36","09","2020","2020080040","2","40.1095","-76.4833","1314","08","0","0","0","0","0","1","0","0","","0","0","0","13","1","1","02","0","40 06:34.071","","00","76 29:00.035","8","0","0","0","36413","0","0","0","N","0","0","0","3","36413","0","","1","01","N","N","0","","0","0","1","3","2","","1314","1","2","0","0","0","1","0","2","0","2","N","","","","","","","","","","","","03","  ","","N","N"
"1630","1","0","0","0","0","0","0","0","0","5","0","","36","09","2020","2020080113","5","40.0708","-76.3175","1627","08","0","0","0","0","0","1","0","0","","0","0","0","16","1","0","00","1","40 04:14.908","7","00","76 19:03.071","0","0","0","0","36101","0","0","0","N","0","0","0","2","36101","0","","1","01","N","N","0","","0","0","1","0","0","N","1626","0","2","0","0","0","0","0","3","0","2","N","","","","","","","","","","","1710","04","  ","","N","N"
"0617","0","0","0","0","0","0","0","0","0","0","0","","36","09","2020","2020080114","1","40.0379","-76.4656","0609","08","0","0","0","0","0","0","0","0","","0","0","0","06","5","0","00","2","40 02:16.319","3","00","76 27:56.081","0","0","0","0","36239","0","0","0","N","0","0","0","1","36239","0","","4","01","N","N","1","","0","0","0","0","0","Y","0609","0","1","0","0","0","0","0","3","0","1","N","","","","","","","","","","","0656","03","  ","","N","N"
"2300","1","0","0","0","0","0","0","0","0","1","0","","36","09","2020","2020080115","7","40.1024","-76.4288","2250","08","0","0","0","0","0","0","0","0","","0","0","0","22","2","0","00","2","40 06:08.503","6","00","76 25:43.770","0","0","0","0","36239","0","0","0","N","0","0","0","1","36239","0","","2","01","N","N","0","","0","0","1","0","0","Y","2250","0","2","0","0","0","0","0","3","0","2","N","","","","","","","","","","","2350","03","03","","N","N"
"1030","0","0","0","0","0","0","0","0","0","4","0","","36","09","2020","2020080116","4","40.0647","-76.4652","1027","08","0","0","0","0","0","0","0","0","","0","0","0","10","1","0","00","0","40 03:52.796","","00","76 27:54.794","0","0","0","0","36239","0","0","0","N","0","0","0","2","36239","0","","1","01","N","N","0","","0","0","2","0","0","","1027","0","2","0","0","0","0","0","3","0","2","N","","","","","","","","","","","","03","03","","N","N"
"0938","0","0","0","0","0","0","0","0","0","4","0","","36","08","2020","2020080224","1","40.1683","-76.0078","0912","08","0","0","0","0","0","0","1","1","","0","0","0","09","1","1","01","2","40 10:05.705","5","00","76 00:28.042","3","0","0","0","36202","0","0","0","N","0","0","0","2","68J01","0","","1","01","N","N","0","","1","0","2","3","3","Y","0909","1","2","0","0","0","0","0","1","0","2","N","","","","","","","","","","","1045","03","  ","","N","N"
"1553","1","0","0","0","0","0","0","0","0","7","0","","36","09","2020","2020080327","5","40.0742","-76.2308","1546","08","0","0","0","0","1","0","0","0","","0","0","0","15","1","0","00","0","40 04:27.050","","00","76 13:50.890","0","0","0","0","36215","0","0","0","N","0","0","0","1","36215","0","","4","09","N","N","0","","0","0","0","0","0","","1543","0","1","0","0","0","0","0","1","0","1","N","","","","","","","","","","","","07","  ","","N","N"
"1621","2","0","0","0","0","0","0","0","0","1","0","","36","09","2020","2020080331","6","40.0394","-76.2024","1618","08","0","0","0","0","0","0","1","0","","0","0","0","16","1","0","00","0","40 02:21.850","","00","76 12:08.592","0","0","0","0","36215","0","0","0","N","0","0","0","3","36215","0","","1","01","N","N","0","","0","0","0","0","0","","1617","0","2","0","0","0","0","0","1","0","2","N","","","","","","","","","","","","03","03","","N","N"
"0444","1","0","0","0","0","0","0","0","0","7","0","","36","09","2020","2020080328","1","40.0537","-76.2623","0440","08","0","0","0","0","0","0","0","0","","0","0","0","04","2","0","00","2","40 03:13.300","7","00","76 15:44.400","0","0","0","0","36215","0","0","0","N","0","0","0","1","36215","0","","5","01","N","N","0","","0","0","0","0","0","N","0437","0","1","0","0","0","0","0","1","0","1","N","","","","","","","","","","","0535","03","03","","N","N"
"1532","1","0","0","0","0","0","0","0","0","1","0","","36","09","2020","2020080330","6","40.0815","-76.2363","1528","08","0","0","0","0","0","1","0","0","","0","0","0","15","1","0","00","0","40 04:53.486","","00","76 14:10.678","0","0","0","0","36234","0","0","0","N","0","0","0","3","36215","0","","1","01","N","N","0","","0","0","1","0","0","","1528","0","2","0","0","0","0","0","1","0","2","N","","","","","","","","","","","","04","04","","N","N"
"1443","1","0","0","0","0","0","0","0","0","1","0","","36","09","2020","2020080333","7","40.0195","-76.1777","1439","08","0","0","0","0","0","1","1","0","","0","0","0","14","1","1","00","0","40 01:10.121","","00","76 10:39.703","4","0","0","0","36215","0","0","0","N","0","0","0","8","36215","1","","1","01","N","N","0","","0","0","2","0","0","","1436","1","3","0","0","1","0","0","1","0","3","N","","","","","","","","","","","","03","03","","N","N"
"0135","0","0","0","0","0","0","0","0","0","7","0","","36","09","2020","2020080334","4","40.0461","-76.4222","0127","08","0","0","0","0","0","0","0","0","","0","0","0","01","3","0","02","1","40 02:46.289","5","00","76 25:19.988","0","0","0","0","36239","0","0","0","N","0","0","0","1","36239","0","","2","09","N","N","0","","0","0","1","3","2","N","0126","0","1","0","0","0","0","0","3","0","1","N","","","","","","","","","","","0200","07","  ","","N",""
"1008","1","0","0","0","0","0","0","0","0","1","1","","36","09","2020","2020080335","2","40.0362","-76.5212","0957","08","0","0","0","0","0","0","0","0","","0","1","0","09","1","0","00","2","40 02:10.165","4","03","76 31:16.246","0","0","0","0","36239","0","0","0","N","0","0","0","2","36239","0","","1","01","N","N","0","","0","0","0","0","0","N","0956","0","2","0","0","0","0","0","3","0","2","N","","","","","","","","","","","1035","03","03","","N","N"
"1730","1","0","0","0","0","0","0","0","0","1","0","","36","09","2020","2020080332","6","40.0394","-76.2025","1726","08","0","0","0","0","0","0","0","0","","0","0","0","17","1","1","00","0","40 02:21.856","","00","76 12:08.825","4","0","0","0","36215","0","0","0","N","0","0","0","3","36215","1","","1","01","N","N","0","","0","0","1","0","0","","1724","1","3","0","0","0","0","0","1","1","3","N","","","","","","","","","","","","03","03","","Y","N"
"2043","0","0","0","0","0","0","0","0","0","1","0","","36","09","2020","2020080336","7","40.1648","-76.2814","2039","08","0","0","0","0","0","0","0","0","","0","0","1","20","2","4","00","2","40 09:53.180","6","00","76 16:53.080","8","0","0","0","36235","4","0","0","N","0","0","0","5","36506","0","","1","09","N","N","0","","0","0","0","0","0","Y","2039","4","2","0","0","0","4","1","1","0","1","N","","","","","","","","","","","2126","07","05","","N","N"
"1207","1","0","0","0","0","0","0","0","0","4","0","","36","09","2020","2020080468","7","39.8327","-76.0562","1130","08","0","0","0","0","0","0","0","1","","0","0","0","11","1","1","00","0","39 50:00.041","","07","76 03:24.058","3","0","0","0","36205","0","0","0","N","0","0","0","2","68J01","0","","1","01","N","N","0","","1","0","1","0","0","","1116","1","2","0","0","0","0","0","1","0","2","N","","","","","","","","","","","","03","  ","","N","N"
"2231","0","0","0","0","0","0","0","0","0","7","0","","36","09","2020","2020080399","1","39.8967","-76.1774","2228","08","0","0","0","0","0","0","0","0","","0","0","0","22","2","1","00","0","39 53:48.294","","00","76 10:38.632","3","0","0","1","36229","0","0","0","N","0","0","0","1","68J01","0","","5","09","N","N","0","","1","0","0","0","0","","2226","1","1","0","0","0","0","0","1","0","1","N","","","","","","","","","","","","07","  ","","N","N"
"0111","1","0","0","0","0","0","0","0","0","7","0","","36","09","2020","2020080428","2","40.2493","-76.3457","0048","08","0","0","0","0","1","0","0","0","","0","0","0","00","2","0","00","2","40 14:57.624","6","00","76 20:44.553","0","0","0","0","36217","0","0","0","Y","0","0","0","1","68J01","0","","2","01","N","N","0","","0","0","0","0","0","N","0044","0","1","0","0","0","0","0","1","0","1","N","","","","","","","","","","","0200","03","03","","N","N"
"1336","1","0","0","0","0","0","0","0","0","4","0","","36","09","2020","2020080480","1","40.2534","-76.3076","1305","08","0","0","0","0","0","0","0","0","","0","0","0","13","1","0","00","1","40 15:12.094","2","07","76 18:27.384","0","0","0","0","36217","0","0","0","N","0","0","0","2","68J01","0","","1","01","N","N","0","","0","0","0","0","0","N","1303","0","2","0","0","0","0","0","1","1","2","N","","","","","","","","","","","1415","04","  ","","N","N"
"0602","1","0","0","0","0","0","0","0","0","4","0","","36","09","2020","2020080577","3","40.06","-76.2775","0559","08","0","0","0","0","1","0","0","1","","0","0","0","05","3","3","01","2","40 03:35.925","3","02","76 16:39.950","3","0","0","0","36101","0","0","0","N","0","0","0","3","36101","0","","1","01","N","N","0","","3","0","1","3","2","N","0555","3","2","0","0","0","0","0","3","0","2","N","","","","","","","","","","","0700","03","03","","N",""
"2350","2","0","0","0","0","0","0","0","0","4","0","","36","09","2020","2020080544","3","40.0415","-76.3251","2347","08","0","0","0","0","0","0","0","0","","0","0","0","23","3","0","01","1","40 02:29.319","2","00","76 19:30.533","0","0","0","0","36301","0","0","0","N","0","0","0","2","36301","0","","1","09","N","N","0","","0","0","0","3","2","Y","2345","0","2","0","0","0","0","0","3","0","2","N","","","","","","","","","","","0033","07","07","","N",""
"1346","2","0","0","0","0","0","0","0","0","4","0","","36","09","2020","2020080578","3","40.0762","-76.3477","1342","08","0","0","0","0","0","0","1","0","","0","0","0","13","1","2","02","2","40 04:34.187","5","00","76 20:51.755","3","0","0","0","36101","0","0","0","N","0","0","0","2","36101","1","","1","01","N","N","0","","1","0","0","3","3","N","1338","2","2","0","0","0","0","0","3","0","2","N","","","","","","","","","","","1419","03","03","","N",""
"2224","1","0","0","0","0","0","0","0","0","7","0","","36","09","2020","2020080579","3","40.106","-76.2514","2212","08","0","0","0","0","0","0","0","0","","0","0","0","22","2","0","00","0","40 06:21.663","","00","76 15:04.968","0","0","0","0","36101","0","0","0","N","0","0","0","1","36101","0","","4","09","N","N","0","","0","0","0","0","0","","2210","0","1","0","0","0","0","0","3","0","1","N","","","","","","","","","","","","07","  ","","N","N"
"2000","1","0","0","0","0","0","0","0","0","7","0","","36","09","2020","2020080580","3","40.0503","-76.3948","2000","08","0","0","0","0","0","0","0","0","","0","0","0","20","3","0","01","1","40 03:01.141","4","00","76 23:41.283","0","0","0","0","36214","0","0","0","N","0","0","0","1","36214","0","","5","09","N","N","0","","0","0","0","3","4","N","2000","0","1","0","0","0","0","0","3","0","1","N","","","","","","","","","","","2020","07","  ","","N",""
"1642","1","0","0","0","0","0","0","0","0","5","0","","36","09","2020","2020080644","6","40.0357","-76.2943","1641","08","0","0","0","0","0","0","1","0","","0","0","0","16","1","1","00","1","40 02:08.405","2","00","76 17:39.393","3","0","0","0","36301","2","0","0","N","0","0","0","3","36301","0","","1","01","N","N","0","","1","0","0","0","0","N","1641","1","2","0","0","0","0","0","3","1","2","N","","","","","","","","","","","1715","03","03","","N","N"
"1242","1","0","0","0","0","0","0","0","0","4","0","","36","09","2020","2020080666","4","40.0252","-76.3039","1238","08","0","0","0","0","0","0","0","0","","0","0","0","12","1","1","01","2","40 01:30.789","6","00","76 18:14.059","4","0","0","0","36301","0","0","0","N","0","0","0","3","36301","1","","1","01","N","N","0","","0","0","2","3","3","N","1237","1","3","0","0","0","0","0","3","0","3","N","","","","","","","","","","","1318","03","03","","N","N"
"0817","1","0","0","0","0","0","0","0","0","1","0","","36","09","2020","2020080702","4","40.2157","-76.0926","0814","08","0","0","0","0","0","0","0","0","","0","0","0","08","1","1","06","0","40 12:56.556","","02","76 05:33.395","4","0","0","0","36210","0","0","0","N","0","0","0","2","36210","1","","1","01","N","N","1","","0","0","0","3","2","","0814","1","2","0","0","1","0","0","1","0","2","N","","","","","","","","","","","","03","  ","","N","N"
"0757","1","0","0","0","0","0","0","0","0","1","0","","36","09","2020","2020080734","2","40.0686","-76.3082","0751","08","0","0","0","1","0","0","0","0","","0","0","0","07","1","0","06","2","40 04:06.869","4","02","76 18:29.570","0","0","0","0","36101","0","0","0","N","0","0","0","2","36101","0","","1","01","N","N","0","","0","0","1","3","4","Y","0749","0","2","0","0","0","0","0","3","0","2","N","","","","","","","","","","","0830","03","03","","N",""
"0940","1","0","0","0","0","0","0","0","0","1","0","","36","09","2020","2020080735","2","40.0713","-76.3081","0940","08","0","0","0","0","0","0","0","0","","0","0","0","09","1","0","00","0","40 04:16.627","","00","76 18:28.990","0","0","0","0","36101","0","0","0","N","0","0","0","1","36101","0","","1","01","N","N","1","","0","0","0","0","0","","0925","0","2","0","0","0","0","0","3","0","2","N","","","","","","","","","","","","03","03","","Y","N"
"1855","1","0","0","0","0","0","0","0","0","98","0","","36","09","2020","2020080840","4","40.1571","-76.6046","1850","08","0","0","1","0","0","0","0","0","","0","0","0","18","1","0","00","2","40 09:25.659","5","00","76 36:16.519","0","0","0","0","36407","0","0","0","N","0","0","0","2","36407","0","","5","01","N","N","0","","0","0","0","0","0","Y","1850","0","1","0","0","0","0","0","2","0","1","N","","","","","","","","","","","1931","03","03","","N","N"
"1245","0","0","0","0","0","0","0","0","0","0","0","","36","09","2020","2020081120","4","40.1305","-76.5306","1238","08","0","0","0","0","0","0","0","0","","0","0","0","12","1","1","00","0","40 07:49.797","","00","76 31:50.308","3","0","0","0","36225","0","0","0","N","0","0","0","2","36505","0","","3","01","N","N","0","","1","0","0","0","0","","1238","1","1","0","0","0","0","0","2","1","1","N","","","","","","","","","","","","03","03","","N","N"
"1348","1","0","0","0","0","0","0","0","0","7","0","","36","09","2020","2020081122","7","40.1066","-76.3629","1333","08","0","0","0","0","0","0","0","0","","0","0","0","13","1","1","00","0","40 06:23.900","","00","76 21:46.500","8","0","0","0","36406","0","0","0","N","0","0","0","1","36506","0","","2","09","N","N","0","","0","0","0","0","0","","1332","1","1","0","0","1","1","0","3","0","1","N","","","","","","","","","","","","03","03","","N","N"
"0241","2","0","0","0","0","0","0","0","0","1","0","","36","09","2020","2020081121","7","40.1482","-76.5619","0239","08","0","0","0","0","0","0","0","0","","0","0","0","02","2","1","00","2","40 08:53.556","4","00","76 33:42.768","3","0","0","0","36225","0","0","0","N","0","0","0","1","36505","0","","2","01","N","N","0","","1","0","0","0","0","Y","0236","1","2","0","0","0","0","0","2","0","2","N","","","","","","","","","","","0320","03","03","","N","N"
"1140","0","0","0","0","0","0","0","0","0","1","0","","36","09","2020","2020081111","7","40.0768","-76.3375","1134","08","0","0","0","0","0","1","0","0","","0","0","0","11","1","0","02","0","40 04:36.517","","02","76 20:14.845","0","0","0","0","36101","0","0","0","N","0","0","0","3","36101","0","","1","01","N","N","0","","0","0","3","3","2","","1131","0","3","0","0","0","0","0","3","0","3","N","","","","","","","","","","","","03","03","","N","N"
"1455","1","0","0","0","0","0","0","0","0","1","0","","36","09","2020","2020081115","4","40.0909","-76.3849","1445","08","0","3","0","0","0","0","1","0","","0","0","0","14","1","1","00","2","40 05:27.085","3","00","76 23:05.771","3","0","0","0","36214","0","0","0","N","0","0","0","5","36214","0","","1","01","N","N","0","","1","0","3","0","0","N","1440","1","4","0","0","0","0","0","3","0","4","N","","","","","","","","","","","1615","03","03","","N","N"