"ARRIVAL_TM","AUTOMOBILE_COUNT","BELTED_DEATH_COUNT","BELTED_SUSP_SERIOUS_INJ_COUNT","BICYCLE_COUNT","BICYCLE_DEATH_COUNT","BICYCLE_SUSP_SERIOUS_INJ_COUNT","BUS_COUNT","CHLDPAS_DEATH_COUNT","CHLDPAS_SUSP_SERIOUS_INJ_COUNT","COLLISION_TYPE","COMM_VEH_COUNT","CONS_ZONE_SPD_LIM","COUNTY","CRASH_MONTH","CRASH_YEAR","CRN","DAY_OF_WEEK","DEC_LAT","DEC_LONG","DISPATCH_TM","DISTRICT","DRIVER_COUNT_16YR","DRIVER_COUNT_17YR","DRIVER_COUNT_18YR","DRIVER_COUNT_19YR","DRIVER_COUNT_20YR","DRIVER_COUNT_50_64YR","DRIVER_COUNT_65_74YR","DRIVER_COUNT_75PLUS","EST_HRS_CLOSED","FATAL_COUNT","HEAVY_TRUCK_COUNT","HORSE_BUGGY_COUNT","HOUR_OF_DAY","ILLUMINATION","INJURY_COUNT","INTERSECT_TYPE","LANE_CLOSED","LATITUDE","LN_CLOSE_DIR","LOCATION_TYPE","LONGITUDE","MAX_SEVERITY_LEVEL","MCYCLE_DEATH_COUNT","MCYCLE_SUSP_SERIOUS_INJ_COUNT","MOTORCYCLE_COUNT","MUNICIPALITY","NONMOTR_COUNT","NONMOTR_DEATH_COUNT","NONMOTR_SUSP_SERIOUS_INJ_COUNT","NTFY_HIWY_MAINT","PED_COUNT","PED_DEATH_COUNT","PED_SUSP_SERIOUS_INJ_COUNT","PERSON_COUNT","POLICE_AGCY","POSSIBLE_INJ_COUNT","RDWY_SURF_TYPE_CD","RELATION_TO_ROAD","ROAD_CONDITION","SCH_BUS_IND","SCH_ZONE_IND","SMALL_TRUCK_COUNT","SPEC_JURIS_CD","SUSP_MINOR_INJ_COUNT","SUSP_SERIOUS_INJ_COUNT","SUV_COUNT","TCD_FUNC_CD","TCD_TYPE","TFC_DETOUR_IND","TIME_OF_DAY","TOT_INJ_COUNT","TOTAL_UNITS","UNB_DEATH_COUNT","UNB_SUSP_SERIOUS_INJ_COUNT","UNBELTED_OCC_COUNT","UNK_INJ_DEG_COUNT","UNK_INJ_PER_COUNT","URBAN_RURAL","VAN_COUNT","VEHICLE_COUNT","WORK_ZONE_IND","WORK_ZONE_LOC","WORK_ZONE_TYPE","WORKERS_PRES","WZ_CLOSE_DETOUR","WZ_FLAGGER","WZ_LAW_OFFCR_IND","WZ_LN_CLOSURE","WZ_MOVING","WZ_OTHER","WZ_SHLDER_MDN","ROADWAY_CLEARED","WEATHER1","WEATHER2","WZ_WORKERS_INJ_KILLED","SECONDARY_CRASH","INTERSECTION_RELATED"
"1940","1","0","0","0","0","0","0","0","0","4","0","","36","09","2020","2020081117","4","40.0373","-76.4082","1931","08","0","0","0","0","0","0","0","0","","0","0","0","19","3","0","01","2","40 02:14.323","5","00","76 24:29.659","0","0","0","0","36223","0","0","0","N","0","0","0","4","36214","0","","1","01","N","N","0","","0","0","1","3","2","Y","1925","0","2","0","0","0","0","0","1","0","2","N","","","","","","","","","","","2018","03","03","","N",""
"1237","1","0","0","0","0","0","0","0","0","1","0","","36","09","2020","2020080884","1","40.2698","-76.1238","1231","08","0","0","0","0","1","0","0","0","","0","0","0","12","1","0","00","0","40 16:11.110","","00","76 07:25.820","0","0","0","0","36236","0","0","0","N","0","0","0","4","36408","0","","1","01","N","N","0","","0","0","1","0","0","","1231","0","2","0","0","0","0","0","1","0","2","N","","","","","","","","","","","","03","  ","","N","N"
"0712","2","0","0","0","0","0","0","0","0","4","0","","36","09","2020","2020081113","4","40.0635","-76.3589","0655","08","0","0","0","0","0","0","0","0","","0","0","0","06","5","1","01","1","40 03:48.686","4","00","76 21:32.100","4","0","0","0","36214","0","0","0","N","0","0","0","2","36214","1","","1","09","N","N","0","","0","0","0","3","2","N","0640","1","2","0","0","0","0","0","3","0","2","N","","","","","","","","","","","0100","03","  ","","N",""
"2335","0","0","0","0","0","0","0","0","0","98","0","","36","09","2020","2020080887","4","40.1707","-76.1487","2326","08","0","0","0","0","0","0","0","0","","0","0","0","23","2","0","00","0","40 10:14.596","","00","76 08:55.194","0","0","0","0","36218","0","0","0","N","0","0","0","1","36408","0","","1","01","N","N","0","","0","0","1","0","0","","2326","0","1","0","0","0","0","0","1","0","1","N","","","","","","","","","","","","03","  ","","N","N"
"1034","1","0","0","0","0","0","0","0","0","1","0","","36","09","2020","2020080895","4","40.1298","-76.2166","1030","08","0","0","0","0","0","0","1","0","","0","0","0","10","1","0","01","1","40 07:47.418","3","02","76 12:59.627","0","0","0","0","36238","0","0","0","N","0","0","0","2","36238","0","","1","01","N","N","1","","0","0","0","3","2","N","1030","0","2","0","0","0","0","0","3","0","2","N","","","","","","","","","","","1130","04","  ","","N","N"
"1336","1","0","0","0","0","0","0","0","0","1","0","","36","09","2020","2020080916","7","40.0787","-76.2813","1336","08","0","0","0","0","0","0","0","0","","0","0","0","13","1","1","00","1","40 04:43.246","2","00","76 16:52.648","3","0","0","0","36101","0","0","0","N","0","0","0","4","36101","0","","1","09","N","N","0","","1","0","2","0","0","N","1331","1","3","0","0","0","0","0","3","0","3","N","","","","","","","","","","","1430","07","07","","N","N"
"1420","0","0","0","0","0","0","0","0","0","4","0","","36","09","2020","2020080917","1","40.0566","-76.2828","1418","08","0","0","0","0","0","1","0","0","","0","0","0","14","1","0","01","2","40 03:23.671","5","00","76 16:58.034","0","0","0","0","36101","0","0","0","N","0","0","0","2","36101","0","","1","01","N","N","0","","0","0","2","3","2","Y","1417","0","2","0","0","0","0","0","3","0","2","N","","","","","","","","","","","1510","03","03","","N",""
"1030","1","0","0","0","0","0","0","0","0","5","0","","36","09","2020","2020080921","3","40.0226","-76.3134","1027","08","0","0","0","0","0","0","0","0","","0","0","0","10","1","1","00","1","40 01:21.400","2","00","76 18:48.300","2","0","0","0","36301","0","0","0","N","0","0","0","1","36301","0","","2","01","N","N","1","","0","1","0","0","0","N","1027","1","2","0","1","1","0","0","3","0","2","N","","","","","","","","","","","1205","03","03","","N","N"
"1013","0","0","0","0","0","0","0","0","0","7","0","","36","09","2020","2020080926","4","40.031","-76.3207","1011","08","0","0","0","0","0","0","0","0","","0","0","0","10","1","1","00","2","40 01:51.702","6","00","76 19:14.650","3","0","0","0","36301","0","0","0","N","0","0","0","1","36301","0","","4","01","N","N","0","","1","0","1","0","0","Y","1009","1","1","0","0","0","0","0","3","0","1","N","","","","","","","","","","","1145","03","  ","","N","N"
"1513","2","0","0","0","0","0","0","0","0","4","0","","36","09","2020","2020080932","7","40.04","-76.2873","1508","08","0","0","0","0","0","1","0","0","","0","0","0","15","1","1","01","0","40 02:23.984","","00","76 17:14.340","3","0","0","0","36301","0","0","0","N","0","0","0","2","36301","0","","1","09","N","N","0","","1","0","0","3","2","","1507","1","2","0","0","0","0","0","3","0","2","N","","","","","","","","","","","","07","04","","N","N"
"1240","1","0","3","0","0","0","0","0","0","4","0","","36","09","2020","2020080947","4","40.065","-76.326","1226","08","0","0","0","0","0","1","1","0","","0","0","0","12","1","3","01","2","40 03:54.023","1","00","76 19:33.518","2","0","0","0","36301","0","0","0","N","0","0","0","3","36301","0","","1","01","N","N","0","","0","3","1","3","2","Y","1226","3","2","0","0","0","0","0","3","0","2","N","","","","","","","","","","","1328","03","03","","N",""
"1700","2","0","0","0","0","0","0","0","0","4","0","","36","09","2020","2020080955","4","40.033","-76.3176","1633","08","0","0","0","0","1","0","0","0","","0","0","0","16","1","0","02","1","40 01:58.771","1","00","76 19:03.477","0","0","0","0","36301","0","0","0","N","0","0","0","2","36301","0","","1","01","N","N","0","","0","0","0","0","0","N","1633","0","2","0","0","2","0","0","3","0","2","N","","","","","","","","","","","1730","03","  ","","N",""
"1634","1","0","0","0","0","0","0","0","0","4","0","","36","09","2020","2020081112","4","40.0737","-76.3359","1630","08","0","0","0","0","0","0","0","0","","0","0","0","16","1","1","00","1","40 04:25.431","1","07","76 20:09.114","3","0","0","0","36101","0","0","0","N","0","0","0","2","36101","0","","1","01","N","N","1","","1","0","0","3","2","N","1623","1","2","0","0","0","0","0","3","0","2","N","","","","","","","","","","","1715","03","  ","","N","N"
"1107","0","0","0","0","0","0","0","0","0","0","1","","36","09","2020","2020081118","6","40.1943","-76.5633","1102","08","0","0","0","0","0","0","0","0","","0","1","0","10","1","1","00","2","40 11:39.527","5","00","76 33:47.789","8","0","0","0","36225","0","0","0","N","0","0","0","1","36505","0","","5","01","N","N","0","","0","0","0","0","0","Y","1059","1","1","0","0","1","1","0","2","0","1","N","","","","","","","","","","","1336","03","03","","N","N"
"1642","1","0","0","0","0","0","0","0","0","1","0","","36","09","2020","2020081116","4","40.0865","-76.3754","1628","08","0","0","0","0","0","0","0","0","","0","0","0","16","1","0","00","1","40 05:11.467","4","00","76 22:31.558","0","0","0","0","36214","0","0","0","N","0","0","0","2","36214","0","","1","01","N","N","0","","0","0","1","0","0","Y","1620","0","2","0","0","0","0","0","3","0","2","N","","","","","","","","","","","1730","03","  ","","N","N"
"1635","1","0","0","0","0","0","0","0","0","1","0","","36","09","2020","2020081119","2","40.1791","-76.6006","1627","08","0","0","0","0","0","0","0","0","","0","0","0","16","1","1","06","0","40 10:46.324","","02","76 36:01.450","3","0","0","0","36225","0","0","0","N","0","0","0","5","36505","0","","1","01","N","N","1","","1","0","1","3","4","","1626","1","3","0","0","0","0","0","2","0","3","N","","","","","","","","","","","","03","03","","N",""
"0919","0","1","0","0","0","0","0","0","0","4","0","","36","08","2020","2020081156","2","39.8774","-76.1892","0914","08","0","0","0","0","0","0","0","0","","1","0","0","09","1","1","01","2","39 52:38.560","7","00","76 11:20.943","1","0","0","0","36212","0","0","0","Y","0","0","0","2","68J01","0","2","1","01","N","N","1","0","0","0","0","3","3","Y","0914","1","2","0","0","0","1","0","1","1","2","N","","","","","","","","","","","1519","03","  ","","N","N"
"1946","0","0","0","0","0","0","0","0","0","1","0","","36","08","2020","2020081163","7","39.912","-76.1087","1940","08","0","0","0","0","0","0","0","0","","1","0","1","19","4","3","00","2","39 54:43.055","6","00","76 06:31.198","1","0","0","0","36216","4","1","3","N","0","0","0","6","68J01","0","2","1","09","N","N","1","0","0","3","0","0","0","Y","1938","3","2","0","0","1","0","0","1","0","1","N","","","","","","","","","","","0006","04","  ","","N","N"
"1717","1","0","0","0","0","0","0","0","0","4","0","","36","09","2020","2020081292","4","40.1286","-76.2827","1711","08","0","0","0","0","0","0","1","0","","0","0","0","16","1","0","13","0","40 07:43.107","","00","76 16:57.586","0","0","0","0","36101","0","0","0","N","0","0","0","2","36101","0","","1","01","N","N","0","","0","0","1","3","3","","1654","0","2","0","0","0","0","0","3","0","2","N","","","","","","","","","","","","03","03","","N",""
"2115","2","0","0","0","0","0","0","0","0","1","0","","36","10","2020","2020081294","5","40.0374","-76.4076","2030","08","0","1","0","0","0","0","0","0","","0","0","0","20","2","2","00","0","40 02:14.596","","00","76 24:27.362","3","0","0","0","36214","0","0","0","N","0","0","0","5","36214","0","","1","01","N","N","0","","2","0","0","0","0","","2025","2","2","0","0","0","0","0","3","0","2","N","","","","","","","","","","","","03","  ","","N","N"
"0647","1","0","0","0","0","0","0","0","0","4","0","","36","10","2020","2020081341","6","40.0065","-76.2965","0639","08","0","0","0","0","0","0","0","0","","0","0","0","06","5","1","02","2","40 00:23.242","5","00","76 17:47.551","8","0","0","0","36240","0","0","0","N","0","0","0","2","36240","0","","1","09","N","N","0","","0","0","1","3","3","Y","0639","1","2","0","0","0","1","0","1","0","2","N","","","","","","","","","","","0818","07","  ","","N",""
"1807","2","0","0","0","0","0","0","0","0","2","0","","36","08","2020","2020081319","4","40.0512","-76.3062","1804","08","0","0","0","0","0","0","0","0","","0","0","0","17","1","0","01","1","40 03:04.433","4","00","76 18:22.148","0","0","0","0","36301","0","0","0","N","0","0","0","1","36301","0","","1","01","N","N","0","","0","0","0","3","3","N","1727","0","2","0","0","0","0","0","3","0","2","N","","","","","","","","","","","1823","03","03","","N","N"
"1549","1","0","0","0","0","0","0","0","0","1","0","","36","09","2020","2020081290","1","40.0624","-76.2804","1549","08","0","0","0","0","0","0","0","0","","0","0","0","15","1","0","00","0","40 03:44.807","","00","76 16:49.490","0","0","0","0","36101","0","0","0","N","0","0","0","3","36101","0","","1","01","N","N","0","","0","0","1","0","0","","1536","0","2","0","0","0","0","0","3","0","2","N","","","","","","","","","","","","04","04","","N","N"
"0017","0","0","0","0","0","0","0","0","0","7","0","","36","09","2020","2020081291","2","40.0708","-76.2928","0016","08","0","0","0","0","0","1","0","0","","0","0","0","00","3","1","02","0","40 04:14.919","","00","76 17:34.054","3","0","0","0","36101","0","0","0","N","0","0","0","1","36101","0","","2","01","N","N","0","","1","0","1","3","3","","0012","1","1","0","0","1","0","0","3","0","1","N","","","","","","","","","","","","03","03","","N",""
"1031","1","0","0","1","0","0","0","0","0","4","0","","36","09","2020","2020081293","4","40.0726","-76.3951","1029","08","0","0","0","0","0","0","1","0","","0","0","0","10","1","1","01","2","40 04:21.442","2","00","76 23:42.234","3","0","0","0","36214","1","0","0","N","0","0","0","2","36214","0","","1","01","N","N","0","","1","0","0","3","3","N","1027","1","2","0","0","0","0","0","3","0","1","N","","","","","","","","","","","1059","03","  ","","N",""
"1759","2","0","0","0","0","0","0","0","0","1","0","","36","09","2020","2020081363","5","40.0514","-76.2778","1757","08","0","0","0","0","0","0","0","0","","0","0","0","17","1","0","06","0","40 03:16.448","","02","76 16:09.330","0","0","0","0","36301","0","0","0","N","0","0","0","3","36301","0","","7","01","N","N","0","","0","0","0","3","4","","1752","0","2","0","0","1","0","0","3","0","2","N","","","","","","","","","","","","03","03","","N",""
"1722","0","0","0","0","0","0","0","0","0","6","0","","36","09","2020","2020081470","3","40.1178","-76.2391","1722","08","0","0","0","0","0","0","0","0","","0","0","0","17","1","1","00","1","40 07:03.949","2","00","76 14:20.748","3","0","0","0","36101","0","0","0","N","0","0","0","2","36506","0","","1","01","N","N","0","","1","0","2","0","0","Y","1722","1","2","0","0","0","0","0","3","0","2","N","","","","","","","","","","","1724","03","03","","N","N"
"2010","1","0","0","0","0","0","0","0","0","7","0","","36","09","2020","2020081539","3","40.1183","-76.0479","2008","08","0","0","0","0","0","0","0","0","","0","0","0","20","3","1","01","0","40 07:05.968","","00","76 02:52.589","3","0","0","0","36213","0","0","0","N","0","0","0","1","36213","0","","4","09","N","N","0","","1","0","0","3","2","","2004","1","1","0","0","1","0","0","1","0","1","N","","","","","","","","","","","","07","07","","N",""
"0641","0","0","0","0","0","0","0","0","0","98","0","","36","10","2020","2020081601","7","40.0065","-76.267","0635","08","0","0","0","0","0","1","0","0","","0","0","0","06","5","0","00","0","40 00:23.470","","00","76 16:01.348","0","0","0","0","36240","0","0","0","N","0","0","0","1","36240","0","","1","01","N","N","1","","0","0","0","0","0","N","0635","0","1","0","0","0","0","0","1","0","1","N","","","","","","","","","","","","03","  ","","N","N"
"1229","3","0","0","0","0","0","0","0","0","1","0","","36","09","2020","2020081612","4","40.0591","-76.3206","1220","08","0","0","0","0","0","1","1","0","","0","0","0","12","1","3","02","2","40 03:32.651","5","00","76 19:14.174","3","0","0","0","36301","0","0","0","N","0","0","0","8","36301","0","","1","01","N","N","0","","2","0","2","0","0","Y","1218","3","5","0","0","1","1","0","3","0","5","N","","","","","","","","","","","1319","03","03","","N",""
"1549","1","0","0","0","0","0","0","0","0","4","0","","36","09","2020","2020081622","2","40.0387","-76.2993","1544","08","0","0","0","0","0","1","0","1","","0","0","0","15","1","0","01","1","40 02:19.148","3","00","76 17:57.346","0","0","0","0","36301","0","0","0","N","0","0","0","5","36301","0","","1","01","N","N","0","","0","0","1","3","3","Y","1542","0","2","0","0","0","0","0","3","0","2","N","","","","","","","","","","","1614","03","03","","N","N"
"2034","2","0","0","0","0","0","0","0","0","4","0","","36","10","2020","2020081704","6","39.9858","-76.2836","2027","08","1","0","0","0","1","0","0","0","","0","0","0","20","3","2","01","1","39 59:08.888","3","00","76 17:01.092","3","0","0","0","36240","0","0","0","N","0","0","0","2","36240","1","","1","01","N","N","0","","1","0","0","3","2","Y","2025","2","2","0","0","0","0","0","1","0","2","N","","","","","","","","","","","2124","03","03","","N","N"
"1645","1","0","0","0","0","0","0","0","0","1","0","","36","10","2020","2020081753","6","40.0709","-76.308","1644","08","0","0","0","0","0","1","0","2","","0","0","0","16","1","1","00","1","40 04:15.297","5","00","76 18:28.772","3","0","0","0","36101","0","0","0","N","0","0","0","4","36101","0","","1","01","N","N","0","","1","0","2","0","0","N","1641","1","3","0","0","0","0","0","3","0","3","N","","","","","","","","","","","1747","03","  ","","N","N"
"2128","1","0","0","0","0","0","0","0","0","4","0","","36","09","2020","2020081884","6","40.0569","-76.3112","2123","08","0","0","0","0","0","0","0","0","","0","0","0","21","3","1","01","1","40 03:24.706","2","00","76 18:40.172","3","0","0","0","36101","0","0","0","N","0","0","0","6","36101","0","","1","01","N","N","1","","1","0","0","3","2","N","2123","1","2","0","0","0","0","0","3","0","2","N","","","","","","","","","","","2234","03","  ","","N",""
"2204","1","0","0","0","0","0","0","0","0","4","0","","36","09","2020","2020081751","1","40.0703","-76.3013","2202","08","0","0","0","0","0","0","0","0","","0","0","0","22","3","1","01","1","40 04:12.969","2","00","76 18:04.751","3","0","0","0","36101","0","0","0","N","0","0","0","3","36101","0","","1","01","N","N","0","","1","0","1","3","2","Y","2201","1","2","0","0","1","0","0","3","0","2","N","","","","","","","","","","","2305","03","  ","","N",""
"1710","1","0","0","0","0","0","0","0","0","4","0","","36","09","2020","2020082182","6","40.131","-76.2171","1704","08","0","0","0","0","0","0","0","0","","0","0","0","17","1","0","01","1","40 07:51.556","1","00","76 13:01.609","0","0","0","0","36238","0","0","0","N","0","0","0","2","36238","0","","1","01","N","N","1","","0","0","0","3","2","N","1704","0","2","0","0","0","0","0","3","0","2","N","","","","","","","","","","","1802","03","  ","","N","N"
"0936","0","0","0","0","0","0","0","0","0","4","0","","36","09","2020","2020081900","3","40.1734","-76.1939","0934","08","0","0","0","0","0","1","0","0","","0","0","0","09","1","0","01","0","40 10:24.160","","07","76 11:38.086","0","0","0","0","36408","0","0","0","N","0","0","0","3","36408","0","","1","01","N","N","0","","0","0","2","3","3","","0934","0","2","0","0","0","0","0","2","0","2","N","","","","","","","","","","","","03","  ","","N","N"
"1650","1","0","0","0","0","0","0","0","0","4","0","","36","09","2020","2020081752","3","40.0579","-76.2808","1650","08","0","0","0","0","0","0","0","0","","0","0","0","16","1","0","01","2","40 03:28.276","7","00","76 16:50.908","0","0","0","0","36101","0","0","0","N","0","0","0","2","36101","0","","1","01","N","N","0","","0","0","1","3","2","N","1637","0","2","0","0","0","0","0","3","0","2","N","","","","","","","","","","","1740","03","03","","N",""
"2040","0","0","0","0","0","0","0","0","0","7","0","","36","10","2020","2020081888","6","40.0973","-76.4032","2014","08","0","0","0","0","0","0","0","0","","0","0","0","20","2","0","00","0","40 05:50.186","","00","76 24:11.607","0","0","0","0","36214","0","0","0","N","0","0","0","1","36214","0","","3","01","N","N","0","","0","0","1","0","0","","2014","0","1","0","0","0","0","0","3","0","1","N","","","","","","","","","","","","03","  ","","N","N"
"1548","0","0","0","0","0","0","0","0","0","4","0","","36","10","2020","2020081887","6","40.0433","-76.3732","1542","08","0","0","0","0","0","1","0","0","","0","0","0","15","1","1","00","0","40 02:35.900","","00","76 22:23.400","3","0","0","0","36214","0","0","0","N","0","0","0","2","36214","0","","1","01","N","N","0","","1","0","1","3","3","","1541","1","2","0","0","0","0","0","3","0","2","N","","","","","","","","","","","","03","  ","","N","N"
"1745","1","0","0","0","0","0","0","0","0","4","0","","36","10","2020","2020081889","7","40.0444","-76.3621","1741","08","0","0","0","0","0","1","0","0","","0","0","0","17","1","2","00","1","40 02:40.000","3","07","76 21:43.600","2","0","1","1","36214","0","0","0","N","0","0","0","2","36214","0","","1","01","N","N","0","","1","1","0","9","3","N","1735","2","2","0","0","0","0","0","3","0","2","N","","","","","","","","","","","1815","03","  ","","N","N"
"0344","1","0","0","0","0","0","0","0","0","7","0","","36","10","2020","2020081834","7","40.1098","-76.0077","0335","08","0","1","0","0","0","0","0","0","","0","0","0","03","2","1","00","1","40 06:35.133","3","00","76 00:27.697","3","0","0","0","36213","0","0","0","N","0","0","0","1","36213","0","","4","01","N","N","0","","1","0","0","0","0","N","0330","1","1","0","0","0","0","0","1","0","1","N","","","","","","","","","","","0445","03","03","","N","N"
"0206","1","0","0","0","0","0","0","0","0","7","0","","36","09","2020","2020081885","1","40.0811","-76.3398","0159","08","0","0","0","0","0","0","0","0","","0","0","0","01","3","0","00","2","40 04:52.028","5","00","76 20:23.305","9","0","0","0","36101","0","0","0","N","0","0","0","1","36101","0","","5","01","N","N","0","","0","0","0","0","0","Y","0145","0","1","0","0","0","0","1","3","0","1","N","","","","","","","","","","","0559","03","  ","","N","N"
"0810","1","0","1","0","0","0","0","0","1","4","0","","36","09","2020","2020081890","5","40.0392","-76.4311","0805","08","0","0","0","0","0","0","0","0","","0","0","0","08","1","4","01","2","40 02:20.941","7","00","76 25:51.799","2","0","0","0","36414","0","0","0","N","0","0","0","8","36239","1","","1","01","N","N","1","","0","2","0","3","2","Y","0803","4","2","0","0","2","1","0","3","0","2","N","","","","","","","","","","","0845","03","  ","","N",""
"1444","1","0","0","0","0","0","0","0","0","4","0","","36","09","2020","2020081886","5","40.0939","-76.3042","1439","08","0","0","0","0","0","1","0","0","","0","0","0","14","1","0","02","0","40 05:37.998","","00","76 18:15.207","0","0","0","0","36101","0","0","0","N","0","0","0","2","36101","0","","1","01","N","N","0","","0","0","1","3","3","","1438","0","2","0","0","0","0","0","3","0","2","N","","","","","","","","","","","","03","04","","N",""
"0925","0","0","0","0","0","0","0","0","0","7","0","","36","10","2020","2020081902","6","40.2384","-76.1437","0922","08","0","0","1","0","0","0","0","0","","0","0","0","09","1","0","00","0","40 14:18.358","","00","76 08:37.245","0","0","0","0","36236","0","0","0","N","0","0","0","1","36408","0","","4","09","N","N","1","","0","0","0","0","0","","0922","0","1","0","0","0","0","0","1","0","1","N","","","","","","","","","","","","03","  ","","N","N"
"1257","1","0","0","1","0","0","0","0","0","4","0","","36","10","2020","2020081945","1","40.0473","-76.3239","1252","08","0","0","0","0","0","0","0","0","","0","0","0","12","1","1","00","0","40 02:50.200","","07","76 19:25.900","8","0","0","0","36301","1","0","0","N","0","0","0","5","36301","0","","1","01","N","N","0","","0","0","0","0","0","","1250","1","2","0","0","0","1","0","3","0","1","N","","","","","","","","","","","","03","  ","","N","N"
"1257","1","0","0","0","0","0","0","0","0","4","0","","36","10","2020","2020081959","1","40.0524","-76.3064","1252","08","0","0","0","0","0","0","0","2","","0","1","0","12","1","0","01","1","40 03:08.600","4","00","76 18:22.873","0","0","0","0","36301","0","0","0","N","0","0","0","2","36301","0","","1","01","N","N","0","","0","0","0","3","2","N","1248","0","2","0","0","0","0","0","3","0","2","N","","","","","","","","","","","1346","03","  ","","N",""
"2145","1","0","0","0","0","0","0","0","0","0","0","","36","09","2020","2020082042","7","40.0591","-76.4629","2136","08","0","1","0","0","0","0","0","0","","0","0","0","21","2","0","02","2","40 03:32.814","5","00","76 27:46.398","0","0","0","0","36239","0","0","0","N","0","0","0","5","36239","0","","5","09","N","N","0","","0","0","0","0","0","Y","2136","0","1","0","0","0","0","0","3","0","1","N","","","","","","","","","","","2300","07","05","","N",""
"0021","0","0","0","0","0","0","0","0","0","7","0","","36","10","2020","2020082043","1","40.0433","-76.4327","0015","08","0","0","0","0","0","0","0","0","","0","0","0","00","2","4","00","1","40 02:36.001","4","00","76 25:57.642","3","0","0","0","36239","0","0","0","N","0","0","0","8","36239","0","","5","01","N","N","0","","4","0","1","0","0","N","0015","4","1","0","0","1","0","0","3","0","1","N","","","","","","","","","","","0107","03","03","","N","N"
"1717","0","0","0","0","0","0","0","0","0","7","0","","36","10","2020","2020082049","1","40.1166","-76.0529","1713","08","0","0","0","0","0","0","0","0","","0","0","0","17","1","0","00","1","40 06:59.613","4","00","76 03:10.541","0","0","0","0","36213","0","0","0","N","0","0","0","1","36213","0","","5","01","N","N","1","","0","0","0","0","0","N","1705","0","1","0","0","0","0","0","1","0","1","N","","","","","","","","","","","1735","03","03","","N","N"
"1905","1","0","0","0","0","0","0","0","0","1","0","","36","09","2020","2020082106","1","40.0408","-76.2935","1902","08","0","0","0","0","1","0","0","0","","0","0","0","19","1","1","01","1","40 02:26.966","4","00","76 17:36.600","3","0","0","1","36301","0","0","0","N","0","0","0","2","36301","0","","1","01","N","N","0","","1","0","0","3","3","Y","1901","1","2","0","0","0","0","0","3","0","2","N","","","","","","","","","","","1930","03","03","","N",""
"1824","1","0","0","0","0","0","0","0","0","4","0","","36","09","2020","2020082117","4","40.0353","-76.2923","1811","08","0","0","0","0","0","0","0","0","","0","0","0","18","1","1","01","0","40 02:06.939","","00","76 17:32.229","2","0","1","1","36301","0","0","0","N","0","0","0","2","36301","0","","1","01","N","N","0","","0","1","0","3","3","","1811","1","2","0","0","0","0","0","3","0","2","N","","","","","","","","","","","","03","03","","N",""
"1821","1","0","0","0","0","0","0","0","0","5","1","","36","10","2020","2020082167","6","40.0698","-76.3282","1818","08","0","1","0","0","0","0","0","0","","0","1","0","18","4","1","00","1","40 04:11.459","4","00","76 19:41.502","4","0","0","0","36101","0","0","0","N","0","0","0","3","36101","1","","1","01","N","N","0","","0","0","0","0","0","N","1815","1","2","0","0","0","0","0","3","0","2","N","","","","","","","","","","","1932","03","03","","N","N"
"0548","0","0","0","0","0","0","0","0","0","4","0","","36","10","2020","2020082181","5","40.2167","-76.1307","0542","08","0","0","0","0","1","1","0","0","","0","0","0","05","2","1","00","2","40 13:00.125","5","00","76 07:50.395","4","0","0","0","36210","0","0","0","N","0","0","0","3","36210","1","","1","01","N","N","1","","0","0","1","0","0","Y","0542","1","2","0","0","0","0","0","1","0","2","N","","","","","","","","","","","0615","04","  ","","N","Y"
"0439","0","0","0","0","0","0","0","0","0","7","0","","36","09","2020","2020082179","2","40.2196","-76.0926","0437","08","0","0","0","0","0","0","0","0","","0","0","0","04","2","0","00","0","40 13:10.592","","00","76 05:33.430","0","0","0","0","36210","0","0","0","N","0","0","0","1","36210","0","","1","01","N","N","0","","0","0","1","0","0","","0436","0","1","0","0","0","0","0","1","0","1","N","","","","","","","","","","","","03","  ","","N","N"
"0509","2","0","0","0","0","0","0","0","0","1","0","","36","09","2020","2020082503","1","40.0473","-76.3031","0508","08","0","0","0","0","0","0","0","0","","0","0","0","05","3","0","00","2","40 02:50.105","1","00","76 18:11.008","9","0","0","0","36301","0","0","0","N","0","0","0","1","36301","0","","6","01","N","N","0","","0","0","1","0","0","Y","0507","0","4","0","0","0","0","1","3","1","4","N","","","","","","","","","","","0558","03","03","","N","N"
"1954","0","0","0","0","0","0","0","0","0","1","0","","36","09","2020","2020082346","3","40.0298","-76.244","1949","08","1","0","0","0","0","0","0","0","","0","0","0","19","3","0","02","0","40 01:47.413","","00","76 14:38.431","0","0","0","0","36215","0","0","0","N","0","0","0","2","36215","0","","1","01","N","N","0","","0","0","2","3","2","","1946","0","2","0","0","0","0","0","1","0","2","N","","","","","","","","","","","","04","04","","N",""
"1526","1","0","0","0","0","0","0","0","0","5","1","","36","09","2020","2020082347","4","40.0359","-76.2433","1521","08","0","0","0","0","0","0","0","0","","0","1","0","15","1","0","00","1","40 02:09.118","3","00","76 14:35.957","0","0","0","0","36215","0","0","0","N","0","0","0","2","36215","0","","1","01","N","N","0","","0","0","0","0","0","N","1519","0","2","0","0","0","0","0","1","0","2","N","","","","","","","","","","","1550","03","03","","N","N"