"ARRIVAL_TM","AUTOMOBILE_COUNT","BELTED_DEATH_COUNT","BELTED_SUSP_SERIOUS_INJ_COUNT","BICYCLE_COUNT","BICYCLE_DEATH_COUNT","BICYCLE_SUSP_SERIOUS_INJ_COUNT","BUS_COUNT","CHLDPAS_DEATH_COUNT","CHLDPAS_SUSP_SERIOUS_INJ_COUNT","COLLISION_TYPE","COMM_VEH_COUNT","CONS_ZONE_SPD_LIM","COUNTY","CRASH_MONTH","CRASH_YEAR","CRN","DAY_OF_WEEK","DEC_LAT","DEC_LONG","DISPATCH_TM","DISTRICT","DRIVER_COUNT_16YR","DRIVER_COUNT_17YR","DRIVER_COUNT_18YR","DRIVER_COUNT_19YR","DRIVER_COUNT_20YR","DRIVER_COUNT_50_64YR","DRIVER_COUNT_65_74YR","DRIVER_COUNT_75PLUS","EST_HRS_CLOSED","FATAL_COUNT","HEAVY_TRUCK_COUNT","HORSE_BUGGY_COUNT","HOUR_OF_DAY","ILLUMINATION","INJURY_COUNT","INTERSECT_TYPE","LANE_CLOSED","LATITUDE","LN_CLOSE_DIR","LOCATION_TYPE","LONGITUDE","MAX_SEVERITY_LEVEL","MCYCLE_DEATH_COUNT","MCYCLE_SUSP_SERIOUS_INJ_COUNT","MOTORCYCLE_COUNT","MUNICIPALITY","NONMOTR_COUNT","NONMOTR_DEATH_COUNT","NONMOTR_SUSP_SERIOUS_INJ_COUNT","NTFY_HIWY_MAINT","PED_COUNT","PED_DEATH_COUNT","PED_SUSP_SERIOUS_INJ_COUNT","PERSON_COUNT","POLICE_AGCY","POSSIBLE_INJ_COUNT","RDWY_SURF_TYPE_CD","RELATION_TO_ROAD","ROAD_CONDITION","SCH_BUS_IND","SCH_ZONE_IND","SMALL_TRUCK_COUNT","SPEC_JURIS_CD","SUSP_MINOR_INJ_COUNT","SUSP_SERIOUS_INJ_COUNT","SUV_COUNT","TCD_FUNC_CD","TCD_TYPE","TFC_DETOUR_IND","TIME_OF_DAY","TOT_INJ_COUNT","TOTAL_UNITS","UNB_DEATH_COUNT","UNB_SUSP_SERIOUS_INJ_COUNT","UNBELTED_OCC_COUNT","UNK_INJ_DEG_COUNT","UNK_INJ_PER_COUNT","URBAN_RURAL","VAN_COUNT","VEHICLE_COUNT","WORK_ZONE_IND","WORK_ZONE_LOC","WORK_ZONE_TYPE","WORKERS_PRES","WZ_CLOSE_DETOUR","WZ_FLAGGER","WZ_LAW_OFFCR_IND","WZ_LN_CLOSURE","WZ_MOVING","WZ_OTHER","WZ_SHLDER_MDN","ROADWAY_CLEARED","WEATHER1","WEATHER2","WZ_WORKERS_INJ_KILLED","SECONDARY_CRASH","INTERSECTION_RELATED"
"1732","0","0","0","0","0","0","0","0","0","4","0","","36","09","2020","2020082348","5","40.0857","-76.2443","1723","08","1","0","0","0","0","0","0","0","","0","0","0","17","1","1","01","2","40 05:08.462","7","00","76 14:39.398","3","0","0","0","36234","0","0","0","N","0","0","0","2","36215","0","","1","01","N","N","0","","1","0","2","3","3","Y","1722","1","2","0","0","0","0","0","1","0","2","N","","","","","","","","","","","1812","03","  ","","N",""
"1630","1","0","0","0","0","0","0","0","0","1","0","","36","09","2020","2020082349","3","40.0571","-76.2144","1629","08","0","0","0","0","0","0","0","0","","0","0","0","16","1","2","00","0","40 03:25.480","","00","76 12:52.017","3","0","0","0","36215","0","0","0","N","0","0","0","3","36215","0","","1","01","N","N","0","","2","0","2","3","2","","1626","2","3","0","0","0","0","0","1","0","3","N","","","","","","","","","","","","03","03","","N","N"
"0008","1","0","0","0","0","0","0","0","0","7","0","","36","10","2020","2020082471","1","39.9977","-76.29","0000","08","0","0","0","0","0","0","0","0","","0","0","0","00","3","0","00","0","39 59:51.797","","00","76 17:23.879","0","0","0","0","36240","0","0","0","N","0","0","0","2","36240","0","","1","01","N","N","0","","0","0","0","0","0","N","0000","0","1","0","0","0","0","0","1","0","1","N","","","","","","","","","","","","03","03","","N","N"
"2210","1","0","0","0","0","0","0","0","0","98","0","","36","10","2020","2020082484","1","39.9596","-76.2451","2205","08","0","0","0","0","0","0","1","0","","0","0","0","22","2","0","00","0","39 57:34.537","","00","76 14:42.221","0","0","0","0","36240","0","0","0","N","0","0","0","1","36240","0","","1","01","N","N","0","","0","0","0","0","0","N","2200","0","1","0","0","0","0","0","1","0","1","N","","","","","","","","","","","","03","03","","N","N"
"0006","1","0","0","0","0","0","0","0","0","98","0","","36","10","2020","2020082517","1","39.9991","-76.2907","0004","08","0","0","0","0","0","0","0","0","","0","0","0","00","3","0","00","0","39 59:56.924","","00","76 17:26.676","0","0","0","0","36240","0","0","0","N","0","0","0","3","36240","0","","1","01","N","N","0","","0","0","0","0","0","","0000","0","1","0","0","1","0","0","1","0","1","N","","","","","","","","","","","","03","  ","","N","N"
"1520","1","0","0","0","0","0","0","0","0","1","0","","36","09","2020","2020082546","3","39.8959","-76.1676","1518","08","0","1","0","0","0","0","0","0","","0","0","0","15","1","2","00","1","39 53:45.340","3","00","76 10:03.312","3","0","0","0","36416","0","0","0","N","0","0","0","5","36416","0","","1","01","N","N","0","","2","0","1","0","0","N","1518","2","3","0","0","1","0","0","1","1","3","N","","","","","","","","","","","1545","03","  ","","Y","Y"
"1336","1","0","0","0","0","0","0","0","0","7","0","","36","09","2020","2020082662","7","40.2254","-76.4","1325","08","0","0","0","0","0","0","0","0","","0","0","0","13","1","1","00","0","40 13:31.281","","00","76 23:59.853","8","0","0","0","36230","0","0","0","N","0","0","0","1","68T06","0","","3","09","N","N","0","","0","0","0","0","0","","1320","1","1","0","0","1","1","0","1","0","1","N","","","","","","","","","","","","07","  ","","N","N"
"1805","0","0","0","1","0","0","0","0","0","8","0","","36","10","2020","2020082723","2","40.0626","-76.5496","1801","08","0","0","0","0","0","0","0","0","","0","0","0","18","1","1","01","1","40 03:45.336","2","00","76 32:58.470","3","0","0","0","36211","1","0","0","N","0","0","0","3","36504","0","","2","01","N","N","0","","1","0","1","3","2","Y","1800","1","2","0","0","0","0","0","1","0","1","N","","","","","","","","","","","1825","03","  ","","N",""
"0233","1","0","0","0","0","0","0","0","0","7","0","","36","10","2020","2020082730","2","39.9853","-76.1882","0227","08","0","0","0","0","0","0","0","0","","0","0","0","02","3","0","00","0","39 59:07.026","","00","76 11:17.602","0","0","0","0","36417","0","0","0","N","0","0","0","1","36417","0","","2","01","N","N","0","","0","0","0","3","3","","0227","0","1","0","0","0","0","0","1","0","1","N","","","","","","","","","","","","03","  ","","N","N"
"0310","1","0","0","0","0","0","0","0","0","7","0","","36","10","2020","2020082745","6","40.0504","-76.4019","0304","08","0","0","0","0","0","0","0","0","","0","0","0","03","2","1","00","1","40 03:01.337","4","00","76 24:06.873","3","0","0","0","36214","0","0","0","Y","0","0","0","1","36214","0","","3","09","N","N","0","","1","0","0","0","0","N","0301","1","1","0","0","0","0","0","3","0","1","N","","","","","","","","","","","0349","07","  ","","N","N"
"1652","1","0","0","0","0","0","0","0","0","1","0","","36","09","2020","2020082747","7","40.0425","-76.3086","1652","08","0","0","0","0","0","0","0","0","","0","0","0","16","1","2","01","0","40 02:33.012","","00","76 18:31.058","8","0","0","0","36301","0","0","0","N","0","0","0","3","36301","0","","1","01","N","N","0","","0","0","1","3","2","","1651","2","2","0","0","0","2","0","3","0","2","N","","","","","","","","","","","","03","  ","","N",""
"2125","0","0","0","0","0","0","0","0","0","7","0","","36","09","2020","2020082749","5","40.217","-76.4329","2111","08","0","0","0","0","0","0","0","0","","0","0","0","21","2","1","00","0","40 13:01.333","","00","76 25:58.594","2","0","1","1","36230","0","0","0","N","0","0","0","1","36410","0","","2","01","N","N","0","","0","1","0","0","0","","2109","1","1","0","0","0","0","0","1","0","1","N","","","","","","","","","","","","03","03","","N","N"
"1240","2","0","0","0","0","0","0","0","0","1","0","","36","09","2020","2020082750","6","40.1639","-76.4036","1235","08","0","0","0","0","0","0","0","0","","0","0","0","12","1","0","00","1","40 09:50.080","1","00","76 24:12.860","0","0","0","0","36410","0","0","0","N","0","0","0","1","36410","0","","1","01","N","N","0","","0","0","0","0","0","N","1230","0","2","0","0","0","0","0","2","0","2","N","","","","","","","","","","","1310","03","  ","","N","N"
"0753","0","0","0","0","0","0","0","0","0","0","0","","36","09","2020","2020082751","2","40.2136","-76.4299","0747","08","0","0","0","0","0","0","0","0","","0","0","0","07","5","0","00","0","40 12:49.131","","00","76 25:47.696","9","0","0","1","36230","0","0","0","N","0","0","0","2","36410","0","","1","01","N","N","0","","0","0","1","0","0","","0745","0","2","0","0","0","0","1","1","0","2","N","","","","","","","","","","","","03","03","","N","N"
"1730","2","0","0","0","0","0","0","0","0","4","0","","36","09","2020","2020082748","1","40.0745","-76.4927","1716","08","0","0","0","0","0","1","0","0","","0","0","0","17","1","2","05","2","40 04:28.250","7","00","76 29:33.818","4","0","0","0","36230","0","0","0","N","0","0","0","2","36410","2","","1","01","N","N","0","","0","0","0","3","3","Y","1700","2","2","0","0","0","0","0","1","0","2","N","","","","","","","","","","","1817","03","03","","N",""
"0752","2","0","0","0","0","0","0","0","0","4","0","","36","09","2020","2020082746","3","40.0377","-76.3078","0751","08","0","0","0","0","1","0","0","0","","0","0","0","07","1","0","01","1","40 02:15.851","2","00","76 18:28.000","0","0","0","0","36301","0","0","0","N","0","0","0","4","36301","0","","1","01","N","N","0","","0","0","0","3","2","N","0751","0","2","0","0","0","0","0","3","0","2","N","","","","","","","","","","","0100","03","03","","Y",""
"1710","0","0","0","0","0","0","0","0","0","1","0","","36","09","2020","2020082752","2","40.162","-76.3932","1708","08","0","0","0","0","0","1","0","0","","0","0","0","17","1","2","00","2","40 09:43.119","1","00","76 23:35.472","8","0","0","0","36410","0","0","0","N","0","0","0","3","36410","0","","1","01","N","N","0","","0","0","3","0","0","N","1706","2","3","0","0","0","2","0","2","0","3","N","","","","","","","","","","","1750","03","03","","N","N"
"1451","0","0","0","0","0","0","0","0","0","6","1","","36","09","2020","2020082755","3","40.1532","-76.4112","1451","08","0","0","0","0","0","2","0","0","","0","1","0","14","1","0","00","2","40 09:11.441","3","00","76 24:40.412","0","0","0","0","36230","0","0","0","N","0","0","0","2","36410","0","","1","01","N","N","0","","0","0","1","0","0","N","1445","0","2","0","0","0","0","0","1","0","2","N","","","","","","","","","","","1451","03","03","","N","N"
"0215","1","0","0","0","0","0","0","0","0","5","0","","36","10","2020","2020082756","7","40.1645","-76.3939","0203","08","0","0","0","0","0","0","0","0","","0","0","0","02","3","0","00","0","40 09:52.360","","00","76 23:38.051","0","0","0","0","36410","0","0","0","N","0","0","0","1","36410","0","","1","01","N","N","1","","0","0","0","0","0","","0201","0","2","0","0","0","0","0","2","0","2","N","","","","","","","","","","","","03","03","","N","N"
"2238","0","0","0","0","0","0","0","0","0","7","0","","36","10","2020","2020082757","7","40.0813","-76.4922","2216","08","0","0","0","0","0","0","0","0","","0","0","0","22","2","0","00","2","40 04:52.679","5","00","76 29:32.048","9","0","0","0","36230","0","0","0","N","0","0","0","1","36410","0","","5","01","N","N","0","","0","0","1","0","0","Y","2216","0","1","0","0","0","0","1","1","0","1","N","","","","","","","","","","","0050","03","03","","N","N"
"1018","1","0","0","0","0","0","0","0","0","5","1","","36","09","2020","2020082758","2","40.1387","-76.5491","1006","08","0","0","0","0","0","0","0","0","","0","1","0","10","1","0","00","1","40 08:19.450","4","00","76 32:56.770","0","0","0","0","36225","0","0","0","N","0","0","0","1","36505","0","","2","01","N","N","0","","0","0","0","0","0","N","1005","0","2","0","0","0","0","0","2","0","2","N","","","","","","","","","","","1100","03","03","","N","N"
"2055","1","0","0","0","0","0","0","0","0","1","0","","36","09","2020","2020082753","2","40.1176","-76.4961","2045","08","0","0","3","0","0","0","0","0","","0","0","0","20","2","2","02","2","40 07:03.202","6","00","76 29:46.099","3","0","0","0","36230","0","0","0","N","0","0","0","5","36410","1","","1","01","N","N","1","","1","0","2","3","3","N","2045","2","4","0","0","1","0","0","1","0","4","N","","","","","","","","","","","0030","03","03","","N",""
"2341","0","0","0","0","0","0","0","0","0","2","1","","36","10","2020","2020082759","2","40.1191","-76.5378","2337","08","0","0","0","0","0","0","0","0","","0","1","0","23","3","1","00","1","40 07:08.907","3","00","76 32:16.026","3","0","0","0","36225","0","0","0","N","0","0","0","2","36505","0","","1","01","N","N","0","","1","0","1","0","0","Y","2337","1","2","0","0","0","0","0","2","0","2","N","","","","","","","","","","","0125","03","03","","N","N"
"1900","1","0","0","0","0","0","0","0","0","1","0","","36","10","2020","2020082914","3","40.0314","-76.3045","1856","08","0","0","0","0","0","0","0","0","","0","0","0","18","1","0","00","1","40 01:53.106","2","00","76 18:16.134","0","0","0","0","36301","1","0","0","N","0","0","0","2","36301","0","","1","01","N","N","1","","0","0","0","0","0","N","1852","0","2","0","0","0","0","0","3","0","2","N","","","","","","","","","","","1932","03","03","","N","Y"
"2155","1","0","0","0","0","0","0","0","0","7","0","","36","10","2020","2020082918","2","40.1202","-76.5616","2141","08","0","0","0","0","0","0","0","0","","0","0","0","21","3","0","00","0","40 07:12.767","","00","76 33:41.867","0","0","0","0","36211","0","0","0","N","0","0","0","1","36504","0","","2","01","N","N","0","","0","0","0","0","0","","2141","0","1","0","0","0","0","0","1","0","1","N","","","","","","","","","","","","03","  ","","N","N"
"1749","2","0","0","0","0","0","0","0","0","1","0","","36","10","2020","2020082938","3","40.0819","-76.351","1740","08","0","0","0","0","0","1","0","0","","0","0","0","17","1","0","00","1","40 04:54.975","1","00","76 21:03.454","0","0","0","0","36214","0","0","0","N","0","0","0","2","36214","0","","1","01","N","N","0","","0","0","0","3","2","N","1735","0","2","0","0","0","0","0","3","0","2","N","","","","","","","","","","","1815","03","03","","N","N"
"1910","0","0","0","0","0","0","0","0","0","7","0","","36","09","2020","2020083062","3","39.892","-76.3258","1856","08","0","0","0","0","0","0","0","0","","1","0","0","18","4","0","00","2","39 53:31.339","5","00","76 19:32.908","1","1","0","1","36224","0","0","0","N","0","0","0","1","68J01","0","2","4","01","N","N","0","0","0","0","0","0","0","N","1853","0","1","0","0","0","0","0","1","0","1","N","","","","","","","","","","","2130","03","03","","N","N"
"0331","1","0","0","0","0","0","0","0","0","7","0","","36","07","2020","2020083189","7","39.8725","-76.2329","0325","08","0","1","0","0","0","0","0","0","","0","0","0","03","3","0","00","2","39 52:20.991","3","00","76 13:58.355","0","0","0","0","36208","0","0","0","N","0","0","0","1","68J01","0","","4","01","N","N","0","","0","0","0","0","0","N","0314","0","1","0","0","0","0","0","1","0","1","N","","","","","","","","","","","0500","03","03","","N","N"
"0241","0","0","0","0","0","0","0","0","0","7","0","","36","08","2020","2020083193","1","39.9279","-76.1451","0219","08","0","0","0","0","0","0","0","0","","0","0","0","01","2","0","00","0","39 55:40.360","","00","76 08:42.300","0","0","0","0","36216","0","0","0","N","0","0","0","1","68J01","0","","4","09","N","N","1","","0","0","0","0","0","","0159","0","1","0","0","1","0","0","1","0","1","N","","","","","","","","","","","","07","  ","","N","N"
"1339","1","0","0","0","0","0","0","0","0","7","0","","36","08","2020","2020083190","6","40.2009","-75.9955","1331","08","0","0","1","0","0","0","0","0","","0","0","0","13","1","0","00","1","40 12:03.165","3","00","75 59:43.906","0","0","0","0","36202","0","0","0","N","0","0","0","1","68J01","0","","4","01","N","N","0","","0","0","0","0","0","N","1329","0","1","0","0","0","0","0","1","0","1","N","","","","","","","","","","","1400","03","  ","","N","N"
"0228","1","0","0","0","0","0","0","0","0","7","0","","36","08","2020","2020083192","6","40.0321","-76.1012","0217","08","0","0","0","0","0","1","0","0","","0","0","0","02","3","1","00","0","40 01:55.540","","00","76 06:04.330","4","0","0","0","36221","0","0","0","N","0","0","0","1","68J01","1","","2","01","N","N","0","","0","0","0","0","0","","0215","1","1","0","0","0","0","0","1","0","1","N","","","","","","","","","","","","03","03","","N","N"
"1400","1","0","1","0","0","0","0","0","0","4","0","","36","09","2020","2020083154","7","40.1614","-76.4264","1355","08","0","2","0","0","0","0","0","0","","0","0","0","13","1","3","01","0","40 09:41.170","","00","76 25:35.079","2","0","0","0","36230","0","0","0","N","0","0","0","3","36410","1","","1","09","N","N","0","","1","1","1","3","3","","1350","3","2","0","0","0","0","0","1","0","2","N","","","","","","","","","","","","07","  ","","N",""
"0620","1","0","0","0","0","0","0","0","0","7","0","","36","08","2020","2020083200","6","39.9517","-76.1841","0604","08","0","0","0","0","0","0","0","0","","0","0","0","05","2","0","00","0","39 57:06.040","","00","76 11:02.640","9","0","0","0","36233","0","0","0","N","0","0","0","1","68J01","0","","4","01","N","N","0","","0","0","0","0","0","","0530","0","1","0","0","1","0","1","1","0","1","N","","","","","","","","","","","","03","03","","N","N"
"0727","1","0","0","0","0","0","0","0","0","4","0","","36","08","2020","2020083206","2","39.87","-76.1534","0715","08","0","0","0","0","0","2","0","0","","0","0","0","06","1","1","00","0","39 52:11.834","","07","76 09:12.138","3","0","0","0","36212","0","0","0","N","0","0","0","2","68J01","0","","1","01","N","N","0","","1","0","1","0","0","","0652","1","2","0","0","0","0","0","1","0","2","N","","","","","","","","","","","","03","03","","N","N"
"1401","2","0","0","0","0","0","0","0","0","4","0","","36","08","2020","2020083199","5","40.2208","-76.0188","1353","08","0","0","0","1","1","0","0","0","","0","0","0","13","1","1","02","2","40 13:14.928","7","00","76 01:07.571","3","0","0","0","36202","0","0","0","N","0","0","0","2","68J01","0","","1","01","N","N","0","","1","0","0","3","3","N","1351","1","2","0","0","0","0","0","1","0","2","N","","","","","","","","","","","1419","03","  ","","N","N"
"1521","0","0","0","0","0","0","0","0","0","7","0","","36","08","2020","2020083202","7","39.8921","-76.019","1458","08","0","0","0","0","0","1","0","0","","0","0","0","14","1","0","00","0","39 53:31.401","","00","76 01:08.560","0","0","0","0","36205","0","0","0","Y","0","0","0","1","68J01","0","","4","01","N","N","0","","0","0","1","0","0","","1441","0","1","0","0","1","0","0","1","0","1","N","","","","","","","","","","","","03","03","","Y","Y"
"0729","2","0","0","0","0","0","0","0","0","4","0","","36","08","2020","2020083205","1","39.8161","-76.1548","0700","08","0","0","0","0","0","0","0","0","","0","0","0","20","4","0","02","0","39 48:58.113","","00","76 09:17.425","9","0","0","0","36222","0","0","0","N","0","0","0","2","68J01","0","","1","99","N","N","0","","0","0","0","0","0","","2000","0","2","0","0","0","0","1","1","0","2","N","","","","","","","","","","","","99","  ","","N","N"
"2334","1","0","0","0","0","0","0","0","0","4","0","","36","09","2020","2020083364","2","40.0241","-76.316","2332","08","0","0","0","0","0","0","0","0","","0","0","0","23","3","3","01","1","40 01:26.922","2","00","76 18:57.776","3","0","0","0","36301","0","0","0","N","0","0","0","8","36301","0","","1","01","N","N","0","","3","0","1","3","2","N","2331","3","2","0","0","0","0","0","3","0","2","N","","","","","","","","","","","0030","03","03","","N","N"
"2139","1","0","0","0","0","0","0","0","0","4","0","","36","10","2020","2020083155","5","40.1775","-76.6012","2139","08","0","0","0","0","0","0","0","1","","0","0","0","21","2","2","01","1","40 10:39.055","1","02","76 36:04.454","3","0","0","0","36225","0","0","0","N","0","0","0","3","36505","0","","1","01","N","N","0","","1","0","1","0","0","N","2137","2","2","0","0","0","1","0","2","0","2","N","","","","","","","","","","","2230","03","03","","N",""
"1642","1","0","0","0","0","0","0","0","0","1","0","","36","10","2020","2020083156","3","40.1844","-76.6004","1642","08","0","0","0","0","0","0","0","0","","0","0","0","16","1","0","00","1","40 11:04.000","3","00","76 36:01.500","0","0","0","0","36225","0","0","0","N","0","0","0","3","36505","0","","1","01","N","N","1","","0","0","0","0","0","Y","1642","0","2","0","0","0","0","0","2","0","2","N","","","","","","","","","","","1730","03","03","","N","N"
"0025","1","0","0","0","0","0","0","0","0","4","0","","36","10","2020","2020083381","7","40.0772","-76.263","0020","08","0","0","0","0","0","0","0","0","","0","0","0","00","3","2","00","2","40 04:37.962","6","00","76 15:46.818","3","0","0","1","36101","0","0","0","N","0","0","0","3","36101","0","","1","01","N","N","0","","2","0","0","0","0","N","0015","2","2","0","0","0","0","0","3","0","2","N","","","","","","","","","","","0029","03","03","","N","N"
"1956","0","0","0","0","0","0","0","0","0","7","0","","36","10","2020","2020083382","7","40.0938","-76.2842","1953","08","0","1","0","0","0","0","0","0","","0","0","0","19","2","0","02","1","40 05:37.800","3","00","76 17:03.220","0","0","0","0","36101","0","0","0","N","0","0","0","3","36101","0","","5","01","N","N","0","","0","0","1","3","3","N","1952","0","1","0","0","1","0","0","3","0","1","N","","","","","","","","","","","0030","03","03","","N",""
"2309","1","0","0","0","0","0","0","0","0","4","0","","36","10","2020","2020083383","7","40.0679","-76.3034","2307","08","0","0","0","0","0","1","1","0","","0","0","0","23","3","2","01","1","40 04:04.462","1","00","76 18:12.202","4","0","0","0","36101","0","0","0","N","0","0","0","3","36101","2","","1","01","N","N","1","","0","0","0","3","2","N","2307","2","2","0","0","0","0","0","3","0","2","N","","","","","","","","","","","1205","03","  ","","N",""
"1442","1","0","0","0","0","0","0","0","0","4","0","","36","09","2020","2020083385","2","40.1002","-76.0981","1440","08","0","0","0","0","0","2","0","1","","0","0","0","14","1","0","00","1","40 06:00.702","6","07","76 05:53.042","0","0","0","0","36415","0","0","0","N","0","0","0","3","36415","0","","1","01","N","N","1","","0","0","0","0","0","N","1437","0","3","0","0","0","0","0","1","1","3","N","","","","","","","","","","","1518","03","  ","","N","N"
"0620","0","0","0","0","0","0","0","0","0","4","0","","36","10","2020","2020083387","6","40.1","-76.3541","0611","08","0","0","0","0","0","1","1","0","","0","0","0","06","3","1","01","2","40 06:00.025","6","00","76 21:14.898","8","0","0","0","36406","0","0","0","N","0","0","0","3","36506","0","","1","09","N","N","0","","0","0","2","3","2","N","0608","1","2","0","0","0","1","0","3","0","2","N","","","","","","","","","","","0658","07","  ","","N",""
"1435","1","0","0","0","0","0","0","0","0","4","0","","36","10","2020","2020083384","7","40.0404","-76.39","1431","08","0","0","0","0","0","0","0","0","","0","0","0","14","1","0","00","2","40 02:25.500","2","07","76 23:24.100","0","0","0","0","36223","0","0","0","N","0","0","0","4","36223","0","","1","01","N","N","0","","0","0","1","0","0","Y","1427","0","2","0","0","0","0","0","1","0","2","N","","","","","","","","","","","1518","03","  ","","N","N"
"1654","1","0","0","0","0","0","0","0","0","1","0","","36","10","2020","2020083386","4","40.1085","-76.0898","1653","08","0","0","0","0","0","1","0","0","","0","0","0","16","1","0","00","2","40 06:30.608","5","07","76 05:23.267","0","0","0","0","36209","0","0","0","N","0","0","0","2","36415","0","","1","01","N","N","0","","0","0","0","0","0","Y","1653","0","2","0","0","0","0","0","1","1","2","N","","","","","","","","","","","1718","04","04","","N","N"
"1607","2","0","0","0","0","0","0","0","0","1","0","","36","10","2020","2020083388","3","40.2169","-76.2214","1553","08","0","1","1","0","0","0","0","0","","0","0","0","15","1","0","00","0","40 13:00.800","","00","76 13:17.060","0","0","0","0","36204","0","0","0","N","0","0","0","6","36506","0","","1","01","N","N","0","","0","0","0","0","0","","1550","0","2","0","0","0","0","0","1","0","2","N","","","","","","","","","","","","03","  ","","N","N"
"1830","1","0","0","0","0","0","0","0","0","7","0","","36","10","2020","2020083389","4","40.2383","-76.2359","1818","08","0","0","0","0","1","0","0","0","","0","0","0","18","1","0","00","1","40 14:17.959","3","00","76 14:09.308","0","0","0","0","36204","0","0","0","N","0","0","0","1","36506","0","","1","01","N","N","0","","0","0","0","0","0","N","1816","0","1","0","0","0","0","0","1","0","1","N","","","","","","","","","","","1850","04","  ","","N","N"
"1153","0","0","0","0","0","0","0","0","0","6","0","","36","10","2020","2020083459","3","39.8906","-76.1663","1150","08","0","0","0","0","0","0","1","0","","0","0","0","11","1","0","00","0","39 53:26.200","","00","76 09:58.800","0","0","0","0","36416","0","0","0","N","0","0","0","5","36416","0","","1","01","N","N","1","","0","0","2","0","0","","1150","0","3","0","0","0","0","0","1","0","3","N","","","","","","","","","","","","03","  ","","N","N"
"0424","0","0","0","0","0","0","0","0","0","98","0","","36","10","2020","2020083974","4","40.1034","-76.669","0410","08","0","0","0","0","0","1","0","0","","0","0","0","04","2","0","00","0","40 06:12.141","","00","76 40:08.263","0","0","0","0","36207","0","0","0","N","0","0","0","1","36504","0","","1","01","N","N","0","","0","0","1","0","0","","0405","0","1","0","0","0","0","0","1","0","1","N","","","","","","","","","","","","03","  ","","N","Y"
"1537","1","0","0","0","0","0","0","0","0","1","0","","36","10","2020","2020083936","2","40.1169","-76.363","1530","08","0","0","0","0","0","0","0","1","","0","0","0","15","1","3","00","1","40 07:00.907","1","07","76 21:46.706","3","0","0","0","36214","0","0","0","N","0","0","0","5","36214","0","","1","01","N","N","0","","3","0","0","0","0","N","1525","3","2","0","0","0","0","0","3","1","2","N","","","","","","","","","","","1616","04","04","","N","N"
"1743","0","0","0","0","0","0","0","0","0","1","0","","36","10","2020","2020083716","5","40.0615","-76.5586","1739","08","1","0","0","0","0","0","0","0","","0","0","0","17","1","0","01","2","40 03:41.533","5","00","76 33:30.806","0","0","0","0","36211","0","0","0","N","0","0","0","2","36504","0","","1","01","N","N","0","","0","0","2","0","0","Y","1735","0","2","0","0","0","0","0","1","0","2","N","","","","","","","","","","","1818","03","03","","N",""
"1941","0","0","0","0","0","0","0","0","0","7","0","","36","10","2020","2020083707","7","39.9973","-76.359","1935","08","0","0","0","0","0","0","0","0","","0","0","0","19","3","0","00","0","39 59:50.410","","00","76 21:32.430","0","0","0","0","36412","0","0","0","N","0","0","0","1","36412","0","","5","01","N","N","0","","0","0","1","0","0","","1935","0","1","0","0","0","0","0","3","0","1","N","","","","","","","","","","","","03","  ","","N","N"
"0502","2","0","0","0","0","0","0","0","0","4","0","","36","10","2020","2020083711","2","40.0307","-76.3214","0458","08","0","0","0","0","0","1","0","0","","0","0","0","04","3","1","00","1","40 01:50.420","3","00","76 19:16.879","3","0","0","0","36301","0","0","0","N","0","0","0","2","36301","0","","1","09","N","N","0","","1","0","0","0","0","N","0456","1","2","0","0","0","0","1","3","0","2","N","","","","","","","","","","","0551","07","  ","","N","N"
"1826","2","0","0","0","0","0","0","0","0","4","0","","36","10","2020","2020083708","7","40.0251","-76.3177","1824","08","0","0","0","0","0","1","0","0","","0","0","0","18","1","1","01","2","40 01:30.485","5","00","76 19:03.655","3","0","0","0","36301","0","0","0","N","0","0","0","2","36301","0","","1","01","N","N","0","","1","0","0","3","3","Y","1822","1","2","0","0","0","0","0","3","0","2","N","","","","","","","","","","","1927","04","04","","N",""
"1911","1","0","0","0","0","0","0","0","0","7","0","","36","10","2020","2020083732","1","40.0591","-76.2753","1907","08","0","0","0","0","0","0","0","0","","0","0","0","19","3","1","00","0","40 03:32.807","","00","76 16:30.978","4","0","0","0","36101","0","0","0","N","0","0","0","1","36101","1","","4","01","N","N","0","","0","0","0","0","0","","1905","1","1","0","0","0","0","0","3","0","1","N","","","","","","","","","","","","03","03","","N","N"
"1615","2","0","0","0","0","0","0","0","0","4","0","","36","09","2020","2020083749","4","40.0377","-76.3078","1612","08","0","0","0","0","0","1","0","0","","0","0","0","16","1","0","01","1","40 02:15.763","2","00","76 18:27.983","0","0","0","0","36301","0","0","0","N","0","0","0","2","36301","0","","1","01","N","N","0","","0","0","0","3","2","N","1612","0","2","0","0","0","0","0","3","0","2","N","","","","","","","","","","","1612","03","03","","N","N"
"1339","2","0","0","0","0","0","0","0","0","4","0","","36","10","2020","2020083900","6","40.049","-76.3057","1335","08","0","0","0","0","0","0","0","0","","0","0","0","13","1","0","01","2","40 02:56.518","2","00","76 18:20.618","0","0","0","0","36301","0","0","0","N","0","0","0","2","36301","0","","1","01","N","N","0","","0","0","0","3","3","N","1332","0","2","0","0","0","0","0","3","0","2","N","","","","","","","","","","","1425","03","  ","","N","N"