"ARRIVAL_TM","AUTOMOBILE_COUNT","BELTED_DEATH_COUNT","BELTED_SUSP_SERIOUS_INJ_COUNT","BICYCLE_COUNT","BICYCLE_DEATH_COUNT","BICYCLE_SUSP_SERIOUS_INJ_COUNT","BUS_COUNT","CHLDPAS_DEATH_COUNT","CHLDPAS_SUSP_SERIOUS_INJ_COUNT","COLLISION_TYPE","COMM_VEH_COUNT","CONS_ZONE_SPD_LIM","COUNTY","CRASH_MONTH","CRASH_YEAR","CRN","DAY_OF_WEEK","DEC_LAT","DEC_LONG","DISPATCH_TM","DISTRICT","DRIVER_COUNT_16YR","DRIVER_COUNT_17YR","DRIVER_COUNT_18YR","DRIVER_COUNT_19YR","DRIVER_COUNT_20YR","DRIVER_COUNT_50_64YR","DRIVER_COUNT_65_74YR","DRIVER_COUNT_75PLUS","EST_HRS_CLOSED","FATAL_COUNT","HEAVY_TRUCK_COUNT","HORSE_BUGGY_COUNT","HOUR_OF_DAY","ILLUMINATION","INJURY_COUNT","INTERSECT_TYPE","LANE_CLOSED","LATITUDE","LN_CLOSE_DIR","LOCATION_TYPE","LONGITUDE","MAX_SEVERITY_LEVEL","MCYCLE_DEATH_COUNT","MCYCLE_SUSP_SERIOUS_INJ_COUNT","MOTORCYCLE_COUNT","MUNICIPALITY","NONMOTR_COUNT","NONMOTR_DEATH_COUNT","NONMOTR_SUSP_SERIOUS_INJ_COUNT","NTFY_HIWY_MAINT","PED_COUNT","PED_DEATH_COUNT","PED_SUSP_SERIOUS_INJ_COUNT","PERSON_COUNT","POLICE_AGCY","POSSIBLE_INJ_COUNT","RDWY_SURF_TYPE_CD","RELATION_TO_ROAD","ROAD_CONDITION","SCH_BUS_IND","SCH_ZONE_IND","SMALL_TRUCK_COUNT","SPEC_JURIS_CD","SUSP_MINOR_INJ_COUNT","SUSP_SERIOUS_INJ_COUNT","SUV_COUNT","TCD_FUNC_CD","TCD_TYPE","TFC_DETOUR_IND","TIME_OF_DAY","TOT_INJ_COUNT","TOTAL_UNITS","UNB_DEATH_COUNT","UNB_SUSP_SERIOUS_INJ_COUNT","UNBELTED_OCC_COUNT","UNK_INJ_DEG_COUNT","UNK_INJ_PER_COUNT","URBAN_RURAL","VAN_COUNT","VEHICLE_COUNT","WORK_ZONE_IND","WORK_ZONE_LOC","WORK_ZONE_TYPE","WORKERS_PRES","WZ_CLOSE_DETOUR","WZ_FLAGGER","WZ_LAW_OFFCR_IND","WZ_LN_CLOSURE","WZ_MOVING","WZ_OTHER","WZ_SHLDER_MDN","ROADWAY_CLEARED","WEATHER1","WEATHER2","WZ_WORKERS_INJ_KILLED","SECONDARY_CRASH","INTERSECTION_RELATED"
"1834","1","0","0","0","0","0","0","0","0","4","0","","36","10","2020","2020083937","4","40.038","-76.3447","1824","08","0","0","0","0","0","0","0","0","","0","0","0","18","1","2","00","2","40 02:16.790","6","00","76 20:40.824","3","0","0","1","36214","0","0","0","N","0","0","0","3","36214","1","","1","01","N","N","0","","1","0","0","0","0","Y","1819","2","2","0","0","0","0","0","3","0","2","N","","","","","","","","","","","1926","03","  ","","N","N"
"1949","0","0","0","0","0","0","0","0","0","0","0","","36","09","2020","2020083938","1","40.0857","-76.2081","1942","08","0","0","0","0","0","0","0","0","","0","1","0","19","4","1","00","0","40 05:08.387","","00","76 12:29.100","4","0","0","0","36234","0","0","0","N","0","0","0","3","36215","1","","1","01","N","N","0","","0","0","1","0","0","","1940","1","2","0","0","0","0","0","1","0","2","N","","","","","","","","","","","","03","  ","","N","N"
"0935","1","0","0","0","0","0","0","0","0","7","0","","36","10","2020","2020083940","1","40.0903","-76.2342","0846","08","0","1","0","0","0","0","0","0","","0","0","0","08","1","0","00","0","40 05:25.240","","00","76 14:03.080","0","0","0","0","36234","0","0","0","N","0","0","0","1","36215","0","","5","01","N","N","0","","0","0","0","0","0","","0846","0","1","0","0","1","0","0","1","0","1","N","","","","","","","","","","","","03","03","","N","N"
"1040","2","0","0","0","0","0","0","0","0","4","0","","36","09","2020","2020083939","5","40.036","-76.214","1033","08","0","0","0","0","0","0","0","0","","0","0","0","10","1","0","00","2","40 02:09.750","6","07","76 12:50.490","0","0","0","0","36215","0","0","0","N","0","0","0","3","36215","0","","1","01","N","N","0","","0","0","0","0","0","Y","1031","0","2","0","0","0","0","0","1","0","2","N","","","","","","","","","","","1200","03","  ","","N","N"
"0025","1","0","0","0","0","0","0","0","0","7","0","","36","10","2020","2020083941","6","40.018","-76.1702","0015","08","0","0","0","0","0","0","1","0","","0","0","0","00","2","0","00","0","40 01:04.740","","00","76 10:12.574","0","0","0","0","36215","0","0","0","N","0","0","0","1","36215","0","","5","01","N","N","0","","0","0","0","0","0","","0015","0","1","0","0","0","0","0","1","0","1","N","","","","","","","","","","","","03","03","","N","N"
"2319","2","0","0","0","0","0","0","0","0","4","0","","36","07","2020","2020083963","5","40.0321","-76.3162","2315","08","0","0","1","0","0","1","0","0","","0","0","0","23","3","0","01","2","40 01:55.523","7","00","76 18:58.195","9","0","0","0","36301","0","0","0","N","0","0","0","3","36301","0","","1","01","N","N","0","","0","0","0","3","3","Y","2313","0","2","0","0","0","0","1","3","0","2","N","","","","","","","","","","","0015","03","03","","N",""
"0602","1","0","0","0","0","0","0","0","0","1","0","","36","09","2020","2020084104","4","40.0766","-76.3374","0558","08","0","0","0","0","0","1","0","0","","0","0","0","05","3","0","00","0","40 04:35.775","","00","76 20:14.497","0","0","0","0","36101","0","0","0","N","0","0","0","2","36101","0","","1","09","N","N","0","","0","0","1","3","2","","0551","0","2","0","0","0","0","0","3","0","2","N","","","","","","","","","","","","04","04","","N","N"
"1207","0","0","0","0","0","0","0","0","0","1","0","","36","09","2020","2020084107","4","40.0475","-76.3629","1201","08","0","0","0","0","0","0","2","0","","0","0","0","11","1","1","01","1","40 02:50.996","4","00","76 21:46.341","4","0","0","0","36214","0","0","0","N","0","0","0","2","36214","1","","1","01","N","N","0","","0","0","2","3","2","N","1155","1","2","0","0","0","0","0","3","0","2","N","","","","","","","","","","","0020","03","  ","","N",""
"1156","1","0","0","0","0","0","0","0","0","1","0","","36","10","2020","2020084108","5","40.0608","-76.3595","1146","08","0","0","0","1","0","1","0","0","","0","0","0","11","1","2","00","2","40 03:38.916","4","00","76 21:34.250","3","0","0","0","36214","0","0","0","N","0","0","0","3","36214","0","","1","01","N","N","0","","2","0","1","0","0","N","1141","2","2","0","0","0","0","0","3","0","2","N","","","","","","","","","","","1225","03","  ","","N","N"
"1057","0","0","0","0","0","0","0","0","0","7","0","","36","10","2020","2020084509","5","40.0206","-76.3836","1055","08","0","0","0","0","1","0","0","0","","0","0","0","10","1","1","00","1","40 01:13.990","6","00","76 23:01.030","3","0","0","0","36223","0","0","0","N","0","0","0","1","36223","0","","5","01","N","N","0","","1","0","1","0","0","Y","1052","1","1","0","0","0","0","0","1","0","1","N","","","","","","","","","","","1144","03","  ","","N","N"
"2337","2","0","0","0","0","0","0","0","0","5","0","","36","10","2020","2020084109","5","40.0183","-76.3719","2332","08","0","0","0","0","0","0","0","0","","0","0","0","23","3","0","00","2","40 01:05.770","7","00","76 22:18.940","0","0","0","0","36223","0","0","0","N","0","0","0","1","36223","0","","6","01","N","N","0","","0","0","0","0","0","N","2330","0","2","0","0","0","0","0","1","0","2","N","","","","","","","","","","","0020","04","  ","","N","N"
"1153","2","0","0","0","0","0","0","0","0","1","0","","36","10","2020","2020084106","5","40.0779","-76.338","1149","08","0","0","0","0","0","0","0","0","","0","0","0","11","1","1","00","0","40 04:40.315","","00","76 20:16.716","4","0","0","0","36101","0","0","0","N","0","0","0","2","36101","1","","1","01","N","N","0","","0","0","0","0","0","","1146","1","2","0","0","0","0","0","3","0","2","N","","","","","","","","","","","","03","03","","N","Y"
"1134","2","0","0","0","0","0","0","0","0","4","0","","36","10","2020","2020084105","5","40.0146","-76.3261","1129","08","0","0","0","0","1","0","0","0","","0","0","0","11","1","1","02","0","40 00:52.712","","00","76 19:33.907","3","0","0","0","36220","0","0","0","N","0","0","0","2","36101","0","","1","01","N","N","0","","1","0","0","0","0","","1128","1","2","0","0","1","0","0","3","0","2","N","","","","","","","","","","","","03","03","","N",""
"1645","1","0","0","0","0","0","0","0","0","4","0","","36","10","2020","2020084510","6","40.0398","-76.4553","1641","08","0","0","0","0","0","1","0","0","","0","0","0","16","1","0","01","1","40 02:23.348","2","02","76 27:19.108","0","0","0","0","36239","0","0","0","N","0","0","0","8","36239","0","","1","01","N","N","0","","0","0","1","3","2","N","1641","0","3","0","0","0","0","0","3","1","3","N","","","","","","","","","","","1700","03","03","","N",""
"1532","1","0","0","0","0","0","0","0","0","4","0","","36","10","2020","2020084511","6","40.1027","-76.4328","1522","08","0","0","0","0","0","1","0","0","","0","0","0","15","1","0","01","1","40 06:09.698","6","00","76 25:58.025","0","0","0","0","36239","0","0","0","N","0","0","0","3","36239","0","","1","01","N","N","0","","0","0","1","3","3","N","1520","0","2","0","0","0","0","0","3","0","2","N","","","","","","","","","","","1620","03","  ","","N",""
"1120","1","0","0","0","0","0","0","0","0","4","0","","36","10","2020","2020084505","7","40.0639","-76.3067","1117","08","0","0","0","1","0","1","0","0","","0","0","0","11","1","0","01","1","40 03:50.011","5","00","76 18:24.594","0","0","0","0","36101","0","0","0","N","0","0","0","2","36101","0","","1","01","N","N","0","","0","0","1","0","0","N","1113","0","2","0","0","0","0","0","3","0","2","N","","","","","","","","","","","0040","03","  ","","N",""
"1030","0","0","0","0","0","0","0","0","0","4","0","","36","10","2020","2020084231","7","39.9887","-76.1799","1025","08","0","0","0","0","0","0","0","0","","0","0","0","10","1","0","00","1","39 59:19.227","1","00","76 10:47.705","0","0","0","0","36417","0","0","0","N","0","0","0","2","36417","0","","1","01","N","N","1","","0","0","1","0","0","N","1022","0","2","0","0","0","0","0","1","0","2","N","","","","","","","","","","","1057","03","  ","","N","Y"
"1440","2","0","0","0","0","0","0","0","0","4","0","","36","10","2020","2020084258","6","40.0615","-76.306","1427","08","0","0","0","0","0","0","0","0","","0","0","0","14","1","0","02","0","40 03:41.576","","00","76 18:21.513","0","0","0","0","36101","0","0","0","N","0","0","0","2","36101","0","","1","01","N","N","0","","0","0","0","3","3","","1422","0","2","0","0","0","0","0","3","0","2","N","","","","","","","","","","","","03","03","","N",""
"0610","1","0","0","0","0","0","0","0","0","8","0","","36","09","2020","2020084342","1","40.0484","-76.3011","0610","08","0","0","0","0","0","0","0","0","","0","0","0","05","3","1","01","0","40 02:54.355","","00","76 18:03.826","3","0","0","0","36301","1","0","0","N","1","0","0","2","36301","0","","1","01","N","N","0","","1","0","0","3","3","","0502","1","2","0","0","0","0","1","3","0","1","N","","","","","","","","","","","","03","03","","N",""
"0903","0","0","0","0","0","0","0","0","0","7","0","","36","09","2020","2020084378","6","40.0836","-76.5253","0900","08","0","0","0","0","0","1","0","0","","0","0","0","08","1","1","00","1","40 05:01.017","1","00","76 31:31.002","2","0","0","0","36211","0","0","0","N","0","0","0","1","36504","0","","5","01","N","N","0","","0","1","1","0","0","N","0858","1","1","0","1","1","0","0","1","0","1","N","","","","","","","","","","","0947","03","  ","","N","N"
"1547","1","0","0","0","0","0","0","0","0","1","0","","36","10","2020","2020084417","7","40.1655","-76.1596","1541","08","0","0","0","0","0","0","0","0","","0","0","0","15","1","0","01","0","40 09:55.667","","00","76 09:34.569","0","0","0","0","36218","0","0","0","N","0","0","0","3","36408","0","","1","01","N","N","0","","0","0","1","3","2","N","1539","0","2","0","0","0","0","0","1","0","2","N","","","","","","","","","","","","03","03","","N",""
"1517","1","0","0","0","0","0","0","0","0","4","1","","36","10","2020","2020084420","5","40.1389","-76.2223","1510","08","0","0","1","0","0","1","0","0","","0","1","0","15","1","0","01","0","40 08:20.182","","00","76 13:20.414","0","0","0","0","36238","0","0","0","N","0","0","0","2","36238","0","","1","01","N","N","0","","0","0","0","3","3","","1510","0","2","0","0","0","0","0","3","0","2","N","","","","","","","","","","","","04","  ","","N","N"
"1407","0","0","0","0","0","0","0","0","0","1","1","","36","10","2020","2020084421","2","40.1603","-76.1521","1356","08","0","0","0","0","0","0","0","1","","0","1","0","13","1","0","00","1","40 09:36.931","1","02","76 09:07.400","0","0","0","0","36238","0","0","0","N","0","0","0","2","36238","0","","7","01","N","N","0","","0","0","1","0","0","N","1356","0","2","0","0","0","0","0","3","0","2","N","","","","","","","","","","","1452","03","  ","","N","Y"
"1350","1","0","0","0","0","0","0","0","0","1","0","","36","10","2020","2020084503","2","40.0608","-76.3131","1342","08","0","0","0","0","0","1","0","0","","0","0","0","13","1","0","00","1","40 03:38.938","2","00","76 18:47.150","0","0","0","0","36101","0","0","0","N","0","0","0","2","36101","0","","1","01","N","N","1","","0","0","0","0","0","N","1335","0","2","0","0","0","0","0","3","0","2","N","","","","","","","","","","","0045","04","  ","","N","N"
"1714","0","0","0","0","0","0","0","0","0","1","0","","36","10","2020","2020084504","3","40.0681","-76.2951","1709","08","0","0","0","0","0","0","0","0","","0","0","0","17","1","0","00","1","40 04:05.107","4","00","76 17:42.500","0","0","0","0","36101","0","0","0","N","0","0","0","2","36101","0","","1","01","N","N","0","","0","0","2","0","0","N","1705","0","2","0","0","0","0","0","3","0","2","N","","","","","","","","","","","1800","03","  ","","N","N"
"1446","2","0","0","0","0","0","0","0","0","1","0","","36","10","2020","2020084506","7","40.0641","-76.3408","1438","08","0","0","0","0","0","0","0","0","","0","0","0","14","1","0","00","1","40 03:50.681","4","00","76 20:26.973","0","0","0","0","36101","0","0","0","N","0","0","0","3","36101","0","","1","01","N","N","0","","0","0","1","0","0","N","1430","0","3","0","0","0","0","0","3","0","3","N","","","","","","","","","","","0100","03","  ","","N","N"
"1529","1","0","0","0","0","0","0","0","0","1","0","","36","10","2020","2020084507","7","40.0388","-76.3301","1527","08","0","0","0","0","0","0","0","0","","0","0","0","15","1","2","00","2","40 02:19.538","6","00","76 19:48.376","3","0","0","0","36220","0","0","0","N","0","0","0","2","36101","0","","1","01","N","N","0","","1","0","1","3","2","Y","1504","2","2","0","0","0","1","0","3","0","2","N","","","","","","","","","","","1600","04","  ","","N","Y"
"1554","2","0","0","0","0","0","0","0","0","1","0","","36","10","2020","2020084508","7","40.0641","-76.3408","1549","08","0","0","0","0","0","1","0","0","","0","0","0","15","1","0","00","1","40 03:50.681","4","00","76 20:26.973","0","0","0","0","36101","0","0","0","N","0","0","0","4","36101","0","","1","01","N","N","0","","0","0","1","0","0","N","1545","0","3","0","0","0","0","0","3","0","3","N","","","","","","","","","","","0100","03","  ","","N","N"
"2040","3","0","0","0","0","0","0","0","0","99","0","","36","10","2020","2020084540","2","40.037","-76.315","2032","08","0","0","0","0","0","0","1","0","","0","0","0","20","3","0","00","2","40 02:13.053","3","00","76 18:54.125","9","0","0","0","36301","0","0","0","N","0","0","0","1","36301","0","","1","01","N","N","0","","0","0","0","0","0","Y","2038","0","3","0","0","0","0","1","3","0","3","N","","","","","","","","","","","2120","03","03","","N","N"
"1819","1","0","0","0","0","0","0","0","0","2","0","","36","10","2020","2020084573","5","40.0605","-76.3356","1811","08","0","0","0","0","0","0","0","0","","0","0","0","18","1","2","01","1","40 03:37.738","1","07","76 20:08.147","8","0","0","0","36301","0","0","0","N","0","0","0","3","36301","0","","1","01","N","N","0","","0","0","1","3","2","Y","1811","2","2","0","0","0","2","0","3","0","2","N","","","","","","","","","","","1900","03","03","","N",""
"1827","0","0","0","0","0","0","0","0","0","1","0","","36","10","2020","2020084591","1","40.0616","-76.5317","1813","08","0","0","0","0","0","1","0","1","","0","0","0","18","4","0","00","0","40 03:41.873","","00","76 31:54.263","0","0","0","0","36211","0","0","0","N","0","0","0","4","36504","0","","1","09","N","N","0","","0","0","2","0","0","","1813","0","2","0","0","0","0","0","1","0","2","N","","","","","","","","","","","","07","  ","","N","N"
"1315","0","0","0","0","0","0","0","0","0","8","0","","36","10","2020","2020084675","7","40.037","-76.315","1307","08","0","0","0","0","0","0","0","0","","0","0","0","16","1","1","00","0","40 02:13.067","","00","76 18:54.010","3","0","0","0","36301","1","0","0","N","1","0","0","2","36301","0","","1","01","N","N","0","","1","0","0","0","0","","1645","1","2","0","0","0","0","1","3","1","1","N","","","","","","","","","","","","03","03","","N","N"
"1351","0","0","0","0","0","0","0","0","0","1","0","","36","09","2020","2020084998","7","39.8969","-76.1646","1348","08","0","0","0","0","1","0","0","0","","0","0","0","13","1","1","00","2","39 53:48.665","6","00","76 09:52.670","2","0","1","1","36416","0","0","0","N","0","0","0","3","36416","0","","1","01","N","N","0","","0","1","1","0","0","N","1346","1","2","0","0","0","0","0","1","0","2","N","","","","","","","","","","","1415","03","  ","","N","N"
"1759","1","0","0","0","0","0","0","0","0","4","0","","36","10","2020","2020084625","2","40.0512","-76.3062","1758","08","0","0","0","0","1","0","0","0","","0","0","0","17","1","1","01","1","40 03:04.433","2","00","76 18:22.148","3","0","0","0","36301","0","0","0","N","0","0","0","2","36301","0","","1","01","N","N","1","","1","0","1","3","3","Y","1753","1","3","0","0","0","0","0","3","0","3","N","","","","","","","","","","","1850","03","03","","N","N"
"2159","1","0","0","0","0","0","0","0","0","8","0","","36","09","2020","2020084627","6","40.0457","-76.3083","2131","08","0","0","0","0","0","0","0","0","","0","0","0","21","3","1","00","0","40 02:44.645","","00","76 18:30.059","3","0","0","0","36301","1","0","0","Y","1","0","0","2","36301","0","","1","01","Y","N","0","","1","0","0","0","0","N","2131","1","2","0","0","0","0","0","3","0","1","N","","","","","","","","","","","","03","03","","N","N"
"2308","1","0","0","0","0","0","0","0","0","1","0","","36","10","2020","2020084657","7","40.0399","-76.2844","2308","08","0","0","0","0","0","0","0","0","","0","0","0","23","3","0","00","2","40 02:23.732","4","00","76 17:03.903","0","0","0","0","36220","0","0","0","N","0","0","0","2","36101","0","","1","01","N","N","1","","0","0","0","3","2","Y","2308","0","2","0","0","0","0","0","3","0","2","N","","","","","","","","","","","2346","03","03","","N","N"
"2341","1","0","0","0","0","0","0","0","0","7","0","","36","10","2020","2020084658","1","40.0388","-76.3304","2334","08","0","0","0","0","0","0","0","0","","0","0","0","23","3","0","02","0","40 02:19.596","","00","76 19:49.426","0","0","0","0","36220","0","0","0","N","0","0","0","2","36101","0","","5","09","N","N","0","","0","0","0","3","2","","2332","0","1","0","0","0","0","0","3","0","1","N","","","","","","","","","","","","07","  ","","N",""
"0935","0","0","0","0","0","0","0","0","0","7","0","","36","09","2020","2020084672","7","40.127","-76.0426","0930","08","0","0","0","0","0","0","0","0","","0","0","0","05","2","0","00","0","40 07:37.024","","00","76 02:33.508","0","0","0","0","36213","0","0","0","N","0","0","0","1","36213","0","","5","09","N","N","1","","0","0","0","0","0","","0530","0","1","0","0","0","0","0","1","0","1","N","","","","","","","","","","","","07","07","","N","N"
"0026","2","0","0","0","0","0","0","0","0","4","0","","36","10","2020","2020084580","7","40.0372","-76.3127","0022","08","0","0","0","0","0","1","0","0","","0","0","0","00","3","0","05","1","40 02:13.971","3","00","76 18:45.697","0","0","0","0","36301","0","0","0","N","0","0","0","4","36301","0","","1","01","N","N","0","","0","0","0","3","2","Y","0020","0","2","0","0","1","0","0","3","0","2","N","","","","","","","","","","","0115","03","  ","","N",""
"0933","1","0","0","0","0","0","0","0","0","6","0","","36","10","2020","2020084967","5","40.2179","-76.2446","0933","08","0","0","0","0","0","1","0","0","","0","0","0","09","1","1","02","0","40 13:04.619","","00","76 14:40.693","4","0","0","0","36204","0","0","0","N","0","0","0","3","36506","1","","1","01","N","N","0","","0","0","1","0","0","","0933","1","2","0","0","0","0","0","1","0","2","N","","","","","","","","","","","","03","  ","","N",""
"2017","0","0","1","0","0","0","0","0","0","4","0","","36","10","2020","2020084660","6","40.0577","-76.3544","2011","08","0","0","0","0","0","1","0","0","","0","0","0","20","3","1","01","1","40 03:27.716","7","00","76 21:15.753","2","0","0","0","36214","0","0","0","N","0","0","0","5","36214","0","","1","01","N","Y","1","","0","1","0","3","3","N","2009","1","2","0","0","0","0","0","3","1","2","N","","","","","","","","","","","2103","03","03","","N",""
"0010","0","0","0","0","0","0","0","0","0","7","0","","36","08","2020","2020084736","7","39.8693","-76.3427","2343","08","0","0","0","0","0","0","0","0","","0","0","0","23","2","0","00","2","39 52:09.421","5","00","76 20:33.686","0","0","0","0","36224","0","0","0","N","0","0","0","1","68J01","0","","4","09","N","N","0","","0","0","0","0","0","Y","2339","0","1","0","0","1","0","0","1","1","1","N","","","","","","","","","","","0505","07","  ","","N","N"
"0824","2","0","0","0","0","0","0","0","0","5","0","","36","10","2020","2020084731","2","40.0557","-76.2692","0819","08","0","0","0","0","0","1","0","0","","0","0","0","08","1","1","00","2","40 03:20.471","3","00","76 16:09.138","4","0","0","0","36215","0","0","0","Y","0","0","0","5","36301","1","","1","09","N","N","1","","0","0","2","0","0","N","0817","1","5","0","0","0","0","0","1","0","5","N","","","","","","","","","","","0840","07","07","","Y","N"
"1551","1","0","0","0","0","0","0","0","0","1","0","","36","10","2020","2020084968","4","40.1398","-76.3034","1546","08","1","0","0","0","0","0","0","0","","0","0","0","15","1","0","00","0","40 08:23.164","","00","76 18:12.419","0","0","0","0","36409","0","0","0","N","0","0","0","2","36506","0","","1","01","N","N","0","","0","0","1","0","0","","1545","0","2","0","0","0","0","0","3","0","2","N","","","","","","","","","","","","03","  ","","N","N"
"1220","0","0","0","0","0","0","0","0","0","7","0","","36","10","2020","2020084819","5","40.1388","-76.5806","1218","08","0","0","0","0","0","0","1","0","","0","0","0","12","1","1","00","0","40 08:19.500","","00","76 34:50.100","3","0","0","0","36225","0","0","0","N","0","0","0","1","36505","0","","4","01","N","N","0","","1","0","1","0","0","","1216","1","1","0","0","0","0","0","2","0","1","N","","","","","","","","","","","","03","03","","N","N"
"1850","1","0","0","1","0","1","0","0","0","4","0","","36","10","2020","2020084662","6","40.0741","-76.3709","1844","08","0","0","0","0","0","0","0","1","","0","0","0","18","4","1","01","1","40 04:26.901","3","00","76 22:15.317","2","0","0","0","36214","1","0","1","N","0","0","0","2","36214","0","","1","01","N","N","0","","0","1","0","3","2","N","1838","1","2","0","0","0","0","0","3","0","1","N","","","","","","","","","","","1910","03","03","","N",""
"1204","0","0","0","0","0","0","0","0","0","7","0","","36","10","2020","2020084969","6","40.1574","-76.3472","1157","08","0","1","0","0","0","0","0","0","","0","0","0","11","1","1","00","0","40 09:26.817","","00","76 20:49.800","8","0","0","0","36227","0","0","0","N","0","0","0","1","36506","0","","4","01","N","N","0","","0","0","1","0","0","","1157","1","1","0","0","0","1","0","1","0","1","N","","","","","","","","","","","","03","  ","","Y","N"
"1102","3","0","0","0","0","0","0","0","0","4","0","","36","10","2020","2020084966","6","40.1885","-76.3253","1056","08","0","0","0","0","0","0","2","0","","0","0","0","10","1","1","01","0","40 11:18.768","","00","76 19:30.989","8","0","0","0","36235","0","0","0","N","0","0","0","3","36506","0","","1","01","N","N","0","","0","0","0","3","3","","1056","1","3","0","0","0","1","0","1","0","3","N","","","","","","","","","","","","03","  ","","N",""
"1153","2","0","0","0","0","0","0","0","0","4","0","","36","10","2020","2020084786","2","40.052","-76.3102","1148","08","0","0","0","0","0","1","0","0","","0","0","0","11","1","1","01","0","40 03:07.058","","00","76 18:36.898","4","0","0","0","36301","0","0","0","N","0","0","0","1","36301","1","","1","09","N","N","0","","0","0","0","3","2","","1144","1","2","0","0","0","0","0","3","0","2","N","","","","","","","","","","","","04","  ","","N","N"
"1019","2","0","0","0","0","0","0","0","0","1","0","","36","10","2020","2020084663","1","40.0453","-76.3632","1012","08","0","0","0","0","1","0","0","0","","0","0","0","10","1","0","00","0","40 02:42.944","","00","76 21:47.567","0","0","0","0","36214","0","0","0","N","0","0","0","4","36214","0","","1","01","N","N","0","","0","0","0","3","2","","1010","0","2","0","0","0","0","0","3","0","2","N","","","","","","","","","","","","04","  ","","N","Y"
"0915","1","0","0","0","0","0","0","0","0","7","0","","36","10","2020","2020084816","1","40.0541","-76.3806","0915","08","0","0","0","0","0","0","0","0","","0","0","0","19","2","0","00","0","40 03:14.720","","00","76 22:50.210","0","0","0","0","36214","0","0","0","N","0","0","0","1","36214","0","","4","09","N","N","0","","0","0","0","0","0","","1900","0","1","0","0","0","0","0","3","0","1","N","","","","","","","","","","","","07","  ","","N","N"
"1743","1","0","0","0","0","0","0","0","0","7","0","","36","09","2020","2020084817","7","40.0192","-76.1763","1736","08","0","0","0","0","0","0","0","0","","0","0","0","17","1","1","00","0","40 01:09.115","","00","76 10:34.668","4","0","0","0","36215","0","0","0","N","0","0","0","1","36215","1","","5","01","N","N","0","","0","0","0","0","0","","1733","1","1","0","0","0","0","0","1","0","1","N","","","","","","","","","","","","03","03","","N","N"
"0557","1","0","0","0","0","0","0","0","0","6","0","","36","10","2020","2020084818","5","40.0794","-76.2017","0552","08","0","0","0","0","0","1","0","0","","0","0","0","05","2","1","00","2","40 04:45.818","5","00","76 12:06.070","2","0","1","1","36234","0","0","0","N","0","0","0","2","36215","0","","1","01","N","N","0","","0","1","0","0","0","Y","0550","1","2","0","0","0","0","0","1","0","2","N","","","","","","","","","","","0702","03","  ","","N","N"
"2241","1","0","0","0","0","0","0","0","0","5","0","","36","10","2020","2020084920","2","40.0325","-76.4952","2239","08","0","0","0","0","0","0","0","0","","0","0","0","22","3","1","03","2","40 01:57.032","3","00","76 29:42.854","3","0","0","0","36404","0","0","0","N","0","0","0","1","36404","0","","1","09","N","N","0","","1","0","0","0","0","Y","2237","1","3","0","0","0","0","0","3","2","3","N","","","","","","","","","","","2310","03","  ","","N",""
"0144","1","0","0","0","0","0","0","0","0","7","0","","36","10","2020","2020084659","2","40.0679","-76.2951","0139","08","0","0","0","0","0","0","0","0","","0","0","0","01","3","0","00","0","40 04:04.614","","00","76 17:42.412","0","0","0","0","36101","0","0","0","N","0","0","0","1","36101","0","","3","09","N","N","0","","0","0","0","0","0","","0137","0","1","0","0","0","0","0","3","0","1","N","","","","","","","","","","","","07","07","","N","N"
"1807","1","0","0","0","0","0","0","0","0","2","0","","36","10","2020","2020084923","2","40.1629","-76.2014","1804","08","0","0","0","0","0","0","0","0","","0","0","0","18","1","2","03","1","40 09:46.465","2","00","76 12:05.025","3","0","0","0","36218","0","0","0","Y","0","0","0","3","36408","0","","1","09","N","N","1","","2","0","0","3","3","Y","1802","2","2","0","0","0","0","0","1","0","2","N","","","","","","","","","","","1850","07","  ","","N",""
"1636","2","0","0","0","0","0","0","0","0","1","0","","36","10","2020","2020084959","4","40.0589","-76.2749","1620","08","0","0","0","0","0","1","0","0","","0","0","0","16","1","0","10","0","40 03:31.917","","00","76 16:29.484","0","0","0","0","36101","0","0","0","N","0","0","0","2","36101","0","","1","01","N","N","0","","0","0","0","0","0","","1618","0","2","0","0","0","0","0","3","0","2","N","","","","","","","","","","","","03","  ","","N",""
"1625","1","0","0","0","0","0","0","0","0","1","0","","36","10","2020","2020084960","5","40.051","-76.3534","1622","08","0","0","0","0","0","1","0","0","","0","0","0","16","1","1","02","1","40 03:03.625","2","00","76 21:12.345","8","0","0","0","36214","0","0","0","N","0","0","0","3","36214","0","","1","01","N","N","0","","0","0","1","3","2","N","1620","1","2","0","0","0","1","0","3","0","2","N","","","","","","","","","","","1700","03","  ","","N",""
"1518","1","0","0","0","0","0","0","0","0","2","0","","36","10","2020","2020084961","2","40.0501","-76.3957","1511","08","0","0","0","0","0","1","0","0","","0","0","0","15","1","0","00","0","40 03:00.377","","00","76 23:44.465","0","0","0","0","36214","0","0","0","N","0","0","0","2","36214","0","","1","09","N","N","1","","0","0","0","0","0","","1509","0","2","0","0","0","0","0","3","0","2","N","","","","","","","","","","","","07","04","","N","N"
"1458","1","0","0","0","0","0","0","0","0","1","0","","36","10","2020","2020084962","2","40.116","-76.1094","1453","08","0","0","0","0","1","1","0","0","","0","0","0","14","1","2","02","1","40 06:57.441","5","00","76 06:33.778","4","0","0","0","36209","0","0","0","N","0","0","0","3","36415","1","","1","01","N","N","1","","0","0","1","3","3","N","1451","2","3","0","0","0","1","0","1","0","3","N","","","","","","","","","","","1551","04","  ","","N",""