"ARRIVAL_TM","AUTOMOBILE_COUNT","BELTED_DEATH_COUNT","BELTED_SUSP_SERIOUS_INJ_COUNT","BICYCLE_COUNT","BICYCLE_DEATH_COUNT","BICYCLE_SUSP_SERIOUS_INJ_COUNT","BUS_COUNT","CHLDPAS_DEATH_COUNT","CHLDPAS_SUSP_SERIOUS_INJ_COUNT","COLLISION_TYPE","COMM_VEH_COUNT","CONS_ZONE_SPD_LIM","COUNTY","CRASH_MONTH","CRASH_YEAR","CRN","DAY_OF_WEEK","DEC_LAT","DEC_LONG","DISPATCH_TM","DISTRICT","DRIVER_COUNT_16YR","DRIVER_COUNT_17YR","DRIVER_COUNT_18YR","DRIVER_COUNT_19YR","DRIVER_COUNT_20YR","DRIVER_COUNT_50_64YR","DRIVER_COUNT_65_74YR","DRIVER_COUNT_75PLUS","EST_HRS_CLOSED","FATAL_COUNT","HEAVY_TRUCK_COUNT","HORSE_BUGGY_COUNT","HOUR_OF_DAY","ILLUMINATION","INJURY_COUNT","INTERSECT_TYPE","LANE_CLOSED","LATITUDE","LN_CLOSE_DIR","LOCATION_TYPE","LONGITUDE","MAX_SEVERITY_LEVEL","MCYCLE_DEATH_COUNT","MCYCLE_SUSP_SERIOUS_INJ_COUNT","MOTORCYCLE_COUNT","MUNICIPALITY","NONMOTR_COUNT","NONMOTR_DEATH_COUNT","NONMOTR_SUSP_SERIOUS_INJ_COUNT","NTFY_HIWY_MAINT","PED_COUNT","PED_DEATH_COUNT","PED_SUSP_SERIOUS_INJ_COUNT","PERSON_COUNT","POLICE_AGCY","POSSIBLE_INJ_COUNT","RDWY_SURF_TYPE_CD","RELATION_TO_ROAD","ROAD_CONDITION","SCH_BUS_IND","SCH_ZONE_IND","SMALL_TRUCK_COUNT","SPEC_JURIS_CD","SUSP_MINOR_INJ_COUNT","SUSP_SERIOUS_INJ_COUNT","SUV_COUNT","TCD_FUNC_CD","TCD_TYPE","TFC_DETOUR_IND","TIME_OF_DAY","TOT_INJ_COUNT","TOTAL_UNITS","UNB_DEATH_COUNT","UNB_SUSP_SERIOUS_INJ_COUNT","UNBELTED_OCC_COUNT","UNK_INJ_DEG_COUNT","UNK_INJ_PER_COUNT","URBAN_RURAL","VAN_COUNT","VEHICLE_COUNT","WORK_ZONE_IND","WORK_ZONE_LOC","WORK_ZONE_TYPE","WORKERS_PRES","WZ_CLOSE_DETOUR","WZ_FLAGGER","WZ_LAW_OFFCR_IND","WZ_LN_CLOSURE","WZ_MOVING","WZ_OTHER","WZ_SHLDER_MDN","ROADWAY_CLEARED","WEATHER1","WEATHER2","WZ_WORKERS_INJ_KILLED","SECONDARY_CRASH","INTERSECTION_RELATED"
"0028","1","0","0","0","0","0","0","0","0","7","0","","36","10","2020","2020084963","6","40.0847","-76.0742","0024","08","0","0","0","0","0","0","0","0","","0","0","0","00","2","0","00","0","40 05:05.052","","00","76 04:26.991","9","0","0","0","36209","0","0","0","N","0","0","0","1","36415","0","","5","01","N","N","0","","0","0","0","0","0","","0023","0","1","0","0","1","0","1","1","0","1","N","","","","","","","","","","","","03","03","","N","N"
"2013","0","0","0","0","0","0","0","0","0","4","1","","36","10","2020","2020084970","6","40.1499","-76.3816","2008","08","0","0","0","0","0","1","0","0","","0","1","0","20","3","2","01","2","40 08:59.807","7","00","76 22:53.789","8","0","0","0","36227","0","0","0","N","0","0","0","4","36506","0","","1","01","N","N","1","","0","0","1","3","2","Y","2007","2","3","0","0","0","2","0","1","0","3","N","","","","","","","","","","","2045","03","  ","","N",""
"1305","1","0","0","0","0","0","0","0","0","1","0","","36","10","2020","2020084964","6","40.107","-76.0728","1300","08","0","0","0","0","0","0","0","1","","0","0","0","13","1","2","00","0","40 06:25.283","","00","76 04:21.944","3","0","0","0","36415","0","0","0","N","0","0","0","4","36415","0","","1","01","N","N","1","","2","0","0","0","0","","1300","2","2","0","0","2","0","0","1","0","2","N","","","","","","","","","","","","03","  ","","N","N"
"1410","1","0","0","0","0","0","0","0","0","7","0","","36","10","2020","2020084965","6","40.1371","-76.1149","1402","08","0","0","0","0","0","0","0","0","","0","0","0","14","1","0","00","2","40 08:13.451","5","00","76 06:53.586","0","0","0","0","36209","0","0","0","N","0","0","0","1","36415","0","","4","01","N","N","0","","0","0","0","0","0","Y","1400","0","1","0","0","0","0","0","1","0","1","N","","","","","","","","","","","1500","03","  ","","N","N"
"0657","1","0","0","0","0","0","0","0","0","2","0","","36","10","2020","2020084972","1","40.1065","-76.3497","0655","08","0","0","0","0","0","0","0","0","","0","0","0","06","5","0","00","0","40 06:23.260","","00","76 20:58.970","0","0","0","0","36406","0","0","0","N","0","0","0","1","36506","0","","6","01","N","N","0","","0","0","1","0","0","","0654","0","2","0","0","0","0","0","3","0","2","N","","","","","","","","","","","","04","  ","","N","N"
"0007","1","0","0","0","0","0","0","0","0","7","0","","36","10","2020","2020084971","7","40.1397","-76.2997","0001","08","0","0","0","0","0","0","0","0","","0","0","0","00","3","1","00","0","40 08:22.900","","00","76 17:59.090","3","0","0","0","36235","0","0","0","N","0","0","0","1","36506","0","","5","01","N","N","0","","1","0","0","0","0","","0001","1","1","0","0","0","0","0","1","0","1","N","","","","","","","","","","","","03","  ","","N","N"
"0815","0","0","0","0","0","0","0","0","0","4","0","","36","10","2020","2020085001","2","40.0251","-76.3177","0810","08","0","0","0","0","0","0","0","0","","0","0","","08","1","1","01","1","40 01:30.485","2","00","76 19:03.655","9","0","0","0","36301","0","0","0","N","0","0","0","3","36301","0","","1","09","N","N","0","","0","0","0","3","3","Y","0810","0","2","0","0","0","0","0","3","0","0","N","","","","","","","","","","","0900","07","  ","","N",""
"1409","0","0","0","0","0","0","0","0","0","4","0","","36","10","2020","2020085049","2","40.2007","-76.1718","1409","08","0","0","0","0","0","0","0","0","","0","0","","14","1","0","01","1","40 12:02.510","4","00","76 10:18.574","9","0","0","0","36218","0","0","0","N","0","0","0","3","36408","0","","1","09","N","N","0","","0","0","0","3","3","N","1409","0","3","0","0","0","0","0","1","0","0","N","","","","","","","","","","","1449","04","07","","N","N"
"0844","0","0","0","0","0","0","0","0","0","4","0","","36","10","2020","2020085411","2","40.0685","-76.3074","0842","08","0","0","0","0","0","0","0","0","","0","0","0","08","1","2","01","1","40 04:06.527","1","00","76 18:26.750","3","0","0","0","36101","0","0","0","N","0","0","0","3","36101","0","","1","09","N","N","0","","2","0","2","3","2","N","0839","2","2","0","0","0","0","0","3","0","2","N","","","","","","","","","","","0940","07","07","","N",""
"2318","1","0","0","0","0","0","0","0","0","5","0","","36","09","2020","2020085081","3","39.9856","-76.0178","2313","08","0","0","0","0","0","0","0","0","","0","0","0","23","3","0","01","1","39 59:08.196","1","00","76 01:04.123","0","0","0","0","36232","0","0","0","N","0","0","0","3","68J01","0","","1","01","N","N","0","","0","0","1","3","2","N","2304","0","2","0","0","0","0","0","1","0","2","N","","","","","","","","","","","2351","03","03","","N","N"
"1459","2","0","0","0","0","0","0","0","0","4","0","","36","10","2020","2020085147","3","40.0493","-76.2951","1455","08","0","0","0","0","1","1","0","0","","0","0","0","14","1","1","01","0","40 02:57.379","","00","76 17:42.226","8","0","0","0","36301","0","0","0","N","0","0","0","4","36301","0","","1","01","N","N","0","","0","0","0","3","3","","1453","1","2","0","0","0","1","0","3","0","2","N","","","","","","","","","","","","03","  ","","N",""
"1107","2","0","0","0","0","0","0","0","0","4","0","","36","10","2020","2020085353","7","40.1081","-76.504","1102","08","0","0","0","0","0","1","0","1","","0","0","0","11","1","1","01","2","40 06:29.141","4","00","76 30:14.243","3","0","0","0","36413","0","0","0","N","0","0","0","2","36413","0","","1","01","N","N","0","","1","0","0","3","3","Y","1102","1","2","0","0","0","0","0","2","0","2","N","","","","","","","","","","","1157","03","  ","","N","N"
"1546","2","0","0","0","0","0","0","0","0","4","0","","36","10","2020","2020085150","3","40.0428","-76.2899","1537","08","0","0","1","0","0","0","0","0","","0","0","0","15","1","0","01","0","40 02:34.216","","00","76 17:23.632","0","0","0","0","36301","0","0","0","N","0","0","0","4","36301","0","","1","01","N","N","0","","0","0","1","3","3","","1535","0","3","0","0","0","0","0","3","0","3","N","","","","","","","","","","","","03","03","","Y",""
"0538","1","0","0","0","0","0","0","0","0","4","0","","36","10","2020","2020085379","2","40.0441","-76.3089","0535","08","0","0","0","0","0","0","0","0","","0","0","0","05","3","1","01","0","40 02:38.765","","00","76 18:32.003","3","0","0","0","36301","0","0","0","N","0","0","0","2","36301","0","","1","09","N","N","0","","1","0","1","3","2","","0535","1","2","0","0","0","0","0","3","0","2","N","","","","","","","","","","","","07","  ","","N","N"
"0635","1","0","0","0","0","0","0","0","0","7","0","","36","10","2020","2020085171","3","40.0232","-76.3056","0625","08","0","0","0","0","0","0","0","0","","0","0","0","05","3","0","00","1","40 01:23.340","3","00","76 18:20.240","0","0","0","0","36220","0","0","0","N","0","0","0","1","36101","0","","2","09","N","N","0","","0","0","0","0","0","N","0559","0","1","0","0","0","0","0","3","0","1","N","","","","","","","","","","","0730","07","  ","","N","N"
"1208","1","0","0","0","0","0","0","0","0","4","1","","36","10","2020","2020085172","2","40.1233","-76.3753","1159","08","0","0","0","0","0","0","0","0","","0","1","0","11","1","1","01","1","40 07:23.702","5","00","76 22:31.147","4","0","0","0","36214","0","0","0","N","0","0","0","2","36214","1","","1","09","N","N","0","","0","0","0","3","3","N","1159","1","2","0","0","0","0","0","3","0","2","N","","","","","","","","","","","1330","04","  ","","N",""
"2241","1","0","0","0","0","0","0","0","0","7","0","","36","08","2020","2020085173","5","40.0307","-76.2368","2238","08","0","0","0","0","0","0","0","0","","0","0","0","22","6","0","00","0","40 01:50.519","","00","76 14:12.435","0","0","0","0","36215","0","0","0","N","0","0","0","1","36215","0","","5","01","N","N","0","","0","0","0","0","0","","2238","0","1","0","0","0","0","0","1","0","1","N","","","","","","","","","","","","03","03","","N","N"
"2017","1","0","0","0","0","0","0","0","0","1","0","","36","10","2020","2020085170","2","40.1007","-76.3054","2013","08","0","0","0","1","0","0","0","1","","0","0","0","20","3","1","00","2","40 06:02.699","1","07","76 18:19.300","3","0","0","0","36101","0","0","0","N","0","0","0","4","36101","0","","1","01","N","N","0","","1","0","1","0","0","Y","2011","1","2","0","0","0","0","0","3","0","2","N","","","","","","","","","","","2108","03","03","","N","N"
"1808","0","0","0","0","0","0","0","0","0","7","0","","36","10","2020","2020085175","4","40.0606","-76.1867","1803","08","0","0","0","0","0","0","0","0","","0","0","0","18","1","1","00","2","40 03:37.990","5","00","76 11:12.230","3","0","0","1","36234","0","0","0","N","0","0","0","1","36215","0","","5","01","N","N","0","","1","0","0","0","0","N","1802","1","1","0","0","0","0","0","1","0","1","N","","","","","","","","","","","1900","03","  ","","N","N"
"1221","1","0","0","0","0","0","0","0","0","1","0","","36","10","2020","2020085176","6","40.0178","-76.2347","1217","08","0","0","0","0","0","0","0","0","","0","0","0","12","1","2","02","2","40 01:03.956","5","00","76 14:04.963","3","0","0","0","36215","0","0","0","N","0","0","0","4","36215","0","","1","01","N","N","1","","2","0","0","0","0","Y","1215","2","2","0","0","0","0","0","1","0","2","N","","","","","","","","","","","1304","03","  ","","N",""
"0825","3","0","0","0","0","0","0","0","0","2","0","","36","10","2020","2020085428","7","40.0331","-76.2953","0824","08","0","0","0","0","0","0","0","0","","0","0","0","08","1","1","01","2","40 01:59.311","2","00","76 17:42.975","4","0","0","0","36301","0","0","0","N","0","0","0","1","36301","1","","1","01","N","N","0","","0","0","1","3","3","Y","0824","1","4","0","0","0","0","0","3","0","4","N","","","","","","","","","","","0900","03","03","","Y",""
"0739","0","0","0","0","0","0","0","0","0","1","0","","36","10","2020","2020085352","3","40.1024","-76.5227","0734","08","0","0","0","0","0","0","0","0","","0","0","0","07","1","0","00","0","40 06:08.739","","00","76 31:21.545","0","0","0","0","36211","0","0","0","N","0","0","0","2","36413","0","","1","09","N","N","0","","0","0","2","0","0","","0734","0","2","0","0","0","0","0","1","0","2","N","","","","","","","","","","","","07","  ","","N","Y"
"1524","1","0","0","0","0","0","0","0","0","4","0","","36","10","2020","2020085206","3","40.0062","-76.248","1520","08","0","0","0","0","0","1","0","1","","0","0","0","15","1","0","02","1","40 00:22.236","5","00","76 14:52.792","0","0","0","0","36240","0","0","0","N","0","0","0","2","36240","0","","1","01","N","N","1","","0","0","0","3","3","N","1519","0","2","0","0","1","0","0","1","0","2","N","","","","","","","","","","","1530","04","  ","","N","N"
"1527","1","0","0","0","0","0","0","0","0","1","0","","36","10","2020","2020085389","3","40.0334","-76.3004","1527","08","0","0","0","0","0","1","0","0","","0","0","0","15","1","1","02","0","40 02:00.060","","00","76 18:01.523","4","0","0","0","36301","0","0","0","N","0","0","0","2","36301","1","","1","01","N","N","1","","0","0","0","0","0","","1525","1","2","0","0","0","0","0","3","0","2","N","","","","","","","","","","","","03","  ","","Y","N"
"1117","1","0","0","0","0","0","0","0","0","1","0","","36","10","2020","2020085410","5","40.0977","-76.3051","1108","08","0","0","0","0","0","0","0","1","","0","0","0","11","1","0","00","1","40 05:51.590","1","00","76 18:18.510","0","0","0","0","36101","0","0","0","N","0","0","0","2","36101","0","","1","01","N","N","0","","0","0","1","0","0","N","1106","0","2","0","0","0","0","0","3","0","2","N","","","","","","","","","","","1145","03","03","","N","N"
"2307","1","0","0","0","0","0","0","0","0","7","0","","36","10","2020","2020085421","6","40.2297","-76.1253","2302","08","0","0","0","0","0","0","0","0","","0","0","0","23","2","0","00","0","40 13:46.870","","00","76 07:31.170","0","0","0","0","36210","0","0","0","N","0","0","0","1","36210","0","","5","01","N","N","0","","0","0","0","0","0","","2301","0","1","0","0","0","0","0","1","0","1","N","","","","","","","","","","","","03","  ","","Y","N"
"1445","1","0","0","0","0","0","0","0","0","1","0","","36","10","2020","2020085422","6","40.2152","-76.0945","1445","08","0","0","0","0","0","0","0","0","","0","0","0","14","1","1","00","0","40 12:54.645","","00","76 05:40.165","3","0","0","0","36210","0","0","0","N","0","0","0","2","36210","0","","1","01","N","N","0","","1","0","1","0","0","","1445","1","2","0","0","0","0","0","1","0","2","N","","","","","","","","","","","","03","  ","","N","N"
"1532","0","0","0","0","0","0","0","0","0","1","0","","36","10","2020","2020085453","6","40.1384","-76.2111","1523","08","0","0","0","0","1","0","1","0","","0","0","0","15","1","0","00","0","40 08:18.291","","00","76 12:40.080","0","0","0","0","36238","0","0","0","N","0","0","0","3","36238","0","","1","01","N","N","1","","0","0","1","0","0","","1523","0","3","0","0","0","0","0","3","1","3","N","","","","","","","","","","","","03","03","","N","N"
"2301","1","0","0","0","0","0","0","0","0","1","0","","36","09","2020","2020085452","6","40.1298","-76.2166","2259","08","0","0","0","0","0","1","0","0","","0","0","0","22","3","1","01","0","40 07:47.738","","02","76 12:59.285","3","0","0","0","36238","0","0","0","N","0","0","0","2","36238","0","","1","01","N","N","0","","1","0","0","3","2","","2259","1","2","0","0","0","0","0","3","1","2","N","","","","","","","","","","","","03","  ","","N","N"
"0639","1","0","0","0","0","0","0","0","0","1","0","","36","10","2020","2020085470","4","39.9918","-76.2855","0638","08","0","0","0","0","0","0","0","0","","0","0","0","06","3","0","00","0","39 59:30.570","","00","76 17:07.851","0","0","0","0","36240","0","0","0","N","0","0","0","2","36240","0","","1","01","N","N","0","","0","0","1","0","0","N","0630","0","2","0","0","0","0","0","1","0","2","N","","","","","","","","","","","","03","03","","N","Y"
"1608","1","0","0","0","0","0","0","0","0","0","0","","36","09","2020","2020085519","5","39.8773","-76.2187","1552","08","0","0","0","0","0","0","0","0","","0","0","0","15","1","0","00","0","39 52:38.149","","00","76 13:07.159","0","0","0","0","36212","0","0","0","N","0","0","0","3","68J01","0","","1","01","N","N","1","","0","0","0","0","0","","1549","0","2","0","0","0","0","0","1","0","2","N","","","","","","","","","","","","03","  ","","N","N"
"0550","0","0","0","0","0","0","0","0","0","7","1","","36","09","2020","2020085520","6","40.1864","-76.0608","0527","08","0","0","0","0","0","0","0","0","","0","1","0","05","3","0","03","2","40 11:11.002","6","00","76 03:39.045","0","0","0","0","36202","0","0","0","Y","0","0","0","1","68J01","0","","4","09","N","N","0","","0","0","0","3","3","Y","0525","0","1","0","0","0","0","0","1","0","1","N","","","","","","","","","","","0700","05","03","","N","N"
"2339","1","0","0","0","0","0","0","0","0","4","0","","36","09","2020","2020085522","2","39.8158","-76.0355","2310","08","0","0","1","0","0","0","0","0","","0","0","0","23","2","0","00","1","39 48:56.949","2","00","76 02:07.806","0","0","0","0","36205","0","0","0","N","0","0","0","2","68J01","0","","1","01","N","N","0","","0","0","1","0","0","N","2303","0","2","0","0","0","0","0","1","0","2","N","","","","","","","","","","","0010","03","03","","N","N"
"1715","1","0","0","0","0","0","0","0","0","4","0","","36","09","2020","2020085523","5","39.9238","-76.0976","1656","08","0","0","0","0","0","1","0","0","","0","0","0","16","1","1","01","0","39 55:25.532","","00","76 05:51.424","3","0","0","0","36201","0","0","0","N","0","0","0","2","68J01","0","","1","09","N","N","0","","1","0","1","3","3","","1637","1","2","0","0","0","0","0","1","0","2","N","","","","","","","","","","","","07","07","","N","N"
"2020","0","0","0","0","0","0","0","0","0","7","0","","36","09","2020","2020085528","2","39.787","-76.1666","2003","08","0","0","0","1","0","0","0","0","","0","0","0","19","2","1","02","1","39 47:13.169","1","00","76 09:59.846","3","0","0","0","36219","0","0","0","N","0","0","0","1","68J01","0","","4","01","N","N","1","","1","0","0","0","0","N","1955","1","1","0","0","0","0","0","1","0","1","N","","","","","","","","","","","2255","03","03","","N","N"
"2338","0","0","0","0","0","0","0","0","0","7","0","","36","09","2020","2020085530","7","39.9201","-76.305","2317","08","0","0","0","0","0","0","0","0","","0","0","0","23","2","1","00","2","39 55:12.522","5","00","76 18:17.956","4","0","0","0","36224","0","0","0","Y","0","0","0","1","68J01","1","","2","01","N","N","0","","0","0","1","0","0","N","2314","1","1","0","0","0","0","0","1","0","1","N","","","","","","","","","","","0100","03","  ","","N","N"
"0225","1","0","0","0","0","0","0","0","0","7","0","","36","09","2020","2020085533","3","39.842","-76.0616","0215","08","0","0","0","0","0","0","0","0","","0","0","0","02","2","0","00","1","39 50:31.136","2","00","76 03:41.841","0","0","0","0","36205","0","0","0","N","0","0","0","1","68J01","0","","4","01","N","N","0","","0","0","0","0","0","N","0214","0","1","0","0","0","0","0","1","0","1","N","","","","","","","","","","","0330","03","03","","N","N"
"1538","1","0","0","0","0","0","0","0","0","1","0","","36","10","2020","2020085549","4","40.2457","-76.1979","1538","08","0","0","0","1","0","0","0","0","","0","0","0","15","1","0","00","0","40 14:44.582","","00","76 11:52.467","0","0","0","0","36236","0","0","0","N","0","0","0","4","68T06","0","","1","01","N","N","1","","0","0","0","0","0","","1537","0","2","0","0","0","0","0","1","0","2","N","","","","","","","","","","","","03","  ","","N","N"
"1558","1","0","0","0","0","0","0","0","0","1","0","","36","10","2020","2020085631","7","40.0924","-76.2628","1550","08","0","1","0","0","0","0","0","0","","0","0","0","15","1","0","00","0","40 05:32.730","","00","76 15:46.073","0","0","0","0","36101","0","0","0","N","0","0","0","3","36101","0","","1","01","N","N","0","","0","0","1","0","0","","1548","0","2","0","0","0","0","0","3","0","2","N","","","","","","","","","","","","03","  ","","N","N"
"1233","1","0","0","0","0","0","0","0","0","1","0","","36","10","2020","2020085591","1","40.1789","-76.1775","1231","08","0","0","0","0","0","1","1","0","","0","0","0","12","1","0","01","0","40 10:43.860","","00","76 10:38.979","0","0","0","1","36408","0","0","0","N","0","0","0","2","36408","0","","1","01","N","N","0","","0","0","0","3","2","","1231","0","2","0","0","0","0","0","2","0","2","N","","","","","","","","","","","","03","03","","N","N"
"1059","3","0","0","0","0","0","0","0","0","5","0","","36","10","2020","2020085834","4","40.0301","-76.3101","1050","08","0","1","0","0","0","0","0","0","","0","0","0","10","1","1","00","2","40 01:48.500","2","00","76 18:36.300","3","0","0","0","36301","0","0","0","N","0","0","0","1","36301","0","","6","01","N","N","0","","1","0","2","0","0","Y","1050","1","5","0","0","1","0","0","3","0","5","N","","","","","","","","","","","1200","03","  ","","N","N"
"1208","0","0","0","0","0","0","0","0","0","4","0","","36","09","2020","2020085672","3","40.0392","-76.0644","1158","08","0","0","1","0","0","0","0","0","","0","0","0","11","1","0","01","2","40 02:21.008","6","00","76 03:51.801","0","0","0","0","36221","0","0","0","N","0","0","0","2","68J01","0","","1","01","N","N","0","","0","0","1","3","3","Y","1155","0","2","0","0","0","0","0","1","1","2","N","","","","","","","","","","","1245","03","03","","N","N"
"1438","0","0","0","0","0","0","0","0","0","8","0","","36","09","2020","2020085673","4","40.0109","-76.1342","1428","08","0","0","0","0","0","0","0","0","","0","0","0","14","1","1","03","2","40 00:39.232","5","00","76 08:03.293","3","0","0","0","36226","1","0","0","N","1","0","0","2","68J01","0","","1","01","N","N","1","","1","0","0","3","3","Y","1425","1","2","0","0","0","0","0","1","0","1","N","","","","","","","","","","","1524","03","03","","N","N"
"1531","0","0","0","0","0","0","0","0","0","4","0","","36","09","2020","2020085674","5","39.9479","-76.2301","1511","08","0","0","0","0","0","0","0","0","","0","0","0","15","1","2","05","1","39 56:52.261","2","00","76 13:48.292","3","0","0","0","36233","0","0","0","N","0","0","0","2","68J01","0","","1","01","N","N","1","","2","0","0","3","3","Y","1511","2","2","0","0","0","0","0","1","1","2","N","","","","","","","","","","","1625","03","  ","","N","N"
"1315","1","0","0","0","0","0","0","0","0","7","0","","36","09","2020","2020085630","6","40.1072","-76.2494","1310","08","0","0","0","0","0","0","0","1","","1","0","0","13","1","0","00","2","40 06:25.857","1","00","76 14:57.926","1","0","0","0","36101","0","0","0","N","0","0","0","1","36101","0","2","5","01","N","N","0","0","0","0","0","0","0","Y","1306","0","1","1","0","1","0","0","3","0","1","N","","","","","","","","","","","1740","03","  ","","N","N"
"2115","1","0","0","0","0","0","0","0","0","6","1","","36","09","2020","2020085634","7","39.981","-76.4626","2054","08","0","0","0","0","0","0","0","0","","0","1","0","20","2","1","00","2","39 58:51.598","5","03","76 27:45.421","3","0","0","0","36223","0","0","0","N","0","0","0","3","36223","0","","1","01","N","N","1","","1","0","0","0","0","Y","2050","1","3","0","0","0","0","0","1","0","3","N","","","","","","","","","","","2359","03","03","","N","N"
"2000","1","0","0","0","0","0","0","0","0","5","0","","36","10","2020","2020085636","5","40.1506","-76.307","1956","08","0","0","0","0","0","0","0","0","","0","0","0","19","3","0","00","0","40 09:02.178","","00","76 18:25.086","0","0","0","0","36409","0","0","0","N","0","0","0","2","36409","0","","6","01","N","N","0","","0","0","1","0","0","","1953","0","2","0","0","0","0","0","3","0","2","N","","","","","","","","","","","","03","  ","","N","N"
"1228","1","0","0","0","0","0","0","0","0","6","0","","36","10","2020","2020085970","1","40.0558","-76.4064","1222","08","0","0","0","0","0","1","0","1","","0","0","0","12","1","1","02","2","40 03:20.962","1","00","76 24:22.888","3","0","0","0","36239","0","0","0","N","0","0","0","2","36239","0","","1","01","N","N","0","","1","0","1","0","0","N","1222","1","2","0","0","0","0","0","3","0","2","N","","","","","","","","","","","1312","03","03","","N",""
"0455","1","0","0","0","0","0","0","0","0","7","0","","36","08","2020","2020085662","6","39.9243","-76.2052","0441","08","0","0","0","0","0","0","0","0","","0","0","0","04","2","0","00","0","39 55:27.530","","00","76 12:18.540","0","0","0","0","36229","0","0","0","N","0","0","0","1","68J01","0","","4","01","N","N","0","","0","0","0","0","0","","0432","0","1","0","0","0","0","0","1","0","1","N","","","","","","","","","","","","03","  ","","N","N"
"1239","0","0","0","0","0","0","0","0","0","7","1","","36","09","2020","2020085664","5","39.9444","-76.0042","1210","08","0","0","0","0","0","0","0","0","","0","0","0","11","1","0","00","0","39 56:39.940","","00","76 00:15.000","0","0","0","0","36231","0","0","0","N","0","0","0","1","68J01","0","","4","01","N","N","1","","0","0","0","0","0","","1159","0","1","0","0","1","0","0","1","0","1","N","","","","","","","","","","","","03","  ","","N","N"
"0107","0","0","0","0","0","0","0","0","0","7","1","","36","09","2020","2020085668","7","39.8659","-76.2845","0054","08","0","0","1","0","0","0","0","0","","0","1","0","00","3","0","00","0","39 51:57.080","","00","76 17:04.240","0","0","0","0","36224","0","0","0","N","0","0","0","1","68J01","0","","4","01","N","N","0","","0","0","0","0","0","","0052","0","1","0","0","0","0","0","1","0","1","N","","","","","","","","","","","","03","03","","N","N"
"1708","0","0","0","0","0","0","0","0","0","4","0","","36","09","2020","2020085667","6","40.1942","-76.0174","1651","08","0","0","0","0","0","1","0","0","","0","0","0","16","1","1","00","0","40 11:39.177","","07","76 01:02.465","4","0","0","1","36202","0","0","0","N","0","0","0","2","68J01","1","","1","01","N","N","0","","0","0","1","0","0","","1649","1","2","0","0","0","0","0","1","0","2","N","","","","","","","","","","","","03","  ","","N","N"
"0710","1","0","0","0","0","0","0","0","0","5","0","","36","10","2020","2020085823","5","40.0286","-76.2884","0702","08","0","0","0","0","0","0","0","0","","0","0","0","07","1","0","00","1","40 01:43.000","3","00","76 17:18.100","0","0","0","0","36301","0","0","0","N","0","0","0","1","36301","0","","6","01","N","N","0","","0","0","1","0","0","Y","0702","0","3","0","0","1","0","0","3","1","3","N","","","","","","","","","","","0730","03","03","","N","N"
"2304","0","0","0","0","0","0","0","0","0","4","0","","36","09","2020","2020085671","1","40.0386","-76.1734","2301","08","0","0","0","0","0","0","0","0","","0","0","1","22","3","0","02","0","40 02:18.836","","00","76 10:24.111","0","0","0","0","36221","1","0","0","N","0","0","0","2","68J01","0","","1","01","N","N","0","","0","0","1","3","2","","2255","0","2","0","0","0","0","0","1","0","1","N","","","","","","","","","","","","03","03","","N","N"
"1308","0","0","0","0","0","0","0","0","0","4","0","","36","09","2020","2020085676","7","39.8893","-76.2373","1258","08","0","0","0","0","0","0","0","0","","0","0","0","12","1","0","00","0","39 53:21.307","","00","76 14:14.177","0","0","0","0","36229","0","0","0","N","0","0","0","2","68J01","0","","1","09","N","N","1","","0","0","0","0","0","","1255","0","2","0","0","0","0","0","1","1","2","N","","","","","","","","","","","","04","07","","N","N"
"1252","0","0","0","0","0","0","0","0","0","4","0","","36","10","2020","2020085632","1","40.0669","-76.3044","1252","08","0","0","0","0","0","1","0","0","","0","0","0","12","1","3","01","0","40 04:00.689","","00","76 18:15.730","4","0","0","0","36101","0","0","0","N","0","0","0","3","36101","3","","1","01","N","N","0","","0","0","2","3","2","","1252","3","2","0","0","1","0","0","3","0","2","N","","","","","","","","","","","","03","  ","","N",""
"1222","1","0","0","0","0","0","0","0","0","4","1","","36","10","2020","2020085691","2","40.0008","-76.0798","1210","08","0","0","0","0","0","1","0","0","","0","1","0","12","1","0","00","2","40 00:02.766","6","00","76 04:47.343","0","0","0","0","36226","0","0","0","N","0","0","0","2","68J01","0","","1","01","N","N","0","","0","0","0","3","3","Y","1207","0","2","0","0","0","0","0","1","0","2","N","","","","","","","","","","","2200","03","03","","N","Y"
"0530","1","0","0","0","0","0","0","0","0","98","0","","36","10","2020","2020085699","5","39.8833","-76.2793","0517","08","0","0","0","0","0","0","0","0","","0","0","0","05","2","0","00","0","39 52:59.776","","00","76 16:45.308","0","0","0","0","36224","0","0","0","N","0","0","0","2","68J01","0","","1","01","N","N","0","","0","0","0","0","0","","0513","0","1","0","0","0","0","0","1","0","1","N","","","","","","","","","","","","03","03","","N","N"
"0146","0","0","0","0","0","0","0","0","0","7","0","","36","10","2020","2020085712","2","40.0339","-76.0096","0134","08","0","0","0","1","0","0","0","0","","0","0","0","01","2","0","00","0","40 02:02.172","","00","76 00:34.597","0","0","0","0","36232","0","0","0","N","0","0","0","1","68J01","0","","4","09","N","N","0","","0","0","1","0","0","","0124","0","1","0","0","0","0","0","1","0","1","N","","","","","","","","","","","","07","07","","N","N"