"ARRIVAL_TM","AUTOMOBILE_COUNT","BELTED_DEATH_COUNT","BELTED_SUSP_SERIOUS_INJ_COUNT","BICYCLE_COUNT","BICYCLE_DEATH_COUNT","BICYCLE_SUSP_SERIOUS_INJ_COUNT","BUS_COUNT","CHLDPAS_DEATH_COUNT","CHLDPAS_SUSP_SERIOUS_INJ_COUNT","COLLISION_TYPE","COMM_VEH_COUNT","CONS_ZONE_SPD_LIM","COUNTY","CRASH_MONTH","CRASH_YEAR","CRN","DAY_OF_WEEK","DEC_LAT","DEC_LONG","DISPATCH_TM","DISTRICT","DRIVER_COUNT_16YR","DRIVER_COUNT_17YR","DRIVER_COUNT_18YR","DRIVER_COUNT_19YR","DRIVER_COUNT_20YR","DRIVER_COUNT_50_64YR","DRIVER_COUNT_65_74YR","DRIVER_COUNT_75PLUS","EST_HRS_CLOSED","FATAL_COUNT","HEAVY_TRUCK_COUNT","HORSE_BUGGY_COUNT","HOUR_OF_DAY","ILLUMINATION","INJURY_COUNT","INTERSECT_TYPE","LANE_CLOSED","LATITUDE","LN_CLOSE_DIR","LOCATION_TYPE","LONGITUDE","MAX_SEVERITY_LEVEL","MCYCLE_DEATH_COUNT","MCYCLE_SUSP_SERIOUS_INJ_COUNT","MOTORCYCLE_COUNT","MUNICIPALITY","NONMOTR_COUNT","NONMOTR_DEATH_COUNT","NONMOTR_SUSP_SERIOUS_INJ_COUNT","NTFY_HIWY_MAINT","PED_COUNT","PED_DEATH_COUNT","PED_SUSP_SERIOUS_INJ_COUNT","PERSON_COUNT","POLICE_AGCY","POSSIBLE_INJ_COUNT","RDWY_SURF_TYPE_CD","RELATION_TO_ROAD","ROAD_CONDITION","SCH_BUS_IND","SCH_ZONE_IND","SMALL_TRUCK_COUNT","SPEC_JURIS_CD","SUSP_MINOR_INJ_COUNT","SUSP_SERIOUS_INJ_COUNT","SUV_COUNT","TCD_FUNC_CD","TCD_TYPE","TFC_DETOUR_IND","TIME_OF_DAY","TOT_INJ_COUNT","TOTAL_UNITS","UNB_DEATH_COUNT","UNB_SUSP_SERIOUS_INJ_COUNT","UNBELTED_OCC_COUNT","UNK_INJ_DEG_COUNT","UNK_INJ_PER_COUNT","URBAN_RURAL","VAN_COUNT","VEHICLE_COUNT","WORK_ZONE_IND","WORK_ZONE_LOC","WORK_ZONE_TYPE","WORKERS_PRES","WZ_CLOSE_DETOUR","WZ_FLAGGER","WZ_LAW_OFFCR_IND","WZ_LN_CLOSURE","WZ_MOVING","WZ_OTHER","WZ_SHLDER_MDN","ROADWAY_CLEARED","WEATHER1","WEATHER2","WZ_WORKERS_INJ_KILLED","SECONDARY_CRASH","INTERSECTION_RELATED"
"2222","1","0","0","0","0","0","0","0","0","4","0","","36","10","2020","2020085716","2","39.9899","-76.0015","2212","08","0","0","0","0","0","0","0","0","","0","0","0","22","2","2","00","2","39 59:23.788","6","07","76 00:05.316","3","0","0","0","36232","0","0","0","N","0","0","0","3","68J01","0","","1","09","N","N","1","","1","0","0","0","0","U","2210","2","2","0","0","0","1","0","1","0","2","N","","","","","","","","","","","2321","03","  ","","N","N"
"1750","0","0","0","1","0","0","0","0","0","4","0","","36","10","2020","2020085782","3","40.0711","-76.2722","1743","08","0","0","0","0","0","0","0","1","","0","0","0","17","1","1","02","0","40 04:15.913","","00","76 16:20.013","3","0","0","0","36101","1","0","0","N","0","0","0","2","36101","0","","1","01","N","N","0","","1","0","1","0","0","","1741","1","2","0","0","0","0","0","3","0","1","N","","","","","","","","","","","","03","03","","N",""
"0516","0","0","0","0","0","0","0","0","0","98","0","","36","10","2020","2020085783","5","39.9518","-76.2391","0514","08","0","0","0","0","0","1","0","0","","0","0","0","05","2","0","00","0","39 57:06.352","","00","76 14:20.585","0","0","0","0","36240","0","0","0","N","0","0","0","1","36240","0","","1","01","N","N","0","","0","0","1","0","0","","0514","0","1","0","0","0","0","0","1","0","1","N","","","","","","","","","","","","03","  ","","N","N"
"0022","1","0","0","0","0","0","0","0","0","7","0","","36","10","2020","2020085784","2","40.1063","-76.3218","0012","08","1","0","0","0","0","0","0","0","","0","0","0","00","2","0","01","0","40 06:22.525","","00","76 19:18.628","0","0","0","0","36101","0","0","0","N","0","0","0","4","36101","0","","5","09","N","N","0","","0","0","0","3","2","","0007","0","1","0","0","0","0","0","3","0","1","N","","","","","","","","","","","","07","07","","N",""
"1731","4","0","0","0","0","0","0","0","0","1","0","","36","10","2020","2020085785","4","40.0622","-76.3436","1726","08","0","0","1","0","0","1","1","0","","0","0","0","17","1","0","00","1","40 03:43.941","4","00","76 20:36.831","0","0","0","0","36101","0","0","0","N","0","0","0","4","36101","0","","1","01","N","N","0","","0","0","0","0","0","N","1723","0","4","0","0","0","0","0","3","0","4","N","","","","","","","","","","","1826","03","  ","","N","N"
"1920","0","0","0","0","0","0","0","0","0","1","0","","36","10","2020","2020085786","4","40.0651","-76.344","1916","08","0","1","0","0","0","0","0","0","","0","0","0","18","3","0","02","1","40 03:54.808","4","00","76 20:38.156","0","0","0","0","36101","0","0","0","N","0","0","0","2","36101","0","","1","01","N","N","0","","0","0","1","3","2","N","1856","0","2","0","0","0","0","0","3","1","2","N","","","","","","","","","","","1945","03","  ","","N",""
"1631","1","0","0","0","0","0","0","0","0","4","0","","36","10","2020","2020085831","6","40.0408","-76.2935","1631","08","0","0","0","0","0","0","0","0","","0","0","0","16","1","1","01","2","40 02:26.966","3","00","76 17:36.600","4","0","0","0","36301","0","0","0","N","0","0","0","2","36301","1","","1","01","N","N","0","","0","0","1","3","3","Y","1631","1","2","0","0","1","0","0","3","0","2","N","","","","","","","","","","","1730","03","  ","","N",""
"1603","1","0","0","0","0","0","0","0","0","4","0","","36","10","2020","2020085851","4","40.0348","-76.3051","1603","08","0","0","0","0","0","0","1","0","","0","0","0","16","1","0","01","2","40 02:05.248","3","00","76 18:18.292","0","0","0","0","36301","0","0","0","N","0","0","0","2","36301","0","","1","01","N","N","0","","0","0","1","0","0","Y","1600","0","2","0","0","0","0","0","3","0","2","N","","","","","","","","","","","1700","03","  ","","N","N"
"1953","0","0","0","0","0","0","0","0","0","98","0","","36","10","2020","2020085935","4","40.0199","-76.2782","1943","08","0","0","0","0","0","0","0","0","","0","0","0","19","2","0","00","0","40 01:11.594","","00","76 16:41.363","0","0","0","0","36240","0","0","0","N","0","0","0","2","36240","0","","1","01","N","N","0","","0","0","1","0","0","","1934","0","1","0","0","0","0","0","1","0","1","N","","","","","","","","","","","","03","03","","N","N"
"0743","1","0","0","0","0","0","0","0","0","7","0","","36","10","2020","2020085968","5","40.0921","-76.156","0735","08","0","0","0","0","0","1","0","0","","0","0","0","07","1","0","00","2","40 05:31.426","6","00","76 09:21.748","0","0","0","0","36234","0","0","0","N","0","0","0","1","36215","0","","5","01","N","N","0","","0","0","0","0","0","Y","0735","0","1","0","0","0","0","0","1","0","1","N","","","","","","","","","","","0824","03","03","","N","N"
"1349","0","0","0","0","0","0","0","0","0","4","0","","36","10","2020","2020085969","7","40.0187","-76.1739","1343","08","0","0","0","0","0","0","1","1","","0","0","0","13","1","3","01","1","40 01:07.427","7","00","76 10:26.160","3","0","0","0","36215","0","0","0","N","0","0","0","4","36215","0","","1","01","N","N","0","","2","0","2","3","3","N","1341","3","2","0","0","0","1","0","1","0","2","N","","","","","","","","","","","1440","03","  ","","N",""
"1328","2","0","0","0","0","0","0","0","0","5","0","","36","09","2020","2020085967","1","40.039","-76.2663","1324","08","0","0","0","0","0","0","0","0","","0","0","0","13","1","1","00","0","40 02:20.322","","00","76 15:58.744","3","0","0","0","36215","1","0","0","N","1","0","0","2","36215","0","","2","01","N","N","0","","1","0","0","0","0","","1324","1","3","0","0","0","0","0","1","0","2","N","","","","","","","","","","","","03","03","","N","N"
"0458","1","0","0","0","0","0","0","0","0","1","0","","36","09","2020","2020086368","4","40.1224","-76.4645","0449","08","0","0","0","0","0","1","0","0","","0","0","0","04","2","1","00","0","40 07:20.505","","00","76 27:52.293","3","0","0","0","36230","0","0","0","N","0","0","0","2","36410","0","","1","01","N","N","1","","1","0","0","0","0","","0445","1","2","0","0","0","0","0","1","0","2","N","","","","","","","","","","","","03","03","","N","N"
"1901","2","0","0","0","0","0","0","0","0","4","0","","36","10","2020","2020086124","5","40.0397","-76.3643","1851","08","0","0","0","0","0","1","0","0","","0","0","0","18","3","3","01","1","40 02:22.764","4","00","76 21:51.574","4","0","0","0","36214","0","0","0","N","0","0","0","3","36214","2","","1","01","N","N","0","","0","0","0","3","2","N","1845","3","2","0","0","0","1","0","3","0","2","N","","","","","","","","","","","1930","03","  ","","N",""
"2337","1","0","0","0","0","0","0","0","0","4","0","","36","10","2020","2020086125","5","40.0598","-76.3624","2320","08","0","0","0","0","0","0","0","0","","0","0","0","23","3","0","00","0","40 03:35.225","","00","76 21:44.600","0","0","0","0","36214","0","0","0","N","0","0","0","1","36214","0","","1","01","N","N","0","","0","0","0","0","0","","2310","0","2","0","0","0","0","0","3","0","2","N","","","","","","","","","","","","03","03","","N","N"
"1214","1","0","0","0","0","0","0","0","0","5","3","","36","10","2020","2020086150","7","40.0385","-76.5092","1210","08","0","0","0","0","0","1","0","0","","0","3","0","12","1","3","06","2","40 02:18.571","6","02","76 30:33.246","8","0","0","0","36404","0","0","0","Y","0","0","0","5","36404","0","","1","09","N","N","0","","0","0","1","3","4","Y","1210","3","5","0","0","0","3","0","3","0","5","N","","","","","","","","","","","1520","07","  ","","Y",""
"0911","0","0","0","0","0","0","0","0","0","4","0","","36","10","2020","2020086451","7","40.0387","-76.1038","0909","08","0","0","0","0","0","1","0","0","","0","0","0","09","1","0","01","1","40 02:19.493","1","00","76 06:13.784","0","0","0","0","36221","0","0","0","N","0","0","0","2","68J01","0","","1","01","N","N","0","","0","0","2","3","3","N","0904","0","2","0","0","0","0","0","1","0","2","N","","","","","","","","","","","1000","03","  ","","N",""
"0643","0","0","0","0","0","0","0","0","0","98","0","","36","10","2020","2020086224","4","40.0012","-76.292","0634","08","0","0","0","0","0","0","0","0","","0","0","","06","3","0","02","0","40 00:04.393","","00","76 17:31.313","9","0","0","0","36240","0","0","0","N","0","0","0","3","36240","0","","1","01","N","N","0","","0","0","0","0","0","","0630","0","2","0","0","0","0","0","1","0","0","N","","","","","","","","","","","","03","  ","","N","N"
"2310","1","0","0","0","0","0","0","0","0","7","0","","36","10","2020","2020086371","2","40.214","-76.4306","2306","08","0","0","0","0","0","0","0","0","","0","0","0","23","2","1","00","1","40 12:50.321","1","00","76 25:49.999","3","0","0","0","36230","0","0","0","N","0","0","0","2","36410","0","","4","09","N","N","0","","1","0","0","0","0","N","2302","1","1","0","0","0","0","0","1","0","1","N","","","","","","","","","","","2339","07","  ","","N","N"
"2136","1","0","0","0","0","0","0","0","0","98","0","","36","10","2020","2020086372","4","40.1165","-76.4528","2134","08","0","0","0","0","0","1","0","0","","0","0","0","21","2","1","00","0","40 06:59.318","","00","76 27:09.964","3","0","0","0","36230","0","0","0","N","0","0","0","1","36410","0","","1","01","N","N","0","","1","0","0","0","0","","2130","1","1","0","0","0","0","0","1","0","1","N","","","","","","","","","","","","03","03","","N","N"
"1716","2","0","0","0","0","0","0","0","0","1","0","","36","10","2020","2020086123","5","40.0593","-76.3599","1700","08","0","0","0","0","0","1","0","0","","0","0","0","16","1","1","01","2","40 03:33.488","2","00","76 21:35.562","4","0","0","0","36214","0","0","0","N","0","0","0","5","36214","1","","1","01","N","N","0","","0","0","0","3","2","N","1655","1","2","0","0","0","0","0","3","0","2","N","","","","","","","","","","","1720","03","  ","","N",""
"2110","2","0","0","0","0","0","0","0","0","1","0","","36","10","2020","2020086101","5","40.1772","-76.1401","2109","08","0","0","0","0","0","0","0","0","","0","0","0","21","2","5","00","2","40 10:37.748","2","00","76 08:24.246","3","0","0","0","36218","0","0","0","N","0","0","0","5","36408","4","","1","01","N","N","0","","1","0","0","0","0","N","2109","5","2","0","0","0","0","0","1","0","2","N","","","","","","","","","","","2210","03","  ","","N","N"
"1540","1","0","0","0","0","0","0","0","0","4","0","","36","10","2020","2020086373","5","40.1225","-76.4808","1530","08","0","0","0","0","0","0","1","0","","0","0","0","15","1","3","00","1","40 07:21.104","4","07","76 28:51.003","3","0","0","0","36230","0","0","0","N","0","0","0","3","36410","0","","1","01","N","N","0","","3","0","1","0","0","N","1528","3","2","0","0","0","0","0","1","0","2","N","","","","","","","","","","","1600","03","03","","N","N"
"1357","0","0","0","0","0","0","0","0","0","1","0","","36","10","2020","2020086358","3","40.0731","-76.3083","1350","08","0","0","0","0","0","0","0","0","","0","0","","13","1","1","01","1","40 04:23.119","2","00","76 18:29.940","9","0","0","0","36101","0","0","0","N","0","0","0","2","36101","0","","1","01","N","N","0","","0","0","0","3","3","N","1345","0","2","0","0","0","0","0","3","0","0","N","","","","","","","","","","","1440","04","04","","N",""
"1632","0","0","0","0","0","0","0","0","0","4","0","","36","10","2020","2020086359","3","40.1093","-76.2501","1619","08","0","0","0","0","0","1","0","0","","0","0","0","16","1","0","01","0","40 06:33.403","","00","76 15:00.444","0","0","0","0","36101","0","0","0","N","0","0","0","2","36101","0","","1","01","N","N","0","","0","0","2","3","3","","1617","0","2","0","0","0","0","0","3","0","2","N","","","","","","","","","","","","03","03","","N",""
"0243","0","0","0","0","0","0","0","0","0","0","0","","36","10","2020","2020086360","5","40.0672","-76.2923","0240","08","0","0","0","0","0","0","0","0","","0","0","0","02","3","1","00","1","40 04:01.837","3","00","76 17:32.366","3","0","0","0","36101","0","0","0","N","0","0","0","1","36101","0","","5","01","N","N","0","","1","0","1","0","0","N","0237","1","1","0","0","1","0","0","3","0","1","N","","","","","","","","","","","0300","03","03","","N","N"
"0426","1","0","0","0","0","0","0","0","0","98","0","","36","10","2020","2020086361","6","40.0703","-76.317","0420","08","0","0","0","0","0","1","0","0","","0","0","0","04","3","0","00","0","40 04:12.959","","00","76 19:01.136","0","0","0","0","36101","0","0","0","N","0","0","0","1","36101","0","","1","01","N","N","0","","0","0","0","0","0","","0416","0","1","0","0","0","0","0","3","0","1","N","","","","","","","","","","","","03","  ","","N","N"
"0820","1","0","0","0","0","0","0","0","0","4","0","","36","10","2020","2020086362","6","40.0577","-76.3997","0811","08","0","0","0","0","0","1","0","0","","0","0","0","08","1","1","00","0","40 03:27.771","","00","76 23:58.746","3","0","0","0","36214","0","0","0","N","0","0","0","2","36214","0","","1","01","N","N","0","","1","0","1","0","0","","0811","1","2","0","0","0","0","0","3","0","2","N","","","","","","","","","","","","07","04","","N","N"
"1211","0","0","0","0","0","0","0","0","0","4","1","","36","10","2020","2020086363","5","40.0728","-76.1055","1200","08","0","0","0","0","0","0","0","1","","0","1","0","11","1","1","01","2","40 04:22.067","6","00","76 06:19.912","3","0","0","0","36234","0","0","0","N","0","0","0","2","36215","0","","1","01","N","N","0","","1","0","1","3","3","Y","1159","1","2","0","0","0","0","0","1","0","2","N","","","","","","","","","","","1341","03","  ","","N",""
"0214","1","0","0","0","0","0","0","0","0","7","0","","36","10","2020","2020086364","6","40.0762","-76.2333","0211","08","0","0","0","0","0","0","0","0","","0","0","0","02","2","1","00","1","40 04:34.480","4","00","76 14:00.010","4","0","0","0","36215","0","0","0","N","0","0","0","1","36215","1","","5","09","N","N","0","","0","0","0","0","0","Y","0210","1","1","0","0","0","0","0","1","0","1","N","","","","","","","","","","","0345","07","  ","","N","N"
"2011","0","0","0","0","0","0","0","0","0","5","0","","36","09","2020","2020086366","2","40.1197","-76.4593","2002","08","0","0","0","0","0","0","0","0","","0","0","","20","2","0","00","1","40 07:11.040","4","00","76 27:33.479","9","0","0","0","36230","0","0","0","N","0","0","0","2","36410","0","","1","01","N","N","0","","0","0","0","9","9","N","2002","0","2","0","0","0","0","0","1","0","0","N","","","","","","","","","","","2035","03","  ","","N","N"
"1625","1","0","0","0","0","0","0","0","0","4","0","","36","09","2020","2020086367","3","40.1289","-76.412","1612","08","0","0","0","0","0","0","1","0","","0","0","0","16","1","0","02","1","40 07:43.867","1","00","76 24:43.106","0","0","0","0","36230","0","0","0","N","0","0","0","3","36410","0","","1","01","N","N","1","","0","0","0","3","3","N","1612","0","2","0","0","0","0","0","1","0","2","N","","","","","","","","","","","1700","03","  ","","N",""
"1811","2","0","0","0","0","0","0","0","0","1","0","","36","10","2020","2020086365","2","40.0262","-76.2507","1804","08","0","0","0","0","0","0","0","0","","0","0","0","18","1","2","01","2","40 01:34.388","3","00","76 15:02.386","3","0","0","0","36215","0","0","0","N","0","0","0","5","36215","0","","1","01","N","N","0","","2","0","1","0","0","N","1802","2","3","0","0","0","0","0","1","0","3","N","","","","","","","","","","","1849","03","  ","","N",""
"2013","2","0","0","0","0","0","0","0","0","4","0","","36","10","2020","2020086369","6","40.2269","-76.4319","2005","08","0","0","0","0","0","0","1","0","","0","0","0","20","2","0","00","1","40 13:37.010","2","00","76 25:54.874","0","0","0","0","36230","0","0","0","N","0","0","0","2","36410","0","","1","01","N","N","0","","0","0","0","0","0","N","2004","0","2","0","0","0","0","0","1","0","2","N","","","","","","","","","","","2030","03","03","","N","N"
"1503","1","0","0","0","0","0","0","0","0","4","0","","36","10","2020","2020086370","2","40.1677","-76.3993","1500","08","0","0","0","0","0","0","0","0","","0","0","0","14","1","0","00","0","40 10:03.627","","00","76 23:57.309","0","0","0","0","36410","0","0","0","N","0","0","0","1","36410","0","","5","01","N","N","0","","0","0","1","0","0","","1455","0","2","0","0","0","0","0","2","0","2","N","","","","","","","","","","","","04","  ","","N","N"
"2236","1","0","0","0","0","0","0","0","0","0","0","","36","10","2020","2020086441","3","39.9948","-76.0276","2230","08","0","0","1","0","0","0","0","0","","0","0","0","22","3","1","00","0","39 59:41.293","","00","76 01:39.409","3","0","0","0","36232","0","0","0","Y","0","0","0","2","68J01","0","","4","01","N","N","0","","1","0","0","0","0","","2230","1","1","0","0","0","0","0","1","0","1","N","","","","","","","","","","","","03","03","","N","N"
"1730","2","0","0","0","0","0","0","0","0","1","0","","36","09","2020","2020086426","5","39.926","-76.1959","1723","08","0","0","0","0","1","0","0","1","","0","0","0","17","1","0","00","1","39 55:33.640","2","00","76 11:45.129","0","0","0","0","36233","0","0","0","N","0","0","0","2","68J01","0","","1","01","N","N","0","","0","0","0","0","0","N","1710","0","2","0","0","0","0","0","1","0","2","N","","","","","","","","","","","1800","03","  ","","N","N"
"1421","1","0","0","0","0","0","0","0","0","7","0","","36","10","2020","2020086477","4","39.9786","-76.2257","1412","08","0","0","0","0","0","0","0","1","","0","0","0","13","1","0","00","2","39 58:43.070","6","03","76 13:32.580","0","0","0","0","36240","0","0","0","N","0","0","0","1","68J01","0","","2","01","N","N","0","","0","0","0","0","0","Y","1356","0","1","0","0","0","0","0","1","0","1","N","","","","","","","","","","","1600","03","  ","","N","N"
"1900","1","0","0","0","0","0","0","0","0","8","0","","36","10","2020","2020086499","6","40.1501","-76.6007","1858","08","0","0","0","0","0","1","0","0","","0","0","0","18","3","1","02","2","40 09:00.331","5","00","76 36:02.487","8","0","0","0","36407","1","0","0","N","1","0","0","3","36407","0","","1","01","N","N","0","","0","0","0","0","0","Y","1857","1","2","0","0","0","1","0","2","0","1","N","","","","","","","","","","","2013","03","  ","","N",""
"0150","1","0","0","0","0","0","0","0","0","7","0","","36","10","2020","2020086519","2","40.153","-76.1607","0140","08","0","0","0","0","0","0","0","0","","0","0","0","01","2","0","00","1","40 09:10.813","1","00","76 09:38.613","0","0","0","0","36238","0","0","0","Y","0","0","0","1","36238","0","","3","09","N","N","0","","0","0","0","0","0","N","0140","0","1","0","0","0","0","0","3","0","1","N","","","","","","","","","","","0232","07","  ","","N","N"
"2039","0","0","0","0","0","0","0","0","0","1","0","","36","10","2020","2020086520","2","40.116","-76.2132","2034","08","0","0","0","0","0","0","0","0","","0","0","0","20","3","2","00","0","40 06:57.583","","00","76 12:47.441","4","0","0","0","36238","1","0","0","N","0","0","0","2","36238","2","","6","01","N","N","0","","0","0","0","0","0","","2034","2","2","0","0","0","0","0","3","2","2","N","","","","","","","","","","","","03","  ","","N","N"
"1650","0","0","0","0","0","0","0","0","0","1","0","","36","10","2020","2020086565","4","40.1381","-76.0998","1645","08","0","0","0","0","0","0","0","0","","0","0","","16","1","0","00","0","40 08:17.298","","00","76 05:59.262","9","0","0","0","36209","0","0","0","N","0","0","0","2","36415","0","","1","01","N","N","0","","0","0","0","0","0","","1640","0","2","0","0","0","0","0","1","0","0","N","","","","","","","","","","","","03","  ","","N","N"
"1210","0","0","0","0","0","0","0","0","0","4","0","","36","10","2020","2020086566","5","40.1009","-76.0823","1205","08","0","0","0","0","0","0","0","0","","0","0","","12","1","0","01","0","40 06:03.334","","00","76 04:56.150","9","0","0","0","36415","0","0","0","N","0","0","0","3","36415","0","","1","01","N","N","0","","0","0","0","0","0","","1205","0","2","0","0","0","0","0","1","0","0","N","","","","","","","","","","","","03","03","","N",""
"1404","0","0","0","0","0","0","0","0","0","7","0","","36","10","2020","2020086572","6","40.1479","-76.2498","1359","08","0","0","0","0","0","0","0","0","","0","0","","13","1","0","00","1","40 08:52.500","2","00","76 14:59.320","9","0","0","0","36235","0","0","0","N","0","0","0","1","36506","0","","4","01","N","N","0","","0","0","0","0","0","N","1357","0","1","0","0","0","0","0","1","0","0","N","","","","","","","","","","","1430","04","  ","","N","N"
"1550","0","0","0","0","0","0","0","0","0","4","0","","36","10","2020","2020086585","5","39.9904","-76.2936","1545","08","0","0","0","0","0","0","0","0","","0","0","","15","1","0","01","1","39 59:25.618","5","00","76 17:36.829","9","0","0","0","36228","0","0","0","N","0","0","0","2","36228","0","","1","01","N","N","0","","0","0","0","3","3","N","1545","0","2","0","0","0","0","0","1","0","0","N","","","","","","","","","","","1615","03","  ","","N","N"
"1737","1","0","0","0","0","0","0","0","0","1","0","","36","09","2020","2020086737","3","40.2104","-76.2989","1700","08","0","1","0","0","0","0","0","0","","0","0","0","16","1","2","00","0","40 12:37.281","","07","76 17:55.872","3","0","0","0","36217","0","0","0","N","0","0","0","4","68J01","1","","1","01","N","N","0","","1","0","1","0","0","","1650","2","2","0","0","0","0","0","1","0","2","N","","","","","","","","","","","","03","03","","N","N"
"2228","0","0","0","0","0","0","0","0","0","5","0","","36","09","2020","2020086562","3","40.0368","-76.3527","2215","08","0","0","0","0","0","0","0","0","","0","0","0","22","3","0","00","0","40 02:12.400","","00","76 21:09.600","9","0","0","0","36223","0","0","0","N","0","0","0","2","36223","0","","6","09","N","N","0","","0","0","1","0","0","","2213","0","3","0","0","0","0","2","1","1","3","N","","","","","","","","","","","","07","07","","N","N"
"1200","0","0","0","0","0","0","0","0","0","5","0","","36","10","2020","2020086568","3","40.1554","-76.386","1200","08","0","0","0","0","0","0","0","1","","0","0","0","12","1","0","00","0","40 09:19.373","","00","76 23:09.730","0","0","0","0","36227","0","0","0","N","0","0","0","1","36506","0","","6","01","N","N","0","","0","0","1","0","0","","1200","0","2","0","0","0","0","0","1","1","2","N","","","","","","","","","","","","03","03","","N","N"
"1517","1","0","0","0","0","0","0","0","0","7","0","","36","10","2020","2020086563","4","39.9929","-76.377","1511","08","0","0","0","0","0","0","0","0","","0","0","0","15","1","1","00","2","39 59:34.363","6","00","76 22:37.288","3","0","0","0","36223","1","0","0","N","0","0","0","2","36223","0","","4","01","N","N","1","","1","0","0","0","0","Y","1508","1","2","0","0","0","0","0","1","0","2","N","","","","","","","","","","","1613","03","  ","","N","N"
"1531","0","0","0","0","0","0","0","0","0","4","0","","36","10","2020","2020086569","7","40.1297","-76.3048","1531","08","0","0","0","0","0","2","0","0","","0","0","0","15","1","0","02","0","40 07:47.006","","00","76 18:17.258","0","0","0","0","36235","0","0","0","N","0","0","0","2","36506","0","","1","01","N","N","0","","0","0","2","3","3","","1500","0","2","0","0","0","0","0","1","0","2","N","","","","","","","","","","","","03","  ","","N",""
"1004","0","0","0","0","0","0","0","0","0","98","0","","36","10","2020","2020086709","7","40.0613","-76.3542","0957","08","0","0","0","0","0","0","0","0","","0","0","","09","1","0","00","0","40 03:40.607","","00","76 21:14.947","9","0","0","0","36214","0","0","0","N","0","0","0","2","36214","0","","1","01","N","N","0","","0","0","0","0","0","","0950","0","1","0","0","0","0","0","3","0","0","N","","","","","","","","","","","","03","03","","N","N"
"1530","0","0","0","0","0","0","0","0","0","7","0","","36","10","2020","2020086710","5","40.1589","-76.2961","1525","08","0","0","0","0","0","0","0","0","","0","0","","15","1","0","00","0","40 09:32.210","","00","76 17:45.910","9","0","0","0","36409","0","0","0","N","0","0","0","1","36409","0","","5","01","N","N","0","","0","0","0","0","0","","1521","0","1","0","0","0","0","0","3","0","0","N","","","","","","","","","","","","03","03","","N","N"
"0603","1","0","0","0","0","0","0","0","0","4","0","","36","10","2020","2020086564","7","40.1383","-76.1002","0555","08","0","0","0","0","0","1","0","1","","0","0","0","05","2","0","01","1","40 08:17.874","3","00","76 06:00.622","0","0","0","0","36209","0","0","0","N","0","0","0","2","36415","0","","1","01","N","N","0","","0","0","0","3","3","N","0550","0","2","0","0","0","0","0","1","1","2","N","","","","","","","","","","","0620","03","03","","N",""
"2014","0","0","0","0","0","0","0","0","0","4","0","","36","10","2020","2020086738","1","40.0008","-76.0797","2005","08","0","0","0","0","0","0","0","0","","0","0","","20","2","1","01","0","40 00:02.735","","00","76 04:47.090","9","0","0","0","36226","0","0","0","N","0","0","0","3","68J01","0","","1","01","N","N","0","","0","0","0","3","3","","2003","0","2","0","0","0","0","0","1","0","0","N","","","","","","","","","","","","03","  ","","N","N"
"2113","0","0","0","0","0","0","0","0","0","98","0","","36","10","2020","2020086745","5","39.867","-76.1164","2101","08","0","0","0","0","0","0","0","0","","0","0","","20","2","0","00","0","39 52:01.225","","00","76 06:58.942","9","0","0","0","36205","0","0","0","N","0","0","0","1","68J01","0","","1","01","N","N","0","","0","0","0","0","0","","2055","0","1","0","0","0","0","0","1","0","0","N","","","","","","","","","","","","03","  ","","N","N"
"1122","0","0","0","0","0","0","0","0","0","4","0","","36","10","2020","2020086707","3","40.0635","-76.3589","1121","08","0","0","0","0","0","0","1","1","","0","0","0","11","1","0","01","1","40 03:48.686","3","00","76 21:32.100","0","0","0","0","36214","0","0","0","N","0","0","0","3","36214","0","","1","09","N","N","0","","0","0","2","3","3","N","1121","0","2","0","0","0","0","0","3","0","2","N","","","","","","","","","","","0100","04","  ","","N",""
"1620","2","0","0","0","0","0","0","0","0","4","0","","36","10","2020","2020086571","5","40.2191","-76.2559","1613","08","0","0","0","0","0","1","0","0","","0","0","0","16","1","0","00","1","40 13:08.800","1","07","76 15:21.300","0","0","0","0","36204","0","0","0","N","0","0","0","3","36506","0","","1","01","N","N","0","","0","0","0","0","0","N","1610","0","2","0","0","0","0","0","1","0","2","N","","","","","","","","","","","1700","98","  ","","N","N"
"0722","0","0","0","0","0","0","0","0","0","1","0","","36","10","2020","2020086570","5","40.2115","-76.2336","0714","08","0","0","0","0","0","1","0","0","","0","0","0","07","5","1","00","1","40 12:41.556","6","07","76 14:00.834","3","0","0","0","36204","0","0","0","N","0","0","0","2","36506","0","","1","01","N","N","1","","1","0","1","0","0","N","0714","1","2","0","0","0","0","1","1","0","2","N","","","","","","","","","","","0752","03","  ","","N","N"
"1925","1","0","0","0","0","0","0","0","0","4","0","","36","10","2020","2020086567","6","40.0946","-76.1121","1920","08","0","1","0","0","0","0","0","0","","0","0","0","19","3","0","00","1","40 05:40.530","3","07","76 06:43.514","0","0","0","0","36209","0","0","0","N","0","0","0","2","36415","0","","1","01","N","N","0","","0","0","1","3","3","N","1919","0","2","0","0","0","0","0","1","0","2","N","","","","","","","","","","","1930","03","03","","N","Y"