"ARRIVAL_TM","AUTOMOBILE_COUNT","BELTED_DEATH_COUNT","BELTED_SUSP_SERIOUS_INJ_COUNT","BICYCLE_COUNT","BICYCLE_DEATH_COUNT","BICYCLE_SUSP_SERIOUS_INJ_COUNT","BUS_COUNT","CHLDPAS_DEATH_COUNT","CHLDPAS_SUSP_SERIOUS_INJ_COUNT","COLLISION_TYPE","COMM_VEH_COUNT","CONS_ZONE_SPD_LIM","COUNTY","CRASH_MONTH","CRASH_YEAR","CRN","DAY_OF_WEEK","DEC_LAT","DEC_LONG","DISPATCH_TM","DISTRICT","DRIVER_COUNT_16YR","DRIVER_COUNT_17YR","DRIVER_COUNT_18YR","DRIVER_COUNT_19YR","DRIVER_COUNT_20YR","DRIVER_COUNT_50_64YR","DRIVER_COUNT_65_74YR","DRIVER_COUNT_75PLUS","EST_HRS_CLOSED","FATAL_COUNT","HEAVY_TRUCK_COUNT","HORSE_BUGGY_COUNT","HOUR_OF_DAY","ILLUMINATION","INJURY_COUNT","INTERSECT_TYPE","LANE_CLOSED","LATITUDE","LN_CLOSE_DIR","LOCATION_TYPE","LONGITUDE","MAX_SEVERITY_LEVEL","MCYCLE_DEATH_COUNT","MCYCLE_SUSP_SERIOUS_INJ_COUNT","MOTORCYCLE_COUNT","MUNICIPALITY","NONMOTR_COUNT","NONMOTR_DEATH_COUNT","NONMOTR_SUSP_SERIOUS_INJ_COUNT","NTFY_HIWY_MAINT","PED_COUNT","PED_DEATH_COUNT","PED_SUSP_SERIOUS_INJ_COUNT","PERSON_COUNT","POLICE_AGCY","POSSIBLE_INJ_COUNT","RDWY_SURF_TYPE_CD","RELATION_TO_ROAD","ROAD_CONDITION","SCH_BUS_IND","SCH_ZONE_IND","SMALL_TRUCK_COUNT","SPEC_JURIS_CD","SUSP_MINOR_INJ_COUNT","SUSP_SERIOUS_INJ_COUNT","SUV_COUNT","TCD_FUNC_CD","TCD_TYPE","TFC_DETOUR_IND","TIME_OF_DAY","TOT_INJ_COUNT","TOTAL_UNITS","UNB_DEATH_COUNT","UNB_SUSP_SERIOUS_INJ_COUNT","UNBELTED_OCC_COUNT","UNK_INJ_DEG_COUNT","UNK_INJ_PER_COUNT","URBAN_RURAL","VAN_COUNT","VEHICLE_COUNT","WORK_ZONE_IND","WORK_ZONE_LOC","WORK_ZONE_TYPE","WORKERS_PRES","WZ_CLOSE_DETOUR","WZ_FLAGGER","WZ_LAW_OFFCR_IND","WZ_LN_CLOSURE","WZ_MOVING","WZ_OTHER","WZ_SHLDER_MDN","ROADWAY_CLEARED","WEATHER1","WEATHER2","WZ_WORKERS_INJ_KILLED","SECONDARY_CRASH","INTERSECTION_RELATED"
"0719","1","0","0","0","0","0","0","0","0","1","0","","36","10","2020","2020086708","7","40.1056","-76.4261","0719","08","0","0","0","0","0","0","0","0","","0","0","0","07","1","1","06","0","40 06:20.084","","02","76 25:33.987","3","0","0","0","36214","0","0","0","N","0","0","0","2","36214","0","","1","01","N","N","1","","1","0","0","3","3","","0718","1","2","0","0","0","0","0","3","0","2","N","","","","","","","","","","","","03","  ","","N",""
"0755","0","0","0","0","0","0","0","0","0","7","0","","36","10","2020","2020086881","1","40.0004","-76.2742","0755","08","0","0","0","0","0","0","0","0","","0","0","","04","2","0","00","0","40 00:01.424","","00","76 16:27.071","9","0","0","0","36240","0","0","0","N","0","0","0","1","36240","0","","5","01","N","N","0","","0","0","0","0","0","","0400","0","1","0","0","0","0","0","1","0","0","N","","","","","","","","","","","","03","  ","","N","N"
"1857","0","0","0","0","0","0","0","0","0","1","0","","36","10","2020","2020086985","6","40.1597","-76.1406","1853","08","0","0","0","0","0","0","0","0","","0","0","","18","2","0","00","0","40 09:34.890","","00","76 08:26.218","9","0","0","0","36218","0","0","0","N","0","0","0","3","36408","0","","1","01","N","N","0","","0","0","0","0","0","","1851","0","2","0","0","0","0","0","1","0","0","N","","","","","","","","","","","","03","  ","","N","N"
"1915","1","0","0","0","0","0","0","0","0","4","0","","36","10","2020","2020087133","7","40.0706","-76.2937","1902","08","0","0","0","0","0","0","0","1","","0","0","0","19","2","2","00","2","40 04:14.070","6","07","76 17:37.460","3","0","0","0","36101","0","0","0","N","0","0","0","2","36101","0","","1","01","N","N","0","","2","0","1","0","0","Y","1901","2","2","0","0","0","0","0","3","0","2","N","","","","","","","","","","","2000","03","03","","N","N"
"1924","3","0","0","0","0","0","0","0","0","1","0","","36","10","2020","2020087106","1","40.0363","-76.2945","1922","08","0","0","0","0","0","1","0","0","","0","0","0","19","3","1","00","2","40 02:10.700","5","00","76 17:40.100","3","0","0","0","36301","0","0","0","N","0","0","0","1","36301","0","","1","01","N","N","0","","1","0","2","0","0","Y","1917","1","5","0","0","0","0","0","3","0","5","N","","","","","","","","","","","2000","03","  ","","N","N"
"2334","1","0","0","0","0","0","0","0","0","7","0","","36","10","2020","2020087099","6","40.0433","-76.2979","2331","08","0","0","0","0","0","0","0","0","","0","0","0","23","3","1","00","0","40 02:35.709","","00","76 17:52.486","3","0","0","0","36301","0","0","0","N","0","0","0","1","36301","0","","5","01","N","N","0","","1","0","0","0","0","","2331","1","1","0","0","0","0","0","3","0","1","N","","","","","","","","","","","","03","03","","N","N"
"2205","1","0","0","0","0","0","0","0","0","7","0","","36","10","2020","2020087132","5","40.0868","-76.3386","2203","08","0","0","0","0","0","0","0","0","","0","0","0","22","2","1","00","0","40 05:12.400","","00","76 20:19.100","3","0","0","0","36101","0","0","0","N","0","0","0","1","36101","0","","4","01","N","N","1","","1","0","1","0","0","","2200","1","4","0","0","0","0","0","3","1","4","N","","","","","","","","","","","","03","03","","N","N"
"1707","0","0","0","0","0","0","0","0","0","5","0","","36","10","2020","2020087134","7","40.1538","-76.2931","1705","08","0","0","0","0","0","0","0","0","","0","0","","17","1","0","00","2","40 09:13.690","2","00","76 17:35.280","9","0","0","0","36409","0","0","0","N","0","0","0","1","36409","0","","6","01","N","N","0","","0","0","0","0","0","N","1704","0","3","0","0","0","0","0","3","0","0","N","","","","","","","","","","","1752","03","  ","","N","N"
"1250","0","0","0","0","0","0","0","0","0","7","0","","36","10","2020","2020087137","1","40.1336","-76.365","1250","08","0","0","0","0","0","0","0","0","","0","0","","12","1","0","00","0","40 08:00.860","","00","76 21:54.150","9","0","0","0","36227","0","0","0","N","0","0","0","1","36506","0","","5","01","N","N","0","","0","0","0","0","0","","1250","0","1","0","0","0","0","0","1","0","0","N","","","","","","","","","","","","03","03","","N","N"
"0333","1","0","0","0","0","0","0","0","0","7","0","","36","10","2020","2020087135","7","40.2044","-76.2129","0333","08","0","0","0","0","0","0","0","0","","0","0","0","03","2","0","00","0","40 12:15.961","","00","76 12:46.569","0","0","0","0","36204","0","0","0","N","0","0","0","1","36506","0","","1","01","N","N","0","","0","0","0","0","0","","0333","0","1","0","0","0","0","0","1","0","1","N","","","","","","","","","","","","03","  ","","N","N"
"1125","1","0","0","0","0","0","0","0","0","1","0","","36","10","2020","2020087357","6","40.0877","-76.1868","1121","08","0","0","0","0","0","0","1","0","","0","0","0","11","1","2","02","2","40 05:15.847","6","00","76 11:12.344","3","0","0","0","36234","0","0","0","N","0","0","0","2","36215","1","","1","09","N","N","1","","1","0","0","0","0","Y","1121","2","2","0","0","0","0","0","1","0","2","N","","","","","","","","","","","1200","04","07","","Y",""
"1844","1","0","0","0","0","0","0","0","0","1","0","","36","10","2020","2020087358","7","40.0297","-76.2298","1841","08","0","0","0","0","0","0","0","1","","0","0","0","18","3","0","00","1","40 01:46.833","3","00","76 13:47.266","0","0","0","0","36215","0","0","0","N","0","0","0","3","36215","0","","1","01","N","N","0","","0","0","2","0","0","N","1839","0","3","0","0","0","0","0","1","0","3","N","","","","","","","","","","","1938","03","03","","N","N"
"","1","0","0","0","0","0","0","0","0","4","0","","36","08","2020","2020087167","3","39.8253","-76.0492","","08","0","0","0","0","1","0","0","0","","0","0","0","11","1","0","01","0","39 49:31.196","","00","76 02:57.237","0","0","0","0","36205","0","0","0","N","0","0","0","2","00000","0","","1","01","","","0","","0","0","0","3","3","","1100","0","2","0","0","0","0","0","1","0","2","N","","","","","","","","","","","","03","  ","","N",""
"0658","0","0","0","0","0","0","0","0","0","5","0","","36","10","2020","2020087169","2","39.9829","-76.1859","0653","08","0","0","0","0","0","0","0","0","","0","0","","06","5","0","00","1","39 58:58.314","3","00","76 11:09.103","9","0","0","0","36417","0","0","0","N","0","0","0","3","36417","0","","6","01","N","N","0","","0","0","0","0","0","N","0653","0","2","0","0","0","0","0","1","0","0","N","","","","","","","","","","","0730","04","  ","","N","N"
"0614","1","0","0","0","0","0","0","0","0","98","0","","36","10","2020","2020087021","6","40.1254","-76.0693","0559","08","0","0","0","0","0","0","0","0","","0","0","0","05","2","2","00","0","40 07:31.432","","00","76 04:09.592","4","0","0","0","36209","0","0","0","N","0","0","0","2","36415","2","","1","01","N","N","0","","0","0","0","0","0","","0522","2","1","0","0","0","0","0","1","0","1","N","","","","","","","","","","","","04","04","","N","N"
"1200","1","0","0","0","0","0","0","0","0","1","0","","36","10","2020","2020087136","1","40.1377","-76.3033","1155","08","0","0","0","0","0","0","1","0","","0","0","0","11","1","0","01","1","40 08:15.854","3","00","76 18:11.964","0","0","0","0","36235","0","0","0","N","0","0","0","7","36506","0","","1","01","N","N","0","","0","0","1","3","2","Y","1153","0","2","0","0","0","0","0","1","0","2","N","","","","","","","","","","","1240","03","03","","N",""
"0400","1","0","0","1","0","0","0","0","0","1","0","","36","10","2020","2020087356","3","40.04","-76.3698","0356","08","0","0","0","1","0","0","0","0","","0","0","0","03","2","1","00","0","40 02:23.834","","00","76 22:11.307","3","0","0","0","36223","1","0","0","N","0","0","0","2","36214","0","","2","01","N","N","0","","1","0","0","0","0","","0353","1","2","0","0","0","0","0","1","0","1","N","","","","","","","","","","","","03","03","","N","N"
"1512","0","0","0","0","0","0","0","0","0","4","0","","36","10","2020","2020087502","6","39.9964","-76.2748","1509","08","0","0","0","0","0","0","0","0","","0","0","","15","1","0","00","2","39 59:47.214","5","00","76 16:29.263","9","0","0","0","36240","0","0","0","N","0","0","0","3","36240","0","","1","09","N","N","0","","0","0","0","0","0","Y","1500","0","3","0","0","0","0","0","1","0","0","N","","","","","","","","","","","1603","04","  ","","N","N"
"1439","0","0","0","0","0","0","0","0","0","1","0","","36","10","2020","2020087806","2","40.0842","-76.289","1439","08","0","0","0","0","1","0","0","0","","0","0","0","14","1","0","00","1","40 05:03.296","1","00","76 17:20.377","0","0","0","0","36101","0","0","0","N","0","0","0","2","36101","0","","1","01","N","N","0","","0","0","2","0","0","N","1435","0","2","0","0","0","0","0","3","0","2","N","","","","","","","","","","","1515","04","03","","N","Y"
"1833","0","0","0","0","0","0","0","0","0","4","0","","36","10","2020","2020087519","1","39.9858","-76.2836","1830","08","0","0","0","0","0","0","0","0","","0","0","","18","3","0","01","1","39 59:09.292","4","00","76 17:01.207","9","0","0","0","36240","0","0","0","N","0","0","0","2","36240","0","","1","01","N","N","0","","0","0","0","3","2","N","1825","0","2","0","0","0","0","0","1","0","0","N","","","","","","","","","","","1915","03","  ","","N",""
"1422","1","0","0","0","0","0","0","0","0","1","0","","36","09","2020","2020087776","1","40.2102","-76.1216","1419","08","0","0","0","0","0","0","0","0","","0","0","0","14","1","2","00","1","40 12:36.808","3","00","76 07:17.876","3","0","0","0","36210","0","0","0","N","0","0","0","2","36210","0","","6","01","N","N","0","","2","0","1","0","0","N","1419","2","2","0","0","0","0","0","1","0","2","N","","","","","","","","","","","1523","03","  ","","N","Y"
"1137","0","0","0","0","0","0","0","0","0","7","0","","36","10","2020","2020087807","2","40.0335","-76.1714","1131","08","0","0","0","0","0","1","0","0","","0","0","0","11","1","1","00","2","40 02:00.505","2","00","76 10:17.170","3","0","0","0","36215","0","0","0","N","0","0","0","1","36215","0","","4","01","N","N","0","","1","0","1","0","0","Y","1130","1","1","0","0","0","0","0","1","0","1","N","","","","","","","","","","","1226","03","  ","","N","N"
"1819","0","0","0","0","0","0","0","0","0","2","0","","36","10","2020","2020087538","1","39.9995","-76.2909","1816","08","0","0","0","0","0","0","0","0","","0","0","","18","2","1","00","2","39 59:58.260","5","00","76 17:27.402","9","0","0","0","36240","0","0","0","N","0","0","0","5","36240","0","","1","09","N","N","0","","0","0","0","0","0","Y","1816","0","2","0","0","0","0","0","1","0","0","N","","","","","","","","","","","1850","07","  ","","N","N"
"2125","1","0","0","0","0","0","0","0","0","1","0","","36","10","2020","2020087811","3","40.1774","-76.6014","2122","08","0","0","0","0","0","0","0","0","","0","0","0","21","2","1","06","0","40 10:38.704","","02","76 36:05.159","3","0","0","0","36225","0","0","0","N","0","0","0","2","36505","0","","7","01","N","N","1","","1","0","0","3","3","","2115","1","2","0","0","0","0","0","2","0","2","N","","","","","","","","","","","","03","03","","N",""
"1557","0","0","0","0","0","0","0","0","0","0","0","","36","10","2020","2020087565","3","40.0606","-76.3605","1552","08","0","0","0","0","0","0","0","0","","0","0","","15","1","0","00","2","40 03:38.326","4","00","76 21:37.920","9","0","0","0","36214","0","0","0","N","0","0","0","1","36214","0","","1","01","N","N","0","","0","0","0","0","0","Y","1551","0","1","0","0","0","0","0","3","0","0","N","","","","","","","","","","","2040","03","  ","","N","N"
"1752","1","0","0","0","0","0","0","0","0","2","0","","36","10","2020","2020087612","2","40.0092","-76.2781","1737","08","0","0","0","0","0","1","0","0","","0","0","0","17","4","1","02","0","40 00:32.983","","00","76 16:41.048","3","0","0","0","36301","0","0","0","N","0","0","0","1","36301","0","","1","01","N","N","1","","1","0","0","0","0","","1732","1","2","0","0","0","0","0","3","0","2","N","","","","","","","","","","","","03","  ","","N",""
"2251","1","0","0","0","0","0","0","0","0","7","0","","36","10","2020","2020087623","1","40.2555","-76.1562","2247","08","0","1","0","0","0","0","0","0","","0","0","0","22","2","0","00","2","40 15:19.900","6","00","76 09:22.300","0","0","0","0","36236","0","0","0","N","0","0","0","1","36408","0","","1","09","N","N","0","","0","0","0","0","0","Y","2247","0","1","0","0","0","0","0","1","0","1","N","","","","","","","","","","","2336","07","07","","N","N"
"1517","0","0","0","0","0","0","0","0","0","7","0","","36","10","2020","2020087638","2","40.1287","-76.2158","1514","08","0","0","0","0","0","0","0","0","","0","0","","15","1","0","00","0","40 07:43.220","","02","76 12:56.904","9","0","0","0","36238","0","0","0","N","0","0","0","1","36238","0","","5","09","N","N","0","","0","0","0","0","0","","1514","0","1","0","0","0","0","0","3","0","0","N","","","","","","","","","","","","07","  ","","N","N"
"1357","0","0","0","0","0","0","0","0","0","6","1","","36","09","2020","2020087747","3","40.242","-76.0549","1346","08","0","0","0","0","0","1","0","0","","0","1","0","13","1","0","00","1","40 14:31.074","1","00","76 03:17.596","0","0","0","0","36401","0","0","0","N","0","0","0","2","36408","0","","1","01","N","N","0","","0","0","1","0","0","N","1344","0","2","0","0","0","0","0","1","0","2","N","","","","","","","","","","","1415","03","03","","N","N"
"1735","0","0","0","0","0","0","0","0","0","8","0","","36","10","2020","2020087808","3","40.0203","-76.1819","1733","08","0","0","0","0","0","0","0","0","","0","0","","17","1","2","00","0","40 01:13.135","","00","76 10:54.921","9","0","0","0","36215","0","0","0","N","0","0","0","3","36215","0","","2","01","N","N","0","","0","0","0","0","0","","1731","0","2","0","0","0","0","0","1","0","0","N","","","","","","","","","","","","03","  ","","N","N"
"1634","0","0","0","0","0","0","0","0","0","1","0","","36","10","2020","2020087810","3","40.1852","-76.6014","1628","08","0","0","0","0","0","0","0","0","","0","0","","16","1","1","00","1","40 11:06.807","2","00","76 36:05.133","9","0","0","0","36225","0","0","0","N","0","0","0","3","36505","0","","1","01","N","N","0","","0","0","0","0","0","Y","1627","0","2","0","0","0","0","0","2","0","0","N","","","","","","","","","","","1652","03","03","","N","N"
"2259","1","0","0","0","0","0","0","0","0","7","0","","36","09","2020","2020087809","3","40.1304","-76.5303","2251","08","0","1","0","0","0","0","0","0","","0","0","0","22","2","0","00","1","40 07:49.553","3","00","76 31:49.092","0","0","0","0","36225","0","0","0","Y","0","0","0","2","36505","0","","3","09","N","N","0","","0","0","0","0","0","N","2247","0","1","0","0","0","0","0","2","0","1","N","","","","","","","","","","","2330","07","07","","N","N"
"1917","0","0","0","0","0","0","0","0","0","1","0","","36","10","2020","2020088007","4","40.0832","-76.2905","1913","08","0","0","0","0","0","0","0","0","","0","0","","18","2","0","00","1","40 04:59.697","1","00","76 17:25.779","9","0","0","0","36101","0","0","0","N","0","0","0","2","36101","0","","1","01","N","N","0","","0","0","0","0","0","N","1854","0","2","0","0","0","0","0","3","0","0","N","","","","","","","","","","","2200","03","03","","N","N"
"1858","0","0","0","0","0","0","0","0","0","1","0","","36","10","2020","2020088008","2","40.0413","-76.3848","1849","08","0","0","0","0","0","0","0","0","","0","0","","18","2","0","00","0","40 02:28.694","","00","76 23:05.106","9","0","0","0","36214","0","0","0","N","0","0","0","3","36214","0","","1","01","N","N","0","","0","0","0","0","0","","1846","0","2","0","0","0","0","0","3","0","0","N","","","","","","","","","","","","03","  ","","N","N"
"1406","0","0","0","0","0","0","0","0","0","7","0","","36","10","2020","2020088009","2","40.0526","-76.4741","1354","08","0","0","0","0","0","0","0","0","","0","0","","13","1","0","00","0","40 03:09.180","","07","76 28:26.790","9","0","0","0","36239","0","0","0","N","0","0","0","1","36239","0","","5","09","N","N","0","","0","0","0","0","0","","1349","0","1","0","0","0","0","0","3","0","0","N","","","","","","","","","","","","07","  ","","N","N"
"0807","2","0","0","0","0","0","0","0","0","4","0","","36","10","2020","2020088013","6","40.1027","-76.4328","0755","08","0","0","0","0","0","1","0","0","","0","0","0","07","1","0","01","1","40 06:09.698","5","00","76 25:58.025","0","0","0","0","36239","0","0","0","N","0","0","0","2","36239","0","","1","01","N","N","0","","0","0","0","3","3","N","0726","0","2","0","0","0","0","0","3","0","2","N","","","","","","","","","","","0837","04","  ","","N",""
"1532","0","0","0","0","0","0","0","0","0","7","0","","36","08","2020","2020088113","4","40.2316","-76.126","1520","08","0","0","0","0","0","0","0","0","","0","0","","15","1","1","00","1","40 13:53.840","3","00","76 07:33.510","9","0","0","0","36210","0","0","0","N","0","0","0","1","68T06","0","","2","01","N","N","0","","0","0","0","0","0","N","1520","0","1","0","0","0","0","0","1","0","0","N","","","","","","","","","","","0100","98","  ","","N","N"
"1612","2","0","0","0","0","0","0","0","0","4","0","","36","10","2020","2020088204","4","40.0267","-76.3201","1606","08","0","0","0","0","0","0","2","0","","0","0","0","16","1","0","01","1","40 01:35.975","4","00","76 19:12.417","0","0","0","0","36301","0","0","0","N","0","0","0","3","36301","0","","1","01","N","N","0","","0","0","0","3","3","N","1605","0","2","0","0","1","0","0","3","0","2","N","","","","","","","","","","","1710","03","  ","","N",""
"1642","0","0","0","0","0","0","0","0","0","7","0","","36","10","2020","2020088241","4","40.1403","-76.2991","1637","08","0","0","0","0","0","0","0","0","","0","0","0","16","1","1","02","0","40 08:25.245","","00","76 17:56.641","3","0","0","0","36235","0","0","0","N","0","0","0","2","36506","0","","4","01","N","N","0","","1","0","1","0","0","","1637","1","1","0","0","0","0","0","1","0","1","N","","","","","","","","","","","","03","  ","","N",""
"1415","0","0","0","0","0","0","0","0","0","1","0","","36","10","2020","2020088010","2","40.065","-76.4445","1406","08","0","0","0","0","0","1","0","0","","0","0","0","14","1","4","02","2","40 03:54.120","6","00","76 26:40.228","3","0","0","0","36239","0","0","0","N","0","0","0","5","36239","0","","1","01","N","N","1","","2","0","1","0","0","Y","1405","4","3","0","0","0","2","0","3","1","3","N","","","","","","","","","","","1519","04","  ","","N",""
"1211","1","0","0","0","0","0","0","0","0","2","0","","36","10","2020","2020088011","3","40.0627","-76.4594","1208","08","0","0","0","0","0","0","0","0","","0","0","0","12","1","2","00","2","40 03:45.775","5","00","76 27:33.969","3","0","0","0","36239","0","0","0","N","0","0","0","2","36239","1","","1","09","N","N","1","","1","0","0","0","0","Y","1206","2","2","0","0","0","0","0","3","0","2","N","","","","","","","","","","","1302","07","04","","N","N"
"1607","1","0","0","0","0","0","0","0","0","4","0","","36","10","2020","2020088012","4","40.0274","-76.4552","1606","08","0","0","0","0","0","0","1","1","","0","0","0","16","1","0","00","1","40 01:38.800","1","07","76 27:18.700","0","0","0","0","36239","0","0","0","N","0","0","0","2","36239","0","","1","01","N","N","0","","0","0","0","0","0","Y","1606","0","2","0","0","0","0","0","3","0","2","N","","","","","","","","","","","1700","03","  ","","N","N"
"1720","0","0","0","0","0","0","0","0","0","1","0","","36","09","2020","2020088240","4","40.0933","-76.116","1714","08","0","0","0","0","0","0","0","0","","0","0","0","17","1","0","00","0","40 05:36.030","","00","76 06:57.559","0","0","0","0","36209","0","0","0","N","0","0","0","2","36415","0","","1","01","N","N","2","","0","0","0","0","0","","1710","0","2","0","0","0","0","0","1","0","2","N","","","","","","","","","","","","03","03","","N","N"
"0805","0","0","0","0","0","0","0","0","0","4","0","","36","10","2020","2020088238","5","40.0832","-76.3423","0805","08","0","0","0","0","0","1","0","0","","0","0","0","08","1","2","00","2","40 04:59.503","2","07","76 20:32.176","3","0","0","0","36101","0","0","0","N","0","0","0","2","36101","1","","1","01","N","N","0","","1","0","1","0","0","Y","0802","2","2","0","0","0","0","0","3","1","2","N","","","","","","","","","","","0835","03","03","","N","N"
"1139","0","0","0","0","0","0","0","0","0","4","0","","36","10","2020","2020088239","7","40.1119","-76.4073","1136","08","0","0","0","0","0","2","1","0","","0","0","0","11","1","2","00","2","40 06:42.740","6","07","76 24:26.330","2","0","1","1","36214","0","0","0","N","0","0","0","3","36214","0","","1","01","N","N","0","","1","1","1","0","0","Y","1135","2","3","0","0","0","0","0","3","1","3","N","","","","","","","","","","","1250","03","03","","N","N"
"0635","1","0","0","0","0","0","0","0","0","7","0","","36","10","2020","2020088014","1","40.0273","-76.4551","0628","08","0","0","0","0","0","0","0","0","","0","0","0","06","5","1","00","1","40 01:38.300","2","00","76 27:18.300","8","0","0","0","36239","0","0","0","N","0","0","0","1","36239","0","","4","01","N","N","0","","0","0","0","0","0","N","0628","1","1","0","0","0","1","0","3","0","1","N","","","","","","","","","","","0710","03","03","","N","N"
"0009","0","0","0","0","0","0","0","0","0","7","0","","36","07","2020","2020088275","2","39.7316","-76.1372","0004","08","0","0","0","0","0","0","0","0","","0","0","","00","2","0","00","0","39 43:53.910","","00","76 08:13.750","9","0","0","0","36219","0","0","0","N","0","0","0","1","68J01","0","","4","01","N","N","0","","0","0","0","0","0","","0004","0","1","0","0","0","0","0","1","0","0","N","","","","","","","","","","","","03","03","","N","N"
"1445","1","0","0","0","0","0","0","0","0","4","0","","36","10","2020","2020088188","1","40.0317","-76.3156","1440","08","0","0","0","1","0","0","0","0","","0","0","0","14","1","1","02","2","40 01:54.208","1","00","76 18:56.032","8","0","0","1","36301","0","0","0","N","0","0","0","2","36301","0","","1","01","N","N","0","","0","0","0","3","3","Y","1435","1","2","0","0","0","1","0","3","0","2","N","","","","","","","","","","","1450","03","  ","","N","N"
"1157","0","0","0","0","0","0","0","0","0","7","0","","36","09","2020","2020088288","2","39.9366","-76.0761","1143","08","0","0","0","0","0","0","0","0","","0","0","","11","1","0","00","0","39 56:11.874","","00","76 04:33.909","9","0","0","0","36201","0","0","0","N","0","0","0","1","68J01","0","","5","03","N","N","0","","0","0","0","0","0","","1138","0","1","0","0","0","0","0","1","0","0","N","","","","","","","","","","","","03","  ","","N","N"
"0928","1","0","1","0","0","0","0","0","0","4","0","","36","10","2020","2020088296","7","40.0581","-76.069","0913","08","0","0","0","0","0","0","0","0","","0","0","0","09","1","5","02","2","40 03:29.206","4","00","76 04:08.235","2","0","0","0","36221","0","0","0","N","0","0","0","7","68J01","0","","1","01","N","N","1","","4","1","0","0","0","Y","0909","5","2","0","0","0","0","0","1","0","2","N","","","","","","","","","","","1030","03","03","","N",""
"1218","0","0","0","0","0","0","0","0","0","4","0","","36","10","2020","2020088315","2","40.0602","-76.3061","1212","08","0","0","0","0","0","0","0","0","","0","0","","12","1","1","00","0","40 03:36.636","","00","76 18:22.032","9","0","0","0","36101","0","0","0","N","0","0","0","4","68J01","0","","1","09","N","N","0","","0","0","0","3","2","","1201","0","2","0","0","0","0","0","3","0","0","N","","","","","","","","","","","","04","  ","","N","Y"
"2157","0","0","0","0","0","0","0","0","0","98","0","","36","10","2020","2020088324","5","40.219","-76.0845","2157","08","0","0","0","0","0","0","0","0","","0","0","","21","2","0","00","0","40 13:08.522","","00","76 05:04.056","9","0","0","0","36210","0","0","0","N","0","0","0","1","68T06","0","","1","01","N","N","0","","0","0","0","0","0","","2157","0","1","0","0","0","0","0","1","0","0","N","","","","","","","","","","","","03","  ","","N","N"
"0024","0","0","0","0","0","0","0","0","0","98","0","","36","10","2020","2020088346","1","40.2419","-76.1456","0018","08","0","0","0","0","0","0","0","0","","0","0","","00","2","0","00","0","40 14:30.674","","00","76 08:44.132","9","0","0","0","36236","0","0","0","N","0","0","0","2","68T06","0","","1","01","N","N","0","","0","0","0","0","0","","0018","0","1","0","0","0","0","0","1","0","0","N","","","","","","","","","","","","03","  ","","N","N"
"2041","0","0","0","0","0","0","0","0","0","7","0","","36","10","2020","2020088359","2","40.1845","-75.9967","2034","08","0","0","0","0","0","0","0","0","","0","0","0","20","2","0","00","0","40 11:04.297","","00","75 59:48.291","0","0","0","0","36202","0","0","0","N","0","0","0","1","68T06","0","","3","01","N","N","0","","0","0","1","0","0","","2034","0","1","0","0","0","0","0","1","0","1","N","","","","","","","","","","","","03","  ","","N","N"
"2153","1","0","0","0","0","0","0","0","0","4","0","","36","10","2020","2020088412","2","40.1509","-76.6075","2151","08","0","0","0","0","0","0","0","0","","0","0","0","21","3","0","00","0","40 09:03.338","","00","76 36:26.892","0","0","0","0","36407","0","0","0","N","0","0","0","0","36407","0","","2","09","N","N","0","","0","0","2","0","0","N","2150","0","3","0","0","0","0","0","2","0","3","N","","","","","","","","","","","","03","  ","","N","N"
"1536","0","0","0","0","0","0","0","0","0","5","0","","36","10","2020","2020088448","2","40.068","-76.2996","1532","08","0","0","0","0","0","0","0","0","","0","0","","15","1","1","00","0","40 04:04.623","","00","76 17:58.510","9","0","0","0","36101","0","0","0","N","0","0","0","3","36101","0","","1","09","N","N","0","","0","0","0","0","0","","1531","0","2","0","0","0","0","0","3","0","0","N","","","","","","","","","","","","04","04","","N","N"
"0209","1","0","0","0","0","0","0","0","0","0","0","","36","10","2020","2020088450","7","40.1123","-76.2729","0203","08","0","0","0","0","0","0","0","0","","0","0","0","01","2","1","00","0","40 06:44.287","","00","76 16:22.314","2","0","0","0","36101","0","0","0","N","0","0","0","1","36101","0","","5","01","N","N","0","","0","1","0","0","0","","0158","1","1","0","1","1","0","0","3","0","1","N","","","","","","","","","","","","03","  ","","N","N"
"2312","0","0","0","0","0","0","0","0","0","1","0","","36","10","2020","2020088451","1","40.0739","-76.3041","2311","08","0","0","0","0","0","0","0","0","","0","0","","23","2","0","00","0","40 04:26.210","","00","76 18:14.600","9","0","0","0","36101","0","0","0","N","0","0","0","1","36101","0","","4","01","N","N","0","","0","0","0","0","0","","2311","0","2","0","0","0","0","0","3","0","0","N","","","","","","","","","","","","03","  ","","N","N"
"1913","0","0","0","0","0","0","0","0","0","98","0","","36","10","2020","2020088452","1","40.0227","-76.3789","1908","08","0","0","0","0","0","0","0","0","","0","0","","19","2","0","00","1","40 01:21.610","2","00","76 22:44.070","9","0","0","0","36223","0","0","0","N","0","0","0","2","36223","0","","1","01","N","N","0","","0","0","0","0","0","Y","1908","0","1","0","0","0","0","0","1","0","0","N","","","","","","","","","","","1925","04","04","","N","N"