"ARRIVAL_TM","AUTOMOBILE_COUNT","BELTED_DEATH_COUNT","BELTED_SUSP_SERIOUS_INJ_COUNT","BICYCLE_COUNT","BICYCLE_DEATH_COUNT","BICYCLE_SUSP_SERIOUS_INJ_COUNT","BUS_COUNT","CHLDPAS_DEATH_COUNT","CHLDPAS_SUSP_SERIOUS_INJ_COUNT","COLLISION_TYPE","COMM_VEH_COUNT","CONS_ZONE_SPD_LIM","COUNTY","CRASH_MONTH","CRASH_YEAR","CRN","DAY_OF_WEEK","DEC_LAT","DEC_LONG","DISPATCH_TM","DISTRICT","DRIVER_COUNT_16YR","DRIVER_COUNT_17YR","DRIVER_COUNT_18YR","DRIVER_COUNT_19YR","DRIVER_COUNT_20YR","DRIVER_COUNT_50_64YR","DRIVER_COUNT_65_74YR","DRIVER_COUNT_75PLUS","EST_HRS_CLOSED","FATAL_COUNT","HEAVY_TRUCK_COUNT","HORSE_BUGGY_COUNT","HOUR_OF_DAY","ILLUMINATION","INJURY_COUNT","INTERSECT_TYPE","LANE_CLOSED","LATITUDE","LN_CLOSE_DIR","LOCATION_TYPE","LONGITUDE","MAX_SEVERITY_LEVEL","MCYCLE_DEATH_COUNT","MCYCLE_SUSP_SERIOUS_INJ_COUNT","MOTORCYCLE_COUNT","MUNICIPALITY","NONMOTR_COUNT","NONMOTR_DEATH_COUNT","NONMOTR_SUSP_SERIOUS_INJ_COUNT","NTFY_HIWY_MAINT","PED_COUNT","PED_DEATH_COUNT","PED_SUSP_SERIOUS_INJ_COUNT","PERSON_COUNT","POLICE_AGCY","POSSIBLE_INJ_COUNT","RDWY_SURF_TYPE_CD","RELATION_TO_ROAD","ROAD_CONDITION","SCH_BUS_IND","SCH_ZONE_IND","SMALL_TRUCK_COUNT","SPEC_JURIS_CD","SUSP_MINOR_INJ_COUNT","SUSP_SERIOUS_INJ_COUNT","SUV_COUNT","TCD_FUNC_CD","TCD_TYPE","TFC_DETOUR_IND","TIME_OF_DAY","TOT_INJ_COUNT","TOTAL_UNITS","UNB_DEATH_COUNT","UNB_SUSP_SERIOUS_INJ_COUNT","UNBELTED_OCC_COUNT","UNK_INJ_DEG_COUNT","UNK_INJ_PER_COUNT","URBAN_RURAL","VAN_COUNT","VEHICLE_COUNT","WORK_ZONE_IND","WORK_ZONE_LOC","WORK_ZONE_TYPE","WORKERS_PRES","WZ_CLOSE_DETOUR","WZ_FLAGGER","WZ_LAW_OFFCR_IND","WZ_LN_CLOSURE","WZ_MOVING","WZ_OTHER","WZ_SHLDER_MDN","ROADWAY_CLEARED","WEATHER1","WEATHER2","WZ_WORKERS_INJ_KILLED","SECONDARY_CRASH","INTERSECTION_RELATED"
"1716","2","0","0","0","0","0","0","0","0","4","0","","36","10","2020","2020088660","3","40.1123","-76.447","1705","08","0","0","0","0","0","1","0","0","","0","0","0","17","1","0","03","0","40 06:42.841","","00","76 26:58.913","0","0","0","0","36230","0","0","0","N","0","0","0","2","36410","0","","1","01","N","N","0","","0","0","0","0","0","","1703","0","2","0","0","0","0","0","1","0","2","N","","","","","","","","","","","","03","03","","N","N"
"1004","0","0","0","0","0","0","0","0","0","6","0","","36","10","2020","2020088536","2","39.966","-76.3427","0950","08","0","0","0","0","0","0","1","0","","0","0","0","09","1","1","00","2","39 57:57.710","5","00","76 20:33.740","3","0","0","0","36206","0","0","0","N","0","0","0","2","68J01","0","","1","01","N","N","0","","1","0","1","0","0","Y","0937","1","2","0","0","0","0","0","1","0","2","N","","","","","","","","","","","0045","03","03","","N","N"
"0952","0","0","0","0","0","0","0","0","0","6","0","","36","10","2020","2020088554","4","40.2382","-76.3353","0937","08","0","0","0","0","0","0","0","0","","0","0","","09","1","0","00","0","40 14:17.629","","00","76 20:07.204","9","0","0","0","36217","0","0","0","N","0","0","0","3","68J01","0","","1","01","N","N","0","","0","0","0","0","0","","0926","0","2","0","0","0","0","0","1","0","0","N","","","","","","","","","","","","03","  ","","N","N"
"1556","1","0","0","0","0","0","0","0","0","1","0","","36","10","2020","2020088601","5","40.0113","-76.3546","1552","08","0","0","1","0","0","1","0","0","","0","0","0","15","1","0","00","1","40 00:40.790","6","00","76 21:16.384","0","0","0","0","36412","0","0","0","N","0","0","0","2","36412","0","","1","01","N","N","0","","0","0","1","0","0","N","1552","0","2","0","0","0","0","0","3","0","2","N","","","","","","","","","","","1639","03","  ","","N","Y"
"1801","0","0","0","0","0","0","0","0","0","4","0","","36","10","2020","2020088565","6","39.8463","-76.0237","1727","08","0","0","0","0","0","0","0","0","","0","0","","17","1","0","02","0","39 50:46.825","","00","76 01:25.245","9","0","0","0","36205","0","0","0","N","0","0","0","2","68J01","0","","1","09","N","N","0","","0","0","0","3","3","","1711","0","2","0","0","0","0","0","1","0","0","N","","","","","","","","","","","","03","03","","N","N"
"2026","0","0","0","0","0","0","0","0","0","98","0","","36","10","2020","2020088663","5","40.1969","-76.4192","2018","08","0","0","0","0","0","1","0","0","","0","0","0","20","2","0","00","0","40 11:48.792","","00","76 25:09.284","0","0","0","0","36230","0","0","0","N","0","0","0","3","36410","0","","1","01","N","N","0","","0","0","1","0","0","","2016","0","1","0","0","2","0","0","1","0","1","N","","","","","","","","","","","","03","03","","N","N"
"2031","0","0","0","0","0","0","0","0","0","1","0","","36","10","2020","2020088665","6","40.1307","-76.4902","2031","08","0","0","0","0","0","0","0","0","","0","0","0","20","2","0","00","2","40 07:50.617","4","00","76 29:24.605","0","0","0","0","36230","0","0","0","N","0","0","0","2","36410","0","","1","01","N","N","0","","0","0","1","3","7","Y","2031","0","2","0","0","0","0","0","1","1","2","N","","","","","","","","","","","2055","03","03","","Y","N"
"1635","1","0","0","0","0","0","0","0","0","1","0","","36","10","2020","2020088664","6","40.1102","-76.452","1624","08","0","0","0","0","0","2","0","0","","0","0","0","16","1","1","02","0","40 06:36.693","","00","76 27:07.134","4","0","0","0","36230","0","0","0","N","0","0","0","2","36410","1","","1","01","N","N","0","","0","0","1","3","4","","1620","1","2","0","0","0","0","0","1","0","2","N","","","","","","","","","","","","04","  ","","N",""
"1333","0","0","0","0","0","0","0","0","0","7","0","","36","10","2020","2020088603","7","40.0631","-76.5696","1324","08","0","0","0","0","0","0","0","0","","0","0","0","13","1","0","10","0","40 03:47.284","","00","76 34:10.410","0","0","0","0","36211","0","0","0","N","0","0","0","1","36504","0","","5","01","N","N","0","","0","0","1","0","0","","1321","0","1","0","0","0","0","0","1","0","1","N","","","","","","","","","","","","03","03","","N","N"
"1830","1","0","0","0","0","0","0","0","0","1","0","","36","10","2020","2020088564","6","40.1494","-75.9079","1821","08","0","0","0","0","0","1","0","0","","0","0","0","17","4","0","00","0","40 08:57.882","","07","75 54:28.606","0","0","0","0","36203","0","0","0","N","0","0","0","3","68J01","0","","1","01","N","Y","1","","0","0","1","0","0","","1708","0","3","0","0","0","0","0","1","0","3","N","","","","","","","","","","","","03","  ","","N","N"
"1047","1","0","0","0","0","0","0","0","0","4","0","","36","10","2020","2020088449","6","40.043","-76.3282","1045","08","0","0","0","0","0","2","0","0","","0","0","0","10","1","2","01","1","40 02:35.402","5","00","76 19:42.489","3","0","0","0","36220","0","0","0","N","0","0","0","5","36101","0","","1","01","N","N","0","","2","0","1","3","2","Y","1044","2","3","0","0","0","0","0","3","1","3","N","","","","","","","","","","","1145","03","03","","N",""
"0807","2","0","0","0","0","0","0","0","0","1","0","","36","10","2020","2020088653","3","40.0899","-76.383","0807","08","0","0","0","0","0","0","0","0","","0","0","0","08","1","0","00","2","40 05:23.792","3","00","76 22:58.670","0","0","0","0","36214","0","0","0","N","0","0","0","2","36214","0","","1","01","N","N","0","","0","0","0","0","0","N","0807","0","2","0","0","0","0","0","3","0","2","N","","","","","","","","","","","0245","03","03","","Y","N"
"1754","0","0","0","0","0","0","0","0","0","1","0","","36","10","2020","2020088649","6","40.0688","-76.3064","1747","08","0","0","0","0","0","0","0","0","","0","0","","17","4","1","00","1","40 04:07.610","3","00","76 18:23.037","9","0","0","0","36101","0","0","0","N","0","0","0","6","36101","0","","1","01","N","N","0","","0","0","0","0","0","N","1744","0","3","0","0","0","0","0","3","0","0","N","","","","","","","","","","","1815","04","  ","","N","N"
"0628","0","0","0","0","0","0","0","0","0","7","0","","36","10","2020","2020088650","4","40.1236","-76.2566","0617","08","0","0","0","0","0","0","0","0","","0","0","","06","2","0","00","2","40 07:25.014","5","00","76 15:23.895","9","0","0","0","36101","0","0","0","N","0","0","0","1","36101","0","","4","09","N","N","0","","0","0","0","0","0","Y","0610","0","1","0","0","0","0","0","3","0","0","N","","","","","","","","","","","1405","05","  ","","N","N"
"1415","0","0","0","0","0","0","0","0","0","2","0","","36","10","2020","2020088655","7","40.0394","-76.2041","1409","08","0","0","0","0","0","0","0","0","","0","0","","14","1","0","00","1","40 02:22.014","3","00","76 12:14.801","9","0","0","0","36215","0","0","0","N","0","0","0","7","36215","0","","1","01","N","N","0","","0","0","0","0","0","N","1408","0","3","0","0","0","0","0","1","0","0","N","","","","","","","","","","","1430","03","03","","N","N"
"1753","0","0","0","0","0","0","0","0","0","4","0","","36","08","2020","2020088656","4","40.1827","-76.4639","1746","08","0","0","0","0","0","1","0","0","","0","0","0","17","1","0","01","1","40 10:57.601","1","00","76 27:50.145","0","0","0","0","36230","0","0","0","N","0","0","0","2","36410","0","","1","01","N","N","1","","0","0","1","3","3","N","1708","0","2","0","0","0","0","0","1","0","2","N","","","","","","","","","","","1808","03","  ","","N",""
"0841","0","0","0","0","0","0","0","0","0","4","0","","36","10","2020","2020088659","1","40.1598","-76.4016","0834","08","0","0","0","0","0","0","0","0","","0","0","","08","1","0","01","2","40 09:35.325","4","00","76 24:05.704","9","0","0","0","36410","0","0","0","N","0","0","0","3","36410","0","","1","01","N","N","0","","0","0","0","3","3","N","0832","0","2","0","0","0","0","0","2","0","0","N","","","","","","","","","","","0909","03","03","","N",""
"1717","0","0","0","0","0","0","0","0","0","4","0","","36","10","2020","2020088661","2","40.1586","-76.3896","1715","08","0","0","0","0","0","0","0","0","","0","0","","17","1","0","01","2","40 09:31.012","3","00","76 23:22.387","9","0","0","0","36410","0","0","0","N","0","0","0","2","36410","0","","1","09","N","N","0","","0","0","0","3","2","N","1711","0","2","0","0","0","0","0","2","0","0","N","","","","","","","","","","","1739","07","  ","","N",""
"0805","0","0","0","0","0","0","0","0","0","4","0","","36","10","2020","2020088662","5","40.1723","-76.4235","0800","08","0","0","0","0","0","0","0","0","","0","0","","08","1","1","00","2","40 10:20.444","6","00","76 25:24.597","9","0","0","0","36230","0","0","0","N","0","0","0","2","36410","0","","1","01","N","N","0","","0","0","0","0","0","Y","0800","0","2","0","0","0","0","0","1","0","0","N","","","","","","","","","","","0835","03","  ","","N","N"
"0110","0","0","0","0","0","0","0","0","0","7","0","","36","09","2020","2020088657","3","40.0721","-76.5185","0055","08","0","0","0","0","0","0","0","0","","0","0","0","00","2","0","00","2","40 04:19.400","7","00","76 31:06.500","9","0","0","0","36230","0","0","0","N","0","0","0","1","36410","0","","4","03","N","N","0","","0","0","1","0","0","N","0030","0","1","0","0","0","0","1","1","0","1","N","","","","","","","","","","","0130","03","  ","","N","N"
"1607","1","0","0","0","0","0","0","0","0","1","0","","36","09","2020","2020088658","4","40.1118","-76.4439","1554","08","0","0","0","0","0","0","0","0","","0","0","0","15","1","0","00","0","40 06:42.354","","00","76 26:37.927","0","0","0","0","36230","0","0","0","N","0","0","0","7","36410","0","","1","01","N","N","0","","0","0","1","0","0","","1554","0","2","0","0","0","0","0","1","0","2","N","","","","","","","","","","","","03","  ","","N","N"
"1146","0","0","0","0","0","0","0","0","0","7","0","","36","10","2020","2020088666","7","40.1838","-76.407","1136","08","0","0","0","0","0","0","0","0","","0","0","","11","1","1","00","1","40 11:01.554","2","00","76 24:25.350","9","0","0","0","36230","0","0","0","N","0","0","0","2","36410","0","","5","01","N","N","0","","0","0","0","0","0","N","1135","0","1","0","0","0","0","0","1","0","0","N","","","","","","","","","","","1206","03","  ","","N","N"
"1700","0","0","0","0","0","0","0","0","0","1","0","","36","10","2020","2020088667","3","40.1665","-76.4008","1700","08","0","0","0","0","0","0","0","0","","0","0","","17","1","0","00","0","40 09:59.350","","00","76 24:02.920","9","0","0","0","36410","0","0","0","N","0","0","0","1","36410","0","","6","01","N","N","0","","0","0","0","0","0","","1700","0","2","0","0","0","0","0","2","0","0","N","","","","","","","","","","","","03","03","","N","N"
"0953","0","0","0","0","0","0","0","0","0","4","0","","36","10","2020","2020088918","6","40.0251","-76.3177","0951","08","0","0","0","0","0","1","0","0","","0","0","0","09","1","0","01","0","40 01:30.485","","00","76 19:03.655","0","0","0","0","36301","0","0","0","N","0","0","0","2","36301","0","","1","01","N","N","0","","0","0","2","0","0","","0922","0","2","0","0","0","0","0","3","0","2","N","","","","","","","","","","","","03","03","","N","N"
"0818","0","0","0","0","0","0","0","0","0","7","0","","36","09","2020","2020088698","6","39.9796","-76.2001","0808","08","0","0","0","0","0","0","0","0","","0","0","","07","1","0","03","2","39 58:46.496","6","00","76 12:00.496","9","0","0","0","36233","0","0","0","N","0","0","0","1","68J01","0","","4","01","N","N","0","","0","0","0","0","0","N","0758","0","1","0","0","0","0","0","1","0","0","N","","","","","","","","","","","1200","03","03","","N","N"
"1346","0","0","0","0","0","0","0","0","0","7","0","","36","10","2020","2020088654","4","40.1092","-76.3693","1341","08","0","0","0","0","0","0","1","0","","0","0","0","13","1","1","00","2","40 06:33.294","3","00","76 22:09.494","3","0","0","0","36214","0","0","0","N","0","0","0","1","36214","0","","4","01","N","N","0","","1","0","1","0","0","N","1341","1","1","0","0","1","0","0","3","0","1","N","","","","","","","","","","","1500","03","  ","","N","N"
"0648","0","0","0","0","0","0","0","0","0","8","0","","36","10","2020","2020088651","4","40.0335","-76.3246","0645","08","0","0","0","0","0","0","0","0","","0","0","0","06","3","1","01","1","40 02:00.452","1","00","76 19:28.588","8","0","0","0","36220","1","0","0","N","1","0","0","2","36101","0","","1","01","N","N","0","","0","0","0","0","0","Y","0644","1","2","0","0","0","1","0","3","1","1","N","","","","","","","","","","","0705","05","  ","","N",""
"2305","0","0","0","0","0","0","0","0","0","98","0","","36","10","2020","2020088840","4","40.0529","-76.3757","2301","08","0","0","0","0","0","0","0","0","","0","0","","23","2","0","00","1","40 03:10.374","4","00","76 22:32.647","9","0","0","0","36214","0","0","0","N","0","0","0","1","36214","0","","1","01","N","N","0","","0","0","0","0","0","N","2300","0","1","0","0","0","0","0","3","0","0","N","","","","","","","","","","","2355","05","  ","","N","N"
"1846","0","0","0","0","0","0","0","0","0","2","0","","36","10","2020","2020088841","5","40.0635","-76.3589","1842","08","0","0","0","0","0","0","0","0","","0","0","","18","3","3","01","2","40 03:48.686","3","00","76 21:32.100","9","0","0","0","36214","0","0","0","N","0","0","0","3","36214","0","","1","01","N","N","0","","0","0","0","3","3","N","1840","0","2","0","0","0","0","0","3","0","0","N","","","","","","","","","","","1936","03","  ","","N",""
"0859","0","0","0","0","0","0","0","0","0","6","0","","36","10","2020","2020088862","7","39.9887","-76.3179","0852","08","0","0","0","0","0","0","0","0","","0","0","0","08","1","0","00","0","39 59:19.302","","00","76 19:04.298","9","0","0","0","36228","0","0","0","N","0","0","0","2","36228","0","","1","01","N","N","1","","0","0","0","0","0","","0852","0","2","0","0","0","0","1","1","1","2","N","","","","","","","","","","","","03","  ","","N","N"
"1652","0","0","0","0","0","0","0","0","0","4","0","","36","09","2020","2020088937","5","40.2124","-76.0573","1636","08","0","0","0","0","0","0","0","0","","0","0","","16","1","0","01","2","40 12:44.566","5","00","76 03:26.169","9","0","0","0","36202","0","0","0","N","0","0","0","3","68J01","0","","1","09","N","N","0","","0","0","0","3","3","Y","1627","0","2","0","0","0","0","0","1","0","0","N","","","","","","","","","","","1736","07","04","","N","N"
"2228","0","0","0","0","0","0","0","0","0","7","0","","36","09","2020","2020088940","2","39.8753","-76.2118","2210","08","0","0","0","0","0","0","0","0","","0","0","","22","2","1","00","2","39 52:30.970","5","00","76 12:42.500","9","0","0","0","36212","0","0","0","N","0","0","0","1","68J01","0","","4","01","N","N","0","","0","0","0","0","0","Y","2201","0","1","0","0","0","0","0","1","0","0","N","","","","","","","","","","","2200","03","  ","","N","N"
"1527","0","0","0","0","0","0","0","0","0","4","0","","36","10","2020","2020088948","6","40.0381","-76.1067","1515","08","0","0","0","0","0","0","0","0","","0","0","","15","1","1","01","2","40 02:17.172","7","00","76 06:24.160","9","0","0","0","36221","0","0","0","N","0","0","0","3","68J01","0","","1","01","N","N","0","","0","0","0","3","3","Y","1514","0","3","0","0","0","0","0","1","0","0","N","","","","","","","","","","","0005","03","  ","","N","N"
"1644","3","0","0","0","0","0","0","0","0","4","0","","36","10","2020","2020089153","2","40.0315","-76.3227","1639","08","0","0","0","0","0","0","0","0","","0","0","0","16","1","1","01","0","40 01:53.220","","00","76 19:21.835","8","0","0","0","36301","0","0","0","N","0","0","0","2","36301","0","","1","01","N","N","0","","0","0","0","3","3","","1636","1","3","0","0","0","1","0","3","0","3","N","","","","","","","","","","","","03","03","","N",""
"1141","0","0","0","0","0","0","0","0","0","0","0","","36","09","2020","2020088939","7","39.824","-76.2037","1125","08","0","0","0","0","0","1","0","1","","0","0","0","11","1","1","00","0","39 49:26.453","","00","76 12:13.350","3","0","0","2","36212","0","0","0","N","0","0","0","2","68J01","0","","1","09","N","N","0","","1","0","0","0","0","","1122","1","2","0","0","0","0","0","1","0","2","N","","","","","","","","","","","","07","07","","N","N"
"0716","0","0","0","0","0","0","0","0","0","1","0","","36","10","2020","2020089018","3","40.068","-76.2943","0711","08","0","0","0","0","0","0","0","0","","0","0","","07","1","0","00","1","40 04:04.674","3","00","76 17:39.634","9","0","0","0","36101","0","0","0","N","0","0","0","2","36101","0","","1","01","N","N","0","","0","0","0","0","0","N","0709","0","2","0","0","0","0","0","3","0","0","N","","","","","","","","","","","0733","03","03","","N","N"
"0524","0","0","0","0","0","0","0","0","0","1","0","65","36","10","2020","2020089019","3","40.0895","-76.382","0519","08","0","0","0","0","0","0","0","0","","0","0","","05","2","0","00","2","40 05:22.161","3","00","76 22:55.288","9","0","0","0","36214","0","0","0","N","0","0","0","2","36214","0","","1","01","N","N","0","","0","0","0","0","0","Y","0515","0","2","0","0","0","0","0","3","0","0","Y","4","1","N","Y","N","N","N","N","N","Y","0554","04","  ","N","N","N"
"0522","0","0","0","0","0","0","0","0","0","7","1","65","36","10","2020","2020089020","3","40.089","-76.3806","0517","08","0","0","0","0","0","0","0","0","","0","1","0","05","2","1","00","2","40 05:20.226","6","01","76 22:50.000","4","0","0","0","36214","0","0","0","N","0","0","0","1","36214","1","","2","01","N","N","0","","0","0","0","0","0","Y","0516","1","1","0","0","0","0","0","3","0","1","Y","4","1","N","Y","","N","","","","Y","0700","03","03","N","N","N"
"0805","2","0","0","0","0","0","0","0","0","1","1","65","36","10","2020","2020089021","3","40.0897","-76.3825","0802","08","0","0","0","0","1","2","0","0","","0","1","0","07","1","2","00","2","40 05:23.058","3","00","76 22:57.147","3","0","0","0","36214","0","0","0","N","0","0","0","6","36214","0","","1","01","N","N","0","","2","0","3","0","0","Y","0749","2","6","0","0","0","0","1","3","0","6","Y","4","1","Y","Y","N","N","N","N","N","Y","1430","03","03","N","Y","N"
"0711","3","0","0","0","0","0","0","0","0","1","0","","36","10","2020","2020089195","4","40.0632","-76.4092","0708","08","0","0","1","0","0","0","0","0","","0","0","0","07","1","1","00","2","40 03:47.503","2","00","76 24:33.179","3","0","0","0","36239","0","0","0","N","0","0","0","3","36239","0","","1","09","N","N","0","","1","0","0","0","0","N","0708","1","3","0","0","0","0","0","3","0","3","N","","","","","","","","","","","0809","98","  ","","N","N"
"1412","1","0","0","0","0","0","0","0","0","1","1","","36","10","2020","2020089196","5","40.045","-76.4224","1410","08","0","0","0","0","0","1","0","0","","0","1","0","14","1","0","01","1","40 02:41.823","3","02","76 25:20.511","0","0","0","0","36239","0","0","0","N","0","0","0","2","36239","0","","1","01","N","N","0","","0","0","0","3","2","N","1410","0","2","0","0","0","0","0","3","0","2","N","","","","","","","","","","","1440","03","  ","","N",""
"1017","1","0","0","0","0","0","0","0","0","4","0","","36","09","2020","2020089194","7","40.0591","-76.4629","1012","08","0","0","0","0","0","0","0","0","","0","0","0","10","1","2","03","2","40 03:32.814","7","00","76 27:46.398","3","0","0","0","36239","0","0","0","N","0","0","0","3","36239","0","","1","09","N","N","0","","1","0","1","0","0","Y","1010","2","2","0","0","0","1","0","3","0","2","N","","","","","","","","","","","1102","07","  ","","N",""
"1657","0","0","1","0","0","0","0","0","0","4","0","","36","10","2020","2020089211","6","40.1425","-76.5949","1654","08","0","0","0","1","0","0","0","1","","0","0","0","16","1","1","03","0","40 08:33.133","","00","76 35:41.606","2","0","0","0","36407","0","0","0","N","0","0","0","4","36407","0","","1","01","N","N","0","","0","1","2","3","3","N","1654","1","2","0","0","0","0","0","2","0","2","N","","","","","","","","","","","","03","  ","","N","N"
"1804","2","0","0","0","0","0","0","0","0","4","0","","36","10","2020","2020089022","5","40.026","-76.2049","1800","08","0","1","1","0","0","0","0","0","","0","0","0","17","1","0","02","1","40 01:33.459","5","00","76 12:17.780","0","0","0","0","36215","0","0","0","N","0","0","0","4","36215","0","","1","01","N","N","0","","0","0","0","3","2","N","1757","0","2","0","0","0","0","0","1","0","2","N","","","","","","","","","","","1854","03","03","","N",""
"0818","0","0","0","0","0","0","0","0","0","7","0","","36","10","2020","2020089235","7","40.256","-76.1844","0810","08","0","0","0","0","0","1","0","0","","0","0","0","08","1","0","00","0","40 15:21.476","","00","76 11:03.823","0","0","0","0","36236","0","0","0","N","0","0","0","1","36408","0","","5","09","N","N","0","","0","0","1","0","0","","0807","0","1","0","0","0","0","0","1","0","1","N","","","","","","","","","","","","05","  ","","N","N"
"1108","0","0","0","0","0","0","0","0","0","4","0","","36","10","2020","2020089253","7","39.851","-76.2208","1052","08","0","0","0","0","0","0","1","0","","0","0","0","10","1","1","01","2","39 51:03.696","5","00","76 13:14.890","3","0","0","0","36212","0","0","0","N","0","0","0","3","68J01","0","","2","01","N","N","1","","1","0","1","3","3","Y","1049","1","2","0","0","0","0","0","1","0","2","N","","","","","","","","","","","1126","03","  ","","N","N"
"1635","2","0","0","0","0","0","0","0","0","1","0","","36","10","2020","2020088987","6","40.1646","-76.2007","1627","08","0","0","0","0","1","1","0","0","","0","0","0","16","1","1","00","0","40 09:52.476","","00","76 12:02.501","3","0","0","0","36218","0","0","0","N","0","0","0","2","36408","0","","1","01","N","N","0","","1","0","0","0","0","","1627","1","2","0","0","1","0","0","1","0","2","N","","","","","","","","","","","","03","  ","","N","N"
"0822","0","0","0","0","0","0","1","0","0","4","2","","36","10","2020","2020089264","4","39.9985","-76.0615","0807","08","0","0","0","0","0","0","0","0","","0","1","0","08","1","0","01","0","39 59:54.479","","00","76 03:41.467","0","0","0","0","36226","0","0","0","N","0","0","0","3","68J01","0","","1","01","Y","N","0","","0","0","0","3","3","","0801","0","2","0","0","0","0","0","1","0","2","N","","","","","","","","","","","","03","  ","","N","N"
"0714","0","0","0","0","0","0","0","0","0","4","2","","36","10","2020","2020089269","5","39.9135","-76.0453","0652","08","0","0","0","0","1","0","0","1","","0","0","0","06","2","1","01","1","39 54:48.553","3","00","76 02:42.913","8","0","0","0","36201","0","0","0","N","0","0","0","4","68J01","0","","1","09","N","N","2","","0","0","0","3","3","N","0643","1","2","0","0","0","1","0","1","0","2","N","","","","","","","","","","","0817","05","  ","","N","N"
"1514","1","0","0","0","0","0","0","0","0","4","0","","36","10","2020","2020089283","5","39.9751","-76.2473","1510","08","0","0","0","0","0","2","0","0","","0","0","0","15","1","1","01","0","39 58:30.378","","00","76 14:50.447","4","0","0","0","36240","0","0","0","N","0","0","0","2","36240","1","","1","01","N","N","0","","0","0","1","3","2","N","1505","1","2","0","0","0","0","0","1","0","2","N","","","","","","","","","","","","03","03","","N",""
"1241","2","0","0","0","0","0","0","0","0","4","0","","36","10","2020","2020089288","7","40.0326","-76.3182","1230","08","0","0","0","0","0","0","0","0","","0","0","0","12","1","0","02","1","40 01:57.313","3","00","76 19:05.617","0","0","0","0","36301","0","0","0","N","0","0","0","3","36301","0","","1","01","N","N","0","","0","0","0","3","3","N","1222","0","2","0","0","0","0","0","3","0","2","N","","","","","","","","","","","1320","04","  ","","N",""
"1335","0","0","0","0","0","0","0","0","0","1","1","99","36","10","2020","2020089310","3","40.0817","-76.3544","1331","08","0","0","0","0","0","0","0","0","","0","1","0","13","1","1","00","1","40 04:54.085","4","00","76 21:15.693","3","0","0","0","36101","0","0","0","N","0","0","0","4","36214","0","","1","01","N","N","0","","1","0","2","0","0","Y","1325","1","3","0","0","0","0","0","3","0","3","Y","8","8","U","","","U","","","","","1554","03","  ","","N","N"
"1456","0","0","0","0","0","0","0","0","0","7","0","","36","10","2020","2020089311","1","39.9954","-76.4332","1447","08","0","0","0","0","0","0","0","0","","0","0","0","14","1","1","00","1","39 59:43.590","6","00","76 25:59.410","3","0","0","0","36223","0","0","0","N","0","0","0","1","36223","0","","4","01","N","N","0","","1","0","1","0","0","N","1447","1","1","0","0","0","0","0","1","0","1","N","","","","","","","","","","","1559","04","  ","","N","N"
"1833","2","0","0","0","0","0","0","0","0","1","0","","36","10","2020","2020089419","3","40.1066","-76.3055","1829","08","0","0","0","0","0","0","1","0","","0","0","0","18","3","1","00","1","40 06:23.705","2","00","76 18:19.670","8","0","0","0","36101","0","0","0","N","0","0","0","5","36101","0","","1","01","N","N","0","","0","0","2","0","0","N","1827","1","4","0","0","0","1","0","3","0","4","N","","","","","","","","","","","1926","03","03","","N","N"
"1240","1","0","0","0","0","0","0","0","0","4","0","","36","10","2020","2020089420","7","40.0635","-76.3589","1229","08","1","0","0","0","0","0","0","0","","0","0","0","12","1","1","01","2","40 03:48.686","4","00","76 21:32.100","3","0","0","0","36214","0","0","0","N","0","0","0","5","36214","0","","1","01","N","N","0","","1","0","1","3","2","Y","1228","1","2","0","0","0","0","0","3","0","2","N","","","","","","","","","","","1322","04","  ","","N",""
"1608","0","0","0","0","0","0","0","0","0","4","1","","36","10","2020","2020089476","2","39.8414","-76.0932","1540","08","0","0","0","0","0","2","0","0","","0","1","0","15","1","1","01","2","39 50:28.973","5","00","76 05:35.577","3","0","0","0","36205","0","0","0","N","0","0","0","2","68J01","0","","1","01","N","N","0","","1","0","1","3","3","Y","1537","1","2","0","0","0","0","0","1","0","2","N","","","","","","","","","","","1715","03","03","","N","N"
"0103","1","0","0","0","0","0","0","0","0","7","0","","36","10","2020","2020089480","6","40.0093","-76.1263","0057","08","0","0","0","0","0","0","0","0","","0","0","0","00","3","0","00","2","40 00:33.507","3","00","76 07:34.658","0","0","0","0","36226","0","0","0","N","0","0","0","1","68J01","0","","4","01","N","N","0","","0","0","0","0","0","N","0047","0","1","0","0","0","0","0","1","0","1","N","","","","","","","","","","","0230","03","  ","","N","N"
"0658","1","0","0","0","0","0","0","0","0","7","0","","36","10","2020","2020089487","1","39.8548","-76.2205","0643","08","0","1","0","0","0","0","0","0","","0","0","0","06","5","1","00","2","39 51:17.102","1","00","76 13:13.753","8","0","0","0","36208","0","0","0","N","0","0","0","1","68J01","0","","4","01","N","N","0","","0","0","0","0","0","N","0638","1","1","0","0","0","1","0","1","0","1","N","","","","","","","","","","","0800","03","03","","N","N"
"2209","1","0","0","0","0","0","0","0","0","4","1","","36","10","2020","2020089492","2","39.851","-76.2208","2148","08","0","0","0","0","0","2","0","0","","0","1","0","21","3","0","01","1","39 51:03.737","1","00","76 13:14.888","0","0","0","0","36212","0","0","0","N","0","0","0","2","68J01","0","","1","01","N","N","0","","0","0","0","3","3","N","2142","0","2","0","0","0","0","0","1","0","2","N","","","","","","","","","","","0030","03","03","","N",""