"ARRIVAL_TM","AUTOMOBILE_COUNT","BELTED_DEATH_COUNT","BELTED_SUSP_SERIOUS_INJ_COUNT","BICYCLE_COUNT","BICYCLE_DEATH_COUNT","BICYCLE_SUSP_SERIOUS_INJ_COUNT","BUS_COUNT","CHLDPAS_DEATH_COUNT","CHLDPAS_SUSP_SERIOUS_INJ_COUNT","COLLISION_TYPE","COMM_VEH_COUNT","CONS_ZONE_SPD_LIM","COUNTY","CRASH_MONTH","CRASH_YEAR","CRN","DAY_OF_WEEK","DEC_LAT","DEC_LONG","DISPATCH_TM","DISTRICT","DRIVER_COUNT_16YR","DRIVER_COUNT_17YR","DRIVER_COUNT_18YR","DRIVER_COUNT_19YR","DRIVER_COUNT_20YR","DRIVER_COUNT_50_64YR","DRIVER_COUNT_65_74YR","DRIVER_COUNT_75PLUS","EST_HRS_CLOSED","FATAL_COUNT","HEAVY_TRUCK_COUNT","HORSE_BUGGY_COUNT","HOUR_OF_DAY","ILLUMINATION","INJURY_COUNT","INTERSECT_TYPE","LANE_CLOSED","LATITUDE","LN_CLOSE_DIR","LOCATION_TYPE","LONGITUDE","MAX_SEVERITY_LEVEL","MCYCLE_DEATH_COUNT","MCYCLE_SUSP_SERIOUS_INJ_COUNT","MOTORCYCLE_COUNT","MUNICIPALITY","NONMOTR_COUNT","NONMOTR_DEATH_COUNT","NONMOTR_SUSP_SERIOUS_INJ_COUNT","NTFY_HIWY_MAINT","PED_COUNT","PED_DEATH_COUNT","PED_SUSP_SERIOUS_INJ_COUNT","PERSON_COUNT","POLICE_AGCY","POSSIBLE_INJ_COUNT","RDWY_SURF_TYPE_CD","RELATION_TO_ROAD","ROAD_CONDITION","SCH_BUS_IND","SCH_ZONE_IND","SMALL_TRUCK_COUNT","SPEC_JURIS_CD","SUSP_MINOR_INJ_COUNT","SUSP_SERIOUS_INJ_COUNT","SUV_COUNT","TCD_FUNC_CD","TCD_TYPE","TFC_DETOUR_IND","TIME_OF_DAY","TOT_INJ_COUNT","TOTAL_UNITS","UNB_DEATH_COUNT","UNB_SUSP_SERIOUS_INJ_COUNT","UNBELTED_OCC_COUNT","UNK_INJ_DEG_COUNT","UNK_INJ_PER_COUNT","URBAN_RURAL","VAN_COUNT","VEHICLE_COUNT","WORK_ZONE_IND","WORK_ZONE_LOC","WORK_ZONE_TYPE","WORKERS_PRES","WZ_CLOSE_DETOUR","WZ_FLAGGER","WZ_LAW_OFFCR_IND","WZ_LN_CLOSURE","WZ_MOVING","WZ_OTHER","WZ_SHLDER_MDN","ROADWAY_CLEARED","WEATHER1","WEATHER2","WZ_WORKERS_INJ_KILLED","SECONDARY_CRASH","INTERSECTION_RELATED"
"1958","1","0","0","0","0","0","0","0","0","4","0","","36","10","2020","2020089502","5","39.9463","-76.0433","1954","08","0","0","0","0","0","2","0","0","","0","0","0","19","2","1","01","0","39 56:46.542","","00","76 02:35.829","3","0","0","0","36231","0","0","0","N","0","0","0","2","68J01","0","","1","01","N","N","0","","1","0","1","3","3","","1949","1","2","0","0","0","0","0","1","0","2","N","","","","","","","","","","","","03","03","","N","N"
"2244","0","0","0","0","0","0","0","0","0","7","1","","36","10","2020","2020089504","6","40.0395","-76.1172","2227","08","0","0","0","0","0","0","0","0","","0","1","0","22","2","1","00","1","40 02:22.303","3","00","76 07:01.953","3","0","0","0","36221","0","0","0","N","0","0","0","1","68J01","0","","4","01","N","N","0","","1","0","0","0","0","N","2227","1","1","0","0","0","0","0","1","0","1","N","","","","","","","","","","","2349","03","03","","N","N"
"1920","0","0","0","1","0","0","0","0","0","4","0","","36","10","2020","2020089913","5","40.1066","-76.0676","1918","08","0","0","0","0","0","0","0","0","","0","0","0","19","3","2","01","2","40 06:23.763","7","00","76 04:03.457","4","0","0","1","36415","1","0","0","N","0","0","0","2","36415","1","","1","01","N","N","0","","0","0","0","3","3","N","1915","2","2","0","0","0","1","0","1","0","1","N","","","","","","","","","","","1940","03","03","","N",""
"2022","0","0","0","0","0","0","0","0","0","7","0","","36","10","2020","2020089869","1","40.2679","-76.1283","2019","08","0","0","0","1","0","0","0","0","","0","0","0","20","2","0","02","0","40 16:04.346","","00","76 07:41.827","0","0","0","0","36236","0","0","0","N","0","0","0","1","36408","0","","5","09","N","N","1","","0","0","0","0","0","","2018","0","1","0","0","0","0","0","1","0","1","N","","","","","","","","","","","","07","  ","","N",""
"0525","1","0","0","0","0","0","0","0","0","4","0","","36","10","2020","2020089907","2","40.0379","-76.2745","0515","08","0","0","0","0","0","0","0","1","","0","0","0","05","3","0","02","0","40 02:16.839","","00","76 16:28.341","0","0","0","0","36220","0","0","0","N","0","0","0","3","36101","0","","1","01","N","N","0","","0","0","1","3","2","","0514","0","2","0","0","0","0","0","3","0","2","N","","","","","","","","","","","","03","03","","N",""
"1855","1","0","0","0","0","0","0","0","0","1","0","","36","10","2020","2020089580","3","40.0513","-76.3206","1848","08","0","0","0","1","0","0","1","0","","0","0","0","18","3","1","00","0","40 03:04.743","","00","76 19:14.104","3","0","0","0","36301","0","0","0","N","0","0","0","2","36101","0","","1","01","N","N","0","","1","0","1","0","0","","1827","1","2","0","0","0","0","0","3","0","2","N","","","","","","","","","","","","03","03","","N","N"
"1527","0","0","0","0","0","0","0","0","0","4","0","","36","10","2020","2020089911","5","40.225","-76.4318","1502","08","0","0","0","0","0","2","0","0","","0","0","0","14","1","0","00","0","40 13:29.889","","07","76 25:54.472","0","0","0","0","36230","0","0","0","N","0","0","0","2","36410","0","","1","01","N","N","0","","0","0","1","0","0","","1454","0","2","0","0","0","0","0","1","1","2","N","","","","","","","","","","","","03","03","","N","N"
"0805","1","0","0","0","0","0","0","0","0","1","0","65","36","10","2020","2020089582","3","40.0896","-76.3822","0802","08","0","0","0","0","1","1","0","0","","0","0","0","07","1","1","00","2","40 05:22.397","3","00","76 22:55.777","3","0","0","0","36214","0","0","0","N","0","0","0","5","36214","0","","1","01","N","N","1","","1","0","2","0","0","Y","0749","1","4","0","0","0","0","0","3","0","4","Y","4","1","Y","Y","N","N","N","N","N","Y","1430","03","  ","N","Y","N"
"1604","2","0","0","0","0","0","0","0","0","1","0","","36","10","2020","2020089579","3","40.0695","-76.3076","1601","08","0","0","0","0","0","0","0","0","","0","0","0","15","1","0","02","0","40 04:10.226","","00","76 18:28.241","0","0","0","0","36101","0","0","0","N","0","0","0","2","36101","0","","1","01","N","N","0","","0","0","0","3","4","","1554","0","2","0","0","0","0","0","3","0","2","N","","","","","","","","","","","","03","03","","N",""
"2140","1","0","0","0","0","0","0","0","0","98","0","","36","10","2020","2020089581","7","40.1047","-76.2536","2124","08","0","0","0","0","0","0","0","0","","0","0","0","21","2","0","00","0","40 06:16.929","","00","76 15:12.850","0","0","0","0","36101","0","0","0","N","0","0","0","1","36101","0","","1","01","N","N","0","","0","0","0","0","0","","2124","0","1","0","0","0","0","0","3","0","1","N","","","","","","","","","","","","03","03","","N","N"
"1831","0","0","0","0","0","0","0","0","0","98","0","","36","10","2020","2020089914","7","40.1504","-76.5647","1827","08","0","0","0","0","0","1","0","0","","0","0","0","18","4","0","00","0","40 09:01.280","","00","76 33:53.096","0","0","0","0","36225","0","0","0","N","0","0","0","1","36505","0","","1","01","N","N","0","","0","0","1","0","0","","1824","0","1","0","0","0","0","0","2","0","1","N","","","","","","","","","","","","03","  ","","N","N"
"2231","1","0","0","0","0","0","0","0","0","4","0","","36","10","2020","2020089725","6","40.0639","-76.2826","2229","08","0","0","0","0","0","1","0","0","","0","0","0","22","3","1","00","0","40 03:50.026","","00","76 16:57.206","2","0","1","1","36101","0","0","0","N","0","0","0","2","36101","0","","1","01","N","N","0","","0","1","0","0","0","","2225","1","2","0","0","0","0","0","3","0","2","N","","","","","","","","","","","","03","03","","N","N"
"1645","1","0","0","0","0","0","0","0","0","1","1","","36","10","2020","2020089726","6","40.0824","-76.351","1633","08","0","0","0","0","0","1","1","0","","0","0","0","16","1","1","02","1","40 04:56.816","1","00","76 21:03.528","4","0","0","0","36214","0","0","0","N","0","0","0","3","36214","1","","1","01","N","N","0","","0","0","0","3","2","N","1630","1","3","0","0","0","0","0","3","2","3","N","","","","","","","","","","","0030","03","  ","","N",""
"1919","2","0","0","0","0","0","0","0","0","4","0","","36","10","2020","2020089728","1","40.0575","-76.3983","1912","08","0","0","1","0","0","0","0","0","","0","0","0","19","3","0","01","0","40 03:26.961","","00","76 23:53.826","0","0","0","0","36214","0","0","0","N","0","0","0","2","36214","0","","1","09","N","N","0","","0","0","0","3","2","","1910","0","2","0","0","0","0","0","3","0","2","N","","","","","","","","","","","","07","  ","","N",""
"0311","1","0","0","0","0","0","0","0","0","7","0","","36","10","2020","2020089729","2","40.0445","-76.3873","0301","08","0","0","0","0","1","0","0","0","","0","0","0","02","2","0","00","2","40 02:40.300","4","00","76 23:14.320","0","0","0","0","36214","0","0","0","N","0","0","0","1","36214","0","","4","09","N","N","0","","0","0","0","0","0","N","0255","0","1","0","0","0","0","0","3","0","1","N","","","","","","","","","","","0345","07","  ","","N","N"
"0650","1","0","0","0","0","0","0","0","0","7","0","","36","10","2020","2020089727","1","40.0976","-76.4054","0654","08","0","0","0","0","0","0","0","0","","0","0","0","06","5","0","00","0","40 05:51.292","","00","76 24:19.347","0","0","0","0","36214","0","0","0","N","0","0","0","1","36214","0","","2","01","N","N","0","","0","0","0","0","0","","0650","0","1","0","0","0","0","0","3","0","1","N","","","","","","","","","","","","03","03","","N","N"
"1603","2","0","0","0","0","0","0","0","0","2","0","","36","10","2020","2020089744","5","40.0282","-76.3164","1539","08","0","0","0","0","0","0","0","0","","0","0","0","15","1","1","01","1","40 01:41.520","2","00","76 18:59.158","3","0","0","0","36301","0","0","0","N","0","0","0","2","36301","0","","1","01","N","N","0","","1","0","0","3","3","N","1539","1","2","0","0","0","0","0","3","0","2","N","","","","","","","","","","","1600","03","03","","N",""
"2040","2","0","0","0","0","0","0","0","0","4","0","","36","10","2020","2020089813","3","40.2264","-76.3031","2008","08","0","0","1","0","0","1","0","0","","0","0","0","20","2","1","00","0","40 13:34.975","","07","76 18:11.169","3","0","0","0","36217","0","0","0","N","0","0","0","4","68J01","0","","1","01","N","N","0","","1","0","0","0","0","","2008","1","2","0","0","0","0","0","1","0","2","N","","","","","","","","","","","","03","03","","N","N"
"1518","1","0","0","0","0","0","0","0","0","4","0","","36","10","2020","2020089864","4","40.0157","-76.3496","1513","08","0","0","0","0","0","0","1","0","","0","0","0","15","1","0","01","1","40 00:56.470","7","00","76 20:58.524","0","0","0","0","36412","0","0","0","N","0","0","0","2","36412","0","","1","01","N","N","0","","0","0","1","3","2","N","1513","0","2","0","0","1","0","0","3","0","2","N","","","","","","","","","","","1645","03","  ","","N","N"
"0550","0","0","0","0","0","0","0","0","0","4","0","","36","10","2020","2020089908","2","40.2317","-76.4336","0543","08","0","0","0","0","0","1","0","0","","0","0","0","05","2","1","00","1","40 13:54.196","2","07","76 26:00.969","8","0","0","0","36230","0","0","0","N","0","0","0","2","36410","0","","1","01","N","N","0","","0","0","1","0","0","N","0540","1","2","0","0","0","1","0","1","1","2","N","","","","","","","","","","","0630","03","03","","N","N"
"1817","1","0","0","0","0","0","0","0","0","2","0","","36","10","2020","2020089909","4","40.1394","-76.496","1804","08","0","0","0","0","0","1","0","0","","0","0","0","18","1","0","02","0","40 08:21.787","","00","76 29:45.438","0","0","0","0","36230","0","0","0","N","0","0","0","2","36410","0","","5","01","N","N","0","","0","0","1","0","0","","1803","0","2","0","0","0","0","0","1","0","2","N","","","","","","","","","","","","03","03","","N",""
"1922","0","0","0","0","0","0","0","0","0","7","0","","36","10","2020","2020089910","5","40.2063","-76.3955","1912","08","0","0","0","0","0","0","0","0","","0","0","0","19","1","1","00","0","40 12:22.767","","00","76 23:43.886","3","0","0","0","36230","0","0","0","N","0","0","0","1","36410","0","","5","09","N","N","1","","1","0","0","0","0","","1910","1","1","0","0","1","0","0","1","0","1","N","","","","","","","","","","","","05","04","","N","N"
"2057","2","0","0","0","0","0","0","0","0","4","0","","36","10","2020","2020089912","5","40.1117","-76.4517","2049","08","1","0","0","0","0","1","0","1","","0","0","0","20","3","1","01","0","40 06:42.025","","00","76 27:06.017","8","0","0","0","36230","0","0","0","N","0","0","0","3","36410","0","","1","01","N","N","1","","0","0","0","3","1","","2048","1","3","0","0","0","1","0","1","0","3","N","","","","","","","","","","","","03","03","","N",""
"0554","0","0","0","0","0","0","0","0","0","7","0","","36","10","2020","2020090083","1","40.0098","-76.3096","0549","08","0","0","1","0","0","0","0","0","","0","0","0","05","2","0","02","0","40 00:35.398","","00","76 18:34.721","0","0","0","0","36220","0","0","0","N","0","0","0","1","36101","0","","4","01","N","N","0","","0","0","1","3","3","","0546","0","1","0","0","0","0","0","3","0","1","N","","","","","","","","","","","","03","03","","N",""
"1413","0","0","0","0","0","0","0","0","0","0","1","","36","10","2020","2020089977","6","39.9937","-76.0311","1401","08","0","0","0","0","0","0","0","0","","0","1","0","13","1","0","00","2","39 59:37.271","3","00","76 01:52.007","0","0","0","0","36232","0","0","0","Y","0","0","0","1","68J01","0","","1","09","N","N","0","","0","0","0","0","0","Y","1351","0","1","0","0","0","0","0","1","0","1","N","","","","","","","","","","","2030","04","  ","","N","N"
"1212","1","0","0","0","0","0","0","0","0","1","0","","36","10","2020","2020089981","7","39.9839","-76.1156","1158","08","0","1","0","0","0","0","0","0","","0","0","0","11","1","0","02","0","39 59:01.867","","00","76 06:56.313","0","0","0","0","36226","0","0","0","N","0","0","0","3","68J01","0","","1","01","N","N","0","","0","0","1","0","0","","1157","0","2","0","0","0","0","0","1","0","2","N","","","","","","","","","","","","03","  ","","N","N"
"2053","0","0","0","0","0","0","0","0","0","4","1","","36","10","2020","2020089996","4","39.9929","-76.0224","2051","08","0","0","0","0","0","1","0","0","","0","0","0","20","2","0","00","0","39 59:34.416","","00","76 01:20.542","0","0","0","0","36232","0","0","0","N","0","0","0","4","68J01","0","","1","01","N","N","0","","0","0","1","0","0","","2040","0","2","0","0","0","0","0","1","0","2","N","","","","","","","","","","","","03","  ","","N","N"
"1701","1","0","0","0","0","0","0","0","0","1","0","","36","10","2020","2020090282","3","40.2022","-76.2194","1651","08","0","0","1","0","0","2","0","0","","0","0","0","16","1","0","00","0","40 12:07.740","","00","76 13:09.890","0","0","0","0","36204","0","0","0","N","0","0","0","4","36506","0","","1","01","N","N","1","","0","0","2","0","0","","1649","0","4","0","0","0","0","0","1","0","4","N","","","","","","","","","","","","03","  ","","N","N"
"1111","1","0","0","0","0","0","0","0","0","6","0","","36","10","2020","2020090276","2","40.0766","-76.4075","1121","08","0","0","1","0","0","0","1","0","","0","0","0","11","1","0","00","1","40 04:35.647","5","00","76 24:27.085","0","0","0","0","36214","0","0","0","N","0","0","0","2","36214","0","","1","09","N","N","0","","0","0","1","0","0","Y","1109","0","2","0","0","0","0","0","3","0","2","N","","","","","","","","","","","1135","03","04","","N","Y"
"0013","0","0","0","0","0","0","0","0","0","7","0","","36","10","2020","2020090285","2","40.1557","-76.2621","0013","08","0","0","0","0","0","0","1","0","","0","0","0","00","3","0","00","2","40 09:20.540","6","00","76 15:43.720","0","0","0","0","36235","0","0","0","N","0","0","0","1","36506","0","","4","09","N","N","1","","0","0","0","0","0","Y","0013","0","1","0","0","0","0","0","1","0","1","N","","","","","","","","","","","0045","07","  ","","N","N"
"0853","0","0","0","0","0","0","0","0","0","5","1","","36","10","2020","2020090084","2","40.0867","-76.268","0847","08","0","0","0","0","0","0","0","0","","0","1","0","08","1","2","00","1","40 05:12.160","1","00","76 16:04.631","4","0","0","0","36101","0","0","0","N","0","0","0","4","36101","2","","1","09","N","N","0","","0","0","1","0","0","N","0846","2","2","0","0","0","0","0","3","0","2","N","","","","","","","","","","","0900","07","07","","N","N"
"0733","0","0","0","0","0","0","0","0","0","2","0","","36","10","2020","2020090085","6","40.0389","-76.5105","0733","08","0","0","0","0","0","1","0","0","","0","1","0","07","1","1","05","1","40 02:20.202","1","00","76 30:37.819","8","0","0","0","36404","0","0","0","N","0","0","0","3","36404","0","","1","09","N","N","0","","0","0","1","3","2","Y","0733","1","2","0","0","0","1","0","3","0","2","N","","","","","","","","","","","0130","07","  ","","N",""
"0752","2","0","0","0","0","0","0","0","0","2","0","","36","10","2020","2020090273","4","40.051","-76.3534","0749","08","0","0","0","0","0","1","0","0","","0","0","0","07","1","1","01","1","40 03:03.625","3","00","76 21:12.345","3","0","0","0","36214","0","0","0","N","0","0","0","2","36214","0","","1","09","N","N","0","","1","0","0","3","2","Y","0747","1","2","0","0","0","0","0","3","0","2","N","","","","","","","","","","","0820","04","07","","N",""
"0954","0","0","0","0","0","0","0","0","0","4","0","","36","10","2020","2020090274","5","40.0448","-76.3711","0952","08","0","0","0","0","0","1","0","0","","0","0","0","09","1","0","00","1","40 02:41.370","2","00","76 22:15.960","0","0","0","0","36214","0","0","0","N","0","0","0","2","36214","0","","1","09","N","N","0","","0","0","2","0","0","N","0952","0","2","0","0","0","0","0","3","0","2","N","","","","","","","","","","","1020","07","05","","N","N"
"1732","1","0","0","0","0","0","0","0","0","1","0","","36","10","2020","2020090275","5","40.0613","-76.3537","1729","08","0","0","0","0","0","2","0","0","","0","0","0","17","1","1","00","2","40 03:40.723","4","00","76 21:13.361","4","0","0","0","36214","0","0","0","N","0","0","0","4","36214","1","","1","01","N","N","1","","0","0","2","0","0","N","1724","1","4","0","0","0","0","0","3","0","4","N","","","","","","","","","","","1830","03","  ","","N","N"
"1734","1","0","0","0","0","0","0","0","0","4","0","","36","10","2020","2020090272","4","40.1093","-76.2501","1729","08","0","0","0","0","0","1","0","0","","0","0","0","17","1","1","01","1","40 06:33.403","3","00","76 15:00.444","3","0","0","1","36101","0","0","0","N","0","0","0","2","36101","0","","1","01","N","N","0","","1","0","0","3","3","N","1727","1","2","0","0","0","0","0","3","0","2","N","","","","","","","","","","","1820","03","03","","N",""
"1452","3","0","0","0","0","0","0","0","0","4","0","","36","10","2020","2020090277","2","40.0741","-76.3709","1440","08","0","0","0","0","0","0","0","1","","0","0","0","14","1","0","01","0","40 04:26.901","","00","76 22:15.317","0","0","0","0","36214","0","0","0","N","0","0","0","3","36214","0","","1","09","N","N","0","","0","0","0","3","2","","1440","0","3","0","0","0","0","0","3","0","3","N","","","","","","","","","","","","03","03","","N",""
"1909","2","0","0","0","0","0","0","0","0","4","0","","36","10","2020","2020090278","2","40.0411","-76.382","1856","08","0","0","0","0","0","1","1","0","","0","0","0","18","2","0","10","0","40 02:27.884","","07","76 22:55.086","0","0","0","0","36214","0","0","0","N","0","0","0","2","36214","0","","1","09","N","N","0","","0","0","0","0","0","","1853","0","2","0","0","0","0","0","3","0","2","N","","","","","","","","","","","","03","  ","","N",""
"2359","1","0","0","0","0","0","0","0","0","7","0","","36","10","2020","2020090280","7","40.084","-76.2286","2353","08","0","0","0","0","0","0","0","0","","0","0","0","23","3","0","00","0","40 05:02.228","","00","76 13:42.977","0","0","0","0","36234","0","0","0","N","0","0","0","1","36215","0","","2","01","N","N","0","","0","0","0","0","0","","2352","0","1","0","0","0","0","0","1","0","1","N","","","","","","","","","","","","03","03","","N","N"
"1002","0","0","0","0","0","0","0","0","0","7","0","","36","10","2020","2020090281","1","40.0079","-76.4289","0956","08","0","0","0","0","0","0","0","0","","0","0","0","09","1","1","00","2","40 00:28.492","5","00","76 25:43.867","2","0","1","1","36223","0","0","0","N","0","0","0","1","36223","0","","4","01","N","N","0","","0","1","0","0","0","Y","0950","1","1","0","0","0","0","0","1","0","1","N","","","","","","","","","","","1045","03","03","","N","N"
"0820","1","0","0","0","0","0","0","0","0","8","0","","36","10","2020","2020090283","6","40.1561","-76.2629","0812","08","0","0","0","0","0","1","0","0","","0","0","0","08","1","1","00","2","40 09:22.050","6","00","76 15:46.430","2","0","0","0","36235","1","0","1","N","1","0","1","2","36506","0","","1","01","N","N","0","","0","1","0","0","0","N","0812","1","2","0","0","0","0","0","1","0","1","N","","","","","","","","","","","0030","05","04","","N","N"
"0952","1","0","0","0","0","0","0","0","0","4","0","","36","10","2020","2020090279","4","40.0228","-76.1673","0944","08","0","0","0","0","0","0","0","1","","0","0","0","09","1","2","02","1","40 01:22.081","2","00","76 10:02.374","4","0","0","0","36215","0","0","0","N","0","0","0","4","36215","2","","1","01","N","N","0","","0","0","0","3","3","N","0943","2","2","0","0","0","0","0","1","1","2","N","","","","","","","","","","","1000","03","  ","","N",""
"1639","1","0","0","0","0","0","0","0","0","4","0","","36","10","2020","2020090284","6","40.1903","-76.3081","1623","08","0","0","0","0","0","0","0","0","","0","0","0","16","1","0","02","0","40 11:24.912","","00","76 18:29.319","0","0","0","0","36235","0","0","0","N","0","0","0","2","36506","0","","1","01","N","N","1","","0","0","0","3","3","","1623","0","2","0","0","0","0","0","1","0","2","N","","","","","","","","","","","","03","  ","","N",""
"0630","1","0","0","0","0","0","0","0","0","7","0","","36","10","2020","2020090286","2","40.1631","-76.2361","0623","08","0","0","0","0","0","0","0","0","","0","0","0","06","2","1","00","2","40 09:47.260","6","00","76 14:09.872","3","0","0","0","36235","0","0","0","N","0","0","0","1","36506","0","","5","09","N","N","0","","1","0","0","0","0","Y","0623","1","1","0","0","0","0","0","1","0","1","N","","","","","","","","","","","0735","07","  ","","N","N"
"1218","1","0","0","0","0","0","0","0","0","1","0","","36","09","2020","2020090664","4","40.0873","-76.1951","1206","08","0","0","0","0","0","2","1","0","","0","0","0","12","1","0","00","0","40 05:14.323","","00","76 11:42.286","0","0","0","0","36234","0","0","0","N","0","0","0","4","36215","0","","1","01","N","N","0","","0","0","1","3","2","","1204","0","3","0","0","0","0","0","1","1","3","N","","","","","","","","","","","","03","03","","N","Y"
"1347","1","0","0","0","0","0","0","0","0","5","1","","36","10","2020","2020090445","4","40.0679","-76.2967","1345","08","0","0","0","0","0","1","0","0","","0","1","0","13","1","0","00","1","40 04:04.495","3","00","76 17:48.239","0","0","0","0","36101","0","0","0","N","0","0","0","2","36101","0","","1","01","N","N","0","","0","0","0","0","0","N","1342","0","2","0","0","0","0","0","3","0","2","N","","","","","","","","","","","1425","03","03","","N","N"
"1156","1","0","0","0","0","0","0","0","0","4","0","","36","10","2020","2020090472","7","40.0377","-76.3085","1149","08","0","0","0","0","0","0","0","0","","0","0","0","11","1","2","01","2","40 02:15.572","5","00","76 18:30.512","8","0","0","0","36301","0","0","0","N","0","0","0","3","36301","0","","1","01","N","N","1","","0","0","0","3","2","N","1149","2","2","0","0","0","2","0","3","0","2","N","","","","","","","","","","","1332","03","03","","N",""
"1406","1","0","0","0","0","0","0","0","0","7","0","","36","10","2020","2020090543","1","40.2275","-76.1168","1401","08","0","1","0","0","0","0","0","0","","0","0","0","14","1","0","00","0","40 13:39.110","","00","76 07:00.490","0","0","0","0","36210","0","0","0","N","0","0","0","1","36210","0","","4","09","N","N","0","","0","0","0","0","0","","1401","0","1","0","0","0","0","0","1","0","1","N","","","","","","","","","","","","07","  ","","N","N"
"2129","1","0","0","0","0","0","0","0","0","7","0","","36","06","2020","2020090613","4","40.1591","-76.153","2123","08","0","0","0","0","0","0","0","0","","0","0","0","21","2","1","00","1","40 09:32.697","2","00","76 09:10.632","2","0","0","0","36238","0","0","0","N","0","0","0","1","36238","0","","4","09","N","N","0","","0","1","0","0","0","N","2123","1","1","0","0","0","0","0","3","0","1","N","","","","","","","","","","","2215","04","  ","","N","N"
"1515","0","0","0","1","0","0","0","0","0","4","0","","36","10","2020","2020090619","4","40.0569","-76.3218","1511","08","0","0","0","0","0","1","0","0","","0","0","0","15","1","1","00","0","40 03:24.726","","00","76 19:18.409","3","0","0","0","36301","1","0","0","N","0","0","0","2","36301","0","","4","01","N","N","1","","1","0","0","0","0","","1511","1","2","0","0","0","0","0","3","0","1","N","","","","","","","","","","","","03","03","","N","N"
"1116","0","0","0","0","0","0","0","0","0","1","0","","36","10","2020","2020090662","3","40.0787","-76.3464","1110","08","0","0","0","0","0","0","0","1","","0","0","0","10","1","0","06","0","40 04:43.375","","02","76 20:46.899","0","0","0","0","36101","0","0","0","N","0","0","0","3","36101","0","","7","01","N","N","1","","0","0","1","3","3","","1034","0","2","0","0","0","0","0","3","0","2","N","","","","","","","","","","","","03","03","","N",""
"1848","1","0","0","0","0","0","0","0","0","4","0","","36","10","2020","2020090446","5","40.1647","-76.2974","1845","08","0","0","0","0","0","0","0","0","","0","0","0","18","3","1","03","2","40 09:52.832","7","00","76 17:50.654","4","0","0","0","36409","0","0","0","N","0","0","0","3","36409","1","","1","01","N","N","0","","0","0","1","3","3","Y","1844","1","2","0","0","1","0","0","3","0","2","N","","","","","","","","","","","1925","03","  ","","N",""
"1511","0","0","0","0","0","0","0","0","0","4","0","","36","10","2020","2020090663","3","40.0444","-76.2763","1511","08","0","0","0","0","0","1","0","1","","0","0","0","15","1","0","00","1","40 02:39.830","4","00","76 16:34.780","0","0","0","1","36220","0","0","0","N","0","0","0","3","36101","0","","1","01","N","N","1","","0","0","0","0","0","N","1509","0","2","0","0","0","0","0","3","0","2","N","","","","","","","","","","","1525","03","03","","N","N"
"1601","2","0","0","0","0","0","0","0","0","1","0","","36","10","2020","2020090665","5","40.0162","-76.1613","1553","08","0","0","0","0","0","0","0","0","","0","0","0","15","1","0","00","0","40 00:58.377","","00","76 09:40.682","0","0","0","0","36215","0","0","0","N","0","0","0","2","36215","0","","1","01","N","N","0","","0","0","0","0","0","","1548","0","2","0","0","0","0","0","1","0","2","N","","","","","","","","","","","","03","03","","N","N"
"0448","1","0","0","0","0","0","0","0","0","7","0","","36","10","2020","2020090408","5","40.0082","-76.3446","0443","08","0","0","0","0","0","0","0","0","","0","0","0","04","3","0","00","0","40 00:29.490","","07","76 20:40.584","0","0","0","0","36220","0","0","0","N","0","0","0","1","36412","0","","2","09","N","N","0","","0","0","0","0","0","","0443","0","1","0","0","0","0","0","3","0","1","N","","","","","","","","","","","","05","  ","","N","N"
"1115","1","0","0","0","0","0","0","0","0","4","0","","36","09","2020","2020091215","2","39.9225","-76.2487","1054","08","0","0","0","0","0","0","0","1","","0","0","0","10","1","0","00","0","39 55:20.895","","07","76 14:55.197","0","0","0","0","36229","0","0","0","N","0","0","0","2","68J01","0","","1","01","N","N","0","","0","0","1","0","0","","1054","0","2","0","0","0","0","0","1","0","2","N","","","","","","","","","","","","03","03","","N","N"
"1431","0","0","0","0","0","0","0","0","0","5","1","","36","10","2020","2020090902","4","40.0705","-76.3185","1421","08","0","0","0","0","0","0","0","0","","0","1","0","14","1","1","00","0","40 04:13.728","","00","76 19:06.721","3","0","0","1","36101","0","0","0","N","0","0","0","2","36101","0","","1","01","N","N","0","","1","0","0","0","0","","1419","1","2","0","0","0","0","0","3","0","2","N","","","","","","","","","","","","03","03","","N","N"
"1516","0","0","0","0","0","0","0","0","0","7","0","","36","10","2020","2020090903","6","40.095","-76.2888","1513","08","0","0","0","0","0","0","0","0","","0","0","0","15","1","0","00","2","40 05:42.113","6","00","76 17:19.558","0","0","0","0","36101","0","0","0","N","0","0","0","1","36101","0","","5","01","N","N","1","","0","0","0","0","0","Y","1511","0","1","0","0","0","0","0","3","0","1","N","","","","","","","","","","","2000","03","  ","","N","N"
"1000","0","0","0","0","0","0","0","0","0","1","0","35","36","10","2020","2020090905","4","40.0884","-76.3806","0957","08","0","0","0","0","0","2","0","0","","0","0","0","09","1","1","02","0","40 05:18.375","","00","76 22:50.176","3","0","0","0","36214","0","0","0","N","0","0","0","3","36214","0","","1","09","N","N","0","","1","0","2","3","2","","0955","1","2","0","0","0","0","0","3","0","2","Y","4","1","Y","N","N","N","N","N","N","Y","","07","  ","N","N",""