"ARRIVAL_TM","AUTOMOBILE_COUNT","BELTED_DEATH_COUNT","BELTED_SUSP_SERIOUS_INJ_COUNT","BICYCLE_COUNT","BICYCLE_DEATH_COUNT","BICYCLE_SUSP_SERIOUS_INJ_COUNT","BUS_COUNT","CHLDPAS_DEATH_COUNT","CHLDPAS_SUSP_SERIOUS_INJ_COUNT","COLLISION_TYPE","COMM_VEH_COUNT","CONS_ZONE_SPD_LIM","COUNTY","CRASH_MONTH","CRASH_YEAR","CRN","DAY_OF_WEEK","DEC_LAT","DEC_LONG","DISPATCH_TM","DISTRICT","DRIVER_COUNT_16YR","DRIVER_COUNT_17YR","DRIVER_COUNT_18YR","DRIVER_COUNT_19YR","DRIVER_COUNT_20YR","DRIVER_COUNT_50_64YR","DRIVER_COUNT_65_74YR","DRIVER_COUNT_75PLUS","EST_HRS_CLOSED","FATAL_COUNT","HEAVY_TRUCK_COUNT","HORSE_BUGGY_COUNT","HOUR_OF_DAY","ILLUMINATION","INJURY_COUNT","INTERSECT_TYPE","LANE_CLOSED","LATITUDE","LN_CLOSE_DIR","LOCATION_TYPE","LONGITUDE","MAX_SEVERITY_LEVEL","MCYCLE_DEATH_COUNT","MCYCLE_SUSP_SERIOUS_INJ_COUNT","MOTORCYCLE_COUNT","MUNICIPALITY","NONMOTR_COUNT","NONMOTR_DEATH_COUNT","NONMOTR_SUSP_SERIOUS_INJ_COUNT","NTFY_HIWY_MAINT","PED_COUNT","PED_DEATH_COUNT","PED_SUSP_SERIOUS_INJ_COUNT","PERSON_COUNT","POLICE_AGCY","POSSIBLE_INJ_COUNT","RDWY_SURF_TYPE_CD","RELATION_TO_ROAD","ROAD_CONDITION","SCH_BUS_IND","SCH_ZONE_IND","SMALL_TRUCK_COUNT","SPEC_JURIS_CD","SUSP_MINOR_INJ_COUNT","SUSP_SERIOUS_INJ_COUNT","SUV_COUNT","TCD_FUNC_CD","TCD_TYPE","TFC_DETOUR_IND","TIME_OF_DAY","TOT_INJ_COUNT","TOTAL_UNITS","UNB_DEATH_COUNT","UNB_SUSP_SERIOUS_INJ_COUNT","UNBELTED_OCC_COUNT","UNK_INJ_DEG_COUNT","UNK_INJ_PER_COUNT","URBAN_RURAL","VAN_COUNT","VEHICLE_COUNT","WORK_ZONE_IND","WORK_ZONE_LOC","WORK_ZONE_TYPE","WORKERS_PRES","WZ_CLOSE_DETOUR","WZ_FLAGGER","WZ_LAW_OFFCR_IND","WZ_LN_CLOSURE","WZ_MOVING","WZ_OTHER","WZ_SHLDER_MDN","ROADWAY_CLEARED","WEATHER1","WEATHER2","WZ_WORKERS_INJ_KILLED","SECONDARY_CRASH","INTERSECTION_RELATED"
"0653","3","0","0","0","0","0","0","0","0","1","0","","36","10","2020","2020090907","6","40.0436","-76.5129","0649","08","0","0","0","0","1","0","0","1","","0","0","0","06","5","6","01","2","40 02:37.018","7","00","76 30:46.496","3","0","0","0","36239","0","0","0","N","0","0","0","8","36239","0","","1","01","N","N","1","","6","0","0","0","0","N","0649","6","4","0","0","0","0","0","3","0","4","N","","","","","","","","","","","0755","03","  ","","N",""
"1714","0","0","0","0","0","0","0","0","0","7","0","","36","10","2020","2020090908","5","40.0645","-76.4128","1711","08","0","0","0","0","0","0","1","0","","0","0","0","17","1","0","00","1","40 03:52.240","4","00","76 24:46.120","0","0","0","0","36239","0","0","0","N","0","0","0","1","36239","0","","4","01","N","N","0","","0","0","1","0","0","N","1711","0","1","0","0","1","0","0","3","0","1","N","","","","","","","","","","","1755","03","  ","","N","N"
"0141","1","0","1","0","0","0","0","0","0","7","0","","36","10","2020","2020090909","2","40.0415","-76.4503","0139","08","0","0","1","0","0","0","0","0","","0","0","0","01","2","2","00","2","40 02:29.264","6","00","76 27:01.130","2","0","0","0","36239","0","0","0","N","0","0","0","2","36239","0","","5","09","N","N","0","","0","1","0","0","0","Y","0139","2","1","0","0","0","1","0","3","0","1","N","","","","","","","","","","","0229","07","  ","","N","N"
"1644","1","0","0","0","0","0","0","0","0","1","0","","36","10","2020","2020090906","4","40.0964","-76.446","1637","08","0","0","0","0","0","1","0","0","","0","0","0","16","1","0","01","2","40 05:47.030","5","00","76 26:45.526","0","0","0","0","36239","0","0","0","N","0","0","0","2","36239","0","","1","01","N","N","1","","0","0","0","0","0","N","1637","0","2","0","0","0","0","0","3","0","2","N","","","","","","","","","","","1729","04","  ","","N",""
"1102","1","0","0","0","0","0","0","0","0","5","0","","36","10","2020","2020090924","7","40.1661","-76.1457","1052","08","0","0","0","0","1","1","0","0","","0","0","0","10","1","0","00","0","40 09:57.806","","00","76 08:44.474","0","0","0","0","36218","0","0","0","N","0","0","0","5","36408","0","","1","01","N","N","0","","0","0","1","0","0","","1052","0","2","0","0","0","0","0","1","0","2","N","","","","","","","","","","","","03","03","","N","N"
"0710","0","0","0","0","0","0","0","0","0","6","1","","36","10","2020","2020090976","3","39.9778","-76.3188","0704","08","0","0","0","0","0","0","1","0","","0","1","0","07","1","0","00","2","39 58:40.007","5","00","76 19:07.646","0","0","0","0","36228","0","0","0","N","0","0","0","2","36228","0","","1","01","N","N","1","","0","0","0","0","0","Y","0704","0","2","0","0","0","0","0","1","0","2","N","","","","","","","","","","","0745","03","  ","","N","N"
"0710","0","0","0","0","0","0","0","0","0","4","1","","36","10","2020","2020090977","2","39.945","-76.2603","0701","08","0","0","0","0","0","1","0","0","","0","1","0","07","1","1","01","1","39 56:42.087","5","00","76 15:37.167","8","0","0","0","36228","0","0","0","N","0","0","0","5","36228","0","","1","09","N","N","1","","0","0","0","3","3","N","0701","1","2","0","0","0","1","0","1","0","2","N","","","","","","","","","","","0745","07","  ","","N","N"
"1548","0","0","0","0","0","0","0","0","0","1","0","","36","10","2020","2020091140","7","40.1324","-76.215","1543","08","0","0","0","1","0","0","0","0","","0","0","0","15","1","0","00","1","40 07:56.717","1","00","76 12:54.057","0","0","0","0","36238","0","0","0","N","0","0","0","3","36238","0","","1","01","N","N","1","","0","0","1","0","0","N","1543","0","2","0","0","0","0","0","3","0","2","N","","","","","","","","","","","1636","03","  ","","N","N"
"2242","2","0","0","0","0","0","0","0","0","5","0","","36","10","2020","2020091155","4","40.0351","-76.5082","2242","08","0","0","0","0","0","1","0","0","","0","0","0","22","3","0","00","0","40 02:06.300","","00","76 30:29.600","0","0","0","0","36404","0","0","0","N","0","0","0","1","36404","0","","6","01","N","N","0","","0","0","0","0","0","N","2242","0","2","0","0","0","0","0","3","0","2","N","","","","","","","","","","","","03","  ","","N","N"
"0627","0","0","0","0","0","0","0","0","0","98","0","","36","10","2020","2020090928","5","40.0151","-76.3009","0623","08","0","0","0","0","0","1","0","0","","0","0","0","06","3","0","00","0","40 00:54.315","","00","76 18:03.232","0","0","0","0","36240","0","0","0","N","0","0","0","1","36240","0","","1","09","N","N","0","","0","0","1","0","0","","0623","0","1","0","0","0","0","0","1","0","1","N","","","","","","","","","","","","07","  ","","N","N"
"1357","0","0","0","0","0","0","0","0","0","4","0","","36","10","2020","2020090897","6","40.2604","-76.1152","1352","08","0","0","0","0","1","0","0","0","","0","0","0","13","1","1","00","2","40 15:37.365","5","00","76 06:54.653","3","0","0","1","36210","0","0","0","N","0","0","0","2","36210","0","","1","01","N","N","0","","1","0","0","0","0","Y","1353","1","2","0","0","0","0","0","1","0","2","N","","","","","","","","","","","1424","04","  ","","N","Y"
"1609","1","0","0","0","0","0","0","0","0","7","0","","36","10","2020","2020091172","1","40.0564","-76.2702","1606","08","0","0","1","0","0","0","0","0","","0","0","0","16","1","1","00","1","40 03:23.050","4","02","76 16:12.615","4","0","0","0","36215","0","0","0","N","0","0","0","1","36215","1","","3","09","N","N","0","","0","0","0","3","4","N","1602","1","1","0","0","1","0","0","1","0","1","N","","","","","","","","","","","1651","04","04","","N","N"
"1445","1","0","0","0","0","0","0","0","0","7","0","","36","10","2020","2020090910","2","40.0592","-76.4627","1442","08","0","0","0","0","0","0","0","0","","0","0","0","14","1","0","00","0","40 03:32.944","","00","76 27:45.795","0","0","0","0","36239","0","0","0","N","0","0","0","1","36239","0","","4","09","N","N","0","","0","0","0","3","3","","1442","0","1","0","0","0","0","0","3","0","1","N","","","","","","","","","","","","07","05","","N","N"
"0419","0","0","0","0","0","0","0","0","0","7","0","","36","10","2020","2020090904","2","40.0681","-76.2933","0416","08","0","0","0","0","0","0","0","0","","0","0","0","04","3","1","00","0","40 04:05.131","","00","76 17:35.914","3","0","0","0","36101","0","0","0","N","0","0","0","1","36101","0","","3","09","N","N","0","","1","0","1","0","0","","0413","1","1","0","0","0","0","0","3","0","1","N","","","","","","","","","","","","07","07","","N","N"
"1235","0","0","0","0","0","0","0","0","0","5","0","","36","10","2020","2020090911","3","40.0397","-76.4505","1233","08","0","0","0","0","0","1","1","0","","0","0","0","12","1","0","00","0","40 02:23.029","","00","76 27:01.839","0","0","0","0","36239","0","0","0","N","0","0","0","6","36239","0","","1","01","N","N","2","","0","0","2","0","0","","1233","0","4","0","0","0","0","0","3","0","4","N","","","","","","","","","","","","03","  ","","N","N"
"0804","2","0","0","0","0","0","0","0","0","1","0","","36","10","2020","2020091090","4","40.2341","-76.1336","0803","08","0","0","0","0","0","0","0","0","","0","0","0","08","1","2","00","1","40 14:02.800","2","00","76 08:01.100","3","0","0","0","36405","0","0","0","N","0","0","0","3","36210","0","","1","09","N","N","0","","2","0","0","3","6","N","0803","2","2","0","0","0","0","0","1","0","2","N","","","","","","","","","","","0904","07","  ","","N","N"
"1358","0","0","0","0","0","0","0","0","0","4","0","","36","10","2020","2020091170","4","40.0475","-76.3616","1357","08","0","0","0","0","0","0","1","1","","0","0","0","13","1","2","00","1","40 02:51.172","3","07","76 21:41.688","4","0","0","0","36214","0","0","0","N","0","0","0","2","36214","2","","1","09","N","N","0","","0","0","2","3","3","Y","1355","2","2","0","0","0","0","0","3","0","2","N","","","","","","","","","","","0044","04","04","","N","N"
"1126","0","0","0","0","0","0","0","0","0","7","0","","36","10","2020","2020091141","4","40.1079","-76.1751","1118","08","0","0","0","0","0","0","1","0","","0","0","0","11","1","1","00","1","40 06:28.600","5","00","76 10:30.500","4","0","0","0","36238","0","0","0","N","0","0","0","1","36238","1","","4","01","N","N","0","","0","0","1","0","0","N","1118","1","1","0","0","0","0","0","3","0","1","N","","","","","","","","","","","1238","04","  ","","N","N"
"0910","1","0","0","0","0","0","0","0","0","4","0","","36","10","2020","2020091169","5","40.0602","-76.2775","0903","08","0","0","0","0","0","0","0","0","","0","0","0","09","1","1","01","1","40 03:36.113","3","00","76 16:38.939","3","0","0","0","36101","0","0","0","N","0","0","0","2","36101","0","","1","09","N","N","1","","1","0","0","3","2","N","0900","1","2","0","0","0","0","0","3","0","2","N","","","","","","","","","","","1000","07","  ","","N",""
"0932","1","0","0","0","0","0","0","0","0","7","0","","36","10","2020","2020091171","6","40.0755","-76.1528","0929","08","0","0","0","0","0","1","0","0","","0","0","0","09","1","1","00","0","40 04:31.730","","00","76 09:10.130","3","0","0","0","36234","0","0","0","N","0","0","0","1","36215","0","","2","01","N","N","0","","1","0","0","0","0","","0928","1","1","0","0","0","0","0","1","0","1","N","","","","","","","","","","","","03","03","","N","N"
"0708","0","0","0","0","0","0","0","0","0","4","0","","36","10","2020","2020091168","5","40.1093","-76.2501","0703","08","0","0","0","0","0","1","1","0","","0","0","0","07","5","1","01","0","40 06:33.403","","00","76 15:00.444","3","0","0","0","36101","0","0","0","N","0","0","0","2","36101","0","","1","09","N","N","0","","1","0","2","3","3","","0702","1","2","0","0","0","0","0","3","0","2","N","","","","","","","","","","","","07","  ","","N",""
"0705","1","0","0","0","0","0","0","0","0","7","0","","36","10","2020","2020091228","6","39.8149","-76.1287","0702","08","0","0","0","0","0","0","0","0","","0","0","0","06","2","0","00","0","39 48:53.407","","00","76 07:43.187","0","0","0","0","36222","0","0","0","N","0","0","0","1","68J01","0","","4","01","N","N","0","","0","0","0","0","0","","0640","0","1","0","0","0","0","0","1","0","1","N","","","","","","","","","","","","03","  ","","N","N"
"1642","2","0","0","0","0","0","0","0","0","4","0","","36","10","2020","2020091293","5","40.153","-76.607","1638","08","0","0","0","0","0","0","1","1","","0","0","0","16","1","0","01","1","40 09:10.953","5","00","76 36:25.168","0","0","0","0","36407","0","0","0","N","0","0","0","2","36407","0","","1","09","N","N","0","","0","0","0","3","3","N","1642","0","2","0","0","0","0","0","2","0","2","N","","","","","","","","","","","1715","07","  ","","N",""
"1915","2","0","0","0","0","0","0","0","0","4","0","","36","10","2020","2020091361","3","40.0638","-76.3405","1909","08","0","0","1","0","0","0","0","0","","0","0","0","19","3","1","01","1","40 03:49.546","3","00","76 20:25.898","3","0","0","0","36101","0","0","0","N","0","0","0","3","36101","0","","1","01","N","N","0","","1","0","0","3","2","N","1905","1","2","0","0","0","0","0","3","0","2","N","","","","","","","","","","","2000","03","  ","","N",""
"1524","1","0","0","0","0","0","0","0","0","1","0","","36","10","2020","2020091362","4","40.0387","-76.3573","1517","08","0","0","0","0","0","1","1","0","","0","0","0","15","1","1","00","1","40 02:19.148","4","00","76 21:26.141","3","0","0","0","36214","0","0","0","N","0","0","0","2","36214","0","","1","01","N","N","1","","1","0","0","0","0","N","1515","1","2","0","0","0","0","0","3","0","2","N","","","","","","","","","","","1550","03","03","","N","N"
"0050","1","0","0","0","0","0","0","0","0","7","0","","36","10","2020","2020091363","2","40.0591","-76.4629","0039","08","0","0","0","0","0","0","0","0","","0","0","0","00","2","0","03","2","40 03:32.814","5","00","76 27:46.398","0","0","0","0","36239","0","0","0","N","0","0","0","1","36239","0","","5","09","N","N","0","","0","0","0","0","0","Y","0039","0","1","0","0","0","0","0","3","0","1","N","","","","","","","","","","","0200","07","  ","","N",""
"1703","1","0","0","0","0","0","0","0","0","4","0","","36","10","2020","2020091376","2","40.0348","-76.2978","1700","08","0","0","0","0","0","0","0","0","","0","0","0","17","1","1","01","2","40 02:05.128","5","00","76 17:51.982","3","0","0","0","36301","0","0","0","N","0","0","0","2","36301","0","","1","01","N","N","1","","1","0","0","3","3","Y","1700","1","2","0","0","0","0","0","3","0","2","N","","","","","","","","","","","1736","03","  ","","N","N"
"0620","0","0","2","0","0","0","0","0","0","7","0","","36","09","2020","2020091740","1","39.9607","-76.28","0615","08","0","0","0","0","0","0","0","0","","0","0","0","06","2","3","00","2","39 57:38.500","6","00","76 16:47.900","2","0","0","0","36228","0","0","0","N","0","0","0","3","36228","0","","4","09","N","N","1","","0","3","0","0","0","Y","0615","3","1","0","1","1","0","0","1","0","1","N","","","","","","","","","","","0900","05","  ","","Y","N"
"0711","0","0","0","0","0","0","0","0","0","1","0","","36","10","2020","2020091564","4","40.2075","-76.2215","0655","08","0","0","0","1","0","0","0","0","","0","0","0","06","2","0","00","0","40 12:27.116","","00","76 13:17.389","0","0","0","0","36204","0","0","0","N","0","0","0","2","36506","0","","1","09","N","N","0","","0","0","2","0","0","","0654","0","2","0","0","0","0","0","1","0","2","N","","","","","","","","","","","","07","07","","N","Y"
"1637","1","0","0","0","0","0","0","0","0","8","0","","36","10","2020","2020091395","5","40.0338","-76.3213","1632","08","0","0","0","0","0","0","0","0","","0","0","0","16","1","1","00","2","40 02:01.682","3","00","76 19:16.683","8","0","0","0","36301","1","0","0","N","1","0","0","2","36301","0","","1","01","N","N","0","","0","0","0","0","0","Y","1630","1","2","0","0","0","1","0","3","0","1","N","","","","","","","","","","","1700","03","  ","","N","N"
"1655","0","0","0","0","0","0","0","0","0","1","0","","36","10","2020","2020091562","5","40.0682","-76.3019","1632","08","0","0","0","0","0","0","0","0","","0","0","0","16","1","0","00","0","40 04:05.381","","00","76 18:06.807","0","0","0","0","36101","0","0","0","N","0","0","0","2","36101","0","","1","01","N","N","1","","0","0","0","0","0","","1630","0","2","0","0","0","0","0","3","1","2","N","","","","","","","","","","","","03","  ","","N","N"
"1225","1","0","0","0","0","0","0","0","0","1","0","","36","10","2020","2020091501","6","40.1707","-76.197","1221","08","0","0","0","0","0","0","0","0","","0","0","0","12","1","0","00","1","40 10:14.400","1","00","76 11:49.309","0","0","0","0","36408","0","0","0","N","0","0","0","2","36408","0","","1","09","N","N","0","","0","0","1","0","0","N","1217","0","2","0","0","0","0","0","2","0","2","N","","","","","","","","","","","1244","04","  ","","N","Y"
"1201","2","0","0","0","0","0","0","0","0","4","0","","36","10","2020","2020091531","6","39.984","-76.2512","1159","08","0","1","0","0","0","1","0","0","","0","0","0","11","1","3","00","0","39 59:02.362","","00","76 15:04.486","3","0","0","0","36240","0","0","0","N","0","0","0","3","36240","0","","1","09","N","N","0","","2","0","0","0","0","","1159","3","2","0","0","0","1","0","1","0","2","N","","","","","","","","","","","","07","  ","","N","N"
"1425","1","0","0","0","0","0","0","0","0","4","0","","36","10","2020","2020091561","4","40.1147","-76.244","1423","08","0","0","0","0","0","1","0","0","","0","0","0","14","1","1","02","2","40 06:52.778","7","00","76 14:38.314","2","0","1","1","36101","0","0","0","N","0","0","0","2","36101","0","","1","01","N","N","0","","0","1","0","3","3","Y","1420","1","2","0","0","0","0","0","3","0","2","N","","","","","","","","","","","1557","03","  ","","N",""
"1505","1","0","0","0","0","0","0","0","0","1","0","","36","10","2020","2020091560","3","40.0517","-76.3214","1445","08","0","0","0","0","0","0","0","0","","0","0","0","14","1","0","02","0","40 03:06.147","","00","76 19:16.872","0","0","0","0","36301","0","0","0","N","0","0","0","2","36101","0","","1","01","N","N","0","","0","0","1","3","2","","1443","0","2","0","0","0","0","0","3","0","2","N","","","","","","","","","","","","03","  ","","N",""
"1822","1","0","0","0","0","0","0","0","0","4","0","","36","10","2020","2020091563","5","40.0251","-76.3325","1816","08","0","0","0","0","0","1","0","0","","0","0","0","18","2","0","02","1","40 01:30.485","1","00","76 19:56.895","0","0","0","0","36220","0","0","0","N","0","0","0","2","36101","0","","1","09","N","N","1","","0","0","0","3","3","N","1813","0","2","0","0","0","0","0","3","0","2","N","","","","","","","","","","","1900","07","07","","N",""
"0111","0","0","0","0","0","0","0","0","0","7","0","","36","09","2020","2020091604","4","39.9728","-76.0069","0053","08","0","0","0","0","0","1","0","0","","0","0","0","00","3","1","00","2","39 58:22.234","1","00","76 00:24.863","3","0","0","0","36231","0","0","0","Y","0","0","0","1","68J01","0","","2","09","N","N","1","","1","0","0","0","0","N","0045","1","1","0","0","0","0","0","1","0","1","N","","","","","","","","","","","0145","07","07","","N","N"
"2308","0","0","0","0","0","0","0","0","0","0","0","","36","09","2020","2020091602","1","39.9838","-75.9881","2300","08","0","0","0","0","0","0","0","0","","0","0","0","22","2","1","00","1","39 59:01.790","1","00","75 59:17.050","8","0","0","1","36231","0","0","0","N","0","0","0","1","68J01","0","","4","01","N","N","0","","0","0","0","0","0","N","2252","1","1","0","0","0","1","0","1","0","1","N","","","","","","","","","","","2330","03","  ","","N","N"
"2130","1","0","0","0","0","0","0","0","0","2","0","","36","10","2020","2020091712","5","40.187","-76.1582","2127","08","0","0","0","1","0","0","0","0","","0","0","0","21","3","0","00","1","40 11:13.200","3","00","76 09:29.440","0","0","0","0","36218","0","0","0","N","0","0","0","1","36408","0","","2","01","N","N","1","","0","0","0","0","0","N","2127","0","2","0","0","0","0","0","1","0","2","N","","","","","","","","","","","2200","03","  ","","N","N"
"1842","1","0","0","0","0","0","0","0","0","1","0","","36","10","2020","2020091722","6","40.0635","-76.3589","1840","08","0","0","0","0","0","1","0","0","","0","0","0","18","3","0","01","1","40 03:48.686","4","00","76 21:32.100","0","0","0","0","36214","0","0","0","N","0","0","0","2","36214","0","","1","01","N","N","0","","0","0","1","3","2","N","1839","0","2","0","0","0","0","0","3","0","2","N","","","","","","","","","","","1909","04","  ","","N",""
"1916","1","0","0","0","0","0","0","0","0","7","0","","36","10","2020","2020091723","6","40.0476","-76.3565","1913","08","0","0","0","0","0","1","1","0","","0","0","0","19","3","0","02","1","40 02:51.205","1","00","76 21:23.489","0","0","0","0","36214","0","0","0","N","0","0","0","2","36214","0","","5","01","N","N","0","","0","0","1","3","2","N","1908","0","2","0","0","0","0","0","3","0","2","N","","","","","","","","","","","1945","03","  ","","N",""
"0035","0","0","0","0","0","0","0","0","0","98","0","","36","10","2020","2020091724","7","40.0539","-76.3723","0030","08","0","0","0","0","0","0","0","0","","0","0","0","00","2","0","00","0","40 03:13.922","","00","76 22:20.384","0","0","0","0","36214","0","0","0","N","0","0","0","1","36214","0","","1","01","N","N","0","","0","0","1","0","0","","0029","0","1","0","0","0","0","0","3","0","1","N","","","","","","","","","","","","03","  ","","N","N"
"0904","2","0","0","0","0","0","0","0","0","4","0","","36","10","2020","2020091725","4","40.088","-76.0622","0850","08","0","0","0","0","0","0","0","1","","0","0","0","08","1","1","02","0","40 05:16.767","","00","76 03:43.927","3","0","0","0","36209","0","0","0","N","0","0","0","2","36415","0","","1","09","N","N","0","","1","0","0","0","0","","0850","1","2","0","0","0","0","0","1","0","2","N","","","","","","","","","","","","07","07","","N",""
"0535","1","0","0","0","0","0","0","0","0","98","0","","36","10","2020","2020091855","6","40.074","-76.2864","0527","08","0","0","0","0","0","1","0","0","","0","0","0","05","3","0","00","0","40 04:26.504","","00","76 17:11.197","0","0","0","0","36101","0","0","0","N","0","0","0","1","36101","0","","1","09","N","N","0","","0","0","0","0","0","","0524","0","1","0","0","0","0","0","3","0","1","N","","","","","","","","","","","","07","07","","N","N"
"1620","1","0","0","0","0","0","0","0","0","4","0","","36","10","2020","2020091856","6","40.0638","-76.3405","1614","08","0","0","0","0","0","1","0","0","","0","0","0","16","1","0","01","1","40 03:49.895","3","00","76 20:25.345","0","0","0","0","36101","0","0","0","N","0","0","0","3","36101","0","","1","01","N","N","0","","0","0","1","3","2","N","1612","0","2","0","0","0","0","0","3","0","2","N","","","","","","","","","","","1650","03","  ","","N",""
"1652","1","0","0","0","0","0","0","0","0","7","0","","36","10","2020","2020091857","6","40.0627","-76.3674","1642","08","0","0","0","0","0","0","0","0","","0","0","0","16","1","0","00","0","40 03:45.710","","00","76 22:02.520","0","0","0","0","36214","0","0","0","N","0","0","0","1","36214","0","","2","01","N","N","0","","0","0","0","0","0","","1642","0","1","0","0","0","0","0","3","0","1","N","","","","","","","","","","","","03","03","","N","N"
"1026","1","0","0","0","0","0","0","0","0","4","0","","36","10","2020","2020091858","5","40.009","-76.4293","1017","08","0","0","0","0","0","0","0","0","","0","0","0","10","1","1","01","2","40 00:32.544","5","00","76 25:45.623","3","0","0","0","36223","0","0","0","N","0","0","0","2","36223","0","","1","09","N","N","1","","1","0","0","0","0","Y","1013","1","2","0","0","0","0","0","1","0","2","N","","","","","","","","","","","0100","04","  ","","N",""
"2131","1","0","0","0","0","0","0","0","0","7","0","","36","10","2020","2020091907","7","40.0325","-76.4953","2130","08","0","0","0","0","0","0","0","1","","0","0","0","21","3","0","03","0","40 01:57.118","","00","76 29:43.198","0","0","0","0","36404","0","0","0","N","0","0","0","2","36404","0","","5","01","N","N","0","","0","0","0","0","0","N","2130","0","1","0","0","0","0","0","3","0","1","N","","","","","","","","","","","","03","03","","N","N"
"1548","2","0","0","0","0","0","0","0","0","4","0","","36","10","2020","2020091951","6","40.0484","-76.3011","1547","08","0","0","1","0","0","0","0","0","","0","0","0","15","1","0","01","0","40 02:54.355","","00","76 18:03.826","0","0","0","0","36301","0","0","0","N","0","0","0","3","36301","0","","1","01","N","N","0","","0","0","0","3","3","","1511","0","2","0","0","0","0","0","3","0","2","N","","","","","","","","","","","","03","03","","N",""
"0958","1","0","0","0","0","0","0","0","0","4","0","","36","11","2020","2020091977","1","40.0316","-76.3107","0945","08","0","0","0","0","0","0","0","0","","0","0","0","09","1","0","01","0","40 01:53.684","","00","76 18:38.671","0","0","0","0","36301","0","0","0","N","0","0","0","5","36301","0","","1","01","N","N","0","","0","0","1","3","3","","0945","0","2","0","0","0","0","0","3","0","2","N","","","","","","","","","","","","04","04","","N",""
"1729","2","0","0","0","0","0","0","0","0","1","0","","36","10","2020","2020092083","6","40.1311","-76.3045","1729","08","0","0","0","0","0","0","0","1","","0","0","0","17","1","0","00","0","40 07:51.922","","00","76 18:16.236","0","0","0","0","36235","0","0","0","N","0","0","0","2","36506","0","","1","01","N","N","0","","0","0","0","0","0","","1729","0","2","0","0","0","0","0","1","0","2","N","","","","","","","","","","","","03","03","","N","N"
"1747","2","0","0","0","0","0","0","0","0","5","0","","36","10","2020","2020092081","5","40.068","-76.294","1745","08","0","0","0","0","0","0","0","0","","0","0","0","17","1","1","00","0","40 04:04.702","","00","76 17:38.400","3","0","0","0","36101","0","0","0","N","0","0","0","3","36101","0","","1","01","N","N","0","","1","0","0","0","0","","1743","1","2","0","0","1","0","0","3","0","2","N","","","","","","","","","","","","03","03","","N","N"
"0935","1","0","0","0","0","0","0","0","0","7","0","","36","10","2020","2020091889","5","40.2125","-76.0551","0929","08","0","0","0","1","0","0","0","0","","0","0","0","09","1","0","00","1","40 12:44.854","4","00","76 03:18.320","0","0","0","0","36202","0","0","0","N","0","0","0","2","68T06","0","","3","09","N","N","0","","0","0","0","0","0","N","0927","0","1","0","0","0","0","0","1","0","1","N","","","","","","","","","","","0940","07","04","","N","N"
"1051","1","0","0","0","0","0","0","0","0","7","0","","36","10","2020","2020092082","6","40.1399","-76.3827","1051","08","0","0","0","0","0","1","0","0","","0","0","0","10","1","0","01","0","40 08:23.771","","00","76 22:57.704","0","0","0","0","36227","0","0","0","N","0","0","0","1","36506","0","","4","09","N","N","0","","0","0","0","3","4","","1051","0","1","0","0","0","0","0","1","0","1","N","","","","","","","","","","","","07","04","","N",""
"2006","1","0","0","0","0","0","0","0","0","5","0","","36","10","2020","2020092236","6","40.2015","-76.1201","2003","08","0","0","0","0","0","0","0","0","","0","0","0","20","2","0","00","0","40 12:05.306","","00","76 07:12.335","0","0","0","0","36210","0","0","0","N","0","0","0","2","36210","0","","1","09","N","N","0","","0","0","1","0","0","","2003","0","2","0","0","0","0","0","1","0","2","N","","","","","","","","","","","","07","  ","","N","N"
"1124","1","0","0","0","0","0","0","0","0","4","0","","36","10","2020","2020092038","7","40.1444","-76.6091","1119","08","1","0","0","0","0","0","0","0","","0","0","0","11","1","0","03","1","40 08:39.840","3","00","76 36:32.762","0","0","0","0","36407","0","0","0","N","0","0","0","3","36407","0","","1","01","N","N","0","","0","0","1","3","3","Y","1118","0","2","0","0","0","0","0","2","0","2","N","","","","","","","","","","","1159","04","  ","","N",""
"2330","1","0","0","0","0","0","0","0","0","4","0","","36","10","2020","2020092161","7","40.0373","-76.3166","2330","08","0","1","0","0","0","0","0","0","","0","0","0","22","3","1","00","1","40 02:14.419","3","00","76 18:59.658","3","0","0","1","36301","0","0","0","N","0","0","0","2","36301","0","","1","01","N","N","0","","1","0","0","0","0","Y","2256","1","2","0","0","0","0","0","3","0","2","N","","","","","","","","","","","2331","03","03","","N","N"
"2326","2","0","0","0","0","0","0","0","0","4","0","","36","10","2020","2020092176","7","40.0515","-76.315","2319","08","0","0","0","0","0","0","0","0","","0","0","0","23","3","0","00","2","40 03:05.348","6","00","76 18:54.135","0","0","0","0","36301","0","0","0","N","0","0","0","1","36301","0","","1","01","N","N","0","","0","0","0","0","0","Y","2319","0","2","0","0","0","0","0","3","0","2","N","","","","","","","","","","","0006","99","03","","N","N"
"1927","1","0","0","0","0","0","0","0","0","1","0","","36","10","2020","2020092173","6","40.0319","-76.4999","1926","08","0","0","0","0","0","0","0","0","","0","0","0","19","3","1","00","2","40 01:54.978","6","00","76 29:59.525","8","0","0","0","36404","1","0","0","N","1","0","0","2","36404","0","","1","01","N","N","0","","0","0","1","0","0","Y","1926","1","3","0","0","0","1","0","3","0","2","N","","","","","","","","","","","2004","04","  ","","N","N"
"1459","0","0","0","0","0","0","0","0","0","7","0","","36","11","2020","2020092238","1","40.2263","-76.1138","1459","08","0","0","0","0","0","0","0","0","","0","0","0","14","1","0","00","1","40 13:34.700","4","00","76 06:49.800","0","0","0","0","36210","0","0","0","N","0","0","0","1","36210","0","","2","09","N","N","1","","0","0","0","0","0","N","1459","0","1","0","0","0","0","0","1","0","1","N","","","","","","","","","","","1531","07","  ","","N","N"