"ARRIVAL_TM","AUTOMOBILE_COUNT","BELTED_DEATH_COUNT","BELTED_SUSP_SERIOUS_INJ_COUNT","BICYCLE_COUNT","BICYCLE_DEATH_COUNT","BICYCLE_SUSP_SERIOUS_INJ_COUNT","BUS_COUNT","CHLDPAS_DEATH_COUNT","CHLDPAS_SUSP_SERIOUS_INJ_COUNT","COLLISION_TYPE","COMM_VEH_COUNT","CONS_ZONE_SPD_LIM","COUNTY","CRASH_MONTH","CRASH_YEAR","CRN","DAY_OF_WEEK","DEC_LAT","DEC_LONG","DISPATCH_TM","DISTRICT","DRIVER_COUNT_16YR","DRIVER_COUNT_17YR","DRIVER_COUNT_18YR","DRIVER_COUNT_19YR","DRIVER_COUNT_20YR","DRIVER_COUNT_50_64YR","DRIVER_COUNT_65_74YR","DRIVER_COUNT_75PLUS","EST_HRS_CLOSED","FATAL_COUNT","HEAVY_TRUCK_COUNT","HORSE_BUGGY_COUNT","HOUR_OF_DAY","ILLUMINATION","INJURY_COUNT","INTERSECT_TYPE","LANE_CLOSED","LATITUDE","LN_CLOSE_DIR","LOCATION_TYPE","LONGITUDE","MAX_SEVERITY_LEVEL","MCYCLE_DEATH_COUNT","MCYCLE_SUSP_SERIOUS_INJ_COUNT","MOTORCYCLE_COUNT","MUNICIPALITY","NONMOTR_COUNT","NONMOTR_DEATH_COUNT","NONMOTR_SUSP_SERIOUS_INJ_COUNT","NTFY_HIWY_MAINT","PED_COUNT","PED_DEATH_COUNT","PED_SUSP_SERIOUS_INJ_COUNT","PERSON_COUNT","POLICE_AGCY","POSSIBLE_INJ_COUNT","RDWY_SURF_TYPE_CD","RELATION_TO_ROAD","ROAD_CONDITION","SCH_BUS_IND","SCH_ZONE_IND","SMALL_TRUCK_COUNT","SPEC_JURIS_CD","SUSP_MINOR_INJ_COUNT","SUSP_SERIOUS_INJ_COUNT","SUV_COUNT","TCD_FUNC_CD","TCD_TYPE","TFC_DETOUR_IND","TIME_OF_DAY","TOT_INJ_COUNT","TOTAL_UNITS","UNB_DEATH_COUNT","UNB_SUSP_SERIOUS_INJ_COUNT","UNBELTED_OCC_COUNT","UNK_INJ_DEG_COUNT","UNK_INJ_PER_COUNT","URBAN_RURAL","VAN_COUNT","VEHICLE_COUNT","WORK_ZONE_IND","WORK_ZONE_LOC","WORK_ZONE_TYPE","WORKERS_PRES","WZ_CLOSE_DETOUR","WZ_FLAGGER","WZ_LAW_OFFCR_IND","WZ_LN_CLOSURE","WZ_MOVING","WZ_OTHER","WZ_SHLDER_MDN","ROADWAY_CLEARED","WEATHER1","WEATHER2","WZ_WORKERS_INJ_KILLED","SECONDARY_CRASH","INTERSECTION_RELATED"
"1307","2","0","0","0","0","0","0","0","0","4","0","","36","11","2020","2020092220","1","40.0444","-76.3586","1257","08","0","0","0","0","0","1","0","0","","0","0","0","12","1","0","02","0","40 02:39.775","","00","76 21:30.851","0","0","0","0","36214","0","0","0","N","0","0","0","3","36214","0","","1","09","N","N","0","","0","0","0","3","3","","1255","0","2","0","0","0","0","0","3","0","2","N","","","","","","","","","","","","07","04","","N",""
"1713","1","0","0","0","0","0","0","0","0","1","0","","36","11","2020","2020092221","1","40.0624","-76.3531","1708","08","0","0","0","0","0","0","1","0","","0","0","0","17","2","0","02","1","40 03:44.492","1","00","76 21:11.066","0","0","0","0","36214","0","0","0","N","0","0","0","2","36214","0","","1","09","N","N","1","","0","0","0","0","0","N","1705","0","2","0","0","0","0","0","3","0","2","N","","","","","","","","","","","1745","07","  ","","N",""
"2112","1","0","0","0","0","0","0","0","0","7","0","","36","11","2020","2020092182","1","40.0005","-76.2095","2106","08","0","0","0","0","0","0","0","0","","0","0","0","21","2","0","00","0","40 00:01.960","","00","76 12:34.057","0","0","0","0","36240","0","0","0","N","0","0","0","1","36240","0","","4","01","N","N","0","","0","0","0","0","0","","2100","0","1","0","0","0","0","0","1","0","1","N","","","","","","","","","","","","03","  ","","N","N"
"0703","0","0","0","0","0","0","0","0","0","7","0","","36","10","2020","2020092235","2","40.2261","-76.1131","0657","08","0","0","0","0","0","1","0","0","","0","0","0","04","3","0","00","0","40 13:33.900","","00","76 06:47.300","0","0","0","0","36210","0","0","0","N","0","0","0","1","36210","0","","2","09","N","N","0","","0","0","1","0","0","","0430","0","1","0","0","0","0","0","1","0","1","N","","","","","","","","","","","","99","  ","","N","N"
"1710","1","0","0","0","0","0","0","0","0","4","0","","36","11","2020","2020092242","1","39.98","-76.3111","1703","08","0","0","0","0","0","0","1","0","","0","0","0","17","3","1","01","0","39 58:48.043","","00","76 18:40.056","4","0","0","0","36228","0","0","0","N","0","0","0","2","36228","1","","1","09","N","N","0","","0","0","1","9","2","","1703","1","2","0","0","0","0","0","1","0","2","N","","","","","","","","","","","","03","  ","","N","N"
"0912","1","0","0","0","0","0","0","0","0","1","1","","36","10","2020","2020092255","3","39.983","-76.1852","0909","08","0","0","0","0","0","1","0","0","","0","1","0","09","1","1","02","2","39 58:58.873","3","00","76 11:06.695","3","0","0","0","36417","0","0","0","N","0","0","0","2","36417","0","","1","01","N","N","0","","1","0","0","3","3","N","0909","1","2","0","0","1","0","0","1","0","2","N","","","","","","","","","","","0930","03","  ","","N","N"
"1307","2","0","0","0","0","0","0","0","0","4","0","","36","10","2020","2020092266","4","40.0482","-76.3144","1302","08","0","0","0","0","0","0","0","0","","0","0","0","12","1","0","02","0","40 02:53.465","","00","76 18:51.797","0","0","0","0","36301","0","0","0","N","0","0","0","3","36301","0","","1","01","N","N","0","","0","0","0","3","3","","1258","0","2","0","0","0","0","0","3","0","2","N","","","","","","","","","","","","04","  ","","N",""
"0714","0","0","0","0","0","0","0","0","0","5","0","","36","10","2020","2020092267","7","39.9808","-76.1946","0714","08","0","0","0","0","0","0","1","0","","0","0","0","07","5","0","00","0","39 58:50.974","","00","76 11:40.392","0","0","0","0","36417","0","0","0","N","0","0","0","1","36417","0","","6","01","N","N","2","","0","0","0","0","0","","0704","0","2","0","0","0","0","0","1","0","2","N","","","","","","","","","","","","03","  ","","N","N"
"2246","1","0","0","0","0","0","0","0","0","5","0","","36","09","2020","2020092417","3","40.1993","-76.121","2226","08","0","0","0","0","0","0","0","0","","0","0","0","22","2","0","00","1","40 11:57.381","1","00","76 07:15.615","0","0","0","0","36210","0","0","0","N","0","0","0","2","36210","0","","1","09","N","N","0","","0","0","1","0","0","N","2226","0","2","0","0","0","0","0","1","0","2","N","","","","","","","","","","","2358","07","  ","","N","N"
"1732","2","0","0","0","0","0","0","0","0","1","0","","36","10","2020","2020092769","7","40.0404","-76.2834","1732","08","0","0","0","0","0","0","0","0","","0","0","0","12","1","0","00","0","40 02:25.260","","00","76 17:00.300","0","0","0","0","36220","1","0","0","N","0","0","0","2","36101","0","","1","01","N","N","0","","0","0","0","0","0","","1233","0","2","0","0","0","0","0","3","0","2","N","","","","","","","","","","","","03","  ","","N","N"
"1728","0","0","0","0","0","0","0","0","0","4","0","","36","10","2020","2020092770","4","40.0532","-76.3242","1726","08","0","0","0","0","1","1","0","0","","0","0","0","07","5","0","01","1","40 03:11.365","3","00","76 19:27.049","0","0","0","0","36101","0","0","0","N","0","0","0","2","36101","0","","1","09","N","N","0","","0","0","2","3","2","N","0725","0","2","0","0","0","0","0","3","0","2","N","","","","","","","","","","","0819","07","04","","N",""
"0720","0","0","0","0","0","0","0","0","0","1","0","","36","10","2020","2020092474","6","39.9903","-76.3186","0709","08","0","0","0","0","0","2","0","0","","0","0","0","07","1","1","00","0","39 59:25.242","","00","76 19:06.856","8","0","0","0","36228","0","0","0","N","0","0","0","4","36228","0","","1","09","N","N","0","","0","0","2","0","0","","0709","1","3","0","0","0","1","0","1","1","3","N","","","","","","","","","","","","07","  ","","N","N"
"1548","1","0","0","0","0","0","0","0","0","4","0","","36","11","2020","2020092771","2","40.0606","-76.3063","1540","08","0","0","0","0","0","0","1","1","","0","0","0","15","1","1","01","1","40 03:38.254","2","00","76 18:22.514","3","0","0","0","36101","0","0","0","N","0","0","0","2","36101","0","","1","01","N","N","0","","1","0","1","3","2","N","1540","1","2","0","0","0","0","0","3","0","2","N","","","","","","","","","","","1615","03","03","","N",""
"1845","2","0","0","0","0","0","0","0","0","4","0","","36","11","2020","2020092772","2","40.0606","-76.2768","1837","08","0","0","0","0","0","0","0","0","","0","0","0","18","3","0","01","0","40 03:38.398","","02","76 16:37.304","0","0","0","0","36101","0","0","0","N","0","0","0","2","36101","0","","1","01","N","N","0","","0","0","0","3","2","","1835","0","2","0","0","0","0","0","3","0","2","N","","","","","","","","","","","","03","  ","","N",""
"1012","1","0","0","0","0","0","0","0","0","4","0","","36","10","2020","2020092523","6","40.0517","-76.3533","1007","08","0","0","0","0","0","0","0","1","","0","0","0","10","1","1","00","1","40 03:06.290","2","00","76 21:11.800","3","0","0","0","36214","0","0","0","N","0","0","0","3","36214","0","","1","09","N","N","1","","1","0","0","0","0","N","1005","1","2","0","0","0","0","0","3","0","2","N","","","","","","","","","","","1000","07","  ","","N","N"
"1542","1","0","0","0","0","0","0","0","0","1","0","","36","10","2020","2020092524","5","40.04","-76.2281","1539","08","0","0","0","0","0","0","0","0","","0","0","0","15","1","0","00","0","40 02:23.916","","00","76 13:41.048","0","0","0","0","36215","0","0","0","N","0","0","0","2","36215","0","","1","01","N","N","1","","0","0","0","0","0","","1537","0","2","0","0","0","0","0","1","0","2","N","","","","","","","","","","","","03","  ","","N","N"
"1047","0","0","0","0","0","0","0","0","0","6","1","","36","10","2020","2020092527","2","40.0591","-76.4629","1046","08","0","0","0","0","0","0","0","0","","0","1","0","10","1","0","03","2","40 03:32.814","5","00","76 27:46.398","0","0","0","0","36239","0","0","0","N","0","0","0","3","36239","0","","1","09","N","N","1","","0","0","0","0","0","Y","1046","0","2","0","0","0","0","0","3","0","2","N","","","","","","","","","","","1129","07","05","","N",""
"1805","2","0","0","0","0","0","0","0","0","2","0","","36","10","2020","2020092529","6","40.0377","-76.4217","1800","08","0","0","0","0","0","0","0","0","","0","0","0","18","3","3","00","1","40 02:15.849","3","00","76 25:18.044","3","0","0","0","36414","0","0","0","N","0","0","0","3","36239","0","","1","01","N","N","0","","3","0","0","0","0","N","1800","3","2","0","0","0","0","0","3","0","2","N","","","","","","","","","","","1910","03","03","","N","N"
"1240","2","0","0","0","0","0","0","0","0","6","0","","36","10","2020","2020092528","6","40.0419","-76.5051","1235","08","0","0","0","1","0","0","0","0","","0","0","0","12","1","0","00","2","40 02:30.930","5","00","76 30:18.250","0","0","0","0","36239","0","0","0","N","0","0","0","3","36239","0","","1","09","N","N","0","","0","0","0","0","0","N","1235","0","2","0","0","0","0","0","3","0","2","N","","","","","","","","","","","1315","07","  ","","N","N"
"1754","2","0","0","0","0","0","0","0","0","1","0","","36","10","2020","2020092525","6","40.0369","-76.2439","1749","08","0","1","0","0","0","0","0","0","","0","0","0","17","1","1","00","1","40 02:12.825","3","00","76 14:37.976","3","0","0","0","36215","0","0","0","N","0","0","0","4","36215","0","","1","01","N","N","1","","1","0","1","0","0","N","1745","1","4","0","0","0","0","0","1","0","4","N","","","","","","","","","","","1832","03","  ","","N","N"
"2305","1","0","0","0","0","0","0","0","0","4","0","","36","11","2020","2020092773","2","40.1047","-76.4324","2259","08","0","0","0","0","0","1","0","0","","0","0","0","22","2","1","01","1","40 06:16.849","1","00","76 25:56.554","4","0","0","0","36214","0","0","0","N","0","0","0","4","36214","1","","1","01","N","N","0","","0","0","1","3","3","N","2251","1","2","0","0","0","0","0","3","0","2","N","","","","","","","","","","","0035","03","03","","N",""
"1402","2","0","0","0","0","0","0","0","0","5","0","","36","10","2020","2020092768","5","40.0421","-76.3264","1357","08","0","0","0","0","0","0","0","0","","0","0","0","13","1","0","00","0","40 02:31.880","","00","76 19:35.874","9","0","0","0","36220","0","0","0","N","0","0","0","1","36101","0","","2","01","N","N","1","","0","0","1","0","0","","1352","0","5","0","0","0","0","1","3","1","5","N","","","","","","","","","","","","04","  ","","N","N"
"1309","0","0","0","0","0","0","0","0","0","7","0","","36","10","2020","2020092812","1","40.0956","-76.5352","1251","08","0","0","0","0","0","1","0","0","","0","0","0","12","1","1","00","2","40 05:44.092","6","00","76 32:06.667","3","0","0","0","36211","0","0","0","N","0","0","0","1","36504","0","","2","09","N","N","0","","1","0","1","0","0","Y","1251","1","1","0","0","1","0","0","1","0","1","N","","","","","","","","","","","1406","07","  ","","N","N"
"1701","1","0","0","0","0","0","0","0","0","7","0","","36","10","2020","2020092880","1","40.1748","-75.9662","1645","08","0","0","0","0","0","0","0","0","","0","0","0","16","1","1","00","0","40 10:29.390","","00","75 57:58.213","3","0","0","0","36203","0","0","0","N","0","0","0","1","68T06","0","","4","09","N","N","0","","1","0","0","0","0","","1645","1","1","0","0","0","0","0","1","0","1","N","","","","","","","","","","","","04","  ","","N","N"
"1336","0","0","0","0","0","0","0","0","0","0","0","","36","10","2020","2020092872","7","40.2252","-76.1027","1322","08","0","0","0","0","0","1","0","0","","0","0","0","13","1","0","00","2","40 13:30.740","3","00","76 06:09.631","0","0","0","0","36210","0","0","0","N","0","0","0","2","68T06","0","","4","01","N","N","1","","0","0","0","0","0","Y","1322","0","1","0","0","0","0","0","1","0","1","N","","","","","","","","","","","1426","03","  ","","N","N"
"1932","1","0","0","0","0","0","0","0","0","98","0","","36","10","2020","2020092911","7","40.2367","-76.2769","1922","08","0","0","0","0","0","1","0","0","","0","0","0","19","2","0","00","0","40 14:12.169","","00","76 16:36.855","0","0","0","0","36204","0","0","0","N","0","0","0","2","68T06","0","","1","01","N","N","0","","0","0","0","0","0","","1921","0","1","0","0","0","0","0","1","0","1","N","","","","","","","","","","","","03","03","","N","N"
"0018","0","0","0","0","0","0","0","0","0","98","0","","36","11","2020","2020092914","1","40.2299","-76.3497","0005","08","0","0","0","0","0","0","0","0","","0","0","0","00","2","0","00","0","40 13:47.484","","00","76 20:58.825","0","0","0","0","36217","0","0","0","N","0","0","0","1","68T06","0","","1","01","N","N","0","","0","0","1","0","0","","0005","0","1","0","0","0","0","0","1","0","1","N","","","","","","","","","","","","03","  ","","N","N"
"0041","1","0","0","0","0","0","0","0","0","98","0","","36","11","2020","2020092915","1","40.2305","-76.3455","0041","08","0","0","0","0","0","0","0","0","","0","0","0","00","2","0","00","0","40 13:49.974","","00","76 20:43.707","0","0","0","0","36217","0","0","0","N","0","0","0","1","68T06","0","","1","01","N","N","0","","0","0","0","0","0","","0039","0","1","0","0","0","0","0","1","0","1","N","","","","","","","","","","","","03","  ","","N","N"
"0055","1","0","0","0","0","0","0","0","0","98","0","","36","11","2020","2020092916","1","40.2331","-76.3228","0007","08","0","0","0","0","0","0","0","0","","0","0","0","00","2","0","00","0","40 13:59.023","","00","76 19:21.920","0","0","0","0","36217","0","0","0","N","0","0","0","1","68T06","0","","1","01","N","N","0","","0","0","0","0","0","","0007","0","1","0","0","0","0","0","1","0","1","N","","","","","","","","","","","","03","  ","","N","N"
"1308","1","0","0","0","0","0","0","0","0","4","0","","36","10","2020","2020092981","2","40.1316","-76.5651","1301","08","0","0","0","0","0","0","1","0","","0","0","0","13","1","0","00","1","40 07:53.933","4","00","76 33:54.236","0","0","0","0","36225","0","0","0","N","0","0","0","2","36505","0","","1","09","N","N","0","","0","0","1","0","0","N","1301","0","2","0","0","0","0","0","2","0","2","N","","","","","","","","","","","1345","07","04","","N","N"
"0910","0","0","0","0","0","0","0","0","0","7","0","","36","10","2020","2020092983","6","40.1413","-76.5676","0907","08","0","0","0","0","1","0","0","0","","0","0","0","09","1","0","00","0","40 08:28.560","","00","76 34:03.450","0","0","0","0","36225","0","0","0","N","0","0","0","1","36505","0","","4","09","N","N","0","","0","0","1","0","0","","0904","0","1","0","0","0","0","0","2","0","1","N","","","","","","","","","","","","07","04","","N","N"
"2131","1","0","0","0","0","0","0","0","0","98","0","","36","10","2020","2020092984","7","40.1793","-76.6027","2131","08","0","0","0","0","1","0","0","0","","0","0","0","21","2","0","00","1","40 10:45.504","3","00","76 36:09.817","0","0","0","0","36225","0","0","0","N","0","0","0","2","36505","0","","1","01","N","N","0","","0","0","0","0","0","N","2129","0","1","0","0","0","0","0","2","0","1","N","","","","","","","","","","","0030","03","  ","","N","N"
"1450","2","0","0","0","0","0","0","0","0","4","0","","36","11","2020","2020092832","2","40.1147","-76.5093","1443","08","0","0","1","0","0","0","0","0","","0","0","0","14","1","2","02","2","40 06:53.006","5","00","76 30:33.303","3","0","0","0","36413","0","0","0","N","0","0","0","3","36413","1","","1","01","N","N","0","","1","0","1","3","3","Y","1443","2","3","0","0","0","0","0","2","0","3","N","","","","","","","","","","","1510","03","  ","","N","N"
"1337","2","0","0","0","0","0","0","0","0","4","0","","36","11","2020","2020092931","3","39.9911","-76.2603","1324","08","0","0","0","0","0","1","0","0","","0","0","0","13","1","0","01","0","39 59:28.076","","00","76 15:37.017","0","0","0","0","36240","0","0","0","N","0","0","0","3","36240","0","","1","01","N","N","0","","0","0","0","3","2","","1320","0","2","0","0","0","0","0","1","0","2","N","","","","","","","","","","","","03","  ","","N",""
"1732","0","0","0","0","0","0","0","0","0","98","0","","36","11","2020","2020092940","2","40.1258","-76.7141","1719","08","0","0","0","0","0","0","0","0","","0","0","0","17","2","1","00","0","40 07:32.700","","00","76 42:50.608","4","0","0","0","36207","0","0","0","N","0","0","0","1","36504","1","","1","01","N","N","0","","0","0","1","0","0","","1716","1","1","0","0","0","0","0","1","0","1","N","","","","","","","","","","","","03","  ","","N","N"
"1349","1","0","0","0","0","0","0","0","0","4","0","","36","11","2020","2020092944","3","40.291","-76.1482","1343","08","0","0","0","0","0","0","0","0","","0","0","0","13","1","1","01","0","40 17:27.754","","00","76 08:53.537","8","0","0","0","36236","0","0","0","N","0","0","0","2","36408","0","","1","01","N","N","0","","0","0","1","3","3","","1341","1","2","0","0","0","1","0","1","0","2","N","","","","","","","","","","","","03","03","","Y",""
"0602","1","0","0","0","0","0","0","0","0","4","0","","36","10","2020","2020092982","6","40.1865","-76.6022","0548","08","0","0","0","0","1","0","0","0","","0","0","0","05","2","2","00","2","40 11:11.221","5","00","76 36:07.748","3","0","0","0","36225","0","0","0","N","0","0","0","3","36505","1","","1","09","N","N","0","","1","0","1","0","0","Y","0540","2","2","0","0","0","0","0","2","0","2","N","","","","","","","","","","","0040","07","  ","","N","N"
"1640","0","0","0","0","0","0","0","0","0","0","0","","36","11","2020","2020092985","1","40.1748","-76.5969","1637","08","0","0","0","0","0","0","0","0","","0","1","0","16","1","0","00","2","40 10:29.239","3","00","76 35:48.661","0","0","0","0","36225","0","0","0","N","0","0","0","1","36505","0","","1","09","N","N","0","","0","0","0","0","0","N","1635","0","1","0","0","0","0","0","2","0","1","N","","","","","","","","","","","1717","07","04","","N","N"
"1510","1","0","0","0","0","0","0","0","0","7","0","","36","08","2020","2020092980","5","40.1101","-76.6269","1507","08","1","0","0","0","0","0","0","0","","0","0","0","15","1","0","02","0","40 06:36.478","","00","76 37:36.796","0","0","0","0","36237","0","0","0","N","0","0","0","1","36505","0","","5","01","N","N","0","","0","0","0","0","0","","1507","0","1","0","0","0","0","0","1","0","1","N","","","","","","","","","","","","03","03","","N",""
"0402","1","0","2","0","0","0","0","0","0","2","0","","36","10","2020","2020093041","1","40.0104","-76.1317","0359","08","0","0","0","1","0","0","0","0","","0","0","0","03","3","5","00","2","40 00:37.385","6","00","76 07:54.111","2","0","0","0","36226","0","0","0","N","0","0","0","5","68J01","0","","1","01","N","N","1","","3","2","0","0","0","Y","0355","5","2","0","0","3","0","0","1","0","2","N","","","","","","","","","","","0515","03","03","","N","N"
"1653","0","0","0","0","0","0","0","0","0","1","0","","36","10","2020","2020093055","5","39.8775","-76.2166","1636","08","0","0","0","0","0","1","0","0","","0","0","0","16","1","1","02","0","39 52:38.915","","00","76 12:59.700","4","0","0","0","36212","0","0","0","N","0","0","0","4","68J01","1","","1","01","N","N","0","","0","0","0","0","0","","1624","1","2","0","0","0","0","0","1","2","2","N","","","","","","","","","","","","03","03","","N","N"
"2048","0","0","0","0","0","0","0","0","0","4","0","","36","10","2020","2020093056","5","40.0288","-76.0822","2042","08","0","0","0","0","0","1","0","0","","0","0","0","20","2","2","01","2","40 01:43.556","5","00","76 04:56.055","3","0","0","0","36221","0","0","0","N","0","0","0","2","68J01","0","","1","01","N","N","0","","2","0","2","3","3","Y","2037","2","2","0","0","0","0","0","1","0","2","N","","","","","","","","","","","2200","03","  ","","N","N"
"0558","0","0","0","0","0","0","0","0","0","7","0","","36","10","2020","2020093079","3","40.015","-76.0969","0546","08","0","0","0","0","0","1","0","0","","0","0","0","05","2","1","02","0","40 00:53.827","","00","76 05:48.987","3","0","0","0","36221","0","0","0","N","0","0","0","1","68J01","0","","4","01","N","N","0","","1","0","1","3","3","","0544","1","1","0","0","0","0","0","1","0","1","N","","","","","","","","","","","","03","03","","N","N"
"1650","1","0","0","0","0","0","0","0","0","7","0","","36","10","2020","2020093096","5","40.0536","-75.9383","1633","08","0","0","1","0","0","0","0","0","","0","0","0","16","1","0","00","0","40 03:13.042","","00","75 56:18.052","0","0","0","0","36232","0","0","0","N","0","0","0","3","68J01","0","","5","09","N","N","0","","0","0","0","0","0","","1609","0","1","0","0","1","0","0","1","0","1","N","","","","","","","","","","","","07","  ","","N","N"
"1634","1","0","0","0","0","0","0","0","0","1","0","","36","11","2020","2020093157","2","39.941","-76.3624","1610","08","0","0","1","0","0","0","1","0","","0","0","0","16","1","1","00","1","39 56:27.536","4","00","76 21:44.525","8","0","0","0","36206","0","0","0","N","0","0","0","2","68J01","0","","1","01","N","N","1","","0","0","0","0","0","N","1602","1","2","0","0","0","1","0","1","0","2","N","","","","","","","","","","","0100","03","03","","N","N"
"1427","1","0","0","0","0","0","0","0","0","4","0","","36","10","2020","2020093241","5","40.0626","-76.3137","1423","08","0","0","0","0","0","0","0","0","","0","0","0","14","1","2","02","1","40 03:45.299","1","00","76 18:49.471","3","0","0","0","36101","0","0","0","N","0","0","0","2","36101","0","","1","09","N","N","0","","2","0","1","3","2","N","1420","2","2","0","0","0","0","0","3","0","2","N","","","","","","","","","","","1548","07","07","","Y",""
"1527","1","0","0","0","0","0","0","0","0","8","0","","36","10","2020","2020093286","2","40.0411","-76.3063","1526","08","0","0","0","0","0","0","1","0","","0","0","0","15","1","1","01","1","40 02:27.991","1","00","76 18:22.594","3","0","0","0","36301","1","0","0","N","1","0","0","2","36301","0","","1","01","N","N","0","","1","0","0","3","2","N","1524","1","2","0","0","0","0","0","3","0","1","N","","","","","","","","","","","1540","03","  ","","N",""
"1243","1","0","0","0","0","0","0","0","0","1","0","","36","10","2020","2020093240","1","40.0684","-76.3014","1233","08","0","0","1","0","0","1","0","0","","0","0","0","12","1","0","00","0","40 04:06.144","","02","76 18:05.104","0","0","0","0","36101","0","0","0","N","0","0","0","2","36101","0","","1","09","N","N","0","","0","0","0","0","0","","1230","0","2","0","0","0","0","0","3","1","2","N","","","","","","","","","","","","07","  ","","N","N"
"0633","1","0","0","0","0","0","0","0","0","7","0","","36","10","2020","2020093444","2","40.1385","-76.1248","0625","08","0","0","0","0","0","0","0","0","","0","0","0","06","2","1","00","1","40 08:18.603","2","00","76 07:29.328","3","0","0","0","36209","0","0","0","N","0","0","0","2","36415","0","","4","09","N","N","1","","1","0","0","0","0","N","0620","1","2","0","0","0","0","0","1","0","2","N","","","","","","","","","","","0705","07","07","","N","N"
"1508","1","0","0","0","0","0","0","0","0","1","0","","36","11","2020","2020093318","1","40.0381","-76.3218","1503","08","0","0","0","0","0","0","0","0","","0","0","0","15","1","1","02","2","40 02:17.177","4","00","76 19:18.634","8","0","0","0","36301","0","0","0","N","0","0","0","2","36301","0","","1","09","N","N","0","","0","0","1","3","2","Y","1500","1","2","0","0","1","1","0","3","0","2","N","","","","","","","","","","","1530","07","  ","","N",""
"1857","0","0","0","0","0","0","0","0","0","2","0","","36","11","2020","2020093421","3","40.0231","-76.2772","1853","08","0","0","0","0","0","2","0","0","","0","0","0","18","2","1","00","2","40 01:23.033","6","00","76 16:37.807","4","0","0","0","36240","0","0","0","N","0","0","0","2","36240","1","","1","01","N","N","0","","0","0","2","0","0","Y","1857","1","2","0","0","0","0","1","1","0","2","N","","","","","","","","","","","1857","03","  ","","N","N"
"1512","2","0","0","0","0","0","0","0","0","2","0","","36","10","2020","2020093443","3","40.0529","-76.36","1510","08","0","0","0","0","0","0","0","0","","0","0","0","15","1","0","01","0","40 03:10.313","","00","76 21:36.142","0","0","0","0","36214","0","0","0","N","0","0","0","2","36214","0","","1","01","N","N","0","","0","0","0","3","2","","1507","0","2","0","0","1","0","0","3","0","2","N","","","","","","","","","","","","03","  ","","N",""
"1527","0","1","0","0","0","0","0","0","0","4","0","","36","11","2020","2020093446","2","40.1107","-76.0667","1516","08","0","0","0","0","0","0","1","0","","1","0","0","15","1","1","01","1","40 06:38.461","7","00","76 04:00.204","1","0","0","0","36415","0","0","0","N","0","0","0","3","36415","1","2","1","01","N","N","1","0","0","0","1","3","2","N","1515","1","2","0","0","0","0","0","1","0","2","N","","","","","","","","","","","1530","03","03","","N","N"
"0552","1","0","0","0","0","0","0","0","0","8","0","","36","11","2020","2020093662","2","40.0346","-76.3023","0550","08","0","0","0","0","0","1","0","0","","0","0","0","05","5","1","01","0","40 02:04.434","","00","76 18:08.381","3","0","0","0","36301","1","0","0","N","1","0","0","2","36301","0","","3","01","N","N","0","","1","0","0","0","0","","0550","1","2","0","0","1","0","0","3","0","1","N","","","","","","","","","","","","03","03","","N",""
"1500","1","0","0","0","0","0","0","0","0","4","0","","36","11","2020","2020093445","2","40.095","-76.113","1455","08","0","0","0","1","0","0","1","0","","0","0","0","14","1","0","01","2","40 05:41.985","5","00","76 06:46.742","0","0","0","0","36209","0","0","0","N","0","0","0","2","36415","0","","1","01","N","N","1","","0","0","0","3","3","Y","1450","0","2","0","0","0","0","0","1","0","2","N","","","","","","","","","","","1530","03","  ","","N","N"
"0736","1","0","0","0","0","0","0","0","0","1","0","","36","11","2020","2020093283","4","40.1573","-76.2036","0732","08","0","0","0","0","0","1","0","0","","0","0","0","07","1","0","00","0","40 09:26.100","","00","76 12:12.900","0","0","0","0","36402","0","0","0","N","0","0","0","1","36402","0","","6","01","N","N","0","","0","0","1","0","0","","0732","0","2","0","0","0","0","0","2","0","2","N","","","","","","","","","","","","03","98","","N","N"
"2226","1","0","0","0","0","0","0","0","0","98","0","","36","10","2020","2020093492","6","39.9327","-76.2536","2200","08","0","0","0","0","0","0","0","0","","0","0","0","21","2","0","00","0","39 55:57.651","","00","76 15:12.858","0","0","0","0","36229","0","0","0","N","0","0","0","1","68J01","0","","1","01","N","N","0","","0","0","0","0","0","","2155","0","1","0","0","0","0","0","1","0","1","N","","","","","","","","","","","","03","  ","","N","N"
"0805","0","0","0","0","0","0","0","0","0","7","1","","36","10","2020","2020093497","3","39.7767","-76.0773","0711","08","0","0","0","0","0","0","0","0","","0","1","0","07","1","0","00","1","39 46:36.008","1","00","76 04:38.109","0","0","0","0","36222","0","0","0","N","0","0","0","1","68J01","0","","4","09","N","N","0","","0","0","0","0","0","N","0711","0","1","0","0","0","0","0","1","0","1","N","","","","","","","","","","","1100","07","  ","","N","N"
"1531","0","0","0","0","0","0","0","0","0","4","0","","36","10","2020","2020093531","4","39.8414","-76.0932","1525","08","1","0","0","0","0","1","0","0","","0","0","0","15","1","1","01","2","39 50:28.973","1","00","76 05:35.577","3","0","0","0","36205","0","0","0","N","0","0","0","3","68J01","0","","1","01","N","N","1","","1","0","1","3","3","N","1521","1","2","0","0","0","0","0","1","0","2","N","","","","","","","","","","","1605","03","04","","N","N"