"ARRIVAL_TM","AUTOMOBILE_COUNT","BELTED_DEATH_COUNT","BELTED_SUSP_SERIOUS_INJ_COUNT","BICYCLE_COUNT","BICYCLE_DEATH_COUNT","BICYCLE_SUSP_SERIOUS_INJ_COUNT","BUS_COUNT","CHLDPAS_DEATH_COUNT","CHLDPAS_SUSP_SERIOUS_INJ_COUNT","COLLISION_TYPE","COMM_VEH_COUNT","CONS_ZONE_SPD_LIM","COUNTY","CRASH_MONTH","CRASH_YEAR","CRN","DAY_OF_WEEK","DEC_LAT","DEC_LONG","DISPATCH_TM","DISTRICT","DRIVER_COUNT_16YR","DRIVER_COUNT_17YR","DRIVER_COUNT_18YR","DRIVER_COUNT_19YR","DRIVER_COUNT_20YR","DRIVER_COUNT_50_64YR","DRIVER_COUNT_65_74YR","DRIVER_COUNT_75PLUS","EST_HRS_CLOSED","FATAL_COUNT","HEAVY_TRUCK_COUNT","HORSE_BUGGY_COUNT","HOUR_OF_DAY","ILLUMINATION","INJURY_COUNT","INTERSECT_TYPE","LANE_CLOSED","LATITUDE","LN_CLOSE_DIR","LOCATION_TYPE","LONGITUDE","MAX_SEVERITY_LEVEL","MCYCLE_DEATH_COUNT","MCYCLE_SUSP_SERIOUS_INJ_COUNT","MOTORCYCLE_COUNT","MUNICIPALITY","NONMOTR_COUNT","NONMOTR_DEATH_COUNT","NONMOTR_SUSP_SERIOUS_INJ_COUNT","NTFY_HIWY_MAINT","PED_COUNT","PED_DEATH_COUNT","PED_SUSP_SERIOUS_INJ_COUNT","PERSON_COUNT","POLICE_AGCY","POSSIBLE_INJ_COUNT","RDWY_SURF_TYPE_CD","RELATION_TO_ROAD","ROAD_CONDITION","SCH_BUS_IND","SCH_ZONE_IND","SMALL_TRUCK_COUNT","SPEC_JURIS_CD","SUSP_MINOR_INJ_COUNT","SUSP_SERIOUS_INJ_COUNT","SUV_COUNT","TCD_FUNC_CD","TCD_TYPE","TFC_DETOUR_IND","TIME_OF_DAY","TOT_INJ_COUNT","TOTAL_UNITS","UNB_DEATH_COUNT","UNB_SUSP_SERIOUS_INJ_COUNT","UNBELTED_OCC_COUNT","UNK_INJ_DEG_COUNT","UNK_INJ_PER_COUNT","URBAN_RURAL","VAN_COUNT","VEHICLE_COUNT","WORK_ZONE_IND","WORK_ZONE_LOC","WORK_ZONE_TYPE","WORKERS_PRES","WZ_CLOSE_DETOUR","WZ_FLAGGER","WZ_LAW_OFFCR_IND","WZ_LN_CLOSURE","WZ_MOVING","WZ_OTHER","WZ_SHLDER_MDN","ROADWAY_CLEARED","WEATHER1","WEATHER2","WZ_WORKERS_INJ_KILLED","SECONDARY_CRASH","INTERSECTION_RELATED"
"0947","1","0","0","0","0","0","0","0","0","1","0","","36","11","2020","2020093582","2","40.2472","-76.3038","0915","08","0","0","0","0","0","1","0","0","","0","0","0","08","1","0","00","1","40 14:49.959","2","00","76 18:13.614","0","0","0","0","36217","0","0","0","N","0","0","0","4","68J01","0","","1","01","N","N","0","","0","0","1","0","0","N","0844","0","2","0","0","0","0","0","1","0","2","N","","","","","","","","","","","0915","03","  ","","N","N"
"1817","1","0","0","0","0","0","0","0","0","4","0","","36","11","2020","2020093654","1","40.049","-76.3057","1813","08","0","0","0","0","0","0","1","0","","0","0","0","18","3","0","01","0","40 02:56.518","","00","76 18:20.618","0","0","0","0","36301","0","0","0","N","0","0","0","3","36301","0","","1","01","N","N","0","","0","0","1","3","3","","1811","0","2","0","0","0","0","0","3","0","2","N","","","","","","","","","","","","03","03","","N","N"
"1626","1","0","0","0","0","0","0","0","0","4","0","","36","10","2020","2020093635","7","40.0349","-76.5007","1624","08","0","0","0","1","1","0","0","0","","0","0","0","16","1","0","01","1","40 02:05.517","1","00","76 30:02.514","0","0","0","0","36404","0","0","0","N","0","0","0","3","36404","0","","1","01","N","N","0","","0","0","1","3","3","N","1618","0","2","0","0","0","0","0","3","0","2","N","","","","","","","","","","","1657","04","  ","","N",""
"1922","1","0","0","0","0","0","0","0","0","8","0","","36","10","2020","2020093668","3","40.0463","-76.3029","1919","08","0","0","0","0","0","0","0","0","","0","0","0","19","3","1","01","0","40 02:46.621","","00","76 18:10.343","3","0","0","0","36301","1","0","0","N","1","0","0","2","36301","0","","1","01","N","N","0","","1","0","0","3","2","","1918","1","2","0","0","0","0","0","3","0","1","N","","","","","","","","","","","","03","03","","N",""
"0216","1","0","0","0","0","0","0","0","0","7","0","","36","11","2020","2020093667","5","40.1183","-76.0479","0214","08","0","0","0","0","0","0","0","0","","0","0","0","02","2","1","01","1","40 07:05.968","3","00","76 02:52.589","3","0","0","0","36213","0","0","0","N","0","0","0","1","36213","0","","5","01","N","N","0","","1","0","0","3","2","N","0214","1","1","0","0","1","0","0","1","0","1","N","","","","","","","","","","","0345","03","03","","N","N"
"1918","1","0","0","0","0","0","0","0","0","5","0","","36","10","2020","2020093682","6","40.0694","-76.3073","1916","08","0","0","0","2","0","0","0","0","","0","0","0","19","3","0","00","1","40 04:09.848","1","00","76 18:26.130","0","0","0","0","36101","0","0","0","N","0","0","0","6","36101","0","","1","01","N","N","1","","0","0","1","3","2","N","1913","0","3","0","0","0","0","0","3","0","3","N","","","","","","","","","","","2023","03","03","","N","Y"
"1202","0","0","0","0","0","0","0","0","0","1","1","","36","10","2020","2020093683","7","40.0679","-76.296","1200","08","0","0","0","0","0","1","0","0","","0","1","0","11","1","1","00","2","40 04:04.558","3","00","76 17:45.551","4","0","0","0","36101","0","0","0","N","0","0","0","3","36101","1","","1","01","N","N","0","","0","0","1","0","0","N","1156","1","2","0","0","1","0","0","3","0","2","N","","","","","","","","","","","1205","03","  ","","N","Y"
"1801","1","0","0","0","0","0","0","0","0","7","0","","36","11","2020","2020093684","4","40.0698","-76.3136","1748","08","0","0","0","0","0","0","0","0","","0","0","0","17","3","0","07","1","40 04:11.211","3","00","76 18:49.039","0","0","0","0","36101","0","0","0","N","0","0","0","1","36101","0","","4","01","N","N","0","","0","0","0","0","0","N","1744","0","2","0","0","0","0","0","3","0","1","N","","","","","","","","","","","1855","03","03","","N",""
"1724","2","0","0","0","0","0","0","0","0","1","0","","36","10","2020","2020093685","5","40.0372","-76.4172","1717","08","0","0","0","0","0","0","1","0","","0","0","0","17","1","1","00","1","40 02:14.081","3","00","76 25:01.848","3","0","0","0","36223","0","0","0","N","0","0","0","5","36223","0","","1","01","N","N","0","","1","0","1","0","0","N","1715","1","3","0","0","0","0","0","1","0","3","N","","","","","","","","","","","1805","03","  ","","N","N"
"1652","0","0","0","0","0","0","0","0","0","4","2","","36","11","2020","2020093687","4","40.1275","-76.0742","1646","08","0","0","0","0","0","0","0","0","","0","1","0","16","1","0","00","0","40 07:38.887","","07","76 04:27.257","0","0","0","0","36209","0","0","0","N","0","0","0","3","36415","0","","1","01","N","N","1","","0","0","0","0","0","","1646","0","2","0","0","1","0","0","1","0","2","N","","","","","","","","","","","","03","03","","N","N"
"2059","2","0","0","0","0","0","0","0","0","2","0","","36","11","2020","2020093686","3","40.1604","-76.3025","2055","08","0","0","1","0","0","0","0","0","","0","0","0","20","3","0","01","1","40 09:37.515","2","00","76 18:08.888","0","0","0","0","36409","0","0","0","N","0","0","0","2","36409","0","","1","01","N","N","0","","0","0","0","9","3","N","2054","0","2","0","0","0","0","0","3","0","2","N","","","","","","","","","","","0030","03","03","","N",""
"1129","1","0","0","0","0","0","0","0","0","4","0","","36","11","2020","2020093708","4","40.1694","-76.1978","1125","08","0","0","0","0","0","2","0","0","","0","0","0","11","1","0","01","1","40 10:09.748","7","00","76 11:51.952","0","0","0","1","36408","0","0","0","N","0","0","0","2","36408","0","","1","01","N","N","0","","0","0","0","3","2","N","1124","0","2","0","0","0","0","0","2","0","2","N","","","","","","","","","","","1145","03","03","","N","N"
"0810","1","0","0","1","0","0","0","0","0","8","0","","36","10","2020","2020093709","3","40.0463","-76.3187","0801","08","0","0","0","0","0","0","0","0","","0","0","0","07","1","1","00","0","40 02:46.834","","00","76 19:07.234","3","0","0","0","36301","1","0","0","N","0","0","0","2","36301","0","","1","01","N","N","0","","1","0","0","0","0","","0757","1","2","0","0","0","0","0","3","0","1","N","","","","","","","","","","","","03","  ","","N","N"
"1555","2","0","0","0","0","0","0","0","0","4","0","","36","11","2020","2020093725","4","40.0487","-76.2989","1553","08","0","0","0","0","0","0","0","0","","0","0","0","15","1","2","01","2","40 02:55.262","3","00","76 17:55.975","4","0","0","0","36301","0","0","0","N","0","0","0","6","36301","1","","1","01","N","N","0","","0","0","0","3","3","Y","1552","2","2","0","0","0","1","0","3","0","2","N","","","","","","","","","","","1639","03","  ","","N",""
"0847","1","0","0","0","0","0","0","0","0","1","0","","36","10","2020","2020093748","4","40.2","-76.2053","0841","08","1","0","0","0","0","0","0","0","","0","0","0","08","1","0","00","0","40 12:00.085","","00","76 12:19.178","0","0","0","0","36408","0","0","0","N","0","0","0","4","36408","0","","1","09","N","N","0","","0","0","1","0","0","","0837","0","3","0","0","0","0","0","2","1","3","N","","","","","","","","","","","","07","  ","","N","N"
"1810","1","0","0","1","0","0","0","0","0","5","0","","36","10","2020","2020093978","2","39.9914","-76.2755","1805","08","0","0","0","0","0","0","0","0","","0","0","0","18","1","1","00","0","39 59:29.200","","07","76 16:31.800","3","0","0","0","36240","1","0","0","N","0","0","0","2","36240","0","","1","01","N","N","0","","1","0","0","0","0","","1800","1","2","0","0","0","0","0","1","0","1","N","","","","","","","","","","","","03","  ","","N","N"
"1154","0","0","0","0","0","0","0","0","0","4","1","","36","10","2020","2020093907","6","39.9911","-76.2603","1151","08","0","0","0","0","0","1","0","0","","0","1","0","11","1","1","02","1","39 59:28.076","1","00","76 15:37.017","8","0","0","0","36240","0","0","0","N","0","0","0","3","36240","0","","1","01","N","N","0","","0","0","1","0","0","Y","1149","1","2","0","0","1","1","0","1","0","2","N","","","","","","","","","","","1300","03","  ","","N",""
"0910","0","0","0","0","0","0","0","0","0","1","1","","36","10","2020","2020093946","2","40.0173","-76.1666","0903","08","0","0","0","0","0","1","0","0","","0","1","0","09","1","0","00","2","40 01:02.166","3","00","76 09:59.695","0","0","0","0","36215","0","0","0","N","0","0","0","2","36215","0","","1","09","N","N","0","","0","0","1","3","2","N","0900","0","2","0","0","0","0","0","1","0","2","N","","","","","","","","","","","0940","07","07","","N","Y"
"0736","0","0","0","0","0","0","0","0","0","1","1","","36","10","2020","2020093947","6","40.044","-76.2475","0731","08","0","0","0","0","0","0","0","0","","0","1","0","07","1","0","00","2","40 02:38.225","4","03","76 14:51.051","0","0","0","0","36215","0","0","0","N","0","0","0","5","36215","0","","1","09","N","N","0","","0","0","0","0","0","N","0729","0","2","0","0","0","0","0","1","1","2","N","","","","","","","","","","","0810","07","04","","N","N"
"1049","0","0","0","0","0","0","0","0","0","7","0","","36","10","2020","2020093949","5","40.2174","-76.4358","1040","08","0","0","0","0","0","0","0","0","","0","0","0","10","1","2","00","0","40 13:02.570","","00","76 26:08.850","3","0","0","0","36230","0","0","0","N","0","0","0","2","36410","0","","5","09","N","N","1","","2","0","0","0","0","","1038","2","1","0","0","2","0","0","1","0","1","N","","","","","","","","","","","","04","  ","","N","N"
"1416","0","0","0","0","0","0","0","0","0","4","1","","36","10","2020","2020093950","5","40.1113","-76.4552","1407","08","0","0","0","0","0","0","0","0","","0","1","0","14","1","0","01","1","40 06:40.844","6","00","76 27:18.725","9","0","0","0","36230","0","0","0","N","0","0","0","2","36410","0","","1","01","N","N","0","","0","0","1","3","3","N","1406","0","2","0","0","0","0","1","1","0","2","N","","","","","","","","","","","1520","03","03","","N",""
"1830","1","0","0","0","0","0","0","0","0","7","0","","36","10","2020","2020093951","2","40.1362","-76.463","1756","08","0","0","0","0","0","0","0","0","","0","0","0","17","2","0","00","2","40 08:10.250","5","00","76 27:46.700","0","0","0","0","36230","0","0","0","N","0","0","0","1","36410","0","","5","09","N","N","0","","0","0","0","0","0","Y","1754","0","1","0","0","0","0","0","1","0","1","N","","","","","","","","","","","2100","05","04","","N","N"
"2156","0","0","0","0","0","0","0","0","0","7","0","","36","10","2020","2020093952","5","40.2141","-76.4307","2151","08","0","0","0","0","0","0","0","0","","0","0","0","21","2","0","00","1","40 12:50.609","1","00","76 25:50.571","0","0","0","0","36230","0","0","0","N","0","0","0","1","36410","0","","4","09","N","N","1","","0","0","0","0","0","N","2151","0","1","0","0","0","0","0","1","0","1","N","","","","","","","","","","","2233","07","  ","","N","N"
"2233","1","0","0","0","0","0","0","0","0","7","0","","36","10","2020","2020093953","5","40.2164","-76.4328","2233","08","0","0","0","0","0","0","0","0","","0","0","0","22","2","0","03","1","40 12:59.206","2","00","76 25:58.223","0","0","0","0","36230","0","0","0","N","0","0","0","1","36410","0","","4","09","N","N","0","","0","0","0","0","0","N","2233","0","1","0","0","0","0","0","1","0","1","N","","","","","","","","","","","2300","07","  ","","N","N"
"0700","2","0","0","0","0","0","0","0","0","1","0","","36","10","2020","2020093948","6","40.0564","-76.2704","0656","08","0","0","0","0","0","0","0","0","","0","0","0","06","3","0","00","2","40 03:23.126","4","00","76 16:13.579","0","0","0","0","36215","0","0","0","N","0","0","0","4","36215","0","","1","09","N","N","1","","0","0","1","0","0","N","0655","0","4","0","0","0","0","0","1","0","4","N","","","","","","","","","","","0750","04","07","","N","N"
"0645","0","0","0","0","0","0","0","0","0","98","0","","36","11","2020","2020094125","2","40.2168","-76.2214","0628","08","0","0","0","0","0","0","1","0","","0","0","0","06","1","0","00","0","40 13:00.370","","00","76 13:17.010","0","0","0","0","36204","0","0","0","N","0","0","0","1","36506","0","","1","01","N","N","0","","0","0","0","0","0","","0625","0","1","0","0","0","0","0","1","1","1","N","","","","","","","","","","","","04","  ","","N","N"
"0915","0","0","0","0","0","0","0","0","0","4","0","","36","11","2020","2020093954","5","40.173","-76.4974","0905","08","0","0","0","0","0","0","1","1","","0","0","0","09","1","2","01","1","40 10:22.674","2","00","76 29:50.540","3","0","0","0","36230","0","0","0","N","0","0","0","4","36410","0","","1","01","N","N","0","","2","0","2","3","3","N","0905","2","2","0","0","0","0","0","1","0","2","N","","","","","","","","","","","0000","03","03","","N",""
"0951","0","0","0","0","0","0","0","0","0","1","0","","36","11","2020","2020094121","5","40.034","-76.3293","0948","08","0","0","0","0","0","0","0","1","","0","0","0","09","1","0","00","0","40 02:02.390","","00","76 19:45.440","0","0","0","0","36220","0","0","0","N","0","0","0","1","36101","0","","6","01","N","N","0","","0","0","2","0","0","","0946","0","2","0","0","0","0","0","3","0","2","N","","","","","","","","","","","","03","  ","","N","N"
"2150","2","0","0","0","0","0","0","0","0","1","0","","36","11","2020","2020094096","4","40.0293","-76.3061","2144","08","0","0","1","0","0","0","0","0","","0","0","0","21","3","0","00","2","40 01:45.306","2","00","76 18:22.082","0","0","0","0","36301","0","0","0","N","0","0","0","1","36301","0","","4","01","N","N","0","","0","0","0","0","0","Y","2143","0","2","0","0","0","0","0","3","0","2","N","","","","","","","","","","","2215","03","03","","N","N"
"1741","1","0","0","0","0","0","0","0","0","98","0","","36","11","2020","2020094123","5","40.0841","-76.4089","1735","08","0","0","0","1","0","0","0","0","","0","0","0","17","2","0","00","1","40 05:02.586","2","00","76 24:32.135","0","0","0","0","36214","0","0","0","N","0","0","0","2","36214","0","","1","01","N","N","0","","0","0","1","0","0","Y","1730","0","2","0","0","0","0","0","3","0","2","N","","","","","","","","","","","1841","03","03","","N","N"
"1806","1","0","0","0","0","0","0","0","0","1","0","","36","11","2020","2020094124","5","40.038","-76.3497","1800","08","0","0","0","0","0","1","0","0","","0","0","0","17","3","0","01","0","40 02:16.728","","00","76 20:59.007","0","0","0","0","36214","0","0","0","N","0","0","0","3","36214","0","","1","01","N","N","0","","0","0","1","3","2","","1759","0","2","0","0","0","0","0","3","0","2","N","","","","","","","","","","","","04","  ","","N",""
"2023","2","0","0","0","0","0","0","0","0","4","0","","36","11","2020","2020094127","3","40.1063","-76.3544","2015","08","0","0","0","0","0","0","0","0","","0","0","0","20","3","0","01","1","40 06:22.809","5","00","76 21:16.002","0","0","0","0","36406","0","0","0","N","0","0","0","2","36506","0","","1","01","N","N","0","","0","0","0","3","2","N","2015","0","2","0","0","0","0","0","3","0","2","N","","","","","","","","","","","0100","03","  ","","N",""
"1455","3","0","0","0","0","0","0","0","0","4","0","","36","11","2020","2020094122","5","40.068","-76.3159","1453","08","0","0","0","0","1","1","0","0","","0","0","0","14","1","1","00","2","40 04:04.683","1","07","76 18:57.123","4","0","0","0","36101","0","0","0","N","0","0","0","4","36101","1","","1","01","N","N","0","","0","0","1","3","2","N","1450","1","4","0","0","0","0","0","3","0","4","N","","","","","","","","","","","1545","03","03","","N","N"
"1748","1","0","0","0","0","0","0","0","0","4","0","","36","11","2020","2020094126","3","40.1288","-76.3118","1739","08","0","0","0","1","0","0","0","0","","0","0","0","17","3","0","02","0","40 07:43.586","","00","76 18:42.454","0","0","0","0","36235","0","0","0","N","0","0","0","2","36506","0","","1","01","N","N","0","","0","0","1","3","2","","1738","0","2","0","0","0","0","0","1","0","2","N","","","","","","","","","","","","03","03","","N",""
"1350","2","0","1","0","0","0","0","0","0","4","0","","36","11","2020","2020094132","1","40.2264","-76.0917","1347","08","0","0","0","0","0","1","0","0","","0","0","0","13","1","1","00","0","40 13:34.953","","07","76 05:30.162","2","0","0","0","36210","0","0","0","N","0","0","0","3","36210","0","","1","09","N","N","0","","0","1","0","0","0","","1346","1","2","0","0","0","0","0","1","0","2","N","","","","","","","","","","","","07","  ","","N","N"
"1609","1","0","0","0","0","0","0","0","0","7","0","","36","11","2020","2020094176","2","40.0355","-76.3098","1603","08","0","0","0","0","0","0","0","0","","0","0","0","15","1","0","00","1","40 02:07.859","3","00","76 18:35.160","0","0","0","0","36301","0","0","0","N","0","0","0","1","36301","0","","5","01","N","N","0","","0","0","0","0","0","Y","1559","0","1","0","0","0","0","0","3","0","1","N","","","","","","","","","","","1705","03","03","","Y","Y"
"0945","1","0","0","0","0","0","0","0","0","98","0","","36","11","2020","2020094311","3","40.0709","-76.3216","0938","08","0","0","0","0","0","0","0","0","","0","0","0","09","1","0","00","0","40 04:15.180","","00","76 19:17.810","0","0","0","0","36101","0","0","0","N","0","0","0","1","36101","0","","1","01","N","N","0","","0","0","0","0","0","","0938","0","1","0","0","0","0","0","3","0","1","N","","","","","","","","","","","","03","03","","N","N"
"2155","2","0","0","0","0","0","0","0","0","4","0","","36","10","2020","2020094275","5","40.0381","-76.3215","2151","08","0","0","0","0","1","0","0","0","","0","0","0","21","3","1","01","2","40 02:17.091","4","00","76 19:17.471","3","0","0","0","36301","0","0","0","N","0","0","0","3","36301","0","","1","09","N","N","0","","1","0","0","3","2","Y","2150","1","2","0","0","0","0","0","3","0","2","N","","","","","","","","","","","2228","07","  ","","N",""
"1427","0","0","0","0","0","0","0","0","0","1","0","","36","11","2020","2020094312","3","40.0457","-76.3348","1424","08","0","0","0","0","0","0","1","0","","0","0","0","14","1","1","00","0","40 02:44.530","","00","76 20:05.150","8","0","0","0","36220","0","0","0","N","0","0","0","1","36101","0","","4","01","N","N","1","","0","0","1","0","0","","1422","1","2","0","0","0","1","0","3","0","2","N","","","","","","","","","","","","03","  ","","N","N"
"2040","0","0","0","0","0","0","0","0","0","7","0","","36","10","2020","2020094313","5","40.058","-76.1837","2035","08","0","0","0","0","0","0","0","0","","0","0","0","20","2","0","00","2","40 03:28.890","7","03","76 11:01.320","0","0","0","0","36234","0","0","0","N","0","0","0","1","36215","0","","2","01","N","N","1","","0","0","0","0","0","Y","2033","0","1","0","0","0","0","0","1","0","1","N","","","","","","","","","","","2110","03","03","","N","N"
"1957","0","0","0","0","0","0","0","0","0","4","0","","36","10","2020","2020094316","3","40.028","-76.481","1952","08","0","1","0","0","0","0","1","0","","0","0","0","19","3","2","01","2","40 01:40.882","7","00","76 28:51.745","8","0","0","0","36239","0","0","0","N","0","0","0","3","36239","0","","1","01","N","N","0","","0","0","2","3","3","Y","1948","2","2","0","0","0","2","0","3","0","2","N","","","","","","","","","","","2045","03","03","","N",""
"1530","1","0","0","0","0","0","0","0","0","1","0","","36","11","2020","2020094317","2","40.0394","-76.4519","1516","08","0","0","0","0","0","0","0","0","","0","0","0","15","1","0","06","0","40 02:21.778","","02","76 27:06.816","0","0","0","0","36239","0","0","0","N","0","0","0","3","36239","0","","1","01","N","N","0","","0","0","1","0","0","","1516","0","2","0","0","0","0","0","3","0","2","N","","","","","","","","","","","","03","  ","","N",""
"1912","0","0","0","0","0","0","0","0","0","7","0","","36","11","2020","2020094314","5","40.0784","-76.255","1905","08","0","0","0","0","0","0","0","0","","0","0","0","19","2","0","00","1","40 04:42.391","6","00","76 15:17.953","0","0","0","0","36215","0","0","0","N","0","0","0","1","36215","0","","5","01","N","N","0","","0","0","1","0","0","Y","1905","0","1","0","0","0","0","0","1","0","1","N","","","","","","","","","","","1955","03","  ","","N","N"
"1808","0","0","0","0","0","0","0","0","0","4","0","","36","10","2020","2020094315","2","40.1034","-76.435","1759","08","0","0","0","0","0","2","0","0","","0","0","0","17","4","0","02","2","40 06:12.325","6","00","76 26:05.839","0","0","0","0","36239","0","0","0","N","0","0","0","2","36239","0","","1","09","N","N","0","","0","0","2","0","0","N","1759","0","2","0","0","0","0","0","3","0","2","N","","","","","","","","","","","0100","07","  ","","N",""
"1616","0","0","0","1","0","0","0","0","0","4","0","","36","10","2020","2020094310","5","40.0561","-76.3056","1609","08","0","0","0","0","0","0","0","0","","0","0","0","16","1","1","01","2","40 03:21.862","3","00","76 18:20.114","3","0","0","0","36101","1","0","0","N","0","0","0","2","36101","0","","1","01","N","N","0","","1","0","0","3","2","Y","1609","1","2","0","0","0","0","0","3","1","1","N","","","","","","","","","","","1637","03","  ","","N",""
"1058","2","0","0","0","0","0","0","0","0","1","0","","36","10","2020","2020094354","7","40.1301","-75.9854","1037","08","0","0","0","0","1","0","0","0","","0","0","0","10","1","1","00","0","40 07:48.452","","00","75 59:07.512","3","0","0","0","36203","0","0","0","N","0","0","0","3","68J01","0","","1","01","N","N","0","","1","0","0","0","0","","1036","1","2","0","0","0","0","0","1","0","2","N","","","","","","","","","","","","03","  ","","N","N"
"1632","1","0","0","0","0","0","0","0","0","7","0","","36","10","2020","2020094355","1","40.1865","-76.0597","1624","08","0","0","0","0","1","0","0","0","","0","0","0","16","1","1","00","1","40 11:11.306","6","00","76 03:34.866","3","0","0","0","36202","0","0","0","N","0","0","0","3","68J01","0","","2","01","N","N","0","","1","0","0","0","0","Y","1617","1","1","0","0","0","0","0","1","0","1","N","","","","","","","","","","","1645","03","03","","N","N"
"1735","1","0","0","0","0","0","0","0","0","4","0","","36","10","2020","2020094335","6","40.035","-76.2941","1735","08","0","0","0","0","0","0","0","0","","0","0","0","17","1","1","01","1","40 02:06.010","3","00","76 17:38.882","8","0","0","1","36301","0","0","0","N","0","0","0","3","36301","0","","1","01","N","N","0","","0","0","0","3","3","Y","1733","1","2","0","0","0","1","0","3","0","2","N","","","","","","","","","","","1800","03","03","","N",""
"0612","0","0","0","0","0","0","0","0","0","1","0","","36","10","2020","2020094370","3","39.9913","-76.0158","0612","08","0","0","0","0","0","0","0","0","","0","0","0","05","3","0","00","0","39 59:28.805","","00","76 00:56.944","0","0","0","0","36232","0","0","0","N","0","0","0","2","68J01","0","","1","01","N","N","0","","0","0","1","0","0","","0525","0","3","0","0","0","0","0","1","1","3","N","","","","","","","","","","","","03","  ","","N","N"
"1748","1","0","0","0","0","0","0","0","0","1","0","","36","11","2020","2020094477","6","40.2105","-76.1323","1744","08","0","1","0","0","0","0","0","0","","0","0","0","17","3","0","00","0","40 12:37.630","","07","76 07:56.258","0","0","0","0","36210","0","0","0","N","0","0","0","7","36210","0","","1","01","N","N","0","","0","0","1","0","0","","1744","0","2","0","0","0","0","0","1","0","2","N","","","","","","","","","","","","03","  ","","N","N"
"0712","0","0","0","0","0","0","0","0","0","4","0","","36","10","2020","2020094380","4","39.851","-76.2208","0705","08","0","0","0","0","0","1","0","0","","0","0","0","06","1","0","01","0","39 51:03.696","","00","76 13:14.890","0","0","0","0","36212","0","0","0","N","0","0","0","2","68J01","0","","1","09","N","N","0","","0","0","1","3","3","","0653","0","2","0","0","0","0","0","1","1","2","N","","","","","","","","","","","","07","  ","","N","N"
"0632","0","0","0","0","0","0","0","0","0","4","0","","36","10","2020","2020094390","6","39.9817","-76.0172","0614","08","0","0","1","0","0","0","0","0","","0","0","0","06","2","1","02","0","39 58:54.043","","00","76 01:01.743","4","0","0","0","36232","0","0","0","N","0","0","0","2","68J01","1","","1","09","N","N","0","","0","0","2","3","3","","0612","1","2","0","0","0","0","0","1","0","2","N","","","","","","","","","","","","07","  ","","N","N"
"1213","0","0","0","0","0","0","0","0","0","1","0","","36","11","2020","2020094400","4","39.9938","-76.1819","1213","08","0","0","0","1","0","0","0","0","","0","0","0","12","1","0","00","0","39 59:37.567","","00","76 10:54.735","0","0","0","0","36233","0","0","0","N","0","0","0","2","68J01","0","","1","01","N","N","0","","0","0","2","0","0","","1213","0","2","0","0","0","0","0","1","0","2","N","","","","","","","","","","","","03","  ","","N","N"
"2110","1","0","0","1","0","0","0","0","0","5","0","","36","10","2020","2020094453","6","40.0459","-76.3072","2107","08","0","0","0","0","0","0","0","0","","0","0","0","21","3","1","01","2","40 02:45.142","1","00","76 18:25.864","3","0","0","0","36301","1","0","0","N","0","0","0","2","36301","0","","1","01","N","N","0","","1","0","0","3","2","Y","2106","1","2","0","0","0","0","0","3","0","1","N","","","","","","","","","","","2131","03","  ","","N","N"
"1854","1","0","0","0","0","0","0","0","0","4","0","","36","11","2020","2020094486","6","40.039","-76.3598","1837","08","0","0","0","0","0","0","0","0","","0","0","0","18","3","0","01","1","40 02:20.432","2","00","76 21:35.292","0","0","0","0","36214","0","0","0","N","0","0","0","2","36214","0","","1","01","N","N","0","","0","0","1","3","2","N","1830","0","2","0","0","0","0","0","3","0","2","N","","","","","","","","","","","0040","03","03","","N",""
"1606","0","0","0","0","0","0","0","0","0","4","0","","36","11","2020","2020094518","6","40.2652","-76.1831","1556","08","0","0","0","0","0","0","1","0","","0","0","0","15","1","2","02","2","40 15:54.775","5","00","76 10:59.009","3","0","0","1","36236","0","0","0","N","0","0","0","3","36408","1","","1","01","N","N","0","","1","0","1","3","3","Y","1556","2","2","0","0","0","0","0","1","0","2","N","","","","","","","","","","","1650","03","03","","Y",""
"0725","1","0","0","0","0","0","0","0","0","1","0","","36","10","2020","2020094655","5","40.0942","-76.2857","0714","08","0","1","0","0","0","0","0","0","","0","0","0","07","2","0","00","0","40 05:39.233","","00","76 17:08.612","0","0","0","0","36101","0","0","0","N","0","0","0","3","36101","0","","1","09","N","N","1","","0","0","0","0","0","","0713","0","2","0","0","0","0","0","3","0","2","N","","","","","","","","","","","","07","07","","N","N"
"1551","1","0","0","0","0","0","0","0","0","4","0","","36","11","2020","2020094667","6","40.0793","-76.5854","1547","08","0","0","0","0","0","2","0","0","","0","0","0","15","1","0","00","2","40 04:45.328","5","00","76 35:07.586","0","0","0","0","36211","0","0","0","N","0","0","0","2","36504","0","","2","01","N","N","0","","0","0","0","0","0","Y","1544","0","2","0","0","0","0","0","1","0","2","N","","","","","","","","","","","1654","03","  ","","N","N"
"1553","0","0","0","0","0","0","0","0","0","7","0","","36","10","2020","2020094681","1","39.9446","-76.131","1541","08","0","0","0","0","0","0","0","0","","0","0","0","15","1","0","00","2","39 56:40.620","6","00","76 07:51.720","0","0","0","0","36216","0","0","0","N","0","0","0","1","68J01","0","","5","09","N","N","0","","0","0","1","0","0","Y","1533","0","1","0","0","0","0","0","1","0","1","N","","","","","","","","","","","1645","07","04","","N","N"