"ARRIVAL_TM","AUTOMOBILE_COUNT","BELTED_DEATH_COUNT","BELTED_SUSP_SERIOUS_INJ_COUNT","BICYCLE_COUNT","BICYCLE_DEATH_COUNT","BICYCLE_SUSP_SERIOUS_INJ_COUNT","BUS_COUNT","CHLDPAS_DEATH_COUNT","CHLDPAS_SUSP_SERIOUS_INJ_COUNT","COLLISION_TYPE","COMM_VEH_COUNT","CONS_ZONE_SPD_LIM","COUNTY","CRASH_MONTH","CRASH_YEAR","CRN","DAY_OF_WEEK","DEC_LAT","DEC_LONG","DISPATCH_TM","DISTRICT","DRIVER_COUNT_16YR","DRIVER_COUNT_17YR","DRIVER_COUNT_18YR","DRIVER_COUNT_19YR","DRIVER_COUNT_20YR","DRIVER_COUNT_50_64YR","DRIVER_COUNT_65_74YR","DRIVER_COUNT_75PLUS","EST_HRS_CLOSED","FATAL_COUNT","HEAVY_TRUCK_COUNT","HORSE_BUGGY_COUNT","HOUR_OF_DAY","ILLUMINATION","INJURY_COUNT","INTERSECT_TYPE","LANE_CLOSED","LATITUDE","LN_CLOSE_DIR","LOCATION_TYPE","LONGITUDE","MAX_SEVERITY_LEVEL","MCYCLE_DEATH_COUNT","MCYCLE_SUSP_SERIOUS_INJ_COUNT","MOTORCYCLE_COUNT","MUNICIPALITY","NONMOTR_COUNT","NONMOTR_DEATH_COUNT","NONMOTR_SUSP_SERIOUS_INJ_COUNT","NTFY_HIWY_MAINT","PED_COUNT","PED_DEATH_COUNT","PED_SUSP_SERIOUS_INJ_COUNT","PERSON_COUNT","POLICE_AGCY","POSSIBLE_INJ_COUNT","RDWY_SURF_TYPE_CD","RELATION_TO_ROAD","ROAD_CONDITION","SCH_BUS_IND","SCH_ZONE_IND","SMALL_TRUCK_COUNT","SPEC_JURIS_CD","SUSP_MINOR_INJ_COUNT","SUSP_SERIOUS_INJ_COUNT","SUV_COUNT","TCD_FUNC_CD","TCD_TYPE","TFC_DETOUR_IND","TIME_OF_DAY","TOT_INJ_COUNT","TOTAL_UNITS","UNB_DEATH_COUNT","UNB_SUSP_SERIOUS_INJ_COUNT","UNBELTED_OCC_COUNT","UNK_INJ_DEG_COUNT","UNK_INJ_PER_COUNT","URBAN_RURAL","VAN_COUNT","VEHICLE_COUNT","WORK_ZONE_IND","WORK_ZONE_LOC","WORK_ZONE_TYPE","WORKERS_PRES","WZ_CLOSE_DETOUR","WZ_FLAGGER","WZ_LAW_OFFCR_IND","WZ_LN_CLOSURE","WZ_MOVING","WZ_OTHER","WZ_SHLDER_MDN","ROADWAY_CLEARED","WEATHER1","WEATHER2","WZ_WORKERS_INJ_KILLED","SECONDARY_CRASH","INTERSECTION_RELATED"
"1311","1","0","0","0","0","0","0","0","0","7","0","","36","10","2020","2020094770","7","40.0822","-76.3396","1306","08","0","0","0","0","0","1","0","0","","0","0","0","13","1","1","00","0","40 04:55.790","","00","76 20:22.510","3","0","0","0","36101","0","0","0","N","0","0","0","1","36101","0","","5","01","N","N","0","","1","0","0","0","0","","1304","1","1","0","0","0","0","0","3","0","1","N","","","","","","","","","","","","04","  ","","N","N"
"0814","1","0","0","0","0","0","0","0","0","7","0","","36","11","2020","2020094925","3","40.19","-76.1883","0810","08","0","0","0","0","0","0","0","1","","0","0","0","08","1","0","00","1","40 11:23.829","2","00","76 11:17.892","0","0","0","0","36408","0","0","0","N","0","0","0","1","36408","0","","5","01","N","N","0","","0","0","0","0","0","N","0810","0","1","0","0","0","0","0","2","0","1","N","","","","","","","","","","","0845","03","03","","N","N"
"1805","0","0","0","0","0","0","0","0","0","7","0","","36","11","2020","2020094961","6","40.1713","-76.1238","1756","08","0","0","0","0","0","0","1","0","","0","0","0","17","3","0","01","0","40 10:16.682","","00","76 07:25.649","0","0","0","0","36218","0","0","0","N","0","0","0","1","36408","0","","5","01","N","N","0","","0","0","1","3","3","","1756","0","1","0","0","1","0","0","1","0","1","N","","","","","","","","","","","","03","  ","","N","N"
"1253","1","0","0","0","0","0","0","0","0","4","0","","36","10","2020","2020094973","4","40.214","-76.1583","1253","08","0","0","0","0","0","1","0","1","","0","0","0","12","1","1","01","0","40 12:50.235","","00","76 09:29.758","3","0","0","0","36236","0","0","0","N","0","0","0","3","36408","0","","1","01","N","N","0","","1","0","2","3","3","","1230","1","3","0","0","0","0","0","1","0","3","N","","","","","","","","","","","","03","  ","","N",""
"1802","1","0","0","0","0","0","0","0","0","7","0","","36","10","2020","2020094982","2","40.0112","-76.136","1756","08","0","0","0","0","1","0","0","0","","0","0","0","17","4","4","00","2","40 00:40.489","4","00","76 08:09.637","2","0","0","0","36221","0","0","0","N","0","0","0","4","68J01","0","","5","09","N","N","0","","0","1","0","3","8","N","1748","4","1","0","1","1","3","0","1","0","1","N","","","","","","","","","","","0100","05","  ","","N","N"
"1804","1","0","0","0","0","0","0","0","0","1","0","","36","10","2020","2020094980","1","39.8418","-76.0615","1745","08","0","0","0","0","0","0","0","0","","0","0","1","17","4","1","00","1","39 50:30.447","5","00","76 03:41.452","2","0","0","0","36205","1","0","1","N","0","0","0","2","68J01","0","","1","09","N","N","0","","0","1","0","0","0","N","1739","1","2","0","0","0","0","0","1","0","1","N","","","","","","","","","","","1848","07","04","","N","N"
"1714","0","0","0","0","0","0","0","0","0","0","0","","36","11","2020","2020094995","4","39.9448","-76.1784","1703","08","0","0","0","0","0","0","0","0","","0","0","0","17","4","1","00","0","39 56:41.155","","00","76 10:42.203","2","0","1","1","36233","0","0","0","N","0","0","0","1","68J01","0","","1","01","N","N","0","","0","1","0","0","0","","1700","1","1","0","0","0","0","0","1","0","1","N","","","","","","","","","","","","03","  ","","N","N"
"1004","0","0","0","0","0","0","0","0","0","1","0","","36","11","2020","2020094701","5","39.9185","-76.1885","0955","08","0","0","0","0","0","1","0","1","","0","0","0","09","1","0","00","0","39 55:06.693","","00","76 11:18.623","0","0","0","0","36229","0","0","0","N","0","0","0","2","68J01","0","","1","01","N","N","1","","0","0","1","0","0","","0953","0","2","0","0","0","0","0","1","0","2","N","","","","","","","","","","","","03","  ","","N","Y"
"0237","0","0","0","0","0","0","0","0","0","7","0","","36","11","2020","2020095073","7","40.0527","-76.3772","0230","08","0","0","0","0","0","0","0","0","","0","0","0","02","2","0","00","1","40 03:09.678","4","00","76 22:37.903","9","0","0","0","36214","0","0","0","Y","0","0","0","1","36214","0","","2","01","N","N","0","","0","0","1","0","0","N","0220","0","1","0","0","0","0","1","3","0","1","N","","","","","","","","","","","0040","03","03","","N","N"
"1905","1","0","0","0","0","0","0","0","0","4","0","","36","11","2020","2020094771","7","40.0197","-76.3267","1901","08","0","0","0","0","0","0","0","0","","0","0","0","18","2","0","00","1","40 01:10.900","2","07","76 19:36.200","0","0","0","0","36220","0","0","0","N","0","0","0","3","36101","0","","1","01","N","N","0","","0","0","1","0","0","N","1858","0","2","0","0","0","0","0","3","0","2","N","","","","","","","","","","","2000","03","03","","N","N"
"0131","1","0","0","0","0","0","0","0","0","7","0","","36","11","2020","2020094772","7","40.1146","-76.3584","0124","08","0","0","0","0","0","0","0","0","","0","0","0","01","2","1","00","2","40 06:52.484","5","00","76 21:30.306","8","0","0","0","36214","0","0","0","Y","0","0","0","1","36214","0","","4","01","N","N","0","","0","0","0","0","0","Y","0122","1","1","0","0","0","1","0","3","0","1","N","","","","","","","","","","","0600","03","  ","","N","N"
"1734","1","0","0","0","0","0","0","0","0","4","0","","36","11","2020","2020095072","1","40.0191","-76.3212","1734","08","0","0","0","0","0","0","0","0","","0","0","0","17","2","2","00","1","40 01:08.937","6","07","76 19:16.277","3","0","0","1","36220","0","0","0","N","0","0","0","2","36101","0","","1","01","N","N","0","","1","0","0","0","0","N","1733","2","2","0","0","0","1","0","3","0","2","N","","","","","","","","","","","1845","03","03","","N","N"
"0716","2","0","0","0","0","0","0","0","0","4","0","","36","10","2020","2020095121","6","40.119","-76.5376","0709","08","0","0","0","0","0","0","0","1","","0","0","0","07","1","0","02","1","40 07:08.554","6","00","76 32:15.426","0","0","0","0","36225","0","0","0","N","0","0","0","2","36504","0","","1","09","N","N","0","","0","0","0","3","3","N","0700","0","2","0","0","0","0","0","2","0","2","N","","","","","","","","","","","0751","07","  ","","N",""
"1444","0","0","0","0","0","0","0","0","0","4","0","","36","11","2020","2020095289","2","39.9865","-76.2812","1438","08","0","0","0","0","1","0","0","0","","0","0","0","14","1","0","01","0","39 59:11.342","","00","76 16:52.253","9","0","0","0","36240","0","0","0","Y","0","0","0","4","36240","0","","1","01","N","N","0","","0","0","2","3","2","","1438","0","2","0","0","0","0","1","1","0","2","N","","","","","","","","","","","","03","  ","","N",""
"0741","1","0","0","0","0","0","0","0","0","7","0","","36","11","2020","2020095582","2","40.1437","-76.5974","0737","08","0","0","0","0","0","1","0","0","","0","0","0","07","1","0","00","0","40 08:37.226","","00","76 35:50.755","0","0","0","0","36407","0","0","0","N","0","0","0","1","36407","0","","5","01","N","N","0","","0","0","0","0","0","","0734","0","1","0","0","0","0","0","2","0","1","N","","","","","","","","","","","","03","  ","","N","N"
"1831","0","0","0","0","0","0","0","0","0","7","1","","36","11","2020","2020095322","3","40.124","-76.472","1819","08","0","0","0","0","0","0","1","0","","0","1","0","18","2","0","02","1","40 07:26.286","3","00","76 28:19.173","0","0","0","0","36230","0","0","0","N","0","0","0","1","36410","0","","2","01","N","N","0","","0","0","0","3","3","N","1816","0","1","0","0","0","0","0","1","0","1","N","","","","","","","","","","","2027","03","03","","N",""
"1145","0","0","0","0","0","0","0","0","0","7","0","","36","11","2020","2020095325","7","40.1241","-76.4711","1136","08","0","0","0","0","0","0","0","0","","0","0","0","11","1","0","01","0","40 07:26.916","","02","76 28:15.881","0","0","0","0","36230","0","0","0","N","0","0","0","1","36410","0","","4","01","N","N","1","","0","0","0","0","0","","1132","0","1","0","0","0","0","0","1","0","1","N","","","","","","","","","","","","03","  ","","N",""
"1107","1","0","0","0","0","0","0","0","0","4","0","","36","11","2020","2020095323","5","40.1625","-76.3938","1107","08","0","0","0","0","0","0","0","0","","0","0","0","11","1","1","02","2","40 09:45.071","5","00","76 23:37.561","8","0","0","0","36410","0","0","0","N","0","0","0","2","36410","0","","1","01","N","N","1","","0","0","0","3","3","Y","1107","1","2","0","0","1","1","0","2","0","2","N","","","","","","","","","","","1146","03","  ","","N",""
"1448","2","0","0","0","0","0","0","0","0","1","0","","36","11","2020","2020095588","2","40.0394","-76.5019","1445","08","0","0","0","0","0","1","0","0","","0","0","0","14","1","0","00","0","40 02:21.949","","00","76 30:06.942","0","0","0","0","36404","0","0","0","N","0","0","0","1","36404","0","","4","01","N","N","0","","0","0","0","0","0","N","1445","0","2","0","0","0","0","0","3","0","2","N","","","","","","","","","","","","03","  ","","N","N"
"0743","0","0","0","1","0","1","0","0","0","1","0","","36","10","2020","2020095475","6","40.1581","-76.124","0738","08","0","0","0","0","0","1","0","0","","0","0","0","07","5","1","00","2","40 09:29.200","6","00","76 07:26.500","2","0","0","0","36218","1","0","1","N","0","0","0","6","36408","0","","2","09","N","N","0","","0","1","0","0","0","Y","0738","1","2","0","0","0","0","0","1","1","1","N","","","","","","","","","","","0803","07","  ","","N","Y"
"1435","2","0","0","0","0","0","0","0","0","4","0","","36","10","2020","2020095476","7","40.1655","-76.1596","1430","08","1","0","0","0","0","0","0","1","","0","0","0","14","1","0","01","0","40 09:55.667","","00","76 09:34.569","0","0","0","0","36218","0","0","0","N","0","0","0","3","36408","0","","1","01","N","N","0","","0","0","0","3","2","","1430","0","2","0","0","0","0","0","1","0","2","N","","","","","","","","","","","","03","  ","","N","N"
"0109","1","0","0","0","0","0","0","0","0","4","0","","36","11","2020","2020095508","3","40.0411","-76.3068","0104","08","0","0","0","0","0","0","0","0","","0","0","0","01","3","0","00","0","40 02:27.919","","00","76 18:24.328","0","0","0","0","36301","0","0","0","N","0","0","0","1","36301","0","","4","01","N","N","0","","0","0","0","0","0","","0102","0","1","0","0","0","0","0","3","0","1","N","","","","","","","","","","","","03","03","","N","N"
"2028","0","0","0","0","0","0","0","0","0","7","0","","36","11","2020","2020095324","5","40.1127","-76.483","2025","08","0","0","0","0","0","0","0","0","","0","0","0","20","3","0","00","0","40 06:45.600","","00","76 28:58.800","0","0","0","0","36230","0","0","0","N","0","0","0","1","36410","0","","3","01","N","N","0","","0","0","0","0","0","","2022","0","1","0","0","0","0","0","1","1","1","N","","","","","","","","","","","","03","03","","N","N"
"2035","1","0","0","0","0","0","0","0","0","0","0","","36","11","2020","2020095522","3","40.1558","-76.087","2027","08","0","0","0","0","0","0","0","1","","0","0","0","20","2","0","02","0","40 09:21.005","","00","76 05:13.178","0","0","0","0","36209","0","0","0","N","0","0","0","1","36415","0","","5","01","N","N","0","","0","0","0","0","0","","2024","0","1","0","0","0","0","0","1","0","1","N","","","","","","","","","","","","03","03","","N",""
"1252","0","0","0","0","0","0","0","0","0","4","0","","36","11","2020","2020095521","5","40.071","-76.333","1251","08","0","0","0","0","0","0","1","1","","0","0","0","12","1","1","00","2","40 04:15.576","2","07","76 19:58.821","4","0","0","0","36101","0","0","0","N","0","0","0","3","36101","1","","1","01","N","N","1","","0","0","1","3","3","N","1248","1","2","0","0","0","0","0","3","0","2","N","","","","","","","","","","","1315","03","03","","N","N"
"1810","1","0","0","0","0","0","0","0","0","98","0","","36","11","2020","2020095326","7","40.1948","-76.4172","1759","08","0","0","0","0","0","0","0","0","","0","0","0","17","2","1","00","1","40 11:41.420","2","00","76 25:02.011","4","0","0","0","36230","0","0","0","N","0","0","0","3","36410","1","","1","01","N","N","0","","0","0","0","0","0","N","1759","1","1","0","0","0","0","0","1","0","1","N","","","","","","","","","","","1820","03","  ","","N","N"
"1734","1","0","0","0","0","0","0","0","0","8","0","","36","10","2020","2020095566","2","40.052","-76.3102","1731","08","0","0","0","0","0","0","0","0","","0","0","0","17","1","1","01","0","40 03:07.058","","00","76 18:36.898","3","0","0","0","36301","1","0","0","N","1","0","0","2","36301","0","","1","01","N","N","0","","1","0","0","3","2","","1730","1","2","0","0","0","0","0","3","0","1","N","","","","","","","","","","","","03","  ","","N",""
"1117","0","0","0","0","0","0","0","0","0","4","0","","36","11","2020","2020095321","2","40.0735","-76.3232","1115","08","0","0","0","0","0","0","1","0","","0","0","0","11","1","0","00","2","40 04:24.540","6","07","76 19:23.520","0","0","0","0","36101","0","0","0","N","0","0","0","3","36101","0","","1","01","N","N","1","","0","0","1","0","0","N","1107","0","2","0","0","0","0","0","3","0","2","N","","","","","","","","","","","1125","03","  ","","N","N"
"1045","1","0","0","0","0","0","0","0","0","4","0","","36","11","2020","2020095638","3","40.03","-76.3006","1037","08","0","0","0","0","0","0","0","0","","0","0","0","10","1","0","03","2","40 01:47.953","1","00","76 18:02.293","0","0","0","0","36301","0","0","0","N","0","0","0","1","36301","0","","1","01","N","N","1","","0","0","0","0","0","Y","1037","0","2","0","0","0","0","0","3","0","2","N","","","","","","","","","","","1100","03","03","","N","N"
"0754","2","0","0","0","0","0","0","0","0","4","0","","36","11","2020","2020095574","3","40.0501","-76.2961","0753","08","0","0","0","0","0","0","0","0","","0","0","0","07","1","0","01","0","40 03:00.327","","00","76 17:45.949","0","0","0","0","36301","0","0","0","N","0","0","0","4","36301","0","","1","01","N","N","0","","0","0","2","3","3","","0751","0","4","0","0","0","0","0","3","0","4","N","","","","","","","","","","","","03","03","","Y","N"
"1622","2","0","0","0","0","0","0","0","0","4","0","","36","11","2020","2020095611","2","40.1605","-76.2243","1616","08","0","0","0","1","0","0","0","0","","0","0","0","16","1","1","02","1","40 09:37.659","5","00","76 13:27.482","3","0","0","0","36218","0","0","0","N","0","0","0","2","36408","0","","1","01","N","N","0","","1","0","0","0","0","Y","1616","1","2","0","0","0","0","0","1","0","2","N","","","","","","","","","","","1700","03","  ","","N","N"
"1451","0","0","0","0","0","0","0","0","0","7","0","","36","11","2020","2020095681","4","40.1743","-75.9616","1429","08","0","0","0","0","0","1","0","0","","0","0","0","14","1","0","00","0","40 10:27.464","","00","75 57:41.856","0","0","0","0","36202","0","0","0","N","0","0","0","1","68T06","0","","1","01","N","N","0","","0","0","1","0","0","","1429","0","1","0","0","0","0","0","1","0","1","N","","","","","","","","","","","","03","03","","N","N"
"0650","1","0","0","0","0","0","0","0","0","98","0","","36","11","2020","2020095794","5","40.0884","-76.266","0636","08","0","0","0","0","0","0","0","0","","0","0","0","06","5","0","00","0","40 05:18.283","","00","76 15:57.443","0","0","0","0","36101","0","0","0","N","0","0","0","1","36101","0","","1","01","N","N","0","","0","0","0","0","0","","0629","0","1","0","0","0","0","0","3","0","1","N","","","","","","","","","","","","05","05","","N","N"
"0505","1","0","0","0","0","0","0","0","0","98","0","","36","11","2020","2020095712","1","40.2456","-76.1869","0452","08","0","0","0","0","0","1","0","0","","0","0","0","04","2","0","00","0","40 14:44.034","","00","76 11:12.976","0","0","0","0","36236","0","0","0","N","0","0","0","1","68T06","0","","1","01","N","N","0","","0","0","0","0","0","","0445","0","1","0","0","0","0","0","1","0","1","N","","","","","","","","","","","","03","  ","","N","N"
"0725","2","0","0","0","0","0","0","0","0","4","0","","36","11","2020","2020095797","3","40.0292","-76.2281","0725","08","0","0","0","0","0","1","0","0","","0","0","0","07","1","2","02","1","40 01:45.621","6","00","76 13:41.370","3","0","0","0","36215","0","0","0","N","0","0","0","2","36215","0","","1","01","N","N","0","","2","0","0","3","2","N","0725","2","2","0","0","0","0","0","1","0","2","N","","","","","","","","","","","0810","03","  ","","N",""
"1300","2","0","0","0","0","0","0","0","0","4","0","","36","11","2020","2020095795","2","40.0628","-76.3659","1256","08","0","0","0","0","0","0","0","0","","0","0","0","12","1","0","02","1","40 03:46.136","4","00","76 21:57.103","0","0","0","0","36214","0","0","0","N","0","0","0","3","36214","0","","1","01","N","N","0","","0","0","0","0","0","N","1251","0","2","0","0","0","0","0","3","0","2","N","","","","","","","","","","","1335","03","  ","","N",""
"1324","0","0","0","0","0","0","0","0","0","1","0","","36","10","2020","2020095798","5","40.1212","-76.5449","1319","08","0","0","0","0","0","1","0","0","","0","0","0","12","1","2","03","0","40 07:16.443","","00","76 32:41.745","8","0","0","0","36211","0","0","0","N","0","0","0","2","36505","0","","1","01","N","N","1","","0","0","1","0","0","","1259","2","2","0","0","0","2","0","1","0","2","N","","","","","","","","","","","","03","03","","N","N"
"1453","1","0","0","0","0","0","0","0","0","7","0","","36","10","2020","2020095835","4","39.8611","-76.0938","1453","08","0","0","0","0","0","0","0","0","","0","0","0","14","1","1","00","2","39 51:39.959","1","00","76 05:37.725","2","0","0","0","36205","0","0","0","Y","0","0","0","1","68J03","0","","2","01","N","N","0","","0","1","0","0","0","N","1446","1","1","0","1","1","0","0","1","0","1","N","","","","","","","","","","","1657","03","03","","N","N"
"1806","1","0","0","0","0","0","0","0","0","4","0","","36","11","2020","2020095988","6","40.1791","-76.3092","1754","08","0","0","0","0","0","1","1","0","","0","0","0","17","2","0","00","0","40 10:44.924","","07","76 18:33.109","0","0","0","0","36235","0","0","0","N","0","0","0","2","36506","0","","1","01","N","N","0","","0","0","1","3","3","","1754","0","2","0","0","0","0","0","1","0","2","N","","","","","","","","","","","","03","  ","","N","N"
"1620","1","0","0","0","0","0","0","0","0","4","0","","36","10","2020","2020096022","5","40.0234","-76.3061","1619","08","0","0","0","1","0","0","0","0","","0","0","0","16","1","2","03","1","40 01:24.322","5","00","76 18:21.797","3","0","0","0","36301","0","0","0","N","0","0","0","4","36301","0","","1","09","N","N","0","","1","0","1","0","0","N","1617","2","2","0","0","0","1","0","3","0","2","N","","","","","","","","","","","1720","07","04","","N","N"
"1256","0","0","0","1","0","0","0","0","0","4","0","","36","11","2020","2020095796","3","40.0886","-76.1818","1253","08","0","0","0","0","0","0","1","0","","0","0","0","12","1","1","00","1","40 05:18.944","4","07","76 10:54.642","8","0","0","0","36234","1","0","0","N","0","0","0","2","36215","0","","1","01","N","N","0","","0","0","1","0","0","N","1252","1","2","0","0","0","1","0","1","0","1","N","","","","","","","","","","","0030","03","03","","N","N"
"1849","2","0","0","0","0","0","0","0","0","4","0","","36","11","2020","2020095990","2","40.1397","-76.3","1849","08","0","1","0","0","0","0","0","1","","0","0","0","18","2","0","01","1","40 08:23.067","5","00","76 18:00.133","0","0","0","0","36235","0","0","0","N","0","0","0","3","36506","0","","1","01","N","N","0","","0","0","0","3","3","N","1849","0","2","0","0","0","0","0","1","0","2","N","","","","","","","","","","","1912","03","  ","","N",""
"1833","1","0","0","0","0","0","0","0","0","8","0","","36","11","2020","2020095950","3","40.1181","-76.0491","1830","08","0","0","0","1","0","0","0","0","","1","0","0","18","3","0","00","2","40 07:05.248","6","00","76 02:56.629","1","0","0","0","36213","1","1","0","N","1","1","0","2","36213","0","2","1","01","N","N","0","0","0","0","0","0","0","Y","1829","0","2","0","0","0","0","0","1","0","1","N","","","","","","","","","","","2359","03","03","","N","N"
"1127","0","0","0","0","0","0","0","0","0","1","2","","36","11","2020","2020095984","2","40.0692","-76.3083","1110","08","0","0","0","0","0","1","0","0","","0","2","0","11","1","0","00","2","40 04:09.205","4","03","76 18:29.986","0","0","0","0","36101","0","0","0","N","0","0","0","2","36101","0","","1","01","N","N","0","","0","0","0","0","0","N","1103","0","2","0","0","0","0","0","3","0","2","N","","","","","","","","","","","1305","03","03","","N","N"
"1948","0","0","0","0","0","0","0","0","0","4","0","","36","11","2020","2020095985","3","40.0638","-76.3405","1948","08","0","0","0","0","0","0","0","0","","0","0","0","19","3","1","01","0","40 03:49.895","","08","76 20:25.345","3","0","0","0","36101","0","0","0","N","0","0","0","1","36101","0","","7","01","N","N","0","","1","0","2","3","2","","1946","1","2","0","0","0","0","0","3","0","2","N","","","","","","","","","","","","03","  ","","N",""
"1210","0","0","0","0","0","0","0","0","0","1","1","","36","11","2020","2020095987","6","40.1026","-76.3542","1158","08","0","0","0","0","0","0","0","0","","0","1","0","11","1","0","01","0","40 06:09.216","","00","76 21:15.274","0","0","0","0","36406","0","0","0","N","0","0","0","2","36506","0","","1","01","N","N","0","","0","0","0","0","0","","1155","0","2","0","0","0","0","0","3","1","2","N","","","","","","","","","","","","03","03","","N",""
"1653","1","0","0","0","0","0","0","0","0","98","0","","36","11","2020","2020095986","3","40.1468","-76.2759","1649","08","0","0","0","0","0","1","0","0","","0","0","0","16","4","1","00","1","40 08:48.479","6","00","76 16:33.264","3","0","0","0","36235","0","0","0","N","0","0","0","2","36506","0","","1","01","N","N","1","","1","0","0","0","0","N","1648","1","2","0","0","0","0","0","1","0","2","N","","","","","","","","","","","1725","03","03","","Y","N"
"2014","1","0","0","0","0","0","0","0","0","98","0","","36","10","2020","2020095996","7","40.219","-76.1049","2001","08","0","0","0","1","0","0","0","0","","0","0","0","20","3","0","00","0","40 13:08.536","","00","76 06:17.761","0","0","0","0","36210","0","0","0","N","0","0","0","1","36210","0","","1","01","N","N","0","","0","0","0","0","0","","2001","0","1","0","0","0","0","0","1","0","1","N","","","","","","","","","","","","03","  ","","N","N"
"0508","0","0","0","0","0","0","0","0","0","98","0","","36","11","2020","2020096221","1","40.1725","-76.6035","0504","08","0","0","0","0","0","1","0","0","","0","0","0","05","2","1","00","1","40 10:21.127","2","00","76 36:12.525","3","0","0","0","36225","0","0","0","N","0","0","0","1","36505","0","","1","01","N","N","0","","1","0","1","0","0","N","0500","1","1","0","0","0","0","0","2","0","1","N","","","","","","","","","","","0554","03","  ","","N","N"
"1615","0","0","0","0","0","0","0","0","0","4","0","","36","11","2020","2020096676","4","39.9854","-76.2856","1613","08","0","0","0","0","0","0","0","0","","0","0","0","16","4","0","02","0","39 59:07.501","","00","76 17:08.264","0","0","0","0","36240","0","0","0","N","0","0","0","4","36240","0","","1","09","N","N","1","","0","0","1","3","2","","1610","0","2","0","0","0","0","0","1","0","2","N","","","","","","","","","","","","07","  ","","N",""
"2325","3","0","0","0","0","0","0","0","0","5","0","","36","10","2020","2020096623","7","40.0585","-76.2929","2320","08","0","0","0","0","0","0","0","0","","0","0","0","23","2","1","00","1","40 03:30.750","3","00","76 17:34.540","3","0","0","0","36101","0","0","0","N","0","0","0","2","36101","0","","6","01","N","N","0","","1","0","0","0","0","N","2319","1","3","0","0","0","0","0","3","0","3","N","","","","","","","","","","","0130","03","03","","N","N"
"1830","0","0","0","0","0","0","0","0","0","0","0","","36","11","2020","2020096398","1","40.2225","-76.0968","1628","08","0","0","0","0","0","0","0","0","","0","0","0","16","1","1","01","0","40 13:20.882","","00","76 05:48.548","8","0","0","1","36210","0","0","0","N","0","0","0","1","36210","0","","1","01","N","N","0","","0","0","0","3","2","","1628","1","1","0","0","0","1","0","1","0","1","N","","","","","","","","","","","","03","  ","","N","N"
"0223","2","0","0","0","0","0","0","0","0","4","0","","36","11","2020","2020096411","1","40.0691","-76.3569","0219","08","0","0","0","0","0","0","0","0","","0","0","0","02","3","1","01","1","40 04:08.816","7","00","76 21:24.786","3","0","0","0","36214","0","0","0","N","0","0","0","2","36214","0","","1","01","N","N","0","","1","0","0","3","2","N","0216","1","2","0","0","0","0","0","3","0","2","N","","","","","","","","","","","0320","03","  ","","N",""
"0938","1","0","0","0","0","0","0","0","0","7","0","","36","11","2020","2020096412","4","40.061","-76.4987","0931","08","0","0","0","0","0","0","0","0","","0","0","0","09","1","0","00","1","40 03:39.540","1","00","76 29:55.251","0","0","0","0","36239","0","0","0","N","0","0","0","1","36239","0","","2","09","N","N","0","","0","0","0","0","0","N","0928","0","1","0","0","0","0","0","3","0","1","N","","","","","","","","","","","0030","04","07","","N","N"
"1652","1","0","0","0","0","0","0","0","0","1","0","","36","10","2020","2020096584","6","40.1208","-76.2135","1648","08","0","0","0","1","0","1","0","0","","0","0","0","16","1","0","02","0","40 07:14.987","","00","76 12:48.553","0","0","0","0","36238","0","0","0","N","0","0","0","2","36238","0","","1","01","N","N","1","","0","0","0","0","0","","1645","0","2","0","0","0","0","0","3","0","2","N","","","","","","","","","","","","03","  ","","N","N"
"1535","2","0","0","0","0","0","0","0","0","1","0","","36","11","2020","2020096491","6","40.0601","-76.32","1531","08","0","1","0","0","0","1","0","1","","0","0","0","15","1","1","01","1","40 03:36.187","3","00","76 19:12.147","3","0","0","0","36301","0","0","0","N","0","0","0","5","36301","0","","1","01","N","N","0","","1","0","2","3","2","N","1531","1","4","0","0","0","0","0","3","0","4","N","","","","","","","","","","","1630","03","03","","N","N"
"1745","0","0","0","1","0","0","0","0","0","4","0","","36","10","2020","2020096214","2","40.0319","-76.4742","1738","08","0","0","0","0","0","0","1","0","","0","0","0","17","1","1","00","0","40 01:55.015","","07","76 28:27.145","3","0","0","0","36239","1","0","0","N","0","0","0","2","36239","0","","1","01","N","N","0","","1","0","1","3","3","","1738","1","2","0","0","0","0","0","3","0","1","N","","","","","","","","","","","","03","  ","","N","N"
"1643","1","0","0","0","0","0","0","0","0","1","0","","36","10","2020","2020096393","6","40.1471","-76.2096","1639","08","0","0","0","0","0","1","0","0","","0","0","0","16","1","1","00","2","40 08:49.477","5","00","76 12:34.434","3","0","0","0","36238","0","0","0","N","0","0","0","4","36238","0","","1","01","N","N","0","","1","0","2","0","0","Y","1639","1","3","0","0","0","0","0","3","0","3","N","","","","","","","","","","","1741","03","  ","","N","Y"
"1930","2","0","0","0","0","0","0","0","0","5","0","","36","11","2020","2020096219","3","40.1763","-76.5984","1925","08","0","1","0","0","0","0","1","0","","0","0","0","19","2","1","07","2","40 10:34.680","4","02","76 35:54.180","3","0","0","0","36225","0","0","0","N","0","0","0","8","36505","0","","1","01","N","N","0","","1","0","3","0","0","Y","1923","1","5","0","0","0","0","0","2","0","5","N","","","","","","","","","","","2037","03","  ","","Y","N"