"ARRIVAL_TM","AUTOMOBILE_COUNT","BELTED_DEATH_COUNT","BELTED_SUSP_SERIOUS_INJ_COUNT","BICYCLE_COUNT","BICYCLE_DEATH_COUNT","BICYCLE_SUSP_SERIOUS_INJ_COUNT","BUS_COUNT","CHLDPAS_DEATH_COUNT","CHLDPAS_SUSP_SERIOUS_INJ_COUNT","COLLISION_TYPE","COMM_VEH_COUNT","CONS_ZONE_SPD_LIM","COUNTY","CRASH_MONTH","CRASH_YEAR","CRN","DAY_OF_WEEK","DEC_LAT","DEC_LONG","DISPATCH_TM","DISTRICT","DRIVER_COUNT_16YR","DRIVER_COUNT_17YR","DRIVER_COUNT_18YR","DRIVER_COUNT_19YR","DRIVER_COUNT_20YR","DRIVER_COUNT_50_64YR","DRIVER_COUNT_65_74YR","DRIVER_COUNT_75PLUS","EST_HRS_CLOSED","FATAL_COUNT","HEAVY_TRUCK_COUNT","HORSE_BUGGY_COUNT","HOUR_OF_DAY","ILLUMINATION","INJURY_COUNT","INTERSECT_TYPE","LANE_CLOSED","LATITUDE","LN_CLOSE_DIR","LOCATION_TYPE","LONGITUDE","MAX_SEVERITY_LEVEL","MCYCLE_DEATH_COUNT","MCYCLE_SUSP_SERIOUS_INJ_COUNT","MOTORCYCLE_COUNT","MUNICIPALITY","NONMOTR_COUNT","NONMOTR_DEATH_COUNT","NONMOTR_SUSP_SERIOUS_INJ_COUNT","NTFY_HIWY_MAINT","PED_COUNT","PED_DEATH_COUNT","PED_SUSP_SERIOUS_INJ_COUNT","PERSON_COUNT","POLICE_AGCY","POSSIBLE_INJ_COUNT","RDWY_SURF_TYPE_CD","RELATION_TO_ROAD","ROAD_CONDITION","SCH_BUS_IND","SCH_ZONE_IND","SMALL_TRUCK_COUNT","SPEC_JURIS_CD","SUSP_MINOR_INJ_COUNT","SUSP_SERIOUS_INJ_COUNT","SUV_COUNT","TCD_FUNC_CD","TCD_TYPE","TFC_DETOUR_IND","TIME_OF_DAY","TOT_INJ_COUNT","TOTAL_UNITS","UNB_DEATH_COUNT","UNB_SUSP_SERIOUS_INJ_COUNT","UNBELTED_OCC_COUNT","UNK_INJ_DEG_COUNT","UNK_INJ_PER_COUNT","URBAN_RURAL","VAN_COUNT","VEHICLE_COUNT","WORK_ZONE_IND","WORK_ZONE_LOC","WORK_ZONE_TYPE","WORKERS_PRES","WZ_CLOSE_DETOUR","WZ_FLAGGER","WZ_LAW_OFFCR_IND","WZ_LN_CLOSURE","WZ_MOVING","WZ_OTHER","WZ_SHLDER_MDN","ROADWAY_CLEARED","WEATHER1","WEATHER2","WZ_WORKERS_INJ_KILLED","SECONDARY_CRASH","INTERSECTION_RELATED"
"1930","2","0","0","0","0","0","0","0","0","5","0","","36","11","2020","2020096218","3","40.1763","-76.5984","1925","08","0","0","0","0","0","0","1","0","","0","0","0","19","2","2","07","2","40 10:34.680","4","02","76 35:54.180","3","0","0","0","36225","1","0","0","N","1","0","0","2","36505","0","","1","01","N","N","0","","2","0","0","0","0","Y","1924","2","3","0","0","0","0","0","2","0","2","N","","","","","","","","","","","2037","03","03","","Y","N"
"1930","1","0","0","0","0","0","0","0","0","7","0","","36","11","2020","2020096217","3","40.1763","-76.5984","1925","08","0","0","0","0","0","0","0","0","","0","0","0","19","2","0","07","2","40 10:34.680","4","02","76 35:54.180","0","0","0","0","36225","0","0","0","N","0","0","0","1","36505","0","","3","01","N","N","0","","0","0","0","0","0","Y","1923","0","1","0","0","0","0","0","2","0","1","N","","","","","","","","","","","2037","03","03","","N",""
"0212","1","0","0","0","0","0","0","0","0","7","0","","36","11","2020","2020096586","1","40.0378","-76.3182","0209","08","0","0","0","0","0","0","0","0","","0","0","0","02","3","1","01","1","40 02:15.919","3","00","76 19:05.359","3","0","0","0","36301","0","0","0","N","0","0","0","1","36301","0","","5","01","N","N","0","","1","0","0","0","0","N","0207","1","1","0","0","0","0","0","3","0","1","N","","","","","","","","","","","0438","03","03","","N","N"
"1524","0","0","0","0","0","0","0","0","0","0","1","","36","11","2020","2020096588","3","40.1449","-76.1907","1521","08","0","0","0","0","1","0","0","0","","0","0","0","15","1","0","00","1","40 08:41.575","1","00","76 11:26.389","0","0","0","0","36238","0","0","0","N","0","0","0","1","36238","0","","1","01","N","N","0","","0","0","0","0","0","N","1521","0","1","0","0","0","0","0","3","1","1","N","","","","","","","","","","","1658","03","  ","","N","Y"
"1227","1","0","0","0","0","0","0","0","0","1","0","65","36","11","2020","2020096220","5","40.1297","-76.5265","1220","08","0","0","0","0","0","1","0","1","","0","0","0","12","1","0","00","1","40 07:46.775","3","00","76 31:35.222","0","0","0","0","36225","0","0","0","N","0","0","0","2","36505","0","","1","01","N","N","1","","0","0","0","0","0","N","1220","0","2","0","0","0","0","0","2","0","2","Y","8","2","N","N","N","N","Y","N","N","N","1300","03","03","N","N","N"
"0515","0","0","0","0","0","0","0","0","0","98","0","","36","11","2020","2020096215","5","40.1052","-76.4445","0505","08","0","0","0","0","0","1","0","0","","0","0","0","05","2","0","00","0","40 06:18.752","","00","76 26:40.379","0","0","0","0","36239","0","0","0","N","0","0","0","1","36239","0","","1","01","N","N","0","","0","0","1","0","0","","0505","0","1","0","0","0","0","0","3","0","1","N","","","","","","","","","","","","03","03","","N","N"
"2204","0","0","0","0","0","0","0","0","0","7","0","","36","11","2020","2020096397","6","40.2771","-76.0937","2154","08","0","0","0","0","0","0","0","0","","0","0","0","21","2","0","00","0","40 16:37.426","","00","76 05:37.175","0","0","0","0","36210","0","0","0","N","0","0","0","1","36210","0","","4","01","N","N","1","","0","0","0","0","0","","2154","0","1","0","0","0","0","0","1","0","1","N","","","","","","","","","","","","03","  ","","N","N"
"1752","0","0","0","0","0","0","0","0","0","4","0","","36","11","2020","2020096627","7","40.0606","-76.2768","1746","08","0","0","0","0","0","2","0","0","","0","0","0","17","3","3","01","1","40 03:38.263","4","00","76 16:36.564","3","0","0","0","36101","0","0","0","N","0","0","0","3","36101","1","","1","01","N","N","1","","2","0","1","3","2","N","1743","3","2","0","0","0","0","0","3","0","2","N","","","","","","","","","","","1845","03","  ","","N",""
"1258","2","0","0","0","0","0","0","0","0","1","0","","36","10","2020","2020096624","2","40.069","-76.3069","1246","08","0","0","0","0","0","0","0","0","","0","0","0","12","1","0","00","0","40 04:08.493","","03","76 18:24.811","0","0","0","0","36101","0","0","0","N","0","0","0","3","36101","0","","1","01","N","N","0","","0","0","0","0","0","","1243","0","2","0","0","0","0","0","3","0","2","N","","","","","","","","","","","","04","  ","","N","N"
"1545","2","0","0","0","0","0","0","0","0","4","0","","36","11","2020","2020096212","7","40.0399","-76.2243","1545","08","0","0","0","0","0","1","0","0","","0","0","0","15","1","0","02","1","40 02:23.651","4","00","76 13:27.552","0","0","0","0","36215","0","0","0","N","0","0","0","3","36215","0","","1","01","N","N","0","","0","0","0","3","3","N","1544","0","2","0","0","0","0","0","1","0","2","N","","","","","","","","","","","1555","03","03","","N",""
"1038","1","0","0","0","0","0","0","0","0","2","0","","36","11","2020","2020096628","4","40.1003","-76.3054","1030","08","0","0","0","0","0","0","0","0","","0","0","0","10","1","0","01","1","40 06:01.110","1","00","76 18:19.279","0","0","0","0","36101","0","0","0","N","0","0","0","3","36101","0","","1","09","N","N","0","","0","0","1","3","2","N","1028","0","2","0","0","0","0","0","3","0","2","N","","","","","","","","","","","1108","07","  ","","N",""
"1312","0","0","0","0","0","0","0","0","0","1","1","","36","11","2020","2020096629","6","40.1073","-76.4203","1309","08","0","0","1","0","0","1","0","0","","0","0","0","13","1","0","02","1","40 06:26.205","3","00","76 25:13.176","0","0","0","0","36214","0","0","0","N","0","0","0","3","36214","0","","1","01","N","N","1","","0","0","1","0","0","N","1306","0","2","0","0","0","0","0","3","0","2","N","","","","","","","","","","","1400","03","  ","","N",""
"0550","2","0","0","0","0","0","0","0","0","1","0","","36","10","2020","2020096630","6","40.0224","-76.1929","0542","08","0","0","0","0","0","1","0","0","","0","0","0","05","3","1","01","0","40 01:20.631","","00","76 11:34.338","3","0","0","0","36215","0","0","0","N","0","0","0","3","36215","0","","1","01","N","N","0","","1","0","0","3","2","","0542","1","2","0","0","0","0","1","1","0","2","N","","","","","","","","","","","","03","  ","","N",""
"1305","1","0","0","0","0","0","0","0","0","0","0","","36","11","2020","2020096631","2","40.0401","-76.4471","1253","08","0","0","0","0","0","0","0","0","","0","0","0","12","1","0","00","1","40 02:24.279","3","00","76 26:49.619","9","0","0","0","36239","0","0","0","N","0","0","0","3","36239","0","","1","01","N","N","0","","0","0","0","0","0","N","1252","0","2","0","0","0","0","1","3","0","2","N","","","","","","","","","","","1349","03","  ","","N","N"
"1444","1","0","0","0","0","0","0","0","0","4","0","","36","11","2020","2020096626","2","40.0432","-76.3285","1436","08","0","0","0","0","0","1","0","0","","0","0","0","14","1","1","01","0","40 02:35.402","","00","76 19:42.489","3","0","0","0","36220","0","0","0","N","0","0","0","2","36101","0","","1","01","N","N","0","","1","0","1","1","2","","1434","1","2","0","0","0","0","0","3","0","2","N","","","","","","","","","","","","04","  ","","N",""
"1822","0","0","0","0","0","0","0","0","0","4","0","","36","11","2020","2020096222","1","40.134","-76.6174","1808","08","0","0","0","0","0","0","0","0","","0","0","0","18","3","0","01","0","40 08:02.398","","00","76 37:02.499","0","0","0","0","36237","0","0","0","N","0","0","0","2","36505","0","","1","01","N","N","0","","0","0","2","3","3","","1808","0","2","0","0","0","0","0","1","0","2","N","","","","","","","","","","","","03","03","","N",""
"2133","1","0","0","0","0","0","0","0","0","7","0","","36","09","2020","2020096693","6","39.9994","-76.2909","2133","08","0","0","1","0","0","0","0","0","","0","0","0","21","3","0","02","0","39 59:57.806","","00","76 17:27.155","0","0","0","0","36240","0","0","0","N","0","0","0","4","68K02","0","","5","01","N","N","0","","0","0","0","3","3","","2133","0","1","0","0","0","0","0","1","0","1","N","","","","","","","","","","","","03","03","","N","N"
"1917","2","0","0","0","0","0","0","0","0","6","0","","36","11","2020","2020096798","5","40.2029","-76.1884","1914","08","1","0","0","0","0","0","0","0","","0","0","0","19","2","0","00","2","40 12:10.600","6","00","76 11:18.300","0","0","0","0","36218","0","0","0","N","0","0","0","2","36408","0","","1","01","N","N","0","","0","0","0","0","0","Y","1908","0","2","0","0","0","0","0","1","0","2","N","","","","","","","","","","","2000","03","  ","","N","N"
"0753","1","0","0","0","0","0","0","0","0","4","0","","36","10","2020","2020096808","4","40.0218","-76.3786","0752","08","0","0","0","0","0","1","0","1","","0","0","0","07","5","0","02","0","40 01:18.382","","00","76 22:43.068","0","0","0","0","36223","0","0","0","N","0","0","0","2","36223","0","","1","09","N","N","1","","0","0","0","3","2","","0752","0","2","0","0","0","0","0","1","0","2","N","","","","","","","","","","","","07","05","","N",""
"1425","1","0","0","0","0","0","0","0","0","4","0","","36","11","2020","2020097018","4","40.1397","-76.5892","1418","08","0","0","0","1","0","0","0","0","","0","0","0","14","1","0","01","1","40 08:22.840","3","00","76 35:21.156","0","0","0","0","36237","0","0","0","N","0","0","0","2","36505","0","","1","09","N","N","0","","0","0","1","3","2","N","1416","0","2","0","0","0","0","0","1","0","2","N","","","","","","","","","","","1453","07","04","","N",""
"1200","1","0","0","0","0","0","0","0","0","1","0","","36","11","2020","2020096806","5","40.0758","-76.3371","1155","08","0","0","1","0","0","0","1","0","","0","0","0","11","1","0","00","1","40 04:32.723","2","00","76 20:13.495","0","0","0","0","36101","0","0","0","N","0","0","0","3","36101","0","","1","09","N","N","1","","0","0","0","3","2","N","1153","0","2","0","0","0","0","0","3","0","2","N","","","","","","","","","","","0100","07","  ","","N","Y"
"0942","1","0","0","0","0","0","0","0","0","5","1","","36","10","2020","2020096809","5","40.0324","-76.4322","0938","08","0","0","0","0","0","0","0","0","","0","1","0","09","1","1","00","1","40 01:56.508","2","00","76 25:55.895","3","0","0","0","36223","0","0","0","N","0","0","0","1","36223","0","","5","09","N","N","0","","1","0","0","0","0","N","0935","1","2","0","0","0","0","0","1","0","2","N","","","","","","","","","","","1035","07","  ","","N","N"
"1432","2","0","0","0","0","0","0","0","0","1","0","","36","11","2020","2020096810","6","40.0062","-76.3742","1429","08","0","0","0","0","0","0","0","1","","0","0","0","14","1","0","00","1","40 00:22.226","4","00","76 22:27.191","0","0","0","0","36223","0","0","0","N","0","0","0","2","36223","0","","1","01","N","N","0","","0","0","0","0","0","N","1427","0","2","0","0","0","0","0","1","0","2","N","","","","","","","","","","","1500","03","03","","N","N"
"1431","1","0","0","0","0","0","0","0","0","7","0","","36","11","2020","2020096812","1","39.9415","-76.4101","1403","08","0","0","0","0","0","0","0","0","","0","0","0","14","1","1","00","2","39 56:29.255","5","00","76 24:36.466","8","0","0","0","36223","0","0","0","N","0","0","0","1","36223","0","","5","01","N","N","0","","0","0","0","0","0","Y","1400","1","1","0","0","0","1","0","1","0","1","N","","","","","","","","","","","1503","03","  ","","N","N"
"0639","1","0","0","0","0","0","0","0","0","98","0","","36","11","2020","2020096813","4","39.9857","-76.456","0614","08","0","0","0","0","0","0","0","0","","0","0","0","06","5","0","00","1","39 59:08.340","3","00","76 27:21.760","0","0","0","0","36223","0","0","0","N","0","0","0","2","36223","0","","1","09","N","N","0","","0","0","0","0","0","N","0610","0","1","0","0","0","0","0","1","0","1","N","","","","","","","","","","","0718","04","  ","","N","N"
"0716","0","0","0","0","0","0","1","0","0","4","1","","36","11","2020","2020096814","5","40.0228","-76.3671","0711","08","0","0","0","0","0","0","1","0","","0","0","0","07","1","8","01","2","40 01:21.946","7","00","76 22:01.509","3","0","0","0","36223","0","0","0","N","0","0","0","20","36223","0","","1","09","Y","N","0","","8","0","1","3","3","Y","0709","8","2","0","0","0","0","0","1","0","2","N","","","","","","","","","","","0824","07","  ","","N",""
"1603","0","0","0","0","0","0","0","0","0","4","0","","36","11","2020","2020096815","6","40.067","-76.4251","1600","08","0","0","0","0","0","1","0","0","","0","0","0","16","1","0","02","0","40 04:01.293","","00","76 25:30.475","0","0","0","0","36239","0","0","0","N","0","0","0","2","36239","0","","1","01","N","N","0","","0","0","1","0","0","","1600","0","2","0","0","1","0","0","3","0","2","N","","","","","","","","","","","","03","  ","","N",""
"1639","1","0","0","0","0","0","0","0","0","4","0","","36","11","2020","2020096822","3","40.0426","-76.3076","1639","08","0","0","0","0","0","1","0","0","","0","0","0","16","1","0","01","1","40 02:33.356","4","00","76 18:27.431","0","0","0","0","36301","0","0","0","N","0","0","0","2","36301","0","","1","01","N","N","1","","0","0","0","3","3","N","1639","0","2","0","0","0","0","0","3","0","2","N","","","","","","","","","","","1730","98","98","","N","N"
"1406","1","0","0","0","0","0","0","0","0","4","0","","36","11","2020","2020097017","5","40.0412","-76.4553","1401","08","0","0","0","0","0","0","1","0","","0","0","0","14","1","0","02","1","40 02:28.311","6","00","76 27:19.254","0","0","0","0","36239","0","0","0","N","0","0","0","2","36239","0","","1","09","N","N","0","","0","0","0","3","3","Y","1400","0","2","0","0","0","0","0","3","1","2","N","","","","","","","","","","","1430","04","  ","","N",""
"0658","1","0","0","0","0","0","0","0","0","7","0","","36","11","2020","2020096944","5","40.1401","-75.9444","0625","08","0","0","0","0","0","0","0","0","","0","0","0","06","2","0","00","0","40 08:24.464","","00","75 56:39.948","0","0","0","0","36203","0","0","0","N","0","0","0","1","68J01","0","","4","09","N","N","0","","0","0","0","0","0","","0618","0","1","0","0","0","0","0","1","0","1","N","","","","","","","","","","","","07","  ","","N","N"
"1821","1","0","0","0","0","0","0","0","0","1","0","","36","11","2020","2020096807","5","40.0603","-76.3359","1818","08","0","0","0","0","0","1","0","0","","0","0","0","18","3","1","00","1","40 03:37.200","3","00","76 20:09.200","3","0","0","0","36301","0","0","0","N","0","0","0","2","36101","0","","1","01","N","N","0","","1","0","1","0","0","N","1814","1","2","0","0","0","0","0","3","0","2","N","","","","","","","","","","","1907","03","  ","","N","Y"
"0106","2","0","0","0","0","0","0","0","0","4","0","","36","11","2020","2020097013","1","40.0432","-76.3285","0103","08","0","0","0","0","1","0","0","0","","0","0","0","01","3","3","02","2","40 02:35.541","7","00","76 19:42.722","3","0","0","0","36220","0","0","0","N","0","0","0","3","36101","0","","1","01","N","N","0","","3","0","0","3","2","Y","0101","3","2","0","0","1","0","0","3","0","2","N","","","","","","","","","","","0149","03","  ","","N",""
"1041","1","0","0","0","0","0","0","0","0","1","1","55","36","11","2020","2020097015","2","40.0752","-76.3349","1038","08","0","0","0","0","0","1","0","0","","0","1","0","10","1","0","00","1","40 04:30.617","4","00","76 20:05.789","0","0","0","0","36101","0","0","0","N","0","0","0","5","36101","0","","1","01","N","N","0","","0","0","1","0","0","N","1036","0","3","0","0","0","0","0","3","0","3","Y","3","2","Y","N","N","N","N","Y","N","N","1133","03","03","N","N","N"
"1527","1","0","0","0","0","0","0","0","0","7","0","","36","11","2020","2020097019","4","40.1588","-76.6198","1520","08","0","0","0","0","1","0","0","0","","0","0","0","15","1","0","00","0","40 09:31.664","","00","76 37:11.248","0","0","0","0","36237","0","0","0","N","0","0","0","1","36505","0","","5","09","N","N","0","","0","0","0","0","0","","1520","0","1","0","0","0","0","0","1","0","1","N","","","","","","","","","","","","07","  ","","N","N"
"1425","1","0","0","0","0","0","0","0","0","4","0","","36","11","2020","2020097016","3","40.1027","-76.4328","1418","08","0","0","0","0","0","0","0","0","","0","0","0","14","1","0","01","1","40 06:09.698","1","00","76 25:58.025","0","0","0","0","36239","0","0","0","N","0","0","0","2","36239","0","","1","01","N","N","0","","0","0","1","3","3","Y","1415","0","2","0","0","0","0","0","3","0","2","N","","","","","","","","","","","1502","03","  ","","N",""
"1752","0","0","0","0","0","0","0","0","0","1","0","","36","11","2020","2020097182","6","40.0679","-76.3023","1741","08","0","0","0","1","0","0","1","0","","0","0","0","17","3","0","00","0","40 04:04.458","","00","76 18:08.345","0","0","0","0","36101","0","0","0","N","0","0","0","2","36101","0","","1","01","N","N","0","","0","0","2","0","0","","1700","0","2","0","0","0","0","0","3","0","2","N","","","","","","","","","","","","03","03","","N","N"
"1921","1","0","0","0","0","0","0","0","0","7","0","","36","11","2020","2020097185","5","40.16","-76.3535","1910","08","0","0","0","0","0","0","0","0","","0","0","0","19","2","0","00","2","40 09:35.986","6","00","76 21:12.439","0","0","0","0","36227","0","0","0","N","0","0","0","2","36506","0","","4","01","N","N","0","","0","0","0","0","0","Y","1910","0","1","0","0","0","0","0","1","0","1","N","","","","","","","","","","","0200","03","  ","","N","N"
"1510","2","0","0","0","0","0","0","0","0","5","0","90","36","11","2020","2020097204","2","40.0441","-76.3089","1510","08","0","0","0","0","0","1","0","0","","0","0","0","15","1","0","02","1","40 02:38.765","2","00","76 18:32.003","9","0","0","0","36301","1","0","0","N","0","0","0","4","36301","0","","1","01","N","N","1","","0","0","1","3","2","N","1504","0","4","0","0","0","0","1","3","0","4","Y","3","1","Y","","Y","N","Y","","","","1520","03","  ","N","N",""
"0710","0","0","0","0","0","0","0","0","0","7","0","","36","11","2020","2020097211","5","40.2537","-76.2118","0658","08","0","1","0","0","0","0","0","0","","0","0","0","06","1","0","00","0","40 15:13.277","","00","76 12:42.383","0","0","0","0","36236","0","0","0","N","0","0","0","1","36408","0","","5","09","N","N","1","","0","0","0","0","0","","0655","0","1","0","0","0","0","0","1","0","1","N","","","","","","","","","","","","07","04","","Y","N"
"1608","2","0","0","0","0","0","0","0","0","4","0","","36","11","2020","2020097608","2","40.0626","-76.5496","1603","08","0","1","0","0","0","0","1","0","","0","0","0","15","1","0","01","1","40 03:45.331","2","00","76 32:58.508","0","0","0","0","36211","0","0","0","N","0","0","0","3","36504","0","","1","01","N","N","0","","0","0","0","3","2","Y","1555","0","2","0","0","0","0","0","1","0","2","N","","","","","","","","","","","1700","03","  ","","N","N"
"1005","0","0","0","0","0","0","0","0","0","4","0","","36","11","2020","2020097215","6","40.0429","-76.3046","0959","08","0","0","0","0","0","1","0","0","","0","0","0","09","1","0","01","0","40 02:34.397","","00","76 18:16.415","0","0","0","0","36301","0","0","0","N","0","0","0","3","36301","0","","1","01","N","N","0","","0","0","2","3","2","","0957","0","2","0","0","0","0","0","3","0","2","N","","","","","","","","","","","","03","03","","N",""
"1612","0","0","0","0","0","0","0","0","0","4","0","","36","10","2020","2020097617","3","40.1371","-75.974","1602","08","0","0","0","0","0","0","0","1","","0","0","0","16","1","1","00","1","40 08:13.588","5","07","75 58:26.508","2","0","1","1","36203","0","0","0","N","0","0","0","2","68J01","0","","1","01","N","N","0","","0","1","2","0","0","Y","1600","1","3","0","0","0","0","0","1","0","3","N","","","","","","","","","","","0030","03","03","","N","N"
"1212","2","0","0","0","0","0","0","0","0","4","0","","36","11","2020","2020097334","6","40.1954","-76.1712","1212","08","0","0","1","0","0","0","0","0","","0","0","0","12","1","1","00","1","40 11:43.568","2","00","76 10:16.389","4","0","0","0","36408","0","0","0","N","0","0","0","2","36408","1","","1","01","N","N","0","","0","0","0","1","3","N","1210","1","2","0","0","0","0","0","2","0","2","N","","","","","","","","","","","1248","03","  ","","N","N"
"1923","0","0","0","0","0","0","0","0","0","4","0","","36","10","2020","2020097620","7","40.0346","-75.9538","1916","08","0","0","0","0","0","0","0","0","","0","0","0","19","2","1","02","0","40 02:04.531","","00","75 57:13.679","3","0","0","0","36232","0","0","0","N","0","0","0","5","68J01","0","","1","01","N","N","0","","1","0","1","3","3","","1910","1","2","0","0","0","0","0","1","0","2","N","","","","","","","","","","","","03","  ","","N","N"
"1455","1","0","0","0","0","0","0","0","0","1","0","","36","11","2020","2020097368","3","40.0495","-76.3479","1453","08","0","0","0","0","1","0","1","0","","0","0","0","14","1","1","02","1","40 02:58.286","3","00","76 20:52.416","3","0","0","0","36214","0","0","0","N","0","0","0","2","36214","0","","1","01","N","N","0","","1","0","1","0","0","N","1451","1","2","0","0","0","0","0","3","0","2","N","","","","","","","","","","","1538","03","03","","N",""
"1543","0","0","0","0","0","0","0","0","0","4","0","","36","11","2020","2020097369","6","40.0635","-76.3589","1543","08","0","0","0","0","0","0","0","0","","0","0","0","15","1","0","01","1","40 03:48.686","1","00","76 21:32.100","0","0","0","0","36214","0","0","0","N","0","0","0","4","36214","0","","1","01","N","N","0","","0","0","2","3","2","N","1543","0","2","0","0","1","0","0","3","0","2","N","","","","","","","","","","","1630","03","  ","","N",""
"1723","0","0","0","0","0","0","0","0","0","4","0","","36","11","2020","2020097183","6","40.1","-76.3556","1722","08","0","0","0","0","0","0","1","0","","0","0","0","17","3","0","01","1","40 05:59.944","3","00","76 21:20.163","0","0","0","0","36406","0","0","0","N","0","0","0","4","36506","0","","1","01","N","N","0","","0","0","2","3","2","N","1721","0","2","0","0","0","0","0","3","0","2","N","","","","","","","","","","","1730","03","  ","","N",""
"1237","0","0","0","0","0","0","0","0","0","4","0","","36","11","2020","2020097200","2","40.1761","-76.2249","1232","08","0","0","0","0","0","1","0","0","","0","0","0","12","1","2","01","1","40 10:34.041","2","00","76 13:29.758","2","0","0","0","36218","0","0","0","N","0","0","0","2","36408","1","","1","01","N","N","0","","0","1","2","3","3","Y","1230","2","2","0","1","1","0","0","1","0","2","N","","","","","","","","","","","1321","03","  ","","N","N"
"1207","1","0","0","0","0","0","0","0","0","1","0","","36","11","2020","2020097181","3","40.0594","-76.2757","1201","08","0","0","0","0","0","1","0","0","","0","0","0","11","1","0","00","2","40 03:33.851","4","00","76 16:32.626","0","0","0","0","36101","0","0","0","N","0","0","0","2","36101","0","","1","01","N","N","1","","0","0","0","0","0","N","1156","0","2","0","0","0","0","0","3","0","2","N","","","","","","","","","","","1326","03","03","","N","N"
"1851","1","0","0","0","0","0","0","0","0","4","0","","36","11","2020","2020097184","4","40.1","-76.3541","1841","08","0","0","0","0","0","0","0","0","","0","0","0","18","3","3","01","1","40 06:00.025","6","00","76 21:14.898","3","0","0","0","36406","0","0","0","N","0","0","0","3","36506","2","","1","09","N","N","0","","1","0","1","3","2","N","1841","3","2","0","0","0","0","0","3","0","2","N","","","","","","","","","","","1915","07","  ","","N",""
"1739","2","0","0","0","0","0","0","0","0","1","0","","36","11","2020","2020097534","6","40.068","-76.3038","1732","08","0","0","0","0","0","1","1","0","","0","0","0","17","3","2","00","0","40 04:04.707","","00","76 18:13.796","8","0","0","0","36101","0","0","0","N","0","0","0","3","36101","0","","1","01","N","N","0","","0","0","1","0","0","","1727","2","3","0","0","0","2","0","3","0","3","N","","","","","","","","","","","","03","03","","N","Y"
"1424","0","0","0","0","0","0","0","0","0","1","0","","36","11","2020","2020097533","6","40.0745","-76.3085","1417","08","0","0","0","0","0","0","0","0","","0","0","0","14","1","0","00","1","40 04:28.300","2","00","76 18:30.571","0","0","0","0","36101","0","0","0","N","0","0","0","2","36101","0","","1","01","N","N","0","","0","0","2","0","0","N","1415","0","2","0","0","0","0","0","3","0","2","N","","","","","","","","","","","1512","03","03","","N","N"
"1513","1","0","0","0","0","0","0","0","0","1","0","","36","11","2020","2020097536","7","40.0775","-76.3378","1508","08","0","0","0","0","0","0","0","0","","0","0","0","15","1","2","06","1","40 04:39.201","1","02","76 20:16.161","3","0","0","0","36101","0","0","0","N","0","0","0","4","36101","1","","1","01","N","N","0","","1","0","1","3","4","N","1501","2","2","0","0","0","0","0","3","0","2","N","","","","","","","","","","","1550","03","03","","N",""
"1143","1","0","0","0","0","0","0","0","0","4","0","","36","11","2020","2020097535","7","40.0695","-76.3076","1139","08","0","0","0","0","0","1","0","0","","0","0","0","11","1","0","01","0","40 04:10.226","","00","76 18:28.241","0","0","0","0","36101","0","0","0","N","0","0","0","2","36101","0","","1","01","N","N","0","","0","0","1","3","2","","1137","0","2","0","0","0","0","0","3","0","2","N","","","","","","","","","","","","03","03","","N",""
"0335","1","0","0","0","0","0","0","0","0","7","0","","36","10","2020","2020097615","7","39.7907","-76.2067","0333","08","0","0","0","0","0","0","0","0","","0","0","0","03","2","0","00","0","39 47:26.415","","00","76 12:24.249","9","0","0","0","36208","0","0","0","N","0","0","0","1","68J01","0","","4","01","N","N","0","","0","0","0","0","0","","0331","0","1","0","0","0","0","1","1","0","1","N","","","","","","","","","","","","03","03","","N","N"
"1715","0","0","0","0","0","0","0","0","0","6","0","","36","10","2020","2020097624","7","39.9856","-76.0178","1645","08","0","0","0","0","0","1","0","0","","0","0","0","16","1","0","01","0","39 59:08.196","","00","76 01:04.123","0","0","0","0","36232","0","0","0","N","0","0","0","2","68J01","0","","1","01","N","N","0","","0","0","2","3","2","","1639","0","2","0","0","0","0","0","1","0","2","N","","","","","","","","","","","","03","  ","","N","N"
"0624","2","0","0","0","0","0","0","0","0","4","0","","36","11","2020","2020097627","5","39.9972","-76.0512","0611","08","0","0","0","0","0","0","0","0","","0","0","0","06","2","0","00","1","39 59:49.781","3","00","76 03:04.304","0","0","0","0","36232","0","0","0","N","0","0","0","3","68J01","0","","1","01","N","N","0","","0","0","0","0","0","N","0606","0","2","0","0","0","0","0","1","0","2","N","","","","","","","","","","","0100","03","03","","N","N"
"1320","0","0","0","0","0","0","0","0","0","1","0","","36","11","2020","2020097633","2","39.9242","-76.1322","1308","08","0","0","0","1","0","0","0","0","","0","0","0","13","1","0","00","0","39 55:27.259","","00","76 07:55.751","0","0","0","0","36216","0","0","0","N","0","0","0","2","68J01","0","","1","01","N","N","1","","0","0","0","0","0","","1301","0","2","0","0","1","0","0","1","1","2","N","","","","","","","","","","","","03","03","","N","N"
"1925","1","0","0","0","0","0","0","0","0","1","0","","36","11","2020","2020097634","3","40.2258","-76.3015","1910","08","0","1","0","0","0","0","0","0","","0","0","0","18","2","0","00","0","40 13:32.904","","00","76 18:05.337","0","0","0","0","36217","0","0","0","N","0","0","0","2","68J01","0","","1","01","N","N","0","","0","0","1","3","2","","1806","0","2","0","0","0","0","0","1","0","2","N","","","","","","","","","","","","03","03","","N","Y"