"ARRIVAL_TM","AUTOMOBILE_COUNT","BELTED_DEATH_COUNT","BELTED_SUSP_SERIOUS_INJ_COUNT","BICYCLE_COUNT","BICYCLE_DEATH_COUNT","BICYCLE_SUSP_SERIOUS_INJ_COUNT","BUS_COUNT","CHLDPAS_DEATH_COUNT","CHLDPAS_SUSP_SERIOUS_INJ_COUNT","COLLISION_TYPE","COMM_VEH_COUNT","CONS_ZONE_SPD_LIM","COUNTY","CRASH_MONTH","CRASH_YEAR","CRN","DAY_OF_WEEK","DEC_LAT","DEC_LONG","DISPATCH_TM","DISTRICT","DRIVER_COUNT_16YR","DRIVER_COUNT_17YR","DRIVER_COUNT_18YR","DRIVER_COUNT_19YR","DRIVER_COUNT_20YR","DRIVER_COUNT_50_64YR","DRIVER_COUNT_65_74YR","DRIVER_COUNT_75PLUS","EST_HRS_CLOSED","FATAL_COUNT","HEAVY_TRUCK_COUNT","HORSE_BUGGY_COUNT","HOUR_OF_DAY","ILLUMINATION","INJURY_COUNT","INTERSECT_TYPE","LANE_CLOSED","LATITUDE","LN_CLOSE_DIR","LOCATION_TYPE","LONGITUDE","MAX_SEVERITY_LEVEL","MCYCLE_DEATH_COUNT","MCYCLE_SUSP_SERIOUS_INJ_COUNT","MOTORCYCLE_COUNT","MUNICIPALITY","NONMOTR_COUNT","NONMOTR_DEATH_COUNT","NONMOTR_SUSP_SERIOUS_INJ_COUNT","NTFY_HIWY_MAINT","PED_COUNT","PED_DEATH_COUNT","PED_SUSP_SERIOUS_INJ_COUNT","PERSON_COUNT","POLICE_AGCY","POSSIBLE_INJ_COUNT","RDWY_SURF_TYPE_CD","RELATION_TO_ROAD","ROAD_CONDITION","SCH_BUS_IND","SCH_ZONE_IND","SMALL_TRUCK_COUNT","SPEC_JURIS_CD","SUSP_MINOR_INJ_COUNT","SUSP_SERIOUS_INJ_COUNT","SUV_COUNT","TCD_FUNC_CD","TCD_TYPE","TFC_DETOUR_IND","TIME_OF_DAY","TOT_INJ_COUNT","TOTAL_UNITS","UNB_DEATH_COUNT","UNB_SUSP_SERIOUS_INJ_COUNT","UNBELTED_OCC_COUNT","UNK_INJ_DEG_COUNT","UNK_INJ_PER_COUNT","URBAN_RURAL","VAN_COUNT","VEHICLE_COUNT","WORK_ZONE_IND","WORK_ZONE_LOC","WORK_ZONE_TYPE","WORKERS_PRES","WZ_CLOSE_DETOUR","WZ_FLAGGER","WZ_LAW_OFFCR_IND","WZ_LN_CLOSURE","WZ_MOVING","WZ_OTHER","WZ_SHLDER_MDN","ROADWAY_CLEARED","WEATHER1","WEATHER2","WZ_WORKERS_INJ_KILLED","SECONDARY_CRASH","INTERSECTION_RELATED"
"2219","0","0","0","0","0","0","0","0","0","7","0","","36","11","2020","2020097637","4","40.2259","-76.3026","2206","08","0","0","0","0","0","0","0","0","","0","0","0","21","2","0","00","0","40 13:33.413","","00","76 18:09.213","0","0","0","0","36217","0","0","0","N","0","0","0","1","68J01","0","","4","09","N","N","1","","0","0","0","0","0","","2156","0","1","0","0","0","0","0","1","0","1","N","","","","","","","","","","","","05","05","","N","N"
"1125","2","0","0","0","0","0","0","0","0","4","0","","36","11","2020","2020097690","7","40.0778","-76.2957","1118","08","0","0","0","0","0","1","0","0","","0","0","0","11","1","0","02","2","40 04:40.027","4","00","76 17:44.549","0","0","0","0","36101","0","0","0","N","0","0","0","2","36101","0","","1","01","N","N","0","","0","0","0","3","3","N","1116","0","2","0","0","0","0","0","3","0","2","N","","","","","","","","","","","0045","03","03","","N",""
"0239","0","0","0","0","0","0","0","0","0","7","0","","36","11","2020","2020097848","4","40.061","-76.3574","0232","08","0","0","0","0","0","0","0","0","","0","0","0","02","3","1","07","0","40 03:39.569","","02","76 21:26.655","4","0","0","0","36214","0","0","0","N","0","0","0","1","36214","1","","7","01","N","N","0","","0","0","1","0","0","","0231","1","1","0","0","0","0","0","3","0","1","N","","","","","","","","","","","","03","03","","N",""
"0443","1","0","0","0","0","0","0","0","0","7","0","","36","11","2020","2020097850","7","40.1758","-76.3088","0440","08","0","0","0","0","1","0","0","0","","0","0","0","04","3","0","01","0","40 10:32.865","","00","76 18:31.682","0","0","0","0","36235","0","0","0","N","0","0","0","2","36506","0","","5","01","N","N","0","","0","0","0","3","2","","0435","0","1","0","0","0","0","0","1","0","1","N","","","","","","","","","","","","03","  ","","N",""
"0757","1","0","0","0","0","0","0","0","0","5","0","","36","10","2020","2020097892","5","40.1565","-76.1547","0738","08","0","0","0","0","0","0","0","0","","0","0","0","07","1","0","00","0","40 09:23.248","","00","76 09:16.994","0","0","0","0","36238","0","0","0","N","0","0","0","2","36238","0","","1","01","N","N","1","","0","0","0","0","0","","0738","0","2","0","0","0","0","0","3","0","2","N","","","","","","","","","","","","03","03","","N","N"
"1435","1","0","0","0","0","0","0","0","0","1","0","","36","11","2020","2020097901","7","40.2305","-76.0815","1431","08","0","0","0","0","0","0","0","0","","0","0","0","14","1","0","00","0","40 13:49.859","","00","76 04:53.319","0","0","0","0","36210","0","0","0","N","0","0","0","2","36210","0","","1","01","N","N","1","","0","0","0","0","0","","1430","0","2","0","0","0","0","0","1","0","2","N","","","","","","","","","","","","03","  ","","N","N"
"1400","0","0","0","0","0","0","0","0","0","7","0","","36","11","2020","2020097951","3","40.0557","-76.1347","1345","08","0","0","0","0","0","1","0","0","","0","0","0","13","1","0","00","1","40 03:20.618","1","00","76 08:04.972","0","0","0","0","36221","0","0","0","N","0","0","0","1","68J01","0","","4","01","N","N","1","","0","0","0","0","0","N","1345","0","1","0","0","0","0","0","1","0","1","N","","","","","","","","","","","1436","03","  ","","N","N"
"1918","1","0","0","0","0","0","0","0","0","7","0","","36","11","2020","2020097964","5","39.9704","-76.0963","1858","08","0","0","0","0","0","1","0","0","","0","0","0","18","2","0","00","2","39 58:13.559","5","00","76 05:46.702","0","0","0","0","36226","0","0","0","N","0","0","0","1","68J01","0","","1","01","N","N","0","","0","0","0","0","0","Y","1858","0","1","0","0","0","0","0","1","0","1","N","","","","","","","","","","","1931","03","03","","N","N"
"1909","1","0","0","0","0","0","0","0","0","98","0","","36","11","2020","2020097965","5","40.2317","-76.3337","1858","08","0","0","0","0","0","0","0","0","","0","0","0","18","2","0","00","0","40 13:54.085","","00","76 20:01.446","0","0","0","0","36217","0","0","0","N","0","0","0","1","68T06","0","","1","01","N","N","0","","0","0","0","0","0","","1858","0","1","0","0","0","0","0","1","0","1","N","","","","","","","","","","","","03","  ","","N","N"
"1303","0","0","0","0","0","0","0","0","0","0","0","","36","11","2020","2020097952","4","39.9869","-76.216","1251","08","0","0","0","0","0","1","0","0","","0","0","0","12","1","1","00","0","39 59:12.926","","00","76 12:57.653","3","0","0","1","36233","0","0","0","Y","0","0","0","2","68J01","0","","1","01","N","N","0","","1","0","1","0","0","","1246","1","2","0","0","0","0","0","1","0","2","N","","","","","","","","","","","","03","  ","","N","N"
"1821","1","0","0","0","0","0","0","0","0","7","0","","36","11","2020","2020097927","4","40.1298","-76.2131","1817","08","0","0","0","0","0","1","0","0","","0","0","0","18","3","0","00","2","40 07:47.197","1","02","76 12:47.264","0","0","0","0","36238","0","0","0","Y","0","0","0","1","36238","0","","4","01","N","N","0","","0","0","0","0","0","Y","1817","0","1","0","0","0","0","0","3","0","1","N","","","","","","","","","","","1943","03","  ","","N","N"
"1704","1","0","0","0","0","0","0","0","0","6","0","","36","11","2020","2020097893","3","40.1394","-76.1514","1658","08","0","0","0","0","0","0","0","0","","0","0","0","16","4","0","00","0","40 08:21.730","","00","76 09:04.980","0","0","0","0","36238","0","0","0","N","0","0","0","2","36238","0","","1","01","N","N","1","","0","0","0","0","0","","1641","0","2","0","0","0","0","0","3","0","2","N","","","","","","","","","","","","03","  ","","N","N"
"2338","1","0","0","0","0","0","0","0","0","98","0","","36","11","2020","2020098032","5","40.012","-76.3219","2333","08","0","0","0","0","0","1","0","0","","0","0","0","23","2","0","00","2","40 00:43.140","5","00","76 19:18.900","0","0","0","0","36220","0","0","0","N","0","0","0","1","36101","0","","1","01","N","N","0","","0","0","0","0","0","Y","2330","0","1","0","0","0","0","0","3","0","1","N","","","","","","","","","","","0045","03","  ","","N","N"
"0703","1","0","0","0","0","0","0","0","0","1","0","","36","11","2020","2020098033","4","40.0402","-76.2363","0701","08","0","0","0","0","0","0","0","0","","0","0","0","06","1","1","02","1","40 02:24.556","3","00","76 14:10.733","3","0","0","0","36215","0","0","0","N","0","0","0","2","36215","0","","1","01","N","N","0","","1","0","1","3","2","N","0659","1","2","0","0","0","0","0","1","0","2","N","","","","","","","","","","","0734","03","03","","N",""
"1925","0","0","0","0","0","0","0","0","0","5","1","","36","11","2020","2020098034","1","40.0237","-76.1989","1923","08","0","0","0","0","0","2","0","0","","0","1","0","19","3","1","00","1","40 01:25.463","6","00","76 11:55.966","3","0","0","0","36215","0","0","0","N","0","0","0","2","36215","0","","1","09","N","N","0","","1","0","0","0","0","N","1919","1","2","0","0","0","0","0","1","1","2","N","","","","","","","","","","","2020","07","07","","N","N"
"1528","0","0","0","0","0","0","0","0","0","4","0","","36","11","2020","2020098035","3","40.0745","-76.4927","1516","08","0","0","0","0","0","0","1","0","","0","0","0","15","1","0","05","0","40 04:28.250","","00","76 29:33.818","0","0","0","0","36230","0","0","0","N","0","0","0","1","36410","0","","1","01","N","N","0","","0","0","2","3","3","","1513","0","2","0","0","0","0","0","1","0","2","N","","","","","","","","","","","","03","03","","Y",""
"1413","0","0","0","0","0","0","0","0","0","8","0","","36","11","2020","2020098036","6","40.1619","-76.3931","1411","08","0","0","1","0","0","0","0","0","","0","0","0","14","1","1","01","0","40 09:42.680","","00","76 23:35.003","8","0","0","0","36410","1","0","0","N","1","0","0","2","36410","0","","1","01","N","N","0","","0","0","1","3","2","","1410","1","2","0","0","0","1","0","2","0","1","N","","","","","","","","","","","","03","  ","","N",""
"2323","1","0","0","0","0","0","0","0","0","0","0","","36","11","2020","2020097903","6","40.1979","-76.1219","2307","08","0","0","0","0","0","0","0","0","","0","0","0","23","2","1","00","0","40 11:52.606","","00","76 07:18.751","4","0","0","0","36210","0","0","0","N","0","0","0","1","36210","1","","1","01","N","N","0","","0","0","0","0","0","","2307","1","1","0","0","0","0","0","1","0","1","N","","","","","","","","","","","","03","  ","","N","N"
"0740","0","0","0","0","0","0","0","0","0","1","0","","36","11","2020","2020097707","3","40.1768","-76.1825","0738","08","0","0","0","0","0","0","0","0","","0","0","0","07","1","0","01","0","40 10:36.429","","00","76 10:56.820","0","0","0","0","36408","0","0","0","N","0","0","0","8","36408","0","","1","01","N","N","0","","0","0","2","0","0","","0738","0","2","0","0","0","0","0","2","0","2","N","","","","","","","","","","","","03","  ","","N","N"
"1246","0","0","0","0","0","0","0","0","0","7","0","","36","11","2020","2020097959","4","40.2282","-76.365","1237","08","0","0","0","0","0","0","0","0","","0","0","0","12","1","0","00","0","40 13:41.442","","00","76 21:54.020","0","0","0","0","36217","0","0","0","N","0","0","0","1","68T06","0","","3","09","N","N","0","","0","0","1","0","0","","1237","0","2","0","0","0","0","0","1","0","1","N","","","","","","","","","","","","07","  ","","N","N"
"1947","2","0","0","0","0","0","0","0","0","1","0","","36","09","2020","2020098386","7","39.9976","-76.1833","1936","08","0","0","0","1","0","0","0","0","","0","0","0","19","2","2","02","2","39 59:51.208","7","00","76 10:59.903","3","0","0","0","36233","0","0","0","N","0","0","0","6","68J01","0","","1","01","N","N","0","","1","0","0","3","2","Y","1934","2","3","0","0","0","1","1","1","1","3","N","","","","","","","","","","","0100","03","03","","N","N"
"1802","1","0","0","0","0","0","0","0","0","4","0","","36","11","2020","2020098184","6","39.9068","-76.2425","1740","08","0","0","1","0","0","0","0","0","","0","0","0","17","2","1","00","0","39 54:24.441","","00","76 14:32.848","3","0","0","0","36229","0","0","0","N","0","0","0","2","68J01","0","","1","01","N","N","1","","1","0","0","0","0","","1736","1","2","0","0","0","0","0","1","0","2","N","","","","","","","","","","","","03","  ","","N","N"
"1934","1","0","0","0","0","0","0","0","0","4","0","","36","10","2020","2020098271","6","40.0653","-76.611","1931","08","0","0","0","0","0","0","0","0","","0","1","0","19","3","2","05","2","40 03:54.971","7","00","76 36:39.773","8","0","0","0","36211","0","0","0","N","0","0","0","3","36504","0","","1","09","N","N","0","","0","0","0","3","3","Y","1930","2","2","0","0","0","2","0","1","0","2","N","","","","","","","","","","","2045","07","07","","N",""
"0121","2","0","0","0","0","0","0","0","0","2","0","","36","11","2020","2020098277","1","40.0427","-76.3067","0117","08","0","0","0","0","0","0","0","0","","0","0","0","01","3","0","00","1","40 02:33.701","4","00","76 18:23.940","0","0","0","0","36301","0","0","0","N","0","0","0","1","36301","0","","2","01","N","N","0","","0","0","0","0","0","N","0117","0","2","0","0","0","0","0","3","0","2","N","","","","","","","","","","","0207","03","  ","","N","N"
"0040","2","0","0","0","0","0","0","0","0","2","0","","36","11","2020","2020098280","3","40.041","-76.2916","0033","08","0","0","0","0","0","0","0","1","","0","0","0","00","3","1","01","0","40 02:27.689","","00","76 17:29.630","4","0","0","0","36301","0","0","0","N","0","0","0","2","36301","1","","1","01","N","N","0","","0","0","0","3","2","","0033","1","2","0","0","0","0","0","3","0","2","N","","","","","","","","","","","","03","  ","","N",""
"0518","0","0","0","0","0","0","0","0","0","4","1","","36","11","2020","2020098297","2","40.0939","-76.3042","0505","08","0","0","0","0","0","1","0","0","","0","1","0","05","3","0","02","0","40 05:37.998","","00","76 18:15.207","0","0","0","0","36101","0","0","0","N","0","0","0","2","36101","0","","1","01","N","N","0","","0","0","1","3","3","","0502","0","2","0","0","0","0","0","3","0","2","N","","","","","","","","","","","","03","  ","","N",""
"1309","0","0","0","0","0","0","0","0","0","4","0","","36","11","2020","2020098299","3","40.1555","-76.2971","1306","08","0","0","0","1","0","1","0","0","","0","0","0","13","1","2","01","0","40 09:19.864","","00","76 17:49.719","3","0","0","0","36409","0","0","0","N","0","0","0","2","36409","0","","1","01","N","N","1","","2","0","1","3","2","","1305","2","2","0","0","0","0","0","3","0","2","N","","","","","","","","","","","","03","  ","","N",""
"0854","0","0","0","0","0","0","0","0","0","4","0","","36","10","2020","2020098575","3","39.9165","-76.1879","0837","08","0","0","0","0","0","0","0","1","","0","0","0","08","1","1","02","1","39 54:59.289","5","00","76 11:16.582","3","0","0","0","36229","0","0","0","N","0","0","0","2","68J01","0","","1","01","N","N","1","","1","0","1","0","0","N","0829","1","2","0","0","0","0","0","1","0","2","N","","","","","","","","","","","0930","03","  ","","N",""
"1314","2","0","0","0","0","0","0","0","0","4","0","","36","11","2020","2020098465","3","40.0229","-76.2647","1307","08","0","0","0","0","0","0","0","1","","0","0","0","13","1","0","01","0","40 01:22.402","","00","76 15:52.862","0","0","0","0","36240","0","0","0","N","0","0","0","2","36240","0","","1","01","N","N","0","","0","0","0","3","2","","1304","0","2","0","0","0","0","0","1","0","2","N","","","","","","","","","","","","03","03","","N",""
"1158","2","0","0","0","0","0","0","0","0","4","0","","36","11","2020","2020098484","2","40.0398","-76.3193","1154","08","0","0","1","0","0","0","1","0","","0","0","0","11","1","0","02","1","40 02:23.240","3","00","76 19:09.346","0","0","0","0","36301","0","0","0","N","0","0","0","2","36301","0","","1","01","N","N","0","","0","0","0","0","0","N","1154","0","2","0","0","0","0","0","3","0","2","N","","","","","","","","","","","1230","03","03","","N","N"
"1110","0","0","0","0","0","0","0","0","0","1","1","99","36","11","2020","2020098486","3","40.1353","-76.2119","1105","08","0","0","0","0","0","0","0","0","","0","1","0","11","1","0","00","0","40 08:06.966","","00","76 12:42.713","0","0","0","0","36238","0","0","0","N","0","0","0","2","36238","0","","1","01","N","N","0","","0","0","1","0","0","","1105","0","2","0","0","0","0","0","3","0","2","Y","4","1","Y","","Y","U","","","","","","03","  ","","N","N"
"0817","0","0","0","0","0","0","1","0","0","0","1","","36","11","2020","2020098505","2","40.1019","-76.3943","0812","08","0","0","0","0","0","0","0","1","","0","0","0","08","1","0","00","2","40 06:06.870","6","00","76 23:39.360","0","0","0","0","36214","0","0","0","N","0","0","0","1","36214","0","","4","01","Y","N","0","","0","0","0","0","0","Y","0806","0","1","0","0","0","0","0","3","0","1","N","","","","","","","","","","","0030","03","03","","N","N"
"0210","1","0","0","0","0","0","0","0","0","4","0","","36","09","2020","2020098565","7","40.0504","-76.3037","0205","08","0","0","0","0","0","0","0","0","","0","0","0","02","3","3","01","2","40 03:01.323","7","00","76 18:13.170","3","0","0","0","36301","0","0","0","N","0","0","0","4","68J01","0","","1","01","N","N","0","","1","0","2","3","2","Y","0202","3","4","0","0","1","2","0","3","1","4","N","","","","","","","","","","","0629","03","03","","N","N"
"1933","1","0","0","0","0","0","0","0","0","1","0","","36","10","2020","2020098598","4","40.2074","-76.299","1930","08","0","0","0","1","0","0","0","0","","0","0","0","19","2","0","00","1","40 12:26.493","2","00","76 17:56.480","0","0","0","0","36217","0","0","0","N","0","0","0","5","68J01","0","","1","01","N","N","0","","0","0","1","0","0","N","1909","0","2","0","0","0","0","0","1","0","2","N","","","","","","","","","","","2016","04","04","","N","N"
"2224","3","0","0","0","0","0","0","0","0","1","0","","36","11","2020","2020098690","7","40.2814","-76.1383","2217","08","0","0","0","3","0","0","0","0","","0","0","0","22","2","3","00","2","40 16:53.135","5","00","76 08:17.709","8","0","0","0","36236","0","0","0","N","0","0","0","11","36408","0","","1","01","N","N","0","","0","0","0","0","0","Y","2215","3","3","0","0","0","3","0","1","0","3","N","","","","","","","","","","","2330","03","  ","","N","N"
"0553","1","0","0","0","0","0","0","0","0","8","0","","36","11","2020","2020098764","4","40.043","-76.2879","0549","08","0","0","0","0","0","0","0","0","","0","0","0","05","3","1","01","0","40 02:34.960","","00","76 17:16.322","3","0","0","0","36301","1","0","0","N","1","0","0","2","36301","0","","1","01","N","N","0","","1","0","0","3","2","","0548","1","2","0","0","0","0","0","3","0","1","N","","","","","","","","","","","","04","04","","N","N"
"0623","0","0","0","0","0","0","0","0","0","2","0","","36","11","2020","2020098793","2","40.0326","-76.4955","0619","08","0","0","0","0","0","0","1","0","","1","0","0","06","5","1","00","2","40 01:57.291","7","00","76 29:43.717","1","0","0","0","36404","0","0","0","N","0","0","0","2","36404","0","2","1","01","N","N","0","0","0","0","2","0","0","Y","0619","1","2","0","0","0","1","0","3","0","2","N","","","","","","","","","","","1030","03","03","","N","N"
"2349","1","0","0","0","0","0","0","0","0","0","0","","36","11","2020","2020098848","6","39.9155","-76.338","2323","08","0","0","0","0","0","0","0","0","","0","0","0","23","2","0","00","0","39 54:55.650","","00","76 20:16.620","0","0","0","0","36206","0","0","0","N","0","0","0","1","68J01","0","","1","01","N","N","0","","0","0","0","0","0","","2320","0","1","0","0","0","0","0","1","0","1","N","","","","","","","","","","","","03","  ","","N","N"
"1543","1","0","0","0","0","0","0","0","0","4","0","","36","11","2020","2020098915","4","40.1832","-76.1849","1541","08","0","0","0","0","0","1","0","0","","0","0","0","15","1","0","00","0","40 10:59.407","","00","76 11:05.617","0","0","0","0","36408","0","0","0","N","0","0","0","4","36408","0","","1","01","N","N","0","","0","0","1","0","0","N","1541","0","2","0","0","0","0","0","2","0","2","N","","","","","","","","","","","","03","  ","","N","N"
"1602","1","0","0","0","0","0","0","0","0","1","0","","36","11","2020","2020099061","7","39.9829","-76.159","1551","08","0","0","0","0","0","0","1","0","","0","0","0","15","1","0","00","1","39 58:58.571","3","07","76 09:32.229","0","0","0","0","36233","0","0","0","N","0","0","0","3","68J01","0","","1","01","N","N","0","","0","0","1","0","0","N","1517","0","2","0","0","0","0","0","1","0","2","N","","","","","","","","","","","0100","03","03","","N","N"
"1938","0","0","0","0","0","0","0","0","0","4","0","","36","11","2020","2020098946","3","40.0432","-76.3285","1932","08","0","0","0","0","0","0","0","0","","0","0","0","19","3","0","01","0","40 02:35.541","","00","76 19:42.722","0","0","0","0","36220","0","0","0","N","0","0","0","4","36101","0","","1","01","N","N","0","","0","0","2","3","2","","1930","0","2","0","0","0","0","0","3","0","2","N","","","","","","","","","","","","03","  ","","N",""
"0527","1","0","0","0","0","0","0","0","0","7","0","","36","11","2020","2020098948","4","40.0703","-76.3013","0527","08","0","0","0","0","0","0","0","0","","0","0","0","05","2","0","01","1","40 04:13.010","2","00","76 18:04.714","0","0","0","0","36101","0","0","0","N","0","0","0","1","36101","0","","2","01","N","N","0","","0","0","0","3","3","N","0527","0","1","0","0","0","0","0","3","0","1","N","","","","","","","","","","","0600","03","03","","N",""
"1715","0","0","0","0","0","0","0","0","0","4","0","","36","11","2020","2020098949","5","40.1042","-76.0791","1712","08","0","0","0","0","0","1","0","0","","0","0","0","17","3","0","01","1","40 06:15.063","6","00","76 04:44.613","0","0","0","0","36415","0","0","0","N","0","0","0","3","36415","0","","1","01","N","N","1","","0","0","1","3","3","Y","1710","0","3","0","0","0","0","0","1","1","3","N","","","","","","","","","","","1745","03","  ","","N",""
"1250","2","0","0","0","0","0","0","0","0","4","0","","36","11","2020","2020098950","2","40.1558","-76.1077","1245","08","0","0","0","0","0","1","0","1","","0","0","0","12","1","2","01","0","40 09:20.808","","00","76 06:27.691","3","0","0","0","36209","0","0","0","N","0","0","0","2","36415","1","","1","01","N","N","0","","1","0","0","3","3","","1245","2","2","0","0","0","0","0","1","0","2","N","","","","","","","","","","","","03","03","","N",""
"2040","2","0","0","0","0","0","0","0","0","5","0","","36","11","2020","2020098722","3","40.0391","-76.2952","2037","08","0","0","1","1","0","0","0","0","","0","0","0","20","3","0","00","1","40 02:20.931","3","00","76 17:42.596","0","0","0","0","36301","0","0","0","N","0","0","0","2","36301","0","","1","01","N","N","0","","0","0","0","0","0","N","2037","0","3","0","0","0","0","0","3","0","2","N","","","","","","","","","","","2102","03","  ","","N","N"
"1256","1","0","0","0","0","0","0","0","0","4","0","","36","11","2020","2020098752","3","40.0701","-76.332","1251","08","0","0","0","0","0","1","0","0","","0","0","0","12","1","1","00","2","40 04:12.472","2","07","76 19:55.312","3","0","0","0","36101","0","0","0","N","0","0","0","2","36101","0","","1","01","N","N","1","","1","0","0","0","0","N","1249","1","2","0","0","0","0","0","3","0","2","N","","","","","","","","","","","1350","03","  ","","N","N"
"0543","0","0","0","0","0","0","0","0","0","7","0","","36","11","2020","2020098947","4","40.0536","-76.3086","0537","08","0","0","0","0","0","0","0","0","","0","0","0","05","3","0","02","1","40 03:13.088","4","00","76 18:31.118","0","0","0","0","36101","0","0","0","N","0","0","0","1","36101","0","","2","01","N","N","0","","0","0","1","0","0","N","0525","0","1","0","0","0","0","0","3","0","1","N","","","","","","","","","","","0630","03","03","","N",""
"1746","0","0","0","0","0","0","0","0","0","1","0","","36","11","2020","2020099034","7","40.0387","-76.1657","1733","08","0","1","0","0","0","1","0","0","","0","0","0","17","2","0","00","2","40 02:19.200","6","07","76 09:56.462","0","0","0","0","36221","0","0","0","N","0","0","0","4","68J01","0","","1","01","N","N","0","","0","0","1","0","0","Y","1724","0","2","0","0","0","0","0","1","1","2","N","","","","","","","","","","","1855","03","  ","","N","N"
"1214","1","0","0","0","0","0","0","0","0","4","0","","36","11","2020","2020099052","4","39.9259","-76.1957","1210","08","0","0","0","0","0","0","0","0","","0","0","0","12","1","1","00","2","39 55:33.276","4","00","76 11:44.554","3","0","0","0","36233","0","0","0","N","0","0","0","2","68J01","0","","1","09","N","N","1","","1","0","0","3","3","Y","1206","1","2","0","0","0","0","0","1","0","2","N","","","","","","","","","","","0030","07","  ","","N","Y"
"2020","1","0","0","0","0","0","0","0","0","7","0","","36","11","2020","2020099112","4","40.1893","-76.1855","2020","08","0","1","0","0","0","0","0","0","","0","0","0","20","3","0","02","1","40 11:21.634","4","00","76 11:07.727","0","0","0","0","36408","0","0","0","N","0","0","0","1","36408","0","","5","01","N","N","0","","0","0","0","0","0","N","2015","0","1","0","0","0","0","0","2","0","1","N","","","","","","","","","","","2110","03","  ","","N",""
"0653","1","0","0","0","0","0","0","0","0","4","0","","36","11","2020","2020099363","4","40.1163","-76.3057","0647","08","0","0","0","0","0","2","0","0","","0","0","0","06","1","1","01","1","40 06:58.571","2","00","76 18:20.444","4","0","0","0","36101","0","0","0","N","0","0","0","2","36101","1","","1","01","N","N","0","","0","0","1","3","2","N","0645","1","2","0","0","0","0","0","3","0","2","N","","","","","","","","","","","0800","03","03","","N",""
"0004","1","0","0","0","0","0","0","0","0","7","0","","36","11","2020","2020099135","5","40.0467","-76.3185","0001","08","0","0","0","0","0","0","0","0","","0","0","0","00","3","1","00","1","40 02:48.114","1","00","76 19:06.743","8","0","0","0","36301","0","0","0","N","0","0","0","1","36301","0","","5","01","N","N","0","","0","0","0","0","0","Y","0000","1","1","0","0","0","1","0","3","0","1","N","","","","","","","","","","","0104","03","03","","N","N"
"1747","0","0","0","0","0","0","0","0","0","4","0","","36","11","2020","2020099160","7","40.0685","-76.3074","1745","08","0","0","0","0","0","0","0","0","","0","0","0","17","3","3","01","1","40 04:06.605","1","00","76 18:27.559","3","0","0","0","36101","0","0","0","N","0","0","0","5","36101","0","","1","01","N","N","1","","3","0","1","3","2","N","1744","3","2","0","0","0","0","0","3","0","2","N","","","","","","","","","","","1830","03","03","","N",""
"1824","1","0","0","0","0","0","0","0","0","98","0","","36","11","2020","2020099161","1","40.1238","-76.3764","1810","08","0","0","0","0","0","0","0","0","","0","0","0","18","2","0","00","0","40 07:25.732","","00","76 22:35.115","0","0","0","0","36214","0","0","0","N","0","0","0","2","36214","0","","1","09","N","N","0","","0","0","0","3","3","","1806","0","1","0","0","0","0","0","3","0","1","N","","","","","","","","","","","","07","  ","","N","N"
"1724","2","0","0","0","0","0","0","0","0","4","0","","36","11","2020","2020099202","7","40.04","-76.2873","1723","08","0","1","0","0","0","0","0","0","","0","0","0","17","4","0","01","1","40 02:23.984","1","00","76 17:14.340","0","0","0","0","36301","0","0","0","N","0","0","0","3","36301","0","","1","01","N","N","0","","0","0","0","3","2","N","1722","0","2","0","0","0","0","0","3","0","2","N","","","","","","","","","","","1800","03","03","","N",""
"1401","1","0","0","0","0","0","0","0","0","7","0","","36","10","2020","2020099261","7","40.2529","-76.3075","1348","08","0","0","0","0","0","1","0","0","","0","0","0","12","1","1","00","2","40 15:10.418","5","00","76 18:26.940","8","0","0","0","36217","0","0","0","N","0","0","0","1","68J01","0","","4","01","N","N","0","","0","0","0","0","0","Y","1209","1","1","0","0","0","1","0","1","0","1","N","","","","","","","","","","","0400","03","03","","N","N"
"0258","1","0","0","0","0","0","0","0","0","7","0","","36","10","2020","2020099262","1","39.9323","-76.3512","0212","08","0","0","0","0","0","0","0","0","","0","0","0","02","2","1","00","0","39 55:56.180","","00","76 21:04.370","3","0","0","0","36206","0","0","0","N","0","0","0","1","68J01","0","","4","01","N","N","0","","1","0","0","0","0","","0202","1","1","0","0","0","0","0","1","0","1","N","","","","","","","","","","","","03","  ","","N","N"
"1503","1","0","0","0","0","0","0","0","0","4","0","","36","11","2020","2020099364","4","40.0924","-76.41","1501","08","0","1","0","0","0","0","0","0","","0","0","0","15","1","2","01","1","40 05:32.675","1","00","76 24:35.883","3","0","0","0","36214","0","0","0","N","0","0","0","7","36214","0","","1","01","N","N","1","","2","0","1","3","3","N","1500","2","3","0","0","0","0","0","3","0","3","N","","","","","","","","","","","1600","03","03","","N",""
"0148","1","0","0","0","0","0","0","0","0","7","0","","36","09","2020","2020099367","1","40.0883","-76.221","0142","08","0","0","0","0","0","0","0","0","","0","0","0","01","2","3","00","2","40 05:17.960","5","00","76 13:15.670","2","0","0","0","36234","0","0","0","N","0","0","0","3","36215","1","","4","01","N","N","0","","1","1","0","0","0","Y","0140","3","1","0","0","0","0","0","1","0","1","N","","","","","","","","","","","0250","03","03","","N","N"
"1123","0","0","0","0","0","0","0","0","0","98","0","","36","10","2020","2020099369","5","40.0319","-76.2398","1115","08","0","0","0","0","0","0","1","0","","0","0","0","11","1","1","10","0","40 01:54.765","","07","76 14:23.331","3","0","0","0","36215","1","0","0","N","1","0","0","2","36215","0","","1","01","N","N","0","","1","0","1","3","8","","1115","1","2","0","0","0","0","0","1","0","1","N","","","","","","","","","","","","04","04","","N",""