"ARRIVAL_TM","AUTOMOBILE_COUNT","BELTED_DEATH_COUNT","BELTED_SUSP_SERIOUS_INJ_COUNT","BICYCLE_COUNT","BICYCLE_DEATH_COUNT","BICYCLE_SUSP_SERIOUS_INJ_COUNT","BUS_COUNT","CHLDPAS_DEATH_COUNT","CHLDPAS_SUSP_SERIOUS_INJ_COUNT","COLLISION_TYPE","COMM_VEH_COUNT","CONS_ZONE_SPD_LIM","COUNTY","CRASH_MONTH","CRASH_YEAR","CRN","DAY_OF_WEEK","DEC_LAT","DEC_LONG","DISPATCH_TM","DISTRICT","DRIVER_COUNT_16YR","DRIVER_COUNT_17YR","DRIVER_COUNT_18YR","DRIVER_COUNT_19YR","DRIVER_COUNT_20YR","DRIVER_COUNT_50_64YR","DRIVER_COUNT_65_74YR","DRIVER_COUNT_75PLUS","EST_HRS_CLOSED","FATAL_COUNT","HEAVY_TRUCK_COUNT","HORSE_BUGGY_COUNT","HOUR_OF_DAY","ILLUMINATION","INJURY_COUNT","INTERSECT_TYPE","LANE_CLOSED","LATITUDE","LN_CLOSE_DIR","LOCATION_TYPE","LONGITUDE","MAX_SEVERITY_LEVEL","MCYCLE_DEATH_COUNT","MCYCLE_SUSP_SERIOUS_INJ_COUNT","MOTORCYCLE_COUNT","MUNICIPALITY","NONMOTR_COUNT","NONMOTR_DEATH_COUNT","NONMOTR_SUSP_SERIOUS_INJ_COUNT","NTFY_HIWY_MAINT","PED_COUNT","PED_DEATH_COUNT","PED_SUSP_SERIOUS_INJ_COUNT","PERSON_COUNT","POLICE_AGCY","POSSIBLE_INJ_COUNT","RDWY_SURF_TYPE_CD","RELATION_TO_ROAD","ROAD_CONDITION","SCH_BUS_IND","SCH_ZONE_IND","SMALL_TRUCK_COUNT","SPEC_JURIS_CD","SUSP_MINOR_INJ_COUNT","SUSP_SERIOUS_INJ_COUNT","SUV_COUNT","TCD_FUNC_CD","TCD_TYPE","TFC_DETOUR_IND","TIME_OF_DAY","TOT_INJ_COUNT","TOTAL_UNITS","UNB_DEATH_COUNT","UNB_SUSP_SERIOUS_INJ_COUNT","UNBELTED_OCC_COUNT","UNK_INJ_DEG_COUNT","UNK_INJ_PER_COUNT","URBAN_RURAL","VAN_COUNT","VEHICLE_COUNT","WORK_ZONE_IND","WORK_ZONE_LOC","WORK_ZONE_TYPE","WORKERS_PRES","WZ_CLOSE_DETOUR","WZ_FLAGGER","WZ_LAW_OFFCR_IND","WZ_LN_CLOSURE","WZ_MOVING","WZ_OTHER","WZ_SHLDER_MDN","ROADWAY_CLEARED","WEATHER1","WEATHER2","WZ_WORKERS_INJ_KILLED","SECONDARY_CRASH","INTERSECTION_RELATED"
"0700","2","0","0","0","0","0","0","0","0","1","0","","36","10","2020","2020099370","6","40.0565","-76.2706","0656","08","0","0","0","0","0","0","0","0","","0","0","0","06","3","0","06","2","40 03:23.422","4","08","76 16:14.122","0","0","0","0","36215","0","0","0","N","0","0","0","2","36215","0","","1","09","N","N","0","","0","0","0","0","0","N","0655","0","2","0","0","0","0","0","1","0","2","N","","","","","","","","","","","0753","04","07","","Y",""
"2328","0","0","0","0","0","0","0","0","0","4","0","","36","10","2020","2020099368","3","40.0378","-76.2707","2323","08","0","0","0","0","0","0","0","0","","0","0","0","23","3","1","03","2","40 02:16.133","6","00","76 16:14.672","2","0","1","1","36215","0","0","0","N","0","0","0","2","36215","0","","1","01","N","N","0","","0","1","1","3","2","Y","2322","1","2","0","0","0","0","0","1","0","2","N","","","","","","","","","","","0250","03","  ","","N",""
"0843","3","0","0","0","0","0","0","0","0","1","0","","36","11","2020","2020099371","5","40.1349","-76.3039","0841","08","0","0","0","0","0","1","0","1","","0","0","0","08","1","0","00","0","40 08:05.518","","00","76 18:13.994","0","0","0","0","36235","0","0","0","N","0","0","0","3","36506","0","","1","09","N","N","0","","0","0","0","0","0","","0840","0","3","0","0","0","0","0","1","0","3","N","","","","","","","","","","","","03","  ","","Y","N"
"1450","1","0","0","0","0","0","0","0","0","4","0","","36","11","2020","2020099372","4","40.1996","-76.34","1445","08","0","0","0","0","0","0","0","1","","0","1","0","14","1","0","00","0","40 11:58.580","","00","76 20:23.896","0","0","0","0","36227","0","0","0","N","0","0","0","2","36506","0","","1","01","N","N","0","","0","0","0","0","0","","1444","0","2","0","0","0","0","0","1","0","2","N","","","","","","","","","","","","03","  ","","N","N"
"1828","2","0","0","0","0","0","0","0","0","4","0","","36","11","2020","2020099455","5","40.04","-76.2894","1814","08","0","0","0","0","0","0","0","0","","0","0","0","17","4","0","00","0","40 02:23.893","","00","76 17:21.878","0","0","0","0","36301","0","0","0","N","0","0","0","1","36301","0","","4","01","N","N","1","","0","0","0","0","0","","1741","0","3","0","0","0","0","0","3","0","3","N","","","","","","","","","","","","03","03","","N","N"
"1822","1","0","0","0","0","0","0","0","0","8","0","","36","11","2020","2020099473","5","40.0397","-76.2913","1820","08","0","0","0","0","0","0","0","0","","0","0","0","18","3","1","01","1","40 02:22.965","5","00","76 17:28.737","3","0","0","0","36301","1","0","0","N","1","0","0","2","36301","0","","1","01","N","N","0","","1","0","0","3","2","Y","1819","1","2","0","0","0","0","0","3","0","1","N","","","","","","","","","","","1830","03","03","","N",""
"1907","1","0","0","0","0","0","0","0","0","7","0","","36","11","2020","2020099501","1","40.0331","-76.4551","1854","08","0","0","0","0","0","0","0","0","","0","0","0","18","2","0","00","2","40 01:59.140","5","00","76 27:18.500","0","0","0","0","36239","0","0","0","N","0","0","0","1","36239","0","","9","09","N","N","0","","0","0","0","0","0","Y","1854","0","1","0","0","0","0","0","3","0","1","N","","","","","","","","","","","2020","07","07","","N","N"
"1708","0","0","0","0","0","0","0","0","0","1","0","","36","11","2020","2020099500","2","40.0444","-76.4285","1701","08","0","0","0","0","0","0","0","0","","0","0","0","16","1","1","00","0","40 02:39.738","","00","76 25:42.590","4","0","0","0","36239","0","0","0","N","0","0","0","3","36239","1","","1","01","N","N","1","","0","0","0","0","0","","1659","1","3","0","0","0","0","0","3","1","2","N","","","","","","","","","","","","03","03","","N","N"
"2023","1","0","0","0","0","0","0","0","0","5","0","","36","11","2020","2020099366","4","40.0837","-76.3671","2016","08","0","0","0","0","0","0","0","1","","0","0","0","20","2","1","00","0","40 05:01.232","","00","76 22:01.462","4","0","0","0","36214","0","0","0","N","0","0","0","2","36214","1","","3","01","N","N","0","","0","0","1","0","0","","2009","1","2","0","0","0","0","0","3","0","2","N","","","","","","","","","","","","03","  ","","N","N"
"1613","1","0","0","0","0","0","0","0","0","1","0","","36","11","2020","2020099365","4","40.0613","-76.3488","1605","08","0","0","0","0","1","0","0","0","","0","0","0","16","1","1","00","1","40 03:40.690","2","00","76 20:55.680","3","0","0","0","36214","0","0","0","N","0","0","0","8","36214","0","","1","01","N","N","0","","1","0","1","0","0","N","1603","1","3","0","0","0","0","0","3","1","3","N","","","","","","","","","","","1647","04","  ","","N","N"
"1847","1","0","0","0","0","0","0","0","0","7","0","","36","11","2020","2020099502","5","40.0494","-76.4789","1847","08","0","0","1","0","0","0","0","0","","0","0","0","18","2","1","00","2","40 02:57.810","6","00","76 28:44.060","3","0","0","0","36239","0","0","0","N","0","0","0","1","36239","0","","5","01","N","N","0","","1","0","0","0","0","Y","1847","1","1","0","0","0","0","0","3","0","1","N","","","","","","","","","","","1930","03","03","","N","N"
"2129","1","0","0","0","0","0","0","0","0","4","0","35","36","11","2020","2020099485","5","40.1636","-76.1524","2124","08","0","0","0","0","0","0","0","0","","0","0","0","21","2","0","01","0","40 09:48.919","","02","76 09:08.557","0","0","0","0","36218","0","0","0","N","0","0","0","5","36408","0","","1","01","N","N","1","","0","0","0","3","3","","2122","0","2","0","0","0","0","0","1","0","2","Y","4","1","N","","","N","","","","","","03","  ","N","N",""
"0927","1","0","0","0","0","0","0","0","0","4","0","","36","11","2020","2020099702","3","40.0348","-76.3245","0923","08","0","0","0","0","0","1","0","0","","0","0","0","09","1","1","02","0","40 02:05.326","","00","76 19:28.020","4","0","0","0","36220","0","0","0","N","0","0","0","2","36101","1","","1","01","N","N","0","","0","0","1","0","0","","0922","1","2","0","0","1","0","0","3","0","2","N","","","","","","","","","","","","03","03","","N",""
"1713","0","0","0","0","0","0","0","0","0","4","0","","36","11","2020","2020099951","6","40.0369","-76.322","1708","08","0","0","0","0","0","0","0","1","","0","0","0","17","3","1","01","0","40 02:12.818","","00","76 19:19.192","3","0","0","1","36301","0","0","0","N","0","0","0","2","36301","0","","1","01","N","N","0","","1","0","1","3","3","","1706","1","2","0","0","0","0","0","3","0","2","N","","","","","","","","","","","","03","  ","","N",""
"1532","0","0","0","0","0","0","0","0","0","7","0","","36","11","2020","2020099703","4","40.0268","-76.2173","1530","08","0","0","0","0","0","0","0","0","","0","0","0","15","1","0","00","0","40 01:36.601","","07","76 13:02.170","0","0","0","0","36215","0","0","0","N","0","0","0","1","36215","0","","2","01","N","N","0","","0","0","1","3","2","","1524","0","1","0","0","1","0","0","1","0","1","N","","","","","","","","","","","","03","03","","N","N"
"2145","0","0","0","0","0","0","0","0","0","98","0","","36","11","2020","2020099855","6","40.0425","-76.4838","2142","08","0","0","0","0","0","0","1","0","","0","0","0","21","2","0","00","2","40 02:33.092","3","00","76 29:01.812","0","0","0","0","36404","0","0","0","N","0","0","0","2","36404","0","","1","01","N","N","0","","0","0","1","0","0","N","2139","0","1","0","0","0","0","0","3","0","1","N","","","","","","","","","","","2215","03","  ","","N","N"
"1325","1","0","0","0","0","0","0","0","0","7","0","","36","10","2020","2020099858","4","40.1732","-76.1454","1319","08","0","0","0","0","0","1","0","0","","0","0","0","13","1","0","00","0","40 10:23.531","","00","76 08:43.437","0","0","0","0","36218","0","0","0","Y","0","0","0","3","36408","0","","3","01","N","N","0","","0","0","0","0","0","","1319","0","1","0","0","0","0","0","1","0","1","N","","","","","","","","","","","","03","  ","","N","N"
"1133","1","0","0","0","0","0","0","0","0","7","0","","36","10","2020","2020099859","4","40.2581","-76.1578","1121","08","0","0","0","0","1","0","0","0","","0","0","0","11","1","0","00","1","40 15:29.210","1","00","76 09:28.050","0","0","0","0","36236","0","0","0","N","0","0","0","1","36408","0","","5","01","N","N","0","","0","0","0","0","0","Y","1121","0","1","0","0","0","0","0","1","0","1","N","","","","","","","","","","","1254","03","03","","N","N"
"1822","1","0","0","0","0","0","0","0","0","1","0","","36","11","2020","2020100016","4","40.0443","-76.3069","1820","08","0","0","0","0","0","1","0","0","","0","0","0","18","3","2","01","1","40 02:39.403","1","00","76 18:24.797","3","0","0","0","36301","0","0","0","N","0","0","0","4","36301","0","","1","09","N","N","0","","2","0","1","3","2","N","1818","2","2","0","0","0","0","0","3","0","2","N","","","","","","","","","","","1833","07","04","","N",""
"1046","1","0","0","0","0","0","0","0","0","4","0","","36","11","2020","2020099860","6","40.1646","-76.2007","1042","08","0","0","0","0","0","0","0","1","","0","0","0","10","1","0","00","0","40 09:52.532","","00","76 12:02.479","0","0","0","0","36408","0","0","0","N","0","0","0","2","36408","0","","1","01","N","N","0","","0","0","1","0","0","","1042","0","2","0","0","0","0","0","2","0","2","N","","","","","","","","","","","","03","  ","","N","Y"
"1656","0","0","1","0","0","0","0","0","0","2","0","","36","11","2020","2020099888","4","40.0591","-76.4629","1651","08","0","0","0","0","0","1","0","0","","0","0","0","16","4","6","03","2","40 03:32.814","5","00","76 27:46.398","2","0","0","0","36239","0","0","0","N","0","0","0","6","36239","0","","1","09","N","N","0","","5","1","2","0","0","Y","1651","6","2","0","0","0","0","0","3","0","2","N","","","","","","","","","","","1845","07","  ","","N",""
"1806","2","0","0","0","0","0","0","0","0","4","0","","36","11","2020","2020099944","6","40.0421","-76.3134","1802","08","0","0","1","0","0","0","0","0","","0","0","0","18","3","0","01","1","40 02:31.437","4","00","76 18:48.380","0","0","0","0","36301","0","0","0","N","0","0","0","6","36301","0","","1","01","N","N","0","","0","0","0","3","2","N","1802","0","2","0","0","0","0","0","3","0","2","N","","","","","","","","","","","1911","03","03","","N","N"
"0947","2","0","0","0","0","0","0","0","0","1","0","","36","09","2020","2020099946","7","40.0456","-76.3027","0942","08","0","0","0","0","0","0","0","0","","0","0","0","09","1","0","00","0","40 02:44.176","","00","76 18:09.883","0","0","0","0","36301","1","0","0","N","0","0","0","2","36301","0","","6","09","N","N","1","","0","0","0","0","0","","0939","0","3","0","0","0","0","0","3","0","3","N","","","","","","","","","","","","07","04","","N","N"
"0905","1","0","0","0","0","0","0","0","0","4","0","","36","11","2020","2020100108","3","40.0939","-76.3042","0900","08","0","0","0","0","0","1","0","1","","0","0","0","08","1","0","02","0","40 05:37.998","","00","76 18:15.207","0","0","0","0","36101","0","0","0","N","0","0","0","2","36101","0","","1","01","N","N","1","","0","0","0","3","3","","0859","0","2","0","0","0","0","0","3","0","2","N","","","","","","","","","","","","03","03","","Y",""
"1735","1","0","0","0","0","0","0","0","0","1","0","","36","11","2020","2020100107","2","40.0636","-76.3398","1720","08","0","0","0","0","0","0","0","0","","0","0","0","17","2","0","00","1","40 03:48.978","4","01","76 20:23.388","9","0","0","0","36101","0","0","0","N","0","0","0","4","36101","0","","1","01","N","N","0","","0","0","2","0","0","N","1715","0","3","0","0","0","0","1","3","0","3","N","","","","","","","","","","","0045","03","  ","","N","N"
"1728","1","0","0","0","0","0","0","0","0","1","0","","36","11","2020","2020099704","4","40.0292","-76.2281","1722","08","0","0","0","0","1","0","0","0","","0","0","0","17","3","0","01","2","40 01:45.621","4","00","76 13:41.370","0","0","0","0","36215","0","0","0","N","0","0","0","3","36215","0","","1","01","N","N","0","","0","0","1","3","2","N","1714","0","2","0","0","0","0","0","1","0","2","N","","","","","","","","","","","1745","03","03","","N",""
"0603","0","0","0","0","0","0","0","0","0","1","0","","36","11","2020","2020099705","5","40.1602","-76.3076","0559","08","0","0","0","0","0","0","0","1","","0","0","0","05","3","0","01","1","40 09:36.663","1","00","76 18:27.476","0","0","0","0","36409","0","0","0","N","0","0","0","2","36409","0","","1","01","N","N","1","","0","0","1","3","2","N","0557","0","2","0","0","0","0","0","3","0","2","N","","","","","","","","","","","0630","03","  ","","N",""
"1045","0","0","0","0","0","0","0","0","0","2","0","","36","11","2020","2020100119","5","40.1589","-76.1527","1035","08","0","0","0","0","0","0","0","1","","0","0","0","10","1","0","00","1","40 09:32.045","1","00","76 09:09.781","0","0","0","0","36238","0","0","0","N","0","0","0","4","36238","0","","1","01","N","N","0","","0","0","1","0","0","N","1035","0","2","0","0","0","0","0","3","1","2","N","","","","","","","","","","","1135","03","  ","","N","Y"
"2138","0","0","0","0","0","0","0","0","0","0","0","","36","11","2020","2020100230","4","39.9613","-76.2452","2126","08","0","0","0","0","0","0","0","0","","0","0","0","21","2","0","00","2","39 57:40.704","5","00","76 14:42.627","0","0","0","0","36240","0","0","0","N","0","0","0","2","36240","0","","1","01","N","N","0","","0","0","1","0","0","Y","2124","0","1","0","0","0","0","0","1","0","1","N","","","","","","","","","","","2155","03","03","","N","N"
"1713","3","0","0","0","0","0","0","0","0","1","0","","36","11","2020","2020100266","5","40.0686","-76.3085","1710","08","0","0","0","0","0","0","0","2","","0","0","0","17","3","2","00","1","40 04:07.029","3","00","76 18:30.729","3","0","0","0","36101","0","0","0","N","0","0","0","3","36101","0","","1","01","N","N","0","","2","0","0","3","2","N","1704","2","3","0","0","0","0","0","3","0","3","N","","","","","","","","","","","1750","03","03","","N","N"
"1045","1","0","0","0","0","0","0","0","0","7","0","","36","11","2020","2020100267","2","40.0546","-76.3708","1038","08","0","0","0","0","0","1","0","0","","0","0","0","10","1","1","00","1","40 03:16.561","4","00","76 22:14.956","3","0","0","0","36214","0","0","0","N","0","0","0","1","36214","0","","5","01","N","N","0","","1","0","0","0","0","N","1036","1","1","0","0","0","0","0","3","0","1","N","","","","","","","","","","","1115","03","03","","N","N"
"0736","0","0","0","0","0","0","0","0","0","8","0","","36","11","2020","2020100268","6","40.1035","-76.4228","0725","08","0","1","0","0","0","0","0","0","","0","0","0","07","1","1","00","1","40 06:12.730","3","00","76 25:22.250","2","0","0","0","36214","1","0","1","N","1","0","1","2","36214","0","","1","01","N","N","0","","0","1","1","0","0","N","0720","1","2","0","0","0","0","0","3","0","1","N","","","","","","","","","","","0030","03","03","","N","N"
"2304","1","0","0","0","0","0","0","0","0","4","0","","36","11","2020","2020100299","5","39.9911","-76.2603","2304","08","1","0","0","0","0","0","0","0","","0","0","0","22","2","1","02","0","39 59:28.076","","00","76 15:37.017","3","0","0","0","36240","0","0","0","N","0","0","0","3","36240","0","","1","01","N","N","1","","1","0","0","3","3","","2258","1","2","0","0","0","0","0","1","0","2","N","","","","","","","","","","","","03","  ","","N","N"
"1313","0","0","0","0","0","0","0","0","0","98","0","","36","11","2020","2020100408","4","40.0094","-76.3916","1305","08","0","0","0","0","0","0","0","0","","0","0","0","13","1","0","00","1","40 00:33.662","4","00","76 23:29.685","0","0","0","0","36223","0","0","0","N","0","0","0","1","36223","0","","1","09","N","N","0","","0","0","0","0","0","N","1300","0","1","0","0","0","0","0","1","1","1","N","","","","","","","","","","","0100","07","  ","","N","Y"
"1253","1","0","0","0","0","0","0","0","0","7","0","","36","11","2020","2020100338","4","39.9862","-76.2838","1249","08","0","0","0","0","0","1","0","0","","0","0","0","12","1","0","00","0","39 59:10.340","","00","76 17:01.545","0","0","0","0","36240","0","0","0","Y","0","0","0","1","36240","0","","2","09","N","N","0","","0","0","0","3","2","","1247","0","1","0","0","0","0","0","1","0","1","N","","","","","","","","","","","","07","  ","","N","Y"
"1940","0","0","0","0","0","0","0","0","0","1","0","","36","10","2020","2020100389","7","40.0261","-76.3084","1935","08","0","0","0","0","0","0","0","0","","0","0","0","19","2","1","00","2","40 01:34.050","7","00","76 18:30.279","3","0","0","0","36301","0","0","0","N","0","0","0","1","36301","0","","6","01","N","N","0","","1","0","2","0","0","Y","1935","1","2","0","0","0","0","0","3","0","2","N","","","","","","","","","","","2048","03","03","","N","N"
"0445","0","0","0","0","0","0","0","0","0","7","0","","36","11","2020","2020100390","5","40.0932","-76.6096","0432","08","0","0","0","0","0","1","0","0","","0","0","0","04","2","0","00","1","40 05:35.400","4","00","76 36:34.600","0","0","0","0","36207","0","0","0","N","0","0","0","1","36504","0","","2","09","N","N","0","","0","0","1","0","0","N","0430","0","1","0","0","0","0","0","1","0","1","N","","","","","","","","","","","0522","07","  ","","N","N"
"1625","2","0","0","0","0","0","0","0","0","1","0","","36","11","2020","2020100406","1","40.0746","-76.3085","1622","08","0","1","0","0","0","0","0","0","","0","0","0","16","1","0","00","0","40 04:28.731","","00","76 18:30.630","0","0","0","0","36101","0","0","0","N","0","0","0","2","36101","0","","1","01","N","N","0","","0","0","0","0","0","","1621","0","2","0","0","0","0","0","3","0","2","N","","","","","","","","","","","","03","03","","N","N"
"1314","2","0","0","0","0","0","0","0","0","4","0","","36","10","2020","2020100475","6","39.9501","-76.1202","1302","08","0","0","0","0","0","0","1","0","","0","0","0","12","1","0","01","0","39 57:00.187","","00","76 07:12.579","0","0","0","0","36216","0","0","0","N","0","0","0","3","68J01","0","","1","01","N","N","0","","0","0","0","3","3","","1259","0","2","0","0","0","0","0","1","0","2","N","","","","","","","","","","","","03","03","","N","N"
"2100","0","0","0","0","0","0","0","0","0","98","0","","36","11","2020","2020100485","2","39.9082","-76.12","2050","08","0","0","0","0","0","0","0","0","","0","0","0","20","2","0","00","0","39 54:29.400","","00","76 07:12.144","0","0","0","0","36216","0","0","0","N","0","0","0","1","68J01","0","","1","01","N","N","0","","0","0","1","0","0","","2045","0","1","0","0","0","0","0","1","0","1","N","","","","","","","","","","","","05","  ","","N","N"
"1500","0","0","0","0","0","0","0","0","0","4","0","","36","11","2020","2020100548","2","40.1478","-76.0462","1448","08","0","0","1","0","0","1","0","0","","0","0","0","14","1","0","01","1","40 08:52.092","2","00","76 02:46.167","0","0","0","0","36213","0","0","0","N","0","0","0","2","36213","0","","1","01","N","N","0","","0","0","2","3","3","Y","1445","0","2","0","0","0","0","0","1","0","2","N","","","","","","","","","","","1515","03","03","","N","N"
"0832","1","0","0","0","0","0","0","0","0","1","0","","36","11","2020","2020100575","5","40.0402","-76.2365","0832","08","0","0","0","0","0","0","0","1","","0","0","0","08","1","1","00","2","40 02:24.570","4","00","76 14:11.454","4","0","0","0","36215","0","0","0","N","0","0","0","3","36215","1","","1","09","N","N","2","","0","0","0","3","2","N","0830","1","3","0","0","0","0","0","1","0","3","N","","","","","","","","","","","0924","07","  ","","N","N"
"0056","2","0","0","0","0","0","0","0","0","7","0","","36","11","2020","2020100576","6","40.0925","-76.119","0053","08","0","0","0","0","0","1","0","0","","0","0","0","00","6","1","00","2","40 05:33.105","6","00","76 07:08.362","4","0","0","0","36209","0","0","0","N","0","0","0","2","36415","1","","5","01","N","N","0","","0","0","0","0","0","Y","0052","1","2","0","0","0","0","0","1","0","2","N","","","","","","","","","","","0400","03","03","","N","N"
"0535","0","0","0","0","0","0","0","0","0","4","1","","36","11","2020","2020100577","2","40.1473","-76.1202","0526","08","0","0","0","1","0","1","0","0","","0","1","0","05","3","0","00","1","40 08:50.269","6","00","76 07:12.557","0","0","0","0","36209","0","0","0","N","0","0","0","3","36415","0","","1","01","N","N","1","","0","0","0","0","0","Y","0524","0","2","0","0","0","0","0","1","0","2","N","","","","","","","","","","","0610","03","  ","","N","N"
"1854","0","0","0","0","0","0","0","0","0","1","0","","36","10","2020","2020100574","2","40.0334","-76.1714","1849","08","0","0","0","0","0","0","0","0","","0","0","1","18","2","1","00","2","40 02:00.164","5","00","76 10:17.040","3","0","0","0","36215","1","0","0","N","0","0","0","2","36215","0","","1","09","N","N","0","","1","0","1","0","0","Y","1847","1","2","0","0","1","0","0","1","0","1","N","","","","","","","","","","","1943","04","98","","N","N"
"0852","0","0","0","0","0","0","0","0","0","4","0","","36","11","2020","2020100580","7","40.0985","-76.3583","0844","08","0","1","0","0","0","1","0","0","","0","0","0","08","1","0","00","0","40 05:54.641","","07","76 21:29.878","0","0","0","0","36406","0","0","0","N","0","0","0","4","36506","0","","1","01","N","N","1","","0","0","1","0","0","","0844","0","2","0","0","0","0","0","3","0","2","N","","","","","","","","","","","","03","03","","N","N"
"0904","1","0","0","0","0","0","0","0","0","4","0","","36","10","2020","2020100617","5","39.7673","-76.1521","0832","08","0","0","0","0","0","0","2","0","","0","0","0","08","1","0","01","0","39 46:02.150","","00","76 09:07.613","0","0","0","0","36219","0","0","0","N","0","0","0","2","68J01","0","","1","01","N","N","0","","0","0","1","3","3","","0831","0","2","0","0","0","0","0","1","0","2","N","","","","","","","","","","","","03","03","","N","N"
"1450","0","0","0","0","0","0","0","0","0","2","0","","36","10","2020","2020100627","4","40.2371","-76.3349","1411","08","0","0","0","0","0","0","0","1","","0","0","0","14","1","0","00","1","40 14:13.381","4","00","76 20:05.703","0","0","0","0","36217","0","0","0","N","0","0","0","2","68J01","0","","1","09","N","N","1","","0","0","1","0","0","N","1405","0","2","0","0","0","0","0","1","0","2","N","","","","","","","","","","","1520","03","  ","","N","N"
"1753","0","0","0","0","0","0","0","0","0","4","0","","36","11","2020","2020100638","1","40.2038","-76.0176","1716","08","1","0","0","0","0","0","0","1","","0","0","0","17","2","0","02","0","40 12:13.761","","00","76 01:03.525","0","0","0","0","36202","0","0","0","N","0","0","0","3","68J01","0","","1","01","N","N","0","","0","0","2","3","3","","1713","0","2","0","0","0","0","0","1","0","2","N","","","","","","","","","","","","03","  ","","N","N"
"1620","0","0","0","0","0","0","0","0","0","4","0","","36","11","2020","2020100650","4","40.0386","-76.1734","1611","08","0","0","0","0","0","0","1","0","","0","0","0","16","1","1","01","0","40 02:18.836","","00","76 10:24.111","3","0","0","0","36221","0","0","0","N","0","0","0","2","68J01","0","","1","09","N","N","2","","1","0","0","3","2","","1609","1","2","0","0","0","0","0","1","0","2","N","","","","","","","","","","","","07","04","","N","N"
"1427","1","0","0","0","0","0","0","0","0","2","0","","36","11","2020","2020100684","4","39.9631","-75.9974","1415","08","0","0","0","0","0","1","1","0","","0","0","0","14","1","2","00","1","39 57:47.299","1","00","75 59:50.514","3","0","0","0","36231","0","0","0","N","0","0","0","3","68J01","0","","1","01","N","N","1","","2","0","0","3","2","N","1412","2","2","0","0","0","0","0","1","0","2","N","","","","","","","","","","","1500","03","  ","","N","Y"
"1146","1","0","0","0","0","0","0","0","0","4","0","","36","11","2020","2020101087","2","40.1761","-76.4576","1139","08","0","0","0","0","0","0","0","0","","0","0","1","11","1","0","00","1","40 10:34.100","5","00","76 27:27.470","0","0","0","0","36230","1","0","0","N","0","0","0","2","36410","0","","1","01","N","N","0","","0","0","0","0","0","N","1135","0","2","0","0","0","0","0","1","0","1","N","","","","","","","","","","","1200","03","03","","N","N"
"0613","2","0","0","0","0","0","0","0","0","4","0","","36","11","2020","2020100776","2","40.0384","-76.2971","0611","08","0","0","0","0","0","0","0","0","","0","0","0","06","5","0","03","1","40 02:18.225","1","00","76 17:49.401","0","0","0","0","36301","0","0","0","N","0","0","0","2","36301","0","","1","01","N","N","0","","0","0","0","3","3","N","0609","0","2","0","0","0","0","0","3","0","2","N","","","","","","","","","","","0633","03","  ","","N","N"
"1640","0","0","0","0","0","0","0","0","0","1","0","","36","11","2020","2020100822","5","40.0625","-76.3426","1635","08","0","0","0","0","0","1","0","0","","0","0","0","16","4","0","00","1","40 03:44.958","4","00","76 20:33.266","0","0","0","0","36101","0","0","0","N","0","0","0","2","36101","0","","1","01","N","N","2","","0","0","0","0","0","N","1626","0","2","0","0","0","0","0","3","0","2","N","","","","","","","","","","","1650","03","  ","","N","N"
"1651","0","0","0","0","0","0","0","0","0","7","0","","36","11","2020","2020101093","6","40.1493","-76.654","1637","08","0","0","0","0","0","0","0","0","","0","0","0","16","1","0","00","0","40 08:57.320","","00","76 39:14.300","0","0","0","0","36237","0","0","0","N","0","0","0","1","36505","0","","4","01","N","N","0","","0","0","1","0","0","","1637","0","1","0","0","0","0","0","1","0","1","N","","","","","","","","","","","","03","03","","N","N"
"2209","1","0","1","0","0","0","0","0","0","2","0","","36","11","2020","2020101095","7","40.1112","-76.5914","2201","08","0","1","0","0","0","0","1","0","","0","0","0","22","2","4","00","2","40 06:40.325","6","00","76 35:29.179","2","0","0","0","36237","0","0","0","N","0","0","0","4","36505","2","","1","01","N","N","0","","1","1","0","0","0","Y","2200","4","2","0","0","0","0","0","1","1","2","N","","","","","","","","","","","2326","03","03","","N","N"
"1729","2","0","0","0","0","0","0","0","0","5","0","","36","11","2020","2020101089","2","40.1236","-76.4754","1721","08","0","0","0","0","0","1","0","0","","0","0","0","17","2","1","00","1","40 07:25.123","4","00","76 28:31.536","3","0","0","0","36230","0","0","0","N","0","0","0","2","36410","0","","1","01","N","N","0","","1","0","0","0","0","N","1719","1","2","0","0","0","0","0","1","0","2","N","","","","","","","","","","","1815","03","  ","","N","Y"
"1007","1","0","0","0","0","0","0","0","0","7","0","","36","11","2020","2020100868","3","40.1814","-76.1321","1003","08","0","0","0","0","0","1","0","0","","0","0","0","10","1","0","00","2","40 10:53.033","1","00","76 07:55.467","0","0","0","0","36218","0","0","0","Y","0","0","0","2","36408","0","","3","01","N","N","0","","0","0","0","0","0","Y","1003","0","1","0","0","0","0","0","1","0","1","N","","","","","","","","","","","1100","03","  ","","N","N"
"1159","2","0","0","0","0","0","0","0","0","4","0","","36","11","2020","2020100872","3","40.1825","-76.1745","1154","08","0","0","0","0","0","1","0","0","","0","0","0","11","1","0","01","0","40 10:57.079","","00","76 10:28.081","0","0","0","0","36408","0","0","0","N","0","0","0","3","36408","0","","1","01","N","N","0","","0","0","0","3","3","","1154","0","2","0","0","0","0","0","2","0","2","N","","","","","","","","","","","","04","  ","","N","N"