"ARRIVAL_TM","AUTOMOBILE_COUNT","BELTED_DEATH_COUNT","BELTED_SUSP_SERIOUS_INJ_COUNT","BICYCLE_COUNT","BICYCLE_DEATH_COUNT","BICYCLE_SUSP_SERIOUS_INJ_COUNT","BUS_COUNT","CHLDPAS_DEATH_COUNT","CHLDPAS_SUSP_SERIOUS_INJ_COUNT","COLLISION_TYPE","COMM_VEH_COUNT","CONS_ZONE_SPD_LIM","COUNTY","CRASH_MONTH","CRASH_YEAR","CRN","DAY_OF_WEEK","DEC_LAT","DEC_LONG","DISPATCH_TM","DISTRICT","DRIVER_COUNT_16YR","DRIVER_COUNT_17YR","DRIVER_COUNT_18YR","DRIVER_COUNT_19YR","DRIVER_COUNT_20YR","DRIVER_COUNT_50_64YR","DRIVER_COUNT_65_74YR","DRIVER_COUNT_75PLUS","EST_HRS_CLOSED","FATAL_COUNT","HEAVY_TRUCK_COUNT","HORSE_BUGGY_COUNT","HOUR_OF_DAY","ILLUMINATION","INJURY_COUNT","INTERSECT_TYPE","LANE_CLOSED","LATITUDE","LN_CLOSE_DIR","LOCATION_TYPE","LONGITUDE","MAX_SEVERITY_LEVEL","MCYCLE_DEATH_COUNT","MCYCLE_SUSP_SERIOUS_INJ_COUNT","MOTORCYCLE_COUNT","MUNICIPALITY","NONMOTR_COUNT","NONMOTR_DEATH_COUNT","NONMOTR_SUSP_SERIOUS_INJ_COUNT","NTFY_HIWY_MAINT","PED_COUNT","PED_DEATH_COUNT","PED_SUSP_SERIOUS_INJ_COUNT","PERSON_COUNT","POLICE_AGCY","POSSIBLE_INJ_COUNT","RDWY_SURF_TYPE_CD","RELATION_TO_ROAD","ROAD_CONDITION","SCH_BUS_IND","SCH_ZONE_IND","SMALL_TRUCK_COUNT","SPEC_JURIS_CD","SUSP_MINOR_INJ_COUNT","SUSP_SERIOUS_INJ_COUNT","SUV_COUNT","TCD_FUNC_CD","TCD_TYPE","TFC_DETOUR_IND","TIME_OF_DAY","TOT_INJ_COUNT","TOTAL_UNITS","UNB_DEATH_COUNT","UNB_SUSP_SERIOUS_INJ_COUNT","UNBELTED_OCC_COUNT","UNK_INJ_DEG_COUNT","UNK_INJ_PER_COUNT","URBAN_RURAL","VAN_COUNT","VEHICLE_COUNT","WORK_ZONE_IND","WORK_ZONE_LOC","WORK_ZONE_TYPE","WORKERS_PRES","WZ_CLOSE_DETOUR","WZ_FLAGGER","WZ_LAW_OFFCR_IND","WZ_LN_CLOSURE","WZ_MOVING","WZ_OTHER","WZ_SHLDER_MDN","ROADWAY_CLEARED","WEATHER1","WEATHER2","WZ_WORKERS_INJ_KILLED","SECONDARY_CRASH","INTERSECTION_RELATED"
"0652","1","1","0","0","0","0","0","0","0","4","0","","36","09","2020","2020100878","7","40.131","-76.2171","0644","08","0","0","0","0","1","1","0","0","","1","0","0","06","5","0","01","2","40 07:51.556","3","00","76 13:01.609","1","0","0","0","36238","0","0","0","N","0","0","0","2","36238","0","2","1","09","N","N","1","0","0","0","0","3","2","Y","0644","0","2","0","0","0","0","0","3","0","2","N","","","","","","","","","","","1025","07","  ","","N","N"
"1318","2","0","0","0","0","0","0","0","0","4","0","","36","11","2020","2020100908","7","40.0746","-76.5837","1310","08","0","0","0","0","1","0","0","0","","0","0","0","13","1","1","01","2","40 04:28.477","7","00","76 35:01.445","4","0","0","0","36211","0","0","0","N","0","0","0","2","36504","1","","1","01","N","N","0","","0","0","0","3","3","Y","1300","1","2","0","0","0","0","0","1","0","2","N","","","","","","","","","","","1421","03","03","","N","N"
"1114","0","0","0","0","0","0","0","0","0","1","1","","36","11","2020","2020100928","6","39.8767","-76.2205","1100","08","0","0","0","0","0","0","0","1","","0","1","0","10","1","0","00","2","39 52:36.012","3","00","76 13:13.854","0","0","0","0","36212","0","0","0","N","0","0","0","2","68J01","0","","1","01","N","N","1","","0","0","0","0","0","N","1058","0","2","0","0","0","0","0","1","0","2","N","","","","","","","","","","","1154","03","03","","N","N"
"2048","1","0","0","0","0","0","0","0","0","98","0","","36","11","2020","2020100933","1","40.2118","-76.301","2028","08","0","0","0","0","0","0","0","0","","0","0","0","20","2","0","00","0","40 12:42.392","","00","76 18:03.734","0","0","0","0","36217","0","0","0","N","0","0","0","1","68J01","0","","1","01","N","N","0","","0","0","0","0","0","","2019","0","1","0","0","0","0","0","1","0","1","N","","","","","","","","","","","","03","  ","","N","N"
"2053","0","0","0","0","0","0","0","0","0","7","0","","36","11","2020","2020100941","5","39.9448","-76.004","2013","08","0","0","0","0","0","1","0","0","","0","0","0","18","2","0","01","0","39 56:41.283","","00","76 00:14.504","0","0","0","0","36231","0","0","0","N","0","0","0","1","68J01","0","","4","09","N","N","0","","0","0","1","3","3","","1818","0","1","0","0","0","0","0","1","0","1","N","","","","","","","","","","","","04","04","","N",""
"1024","1","0","0","0","0","0","0","0","0","7","0","","36","11","2020","2020100985","7","39.916","-76.1855","1012","08","0","0","0","0","0","0","0","0","","0","0","0","10","1","1","00","2","39 54:57.700","6","00","76 11:07.895","3","0","0","0","36229","0","0","0","N","0","0","0","1","68J01","0","","4","01","N","N","0","","1","0","0","0","0","Y","1006","1","1","0","0","0","0","0","1","0","1","N","","","","","","","","","","","1115","03","  ","","N","N"
"1817","2","0","0","0","0","0","0","0","0","4","0","","36","11","2020","2020100686","4","40.0056","-76.1862","1807","08","0","0","0","0","0","0","1","0","","0","0","0","18","2","1","00","0","40 00:20.090","","07","76 11:10.222","4","0","0","0","36233","0","0","0","N","0","0","0","3","68J01","1","","1","01","N","N","0","","0","0","0","0","0","","1804","1","2","0","0","0","0","0","1","0","2","N","","","","","","","","","","","","03","  ","","N","N"
"1807","0","0","0","0","0","0","0","0","0","7","0","","36","11","2020","2020100698","5","40.2224","-76.2667","1744","08","0","0","0","0","0","0","1","0","","0","0","0","17","2","1","00","2","40 13:20.519","6","00","76 16:00.169","4","0","0","0","36217","0","0","0","N","0","0","0","2","68J01","1","","4","01","N","N","0","","0","0","1","0","0","Y","1742","1","1","0","0","0","0","0","1","0","1","N","","","","","","","","","","","1850","03","  ","","N","N"
"0804","1","0","0","0","0","0","0","0","0","1","0","","36","11","2020","2020101090","7","40.1117","-76.4511","0754","08","0","0","0","0","0","0","0","0","","0","0","0","07","1","0","00","0","40 06:42.166","","00","76 27:03.972","0","0","0","0","36230","0","0","0","N","0","0","0","2","36410","0","","1","01","N","N","0","","0","0","0","0","0","","0751","0","2","0","0","0","0","0","1","1","2","N","","","","","","","","","","","","03","03","","N","N"
"1829","1","0","0","0","0","0","0","0","0","1","0","","36","11","2020","2020101097","2","40.2053","-76.2151","1829","08","0","0","0","1","0","1","0","0","","0","0","0","18","2","0","02","1","40 12:19.099","3","00","76 12:54.479","0","0","0","0","36204","0","0","0","N","0","0","0","2","36506","0","","1","01","N","N","0","","0","0","1","0","0","Y","1829","0","2","0","0","0","0","0","1","0","2","N","","","","","","","","","","","0100","03","03","","N",""
"1809","1","0","0","0","0","0","0","0","0","1","0","","36","11","2020","2020101096","2","40.0902","-76.3464","1749","08","0","0","0","0","0","1","0","0","","0","0","0","17","3","0","00","1","40 05:24.649","1","00","76 20:47.213","0","0","0","0","36214","0","0","0","N","0","0","0","2","36506","0","","1","01","N","N","0","","0","0","1","0","0","N","1749","0","2","0","0","0","0","0","3","0","2","N","","","","","","","","","","","1819","03","03","","N","N"
"0751","1","0","0","0","0","0","0","0","0","7","0","","36","11","2020","2020101088","5","40.1303","-76.4922","0739","08","0","0","0","0","0","0","0","0","","0","0","0","07","1","0","00","0","40 07:48.925","","00","76 29:31.749","0","0","0","0","36230","0","0","0","N","0","0","0","1","36410","0","","3","09","N","N","0","","0","0","0","0","0","","0736","0","1","0","0","0","0","0","1","0","1","N","","","","","","","","","","","","07","07","","N","N"
"1401","1","0","0","0","0","0","0","0","0","4","1","","36","11","2020","2020101092","2","40.1932","-76.5669","1357","08","0","0","0","0","0","0","0","0","","0","1","0","13","1","0","02","0","40 11:35.494","","00","76 34:00.820","0","0","0","0","36225","0","0","0","N","0","0","0","2","36505","0","","1","01","N","N","0","","0","0","0","3","3","","1300","0","2","0","0","0","0","0","2","0","2","N","","","","","","","","","","","","03","03","","N",""
"0845","2","0","0","0","0","0","0","0","0","1","0","","36","10","2020","2020101086","3","40.1213","-76.463","0835","08","0","0","0","0","0","0","0","0","","0","0","0","08","1","2","00","1","40 07:16.644","3","00","76 27:46.733","8","0","0","0","36230","0","0","0","N","0","0","0","2","36410","0","","1","01","N","N","0","","0","0","0","0","0","N","0833","2","2","0","0","0","2","0","1","0","2","N","","","","","","","","","","","0911","03","03","","N","N"
"0917","0","0","0","0","0","0","0","0","0","4","0","","36","10","2020","2020101091","5","40.1421","-76.5665","0915","08","0","0","0","0","0","0","0","0","","0","0","0","09","1","0","01","1","40 08:31.700","6","00","76 33:59.551","0","0","0","0","36225","0","0","0","N","0","0","0","2","36505","0","","1","09","N","N","0","","0","0","1","3","3","Y","0914","0","2","0","0","0","0","0","2","1","2","N","","","","","","","","","","","0950","07","04","","N",""
"0840","0","0","0","0","0","0","0","0","0","4","0","","36","11","2020","2020101094","7","40.1429","-76.6521","0832","08","0","0","0","0","0","0","1","0","","0","1","0","08","1","0","00","2","40 08:34.511","7","00","76 39:07.603","0","0","0","0","36237","0","0","0","N","0","0","0","2","36505","0","","1","01","N","N","1","","0","0","0","0","0","Y","0830","0","2","0","0","0","0","0","1","0","2","N","","","","","","","","","","","0030","03","03","","N","N"
"1314","2","0","0","0","0","0","0","0","0","4","0","","36","11","2020","2020101488","3","40.0187","-76.1739","1310","08","0","0","0","1","0","1","0","0","","0","0","0","13","1","2","01","0","40 01:07.392","","00","76 10:26.047","3","0","0","0","36215","0","0","0","N","0","0","0","3","36215","0","","1","01","N","N","0","","2","0","1","3","3","","1308","2","3","0","0","2","0","0","1","0","3","N","","","","","","","","","","","","03","03","","N",""
"0814","0","0","0","0","0","0","0","0","0","4","0","","36","11","2020","2020101192","2","40.0381","-76.1067","0811","08","0","0","0","0","0","1","0","0","","0","0","0","08","1","0","01","1","40 02:17.172","2","00","76 06:24.160","0","0","0","0","36221","0","0","0","N","0","0","0","4","68J01","0","","1","01","N","N","2","","0","0","0","3","3","Y","0808","0","2","0","0","0","0","0","1","0","2","N","","","","","","","","","","","0900","03","  ","","N","N"
"1325","1","0","0","0","0","0","0","0","0","4","0","","36","10","2020","2020101263","2","40.0087","-76.343","1316","08","0","0","0","0","0","0","0","0","","0","0","0","13","1","0","00","0","40 00:31.485","","00","76 20:34.745","0","0","0","0","36412","0","0","0","N","0","0","0","3","36412","0","","1","09","N","N","0","","0","0","2","0","0","","1316","0","4","0","0","0","0","0","3","0","3","N","","","","","","","","","","","","04","  ","","N","N"
"1834","2","0","0","0","0","0","0","0","0","4","0","","36","11","2020","2020101270","3","40.0358","-76.3142","1834","08","0","0","0","0","0","2","0","0","","0","0","0","18","3","1","02","1","40 02:08.740","1","00","76 18:51.097","8","0","0","0","36301","0","0","0","N","0","0","0","2","36301","0","","1","01","N","N","0","","0","0","0","3","3","Y","1829","1","2","0","0","0","1","0","3","0","2","N","","","","","","","","","","","1900","03","03","","N",""
"1932","1","0","0","0","0","0","0","0","0","1","0","","36","11","2020","2020101287","3","40.0708","-76.3177","1925","08","0","0","0","0","0","0","0","0","","0","0","0","19","3","0","00","1","40 04:14.798","2","00","76 19:03.867","0","0","0","0","36101","0","0","0","N","0","0","0","3","36101","0","","1","01","N","N","0","","0","0","1","0","0","N","1923","0","2","0","0","0","0","0","3","0","2","N","","","","","","","","","","","2042","03","03","","N","N"
"0411","1","0","0","0","0","0","0","0","0","7","0","","36","11","2020","2020101288","3","40.0176","-76.4465","0401","08","0","0","0","1","0","0","0","0","","0","0","0","03","2","1","00","2","40 01:03.228","6","00","76 26:47.351","3","0","0","0","36223","0","0","0","N","0","0","0","1","36223","0","","5","01","N","N","0","","1","0","0","0","0","Y","0355","1","1","0","0","0","0","0","1","0","1","N","","","","","","","","","","","0900","03","  ","","N","N"
"1625","2","0","0","0","0","0","0","0","0","1","0","35","36","11","2020","2020101285","5","40.0387","-76.3332","1619","08","0","0","0","0","0","1","0","0","","0","0","0","16","1","1","00","0","40 02:19.321","","00","76 19:59.452","4","0","0","0","36220","0","0","0","N","0","0","0","2","36101","1","","1","01","N","N","0","","0","0","0","0","0","","1617","1","2","0","0","0","0","0","3","0","2","Y","4","2","Y","N","N","Y","N","N","N","Y","","03","03","N","N","Y"
"0713","1","0","0","0","0","0","0","0","0","7","0","","36","11","2020","2020101310","4","39.999","-76.2646","0711","08","0","0","1","0","0","0","0","0","","0","0","0","07","5","0","00","1","39 59:56.507","1","00","76 15:52.442","0","0","0","0","36240","0","0","0","Y","0","0","0","1","36240","0","","5","01","N","N","0","","0","0","0","0","0","N","0710","0","1","0","0","0","0","0","1","0","1","N","","","","","","","","","","","0817","03","  ","","N","N"
"2016","1","0","0","0","0","0","0","0","0","8","0","","36","11","2020","2020101605","6","40.0443","-76.3069","1933","08","0","0","0","0","0","0","0","0","","0","0","0","19","3","1","01","0","40 02:39.403","","00","76 18:24.797","4","0","0","0","36301","1","0","0","N","1","0","0","2","36301","1","","1","01","N","N","0","","0","0","0","3","2","","1933","1","2","0","0","0","0","0","3","0","1","N","","","","","","","","","","","","03","03","","N","N"
"2011","0","0","0","0","0","0","0","0","0","98","0","","36","11","2020","2020101393","6","39.9621","-76.1043","1942","08","0","0","0","0","0","0","1","0","","0","0","0","19","2","0","00","0","39 57:43.514","","00","76 06:15.329","0","0","0","0","36226","0","0","0","N","0","0","0","1","68J01","0","","1","01","N","N","0","","0","0","1","0","0","","1938","0","1","0","0","0","0","0","1","0","1","N","","","","","","","","","","","","03","03","","N","N"
"1818","0","0","1","0","0","0","0","0","0","4","0","","36","11","2020","2020101422","2","40.0384","-76.0787","1809","08","0","0","0","0","0","1","0","0","","0","0","0","17","3","2","01","2","40 02:18.260","7","00","76 04:43.421","2","0","0","0","36221","0","0","0","N","0","0","0","3","68J01","0","","1","01","N","N","1","","1","1","1","3","3","Y","1748","2","2","0","0","0","0","0","1","0","2","N","","","","","","","","","","","1900","03","  ","","N","N"
"1222","0","0","0","0","0","0","0","0","0","7","1","","36","11","2020","2020101487","7","40.0838","-76.3681","1221","08","0","0","0","0","0","0","0","0","","0","1","0","12","1","0","00","0","40 05:01.568","","00","76 22:05.313","0","0","0","0","36214","0","0","0","Y","0","0","0","1","36214","0","","4","01","N","N","0","","0","0","0","0","0","","1210","0","1","0","0","0","0","0","3","0","1","N","","","","","","","","","","","","04","  ","","N","N"
"0805","2","0","0","0","0","0","0","0","0","6","0","","36","11","2020","2020101486","3","40.1092","-76.4374","0749","08","0","0","0","0","0","0","1","1","","0","0","0","07","1","0","00","2","40 06:33.014","4","00","76 26:14.694","9","0","0","0","36214","0","0","0","N","0","0","0","6","36214","0","","1","01","N","N","2","","0","0","1","0","0","Y","0746","0","6","0","0","0","0","1","3","1","6","N","","","","","","","","","","","0945","03","03","","Y","N"
"2117","0","0","0","0","0","0","0","0","0","98","0","","36","11","2020","2020101521","1","40.2185","-76.0829","2010","08","0","0","0","0","0","0","1","0","","0","0","0","20","2","0","00","0","40 13:06.520","","00","76 04:58.459","0","0","0","0","36210","0","0","0","N","0","0","0","1","68T06","0","","1","01","N","N","0","","0","0","1","0","0","","2010","0","1","0","0","0","0","0","1","0","1","N","","","","","","","","","","","","03","03","","N","N"
"0023","1","0","0","0","0","0","0","0","0","7","0","","36","11","2020","2020101631","2","40.0525","-76.4723","0016","08","0","0","0","0","1","0","0","0","","0","0","0","00","2","0","00","1","40 03:09.000","3","00","76 28:20.100","0","0","0","0","36239","0","0","0","N","0","0","0","1","36239","0","","5","01","N","N","0","","0","0","0","0","0","N","0014","0","1","0","0","0","0","0","3","0","1","N","","","","","","","","","","","0114","03","  ","","N","N"
"1715","1","0","0","0","0","0","0","0","0","1","0","","36","11","2020","2020101286","2","40.0749","-76.3085","1708","08","0","0","0","0","0","1","0","0","","0","0","0","17","3","1","00","1","40 04:29.760","1","00","76 18:30.771","4","0","0","0","36101","0","0","0","N","0","0","0","3","36101","1","","1","01","N","N","1","","0","0","1","0","0","N","1707","1","3","0","0","0","0","0","3","0","3","N","","","","","","","","","","","1800","03","03","","N","N"
"1340","0","0","0","0","0","0","0","0","0","0","0","","36","11","2020","2020101224","2","40.2114","-76.0516","1320","08","0","0","0","0","0","1","0","0","","0","0","0","13","1","0","00","0","40 12:40.935","","00","76 03:05.783","0","0","0","0","36202","0","0","0","N","0","0","0","3","68J01","0","","1","01","N","N","0","","0","0","1","0","0","","1316","0","1","0","0","0","0","0","1","0","1","N","","","","","","","","","","","","03","  ","","N","N"
"0027","1","0","0","0","0","0","0","0","0","0","0","","36","11","2020","2020101627","4","40.0522","-76.2767","0024","08","0","0","0","0","0","0","0","0","","0","0","0","00","2","0","00","2","40 03:07.877","3","00","76 16:36.169","0","0","0","0","36101","0","0","0","N","0","0","0","1","36101","0","","1","01","N","N","0","","0","0","0","0","0","Y","0020","0","1","0","0","1","0","0","3","0","1","N","","","","","","","","","","","0202","04","  ","","N","N"
"1046","0","0","0","0","0","0","0","0","0","0","1","","36","11","2020","2020101629","6","40.0481","-76.4094","1040","08","0","0","0","0","0","0","0","0","","0","1","0","10","1","0","00","1","40 02:53.112","4","00","76 24:33.844","0","0","0","0","36239","0","0","0","Y","0","0","0","1","36239","0","","5","01","N","N","0","","0","0","0","0","0","N","1038","0","1","0","0","0","0","0","3","0","1","N","","","","","","","","","","","1500","03","03","","N","N"
"0013","0","0","0","0","0","0","0","0","0","7","0","","36","11","2020","2020101630","1","40.0464","-76.4832","0006","08","0","0","0","0","0","0","0","0","","0","0","0","00","2","1","00","2","40 02:46.910","5","00","76 28:59.370","3","0","0","0","36239","0","0","0","N","0","0","0","1","36239","0","","5","01","N","N","0","","1","0","1","0","0","Y","0006","1","1","0","0","0","0","0","3","0","1","N","","","","","","","","","","","0105","03","  ","","N","N"
"1553","0","0","0","0","0","0","0","0","0","4","0","","36","11","2020","2020101628","5","40.1026","-76.431","1544","08","0","0","0","0","0","1","0","0","","0","0","0","15","1","0","01","0","40 06:09.223","","00","76 25:51.460","0","0","0","0","36239","0","0","0","N","0","0","0","3","36239","0","","1","01","N","N","0","","0","0","1","3","3","","1540","0","2","0","0","0","0","0","3","0","2","N","","","","","","","","","","","","03","03","","N",""
"1235","2","0","0","0","0","0","0","0","0","2","0","","36","11","2020","2020101641","4","40.1426","-76.5951","1230","08","0","0","0","0","0","0","0","0","","0","0","0","12","1","0","03","0","40 08:33.485","","00","76 35:42.313","0","0","0","0","36407","0","0","0","N","0","0","0","5","36407","0","","3","01","N","N","0","","0","0","0","3","3","","1228","0","2","0","0","0","0","0","2","0","2","N","","","","","","","","","","","","03","04","","N",""
"1256","1","0","0","0","0","0","0","0","0","2","1","","36","11","2020","2020101693","5","40.2259","-76.1322","1250","08","0","1","0","0","0","0","0","0","","0","1","0","12","1","3","00","2","40 13:33.410","6","00","76 07:55.980","3","0","0","0","36210","0","0","0","N","0","0","0","4","36210","0","","1","09","N","N","0","","1","0","0","0","0","Y","1250","3","2","0","0","0","2","0","1","0","2","N","","","","","","","","","","","1430","07","  ","","N","N"
"2102","0","0","0","0","0","0","0","0","0","7","0","","36","11","2020","2020101694","2","40.2197","-76.0805","2055","08","0","0","0","0","0","0","0","0","","0","0","0","20","3","0","00","0","40 13:11.023","","00","76 04:49.626","0","0","0","0","36210","0","0","0","N","0","0","0","1","36210","0","","5","01","N","N","1","","0","0","0","0","0","","2055","0","1","0","0","0","0","0","1","0","1","N","","","","","","","","","","","","03","  ","","N","N"
"1838","2","0","0","0","0","0","0","0","0","4","0","","36","11","2020","2020101696","7","40.256","-76.0887","1831","08","0","0","0","0","0","1","0","0","","0","0","0","18","2","0","02","1","40 15:21.651","7","00","76 05:19.355","0","0","0","0","36210","0","0","0","Y","0","0","0","2","36210","0","","1","01","N","N","0","","0","0","0","3","3","N","1831","0","2","0","0","0","0","0","1","0","2","N","","","","","","","","","","","1926","03","  ","","N","N"
"1745","2","0","0","0","0","0","0","0","0","1","0","","36","10","2020","2020101699","5","40.0049","-76.1051","1737","08","0","0","0","1","0","2","0","0","","0","0","0","16","1","3","01","0","40 00:17.506","","00","76 06:18.451","4","0","0","0","36226","0","0","0","N","0","0","0","7","68J01","3","","1","01","N","N","3","","0","0","0","0","0","","1646","3","5","0","0","0","0","0","1","0","5","N","","","","","","","","","","","","03","03","","Y",""
"1359","0","0","0","0","0","0","0","0","0","1","0","","36","11","2020","2020101724","3","39.7781","-76.0797","1328","08","0","0","0","0","0","0","0","0","","0","0","0","13","1","0","00","1","39 46:41.081","2","00","76 04:46.984","0","0","0","0","36222","0","0","0","N","0","0","0","2","68J01","0","","1","01","N","N","2","","0","0","0","0","0","N","1326","0","2","0","0","0","0","0","1","0","2","N","","","","","","","","","","","1430","03","  ","","N","N"
"1513","0","0","0","0","0","0","0","0","0","1","0","","36","11","2020","2020102095","6","39.9854","-76.2856","1507","08","0","0","0","0","0","0","0","0","","0","0","0","15","1","0","02","0","39 59:07.501","","00","76 17:08.264","0","0","0","0","36240","0","0","0","N","0","0","0","2","36240","0","","1","01","N","N","1","","0","0","1","3","2","","1503","0","2","0","0","0","0","0","1","0","2","N","","","","","","","","","","","","03","  ","","N",""
"1820","1","0","0","0","0","0","0","0","0","4","0","","36","11","2020","2020101854","4","40.0587","-76.2746","1801","08","0","0","0","0","0","0","0","0","","0","0","0","18","3","0","00","0","40 03:31.385","","00","76 16:28.586","0","0","0","0","36101","0","0","0","N","0","0","0","2","36101","0","","1","01","N","N","1","","0","0","0","0","0","","1801","0","2","0","0","0","0","0","3","0","2","N","","","","","","","","","","","","03","03","","N","N"
"1556","1","0","0","0","0","0","0","0","0","4","0","","36","11","2020","2020101855","4","39.9951","-76.4103","1550","08","0","0","0","0","0","0","1","1","","0","0","0","15","1","1","03","2","39 59:42.268","5","00","76 24:37.080","3","0","0","0","36223","0","0","0","N","0","0","0","2","36223","0","","1","01","N","N","0","","1","0","1","3","3","Y","1550","1","2","0","0","0","0","0","1","0","2","N","","","","","","","","","","","0030","03","  ","","N",""
"0703","1","0","0","0","0","0","0","0","0","4","0","","36","11","2020","2020101856","4","40.0398","-76.4553","0659","08","0","0","0","0","0","0","0","0","","0","0","0","06","1","0","01","1","40 02:23.348","2","00","76 27:19.108","0","0","0","0","36239","0","0","0","N","0","0","0","2","36239","0","","1","01","N","N","1","","0","0","0","3","2","N","0658","0","2","0","0","0","0","0","3","0","2","N","","","","","","","","","","","0745","04","04","","N",""
"1846","0","0","0","0","0","0","0","0","0","0","0","","36","10","2020","2020101705","4","40.1554","-75.9617","1826","08","0","0","0","0","0","1","0","0","","0","0","0","18","2","1","00","2","40 09:19.540","2","00","75 57:42.110","2","0","1","1","36203","0","0","0","N","0","0","0","2","68J01","0","","1","09","N","N","1","","0","1","0","0","0","N","1821","1","2","0","0","0","0","0","1","0","2","N","","","","","","","","","","","0100","05","  ","","N","N"
"1035","0","0","0","0","0","0","0","0","0","1","2","","36","11","2020","2020101969","4","40.1483","-76.1215","1032","08","0","0","0","0","0","1","1","0","","0","2","0","10","1","1","02","2","40 08:54.032","6","00","76 07:17.516","3","0","0","0","36209","0","0","0","N","0","0","0","3","36415","0","","1","01","N","N","0","","1","0","1","0","0","Y","1032","1","3","0","0","0","0","0","1","0","3","N","","","","","","","","","","","1145","03","03","","N",""
"1315","1","0","0","0","0","0","0","0","0","7","0","","36","11","2020","2020101973","4","40.2178","-76.4098","1300","08","0","0","0","0","0","0","0","0","","0","0","0","13","1","0","00","2","40 13:03.968","6","00","76 24:35.292","0","0","0","0","36227","0","0","0","N","0","0","0","3","36506","0","","4","01","N","N","0","","0","0","0","0","0","Y","1300","0","1","0","0","0","0","0","1","0","1","N","","","","","","","","","","","0100","04","  ","","N","N"
"1830","1","0","1","0","0","0","0","0","0","7","0","","36","11","2020","2020101975","5","40.179","-76.3545","1819","08","0","0","0","0","1","0","0","0","","0","0","0","18","2","1","00","1","40 10:44.311","4","00","76 21:16.253","2","0","0","0","36227","0","0","0","N","0","0","0","1","36506","0","","2","01","N","N","0","","0","1","0","0","0","Y","1819","1","1","0","0","0","0","0","1","0","1","N","","","","","","","","","","","1920","03","  ","","N","N"
"0930","0","0","0","0","0","0","0","0","0","0","0","","36","10","2020","2020101970","1","40.1688","-76.5886","0926","08","0","0","0","0","0","0","0","0","","0","0","0","09","1","1","00","0","40 10:07.583","","00","76 35:19.035","4","0","0","1","36225","0","0","0","N","0","0","0","1","36505","1","","1","01","N","N","0","","0","0","0","0","0","","0925","1","1","0","0","0","0","0","2","0","1","N","","","","","","","","","","","","03","03","","N","N"
"1648","1","0","0","0","0","0","0","0","0","7","0","","36","11","2020","2020101695","3","40.2135","-76.0888","1643","08","0","0","0","0","0","0","0","0","","0","0","0","16","3","0","00","0","40 12:48.500","","00","76 05:19.600","0","0","0","0","36210","0","0","0","N","0","0","0","1","36210","0","","5","01","N","N","0","","0","0","0","0","0","","1648","0","1","0","0","0","0","0","1","0","1","N","","","","","","","","","","","","03","  ","","N","N"
"2132","1","0","1","0","0","0","0","0","0","7","0","","36","11","2020","2020101697","1","40.1978","-76.1216","2127","08","0","0","1","0","0","0","0","0","","0","0","0","21","2","1","00","1","40 11:52.006","1","00","76 07:17.829","2","0","0","0","36210","0","0","0","N","0","0","0","1","36210","0","","4","09","N","N","0","","0","1","0","0","0","N","2125","1","1","0","0","0","0","0","1","0","1","N","","","","","","","","","","","2227","07","  ","","N","N"
"0730","0","0","0","0","0","0","0","0","0","1","0","","36","11","2020","2020101968","3","40.1085","-76.291","0722","08","0","1","0","0","0","0","0","0","","0","0","0","07","1","0","00","0","40 06:30.560","","00","76 17:27.490","0","0","0","0","36101","0","0","0","N","0","0","0","1","36101","0","","6","01","N","N","1","","0","0","1","0","0","","0721","0","2","0","0","0","0","0","3","0","2","N","","","","","","","","","","","","03","  ","","N","N"
"1737","0","0","0","0","0","0","0","0","0","98","0","","36","11","2020","2020102036","5","39.9841","-76.0838","1731","08","0","0","0","0","0","0","0","0","","0","0","0","17","2","0","00","0","39 59:02.584","","00","76 05:01.553","0","0","0","0","36226","0","0","0","N","0","0","0","1","68J01","0","","1","01","N","N","0","","0","0","1","0","0","","1712","0","1","0","0","0","0","0","1","0","1","N","","","","","","","","","","","","03","  ","","N","N"
"1359","1","0","0","0","0","0","0","0","0","4","0","","36","11","2020","2020101971","3","40.1266","-76.3051","1355","08","0","0","0","0","0","1","1","0","","0","0","0","13","1","2","01","0","40 07:35.600","","00","76 18:18.296","3","0","0","0","36235","0","0","0","N","0","0","0","5","36506","0","","1","01","N","N","1","","1","0","1","3","2","","1354","2","3","0","0","0","1","0","1","0","3","N","","","","","","","","","","","","03","  ","","Y",""
"1241","2","0","0","0","0","0","0","0","0","4","0","","36","11","2020","2020102100","4","40.04","-76.2873","1237","08","0","0","0","2","0","0","0","0","","0","0","0","12","1","3","01","1","40 02:23.984","3","00","76 17:14.340","3","0","0","0","36301","0","0","0","N","0","0","0","3","36301","2","","1","01","N","N","0","","1","0","0","3","2","N","1235","3","2","0","0","0","0","0","3","0","2","N","","","","","","","","","","","1326","03","03","","N",""
"1253","1","0","1","0","0","0","0","0","0","4","0","","36","11","2020","2020101972","4","40.1354","-76.3038","1248","08","0","0","0","0","0","0","0","0","","0","0","0","12","1","2","02","2","40 08:07.503","7","00","76 18:13.762","2","0","0","0","36235","0","0","0","N","0","0","0","3","36506","0","","1","01","N","N","0","","1","1","1","3","3","N","1248","2","2","0","0","0","0","0","1","0","2","N","","","","","","","","","","","0030","03","03","","N",""