"ARRIVAL_TM","AUTOMOBILE_COUNT","BELTED_DEATH_COUNT","BELTED_SUSP_SERIOUS_INJ_COUNT","BICYCLE_COUNT","BICYCLE_DEATH_COUNT","BICYCLE_SUSP_SERIOUS_INJ_COUNT","BUS_COUNT","CHLDPAS_DEATH_COUNT","CHLDPAS_SUSP_SERIOUS_INJ_COUNT","COLLISION_TYPE","COMM_VEH_COUNT","CONS_ZONE_SPD_LIM","COUNTY","CRASH_MONTH","CRASH_YEAR","CRN","DAY_OF_WEEK","DEC_LAT","DEC_LONG","DISPATCH_TM","DISTRICT","DRIVER_COUNT_16YR","DRIVER_COUNT_17YR","DRIVER_COUNT_18YR","DRIVER_COUNT_19YR","DRIVER_COUNT_20YR","DRIVER_COUNT_50_64YR","DRIVER_COUNT_65_74YR","DRIVER_COUNT_75PLUS","EST_HRS_CLOSED","FATAL_COUNT","HEAVY_TRUCK_COUNT","HORSE_BUGGY_COUNT","HOUR_OF_DAY","ILLUMINATION","INJURY_COUNT","INTERSECT_TYPE","LANE_CLOSED","LATITUDE","LN_CLOSE_DIR","LOCATION_TYPE","LONGITUDE","MAX_SEVERITY_LEVEL","MCYCLE_DEATH_COUNT","MCYCLE_SUSP_SERIOUS_INJ_COUNT","MOTORCYCLE_COUNT","MUNICIPALITY","NONMOTR_COUNT","NONMOTR_DEATH_COUNT","NONMOTR_SUSP_SERIOUS_INJ_COUNT","NTFY_HIWY_MAINT","PED_COUNT","PED_DEATH_COUNT","PED_SUSP_SERIOUS_INJ_COUNT","PERSON_COUNT","POLICE_AGCY","POSSIBLE_INJ_COUNT","RDWY_SURF_TYPE_CD","RELATION_TO_ROAD","ROAD_CONDITION","SCH_BUS_IND","SCH_ZONE_IND","SMALL_TRUCK_COUNT","SPEC_JURIS_CD","SUSP_MINOR_INJ_COUNT","SUSP_SERIOUS_INJ_COUNT","SUV_COUNT","TCD_FUNC_CD","TCD_TYPE","TFC_DETOUR_IND","TIME_OF_DAY","TOT_INJ_COUNT","TOTAL_UNITS","UNB_DEATH_COUNT","UNB_SUSP_SERIOUS_INJ_COUNT","UNBELTED_OCC_COUNT","UNK_INJ_DEG_COUNT","UNK_INJ_PER_COUNT","URBAN_RURAL","VAN_COUNT","VEHICLE_COUNT","WORK_ZONE_IND","WORK_ZONE_LOC","WORK_ZONE_TYPE","WORKERS_PRES","WZ_CLOSE_DETOUR","WZ_FLAGGER","WZ_LAW_OFFCR_IND","WZ_LN_CLOSURE","WZ_MOVING","WZ_OTHER","WZ_SHLDER_MDN","ROADWAY_CLEARED","WEATHER1","WEATHER2","WZ_WORKERS_INJ_KILLED","SECONDARY_CRASH","INTERSECTION_RELATED"
"1723","1","0","0","0","0","0","0","0","0","4","0","","36","11","2020","2020101974","4","40.1848","-76.2848","1708","08","0","0","0","0","0","0","1","0","","0","0","0","17","4","0","01","0","40 11:05.277","","00","76 17:05.367","0","0","0","0","36235","0","0","0","N","0","0","0","2","36506","0","","1","01","N","N","0","","0","0","1","3","3","","1708","0","2","0","0","0","0","0","1","0","2","N","","","","","","","","","","","","03","  ","","N",""
"1500","1","0","0","0","0","0","0","0","0","1","0","","36","11","2020","2020102232","5","40.0882","-76.4094","1458","08","0","2","1","0","0","0","0","0","","0","0","0","14","1","0","00","1","40 05:17.439","2","00","76 24:33.983","0","0","0","0","36214","0","0","0","N","0","0","0","6","36214","0","","1","01","N","N","0","","0","0","2","0","0","N","1458","0","3","0","0","0","0","0","3","0","3","N","","","","","","","","","","","1540","04","  ","","N","N"
"1352","1","0","0","0","0","0","0","0","0","4","1","","36","11","2020","2020102233","4","40.0592","-76.069","1346","08","0","0","0","0","0","0","1","0","","0","1","0","13","1","0","01","2","40 03:33.201","7","00","76 04:08.417","0","0","0","0","36209","0","0","0","N","0","0","0","3","36415","0","","1","01","N","N","0","","0","0","0","3","3","Y","1345","0","2","0","0","0","0","0","1","0","2","N","","","","","","","","","","","1512","04","  ","","N",""
"1525","0","0","0","0","0","0","0","0","0","7","0","","36","10","2020","2020102249","7","40.043","-75.9883","1509","08","0","0","0","0","0","0","0","0","","0","0","0","15","1","0","00","0","40 02:34.681","","07","75 59:18.037","0","0","0","0","36232","0","0","0","N","0","0","0","2","68J01","0","","4","01","N","N","0","","0","0","1","0","0","","1503","0","2","0","0","0","0","0","1","0","1","N","","","","","","","","","","","","03","  ","","N","N"
"1725","1","0","0","0","0","0","0","0","0","7","0","","36","10","2020","2020102250","4","40.2263","-76.0581","1711","08","0","0","0","0","0","0","0","0","","0","0","0","17","1","1","00","1","40 13:34.758","2","00","76 03:28.989","3","0","0","0","36202","0","0","0","N","0","0","0","1","68J01","0","","4","01","N","N","0","","1","0","0","0","0","N","1709","1","1","0","0","0","0","0","1","0","1","N","","","","","","","","","","","1840","03","  ","","N","N"
"1510","1","0","0","0","0","0","0","0","0","4","0","","36","11","2020","2020102342","6","40.0349","-76.5007","1505","08","0","0","0","1","0","0","0","0","","0","0","0","15","1","0","01","0","40 02:05.517","","00","76 30:02.514","0","0","0","0","36404","0","0","0","N","0","0","0","2","36404","0","","1","01","N","N","0","","0","0","1","3","3","","1503","0","2","0","0","0","0","0","3","0","2","N","","","","","","","","","","","","03","03","","N",""
"1204","1","0","0","0","0","0","0","0","0","5","0","","36","11","2020","2020102386","5","40.1721","-75.975","1148","08","0","0","1","0","0","1","0","0","","0","0","0","11","1","0","00","0","40 10:19.426","","00","75 58:30.175","0","0","0","0","36202","0","0","0","N","0","0","0","3","68T06","0","","1","01","N","N","1","","0","0","0","0","0","","1147","0","2","0","0","0","0","0","1","0","2","N","","","","","","","","","","","","03","03","","N","N"
"1051","1","0","0","0","0","0","0","0","0","7","0","","36","11","2020","2020102543","5","40.2438","-76.104","1045","08","0","0","0","0","0","0","0","0","","0","0","0","10","1","0","00","0","40 14:37.520","","00","76 06:14.230","0","0","0","0","36210","0","0","0","N","0","0","0","1","36210","0","","5","09","N","N","0","","0","0","0","0","0","","1045","0","1","0","0","0","0","0","1","0","1","N","","","","","","","","","","","","04","  ","","N","N"
"2155","1","0","0","0","0","0","0","0","0","5","0","","36","11","2020","2020102541","2","40.2411","-76.1339","2146","08","0","0","0","1","0","0","0","0","","0","0","0","21","3","0","00","2","40 14:28.103","5","00","76 08:01.906","0","0","0","0","36405","0","0","0","N","0","0","0","1","36210","0","","5","01","N","N","1","","0","0","1","0","0","Y","2146","0","3","0","0","1","0","0","1","0","3","N","","","","","","","","","","","2253","03","  ","","N","N"
"0749","1","0","0","0","0","0","0","0","0","1","0","","36","11","2020","2020102547","1","40.0066","-76.377","0749","08","0","0","0","0","0","0","0","0","","0","0","0","23","2","0","02","0","40 00:23.629","","00","76 22:37.284","0","0","0","0","36223","0","0","0","N","0","0","0","1","36223","0","","1","01","N","N","0","","0","0","0","3","3","","2330","0","2","0","0","0","0","0","1","0","2","N","","","","","","","","","","","","04","03","","N",""
"1706","1","0","0","0","0","0","0","0","0","1","0","","36","11","2020","2020102695","5","40.0705","-76.3177","1702","08","0","0","0","0","0","1","0","0","","0","0","0","17","3","1","00","1","40 04:13.945","4","00","76 19:03.722","4","0","0","0","36101","0","0","0","N","0","0","0","7","36101","1","","1","01","N","N","1","","0","0","2","0","0","N","1702","1","4","0","0","0","0","0","3","0","4","N","","","","","","","","","","","1744","03","  ","","N","N"
"1705","1","0","0","0","0","0","0","0","0","4","0","","36","11","2020","2020102696","6","40.0669","-76.3044","1702","08","0","0","0","0","0","0","1","1","","0","1","0","17","3","1","02","1","40 04:00.689","1","07","76 18:15.730","3","0","0","0","36101","0","0","0","N","0","0","0","2","36101","0","","1","01","N","N","0","","1","0","0","3","2","Y","1700","1","2","0","0","0","0","0","3","0","2","N","","","","","","","","","","","1755","03","  ","","N",""
"1400","0","0","0","0","0","0","0","0","0","1","0","","36","11","2020","2020102700","6","40.2183","-76.2546","1353","08","0","0","0","0","0","0","0","0","","0","0","0","13","1","0","00","0","40 13:05.701","","00","76 15:16.397","0","0","0","0","36204","0","0","0","N","0","0","0","2","36506","0","","1","01","N","N","2","","0","0","0","0","0","","1351","0","2","0","0","0","0","0","1","0","2","N","","","","","","","","","","","","04","  ","","N","N"
"1417","1","0","0","0","0","0","0","0","0","4","0","","36","11","2020","2020102924","4","40.0362","-76.3511","1417","08","0","0","0","0","0","1","0","0","","0","0","0","14","1","0","02","1","40 02:10.320","6","00","76 21:03.844","0","0","0","0","36223","0","0","0","N","0","0","0","3","36223","0","","1","01","N","N","0","","0","0","1","3","3","Y","1415","0","2","0","0","0","0","0","1","0","2","N","","","","","","","","","","","1455","03","03","","N",""
"0918","0","0","0","0","0","0","0","0","0","7","0","","36","11","2020","2020102925","5","40.0088","-76.4292","0912","08","0","0","0","0","0","1","0","0","","0","0","0","09","1","0","00","1","40 00:31.779","2","00","76 25:45.192","0","0","0","0","36223","0","0","0","N","0","0","0","1","36223","0","","4","09","N","N","0","","0","0","1","0","0","Y","0911","0","1","0","0","0","0","0","1","0","1","N","","","","","","","","","","","0945","04","07","","N","N"
"1624","0","0","0","0","0","0","0","0","0","4","0","","36","11","2020","2020102939","5","40.0435","-76.298","1623","08","0","0","0","0","0","1","0","0","","0","0","0","16","1","0","01","1","40 02:36.541","4","00","76 17:52.639","0","0","0","0","36301","0","0","0","N","0","0","0","2","36301","0","","1","01","N","N","0","","0","0","2","3","2","N","1623","0","2","0","0","0","0","0","3","0","2","N","","","","","","","","","","","1650","03","03","","N",""
"0605","1","0","0","0","0","0","0","0","0","98","0","","36","12","2020","2020102956","3","40.0634","-76.5824","0556","08","0","0","0","0","0","1","0","0","","0","0","0","05","2","0","00","0","40 03:48.070","","00","76 34:56.812","0","0","0","0","36211","0","0","0","N","0","0","0","1","36504","0","","1","09","N","N","0","","0","0","0","0","0","","0545","0","1","0","0","0","0","0","1","0","1","N","","","","","","","","","","","","04","07","","N","N"
"1816","2","0","3","0","0","0","0","0","0","2","0","","36","11","2020","2020102697","7","40.0524","-76.5174","1808","08","0","0","0","0","0","0","0","0","","0","0","0","18","2","3","00","2","40 03:08.542","5","00","76 31:02.550","2","0","0","0","36239","0","0","0","N","0","0","0","4","36239","0","","1","01","N","N","0","","0","3","0","0","0","Y","1808","3","2","0","0","0","0","0","3","0","2","N","","","","","","","","","","","1918","03","  ","","N","N"
"1959","2","0","0","0","0","0","0","0","0","4","0","","36","11","2020","2020102922","3","40.0679","-76.3034","1954","08","0","0","0","0","1","0","0","0","","0","0","0","19","3","1","01","0","40 04:04.462","","00","76 18:12.202","3","0","0","0","36101","0","0","0","N","0","0","0","2","36101","0","","1","01","N","N","0","","1","0","0","3","2","","1953","1","2","0","0","0","0","0","3","0","2","N","","","","","","","","","","","","03","  ","","N",""
"1945","0","0","0","0","0","0","0","0","0","4","0","","36","11","2020","2020102690","5","40.1228","-76.2314","1941","08","0","0","0","0","0","1","0","1","","0","0","0","19","2","0","01","2","40 07:22.204","5","00","76 13:53.031","0","0","0","0","36235","0","0","0","N","0","0","0","2","36238","0","","1","01","N","N","0","","0","0","2","3","3","Y","1941","0","2","0","0","0","0","0","1","0","2","N","","","","","","","","","","","2015","03","  ","","N","N"
"1810","1","0","0","0","0","0","0","0","0","1","0","","36","11","2020","2020102933","6","40.2119","-76.1566","1805","08","0","0","0","0","0","0","0","0","","0","0","0","18","2","0","00","0","40 12:42.700","","00","76 09:23.600","0","0","0","1","36210","0","0","0","N","0","0","0","3","36210","0","","1","01","N","N","0","","0","0","0","3","3","","1802","0","2","0","0","0","0","0","1","0","2","N","","","","","","","","","","","","03","03","","N","N"
"1720","1","0","0","0","0","0","0","0","0","4","0","45","36","11","2020","2020102679","4","40.1334","-76.2134","1718","08","0","0","0","0","0","1","0","0","","0","0","0","17","2","1","02","1","40 08:00.196","1","00","76 12:48.318","4","0","0","0","36238","0","0","0","N","0","0","0","3","36238","1","","1","01","N","N","0","","0","0","1","0","0","N","1718","1","2","0","0","0","0","0","3","0","2","Y","4","1","N","N","N","N","N","N","N","N","1759","03","  ","N","N","N"
"1234","1","0","0","0","0","0","0","0","0","4","0","","36","11","2020","2020102699","6","40.1758","-76.3088","1234","08","0","0","0","0","0","2","0","0","","0","0","0","12","1","0","01","0","40 10:32.768","","00","76 18:31.673","0","0","0","0","36235","0","0","0","N","0","0","0","3","36506","0","","1","01","N","N","0","","0","0","0","3","2","","1234","0","2","0","0","0","0","0","1","1","2","N","","","","","","","","","","","","04","  ","","N",""
"1014","1","0","0","0","0","0","0","0","0","4","0","","36","11","2020","2020102698","6","40.1875","-76.3094","1014","08","0","0","0","0","0","0","0","0","","0","0","0","10","1","0","00","0","40 11:15.151","","07","76 18:33.964","0","0","0","0","36235","0","0","0","N","0","0","0","2","36506","0","","1","01","N","N","0","","0","0","1","0","0","","1014","0","2","0","0","0","0","0","1","0","2","N","","","","","","","","","","","","04","  ","","N","N"
"0017","1","0","0","0","0","0","0","0","0","4","0","","36","11","2020","2020102701","1","40.1895","-76.31","0005","08","0","0","0","0","0","0","0","0","","0","0","0","00","2","0","01","0","40 11:22.225","","00","76 18:36.138","9","0","0","0","36217","0","0","0","N","0","0","0","2","36506","0","","1","01","N","N","0","","0","0","1","3","3","","0003","0","2","0","0","0","0","1","1","0","2","N","","","","","","","","","","","","03","03","","N",""
"0548","1","0","0","0","0","0","0","0","0","7","0","","36","11","2020","2020102923","2","40.1053","-76.431","0544","08","0","0","0","0","1","0","0","0","","0","0","0","05","2","0","02","0","40 06:19.042","","02","76 25:51.072","0","0","0","0","36214","0","0","0","N","0","0","0","1","36214","0","","4","09","N","N","0","","0","0","0","0","0","","0540","0","1","0","0","0","0","0","3","0","1","N","","","","","","","","","","","","07","  ","","N",""
"1432","1","0","0","0","0","0","0","0","0","1","0","","36","11","2020","2020103045","2","40.235","-76.1404","1428","08","0","0","0","0","0","0","0","0","","0","0","0","14","1","0","00","0","40 14:05.983","","00","76 08:25.527","0","0","0","0","36405","0","0","0","N","0","0","0","1","36210","0","","6","09","N","N","0","","0","0","1","0","0","","1428","0","2","0","0","0","0","0","1","0","2","N","","","","","","","","","","","","07","  ","","N","N"
"1215","1","0","2","0","0","0","0","0","0","7","0","","36","11","2020","2020102852","2","40.1169","-76.0521","1211","08","0","0","0","0","0","1","0","0","","0","0","0","12","1","2","00","2","40 07:00.871","6","00","76 03:07.492","2","0","0","0","36213","0","0","0","N","0","0","0","2","36213","0","","5","09","N","N","0","","0","2","0","0","0","Y","1210","2","1","0","0","0","0","0","1","0","1","N","","","","","","","","","","","1335","07","  ","","Y","N"
"1532","1","0","0","0","0","0","0","0","0","7","0","","36","11","2020","2020103155","5","40.0972","-76.5419","1529","08","0","0","0","0","0","0","0","0","","0","0","0","15","1","0","00","2","40 05:49.838","6","00","76 32:30.701","0","0","0","0","36211","0","0","0","N","0","0","0","2","36504","0","","5","01","N","N","0","","0","0","0","0","0","Y","1527","0","1","0","0","0","0","0","1","0","1","N","","","","","","","","","","","1627","03","  ","","N","Y"
"0715","1","0","0","0","0","0","0","0","0","4","0","","36","11","2020","2020103163","2","40.1218","-76.029","0710","08","0","0","0","0","2","0","0","0","","0","0","0","07","1","0","02","0","40 07:18.494","","00","76 01:44.569","0","0","0","0","36213","0","0","0","N","0","0","0","5","36213","0","","1","01","N","N","1","","0","0","0","3","3","N","0700","0","2","0","0","2","0","0","1","0","2","N","","","","","","","","","","","","03","03","","N",""
"1305","1","0","0","0","0","0","0","0","0","4","0","","36","11","2020","2020103198","2","40.1662","-76.402","1300","08","0","0","0","0","0","1","1","0","","0","0","0","13","1","0","01","1","40 09:58.447","3","00","76 24:07.046","0","0","0","0","36410","0","0","0","N","0","0","0","2","36410","0","","1","01","N","N","0","","0","0","1","3","3","Y","1300","0","2","0","0","0","0","0","2","0","2","N","","","","","","","","","","","1330","03","03","","N",""
"2325","2","0","0","0","0","0","0","0","0","4","0","","36","11","2020","2020103539","4","40.0953","-76.4103","2322","08","0","0","1","1","0","0","0","0","","0","0","0","23","3","0","01","1","40 05:43.016","2","00","76 24:37.175","0","0","0","0","36214","0","0","0","N","0","0","0","2","36214","0","","1","09","N","N","1","","0","0","0","9","2","N","2320","0","3","0","0","0","0","0","3","0","3","N","","","","","","","","","","","0020","07","  ","","N",""
"1516","1","0","0","0","0","0","0","0","0","4","0","","36","11","2020","2020103199","4","40.1161","-76.4503","1510","08","0","0","0","0","0","1","0","0","","0","0","0","15","1","2","01","0","40 06:57.989","","00","76 27:01.129","8","0","0","0","36230","0","0","0","N","0","0","0","2","36410","0","","1","01","N","N","0","","0","0","1","3","3","","1508","2","2","0","0","0","2","0","1","0","2","N","","","","","","","","","","","","03","03","","N",""
"0531","1","0","0","0","0","0","0","0","0","7","0","","36","11","2020","2020103200","6","40.2209","-76.4323","0522","08","0","0","0","0","0","0","0","0","","0","0","0","05","2","0","00","0","40 13:15.350","","00","76 25:56.214","0","0","0","0","36230","0","0","0","N","0","0","0","2","36410","0","","1","01","N","N","1","","0","0","0","0","0","","0518","0","2","0","0","0","0","0","1","0","2","N","","","","","","","","","","","","03","03","","N","N"
"1031","0","0","0","0","0","0","0","0","0","1","0","","36","11","2020","2020103550","2","40.1529","-76.6024","1028","08","0","0","0","0","0","0","1","0","","0","0","0","10","1","1","01","0","40 09:10.440","","00","76 36:08.626","3","0","0","0","36407","0","0","0","N","0","0","0","2","36407","0","","1","01","N","N","0","","1","0","2","3","2","","1025","1","2","0","0","0","0","0","2","0","2","N","","","","","","","","","","","","03","98","","N",""
"2207","0","0","0","0","0","0","0","0","0","1","0","","36","11","2020","2020103540","5","40.0635","-76.363","2204","08","0","0","0","0","0","0","0","0","","0","0","0","22","2","0","00","0","40 03:48.600","","00","76 21:46.700","0","0","0","0","36214","0","0","0","N","0","0","0","1","36214","0","","6","01","N","N","0","","0","0","2","0","0","","2203","0","2","0","0","0","0","0","3","0","2","N","","","","","","","","","","","","03","  ","","N","N"
"2147","2","0","0","0","0","0","0","0","0","5","0","","36","11","2020","2020103483","6","40.0321","-76.313","2144","08","0","0","0","0","0","0","0","0","","0","0","0","21","2","0","00","0","40 01:55.396","","00","76 18:46.875","9","0","0","0","36301","0","0","0","N","0","0","0","1","36301","0","","4","01","N","N","1","","0","0","1","0","0","","2144","0","4","0","0","0","0","1","3","0","4","N","","","","","","","","","","","","03","03","","N","N"
"2155","0","0","0","0","0","0","1","0","0","8","1","","36","11","2020","2020103495","4","40.0339","-76.2964","2153","08","0","0","0","0","0","1","0","0","","0","0","0","21","3","1","01","2","40 02:02.004","6","00","76 17:47.158","2","0","0","0","36301","1","0","1","N","1","0","1","3","36301","0","","1","01","N","N","0","","0","1","0","3","3","N","2151","1","2","0","0","0","0","0","3","0","1","N","","","","","","","","","","","2326","04","98","","N",""
"1010","0","0","0","0","0","0","0","0","0","1","0","","36","11","2020","2020103617","5","40.1313","-76.7144","1000","08","0","0","0","0","0","0","0","0","","0","0","0","09","1","2","00","2","40 07:52.807","5","00","76 42:51.714","4","0","0","0","36207","0","0","0","N","0","0","0","2","36504","2","","1","01","N","N","0","","0","0","1","0","0","Y","0955","2","2","0","0","0","0","0","1","1","2","N","","","","","","","","","","","1115","03","  ","","N","N"
"0606","1","0","0","0","0","0","0","0","0","7","0","","36","11","2020","2020103396","3","40.0917","-76.1328","0549","08","0","0","0","0","0","0","0","0","","0","0","0","05","3","0","00","0","40 05:30.062","","00","76 07:57.910","0","0","0","0","36209","0","0","0","N","0","0","0","1","36238","0","","5","01","N","N","0","","0","0","0","0","0","","0549","0","1","0","0","0","0","0","1","0","1","N","","","","","","","","","","","","03","  ","","N","N"
"1735","1","0","0","0","0","0","0","0","0","1","0","","36","11","2020","2020103514","6","40.109","-76.4919","1732","08","0","0","0","0","0","0","0","0","","0","0","0","17","3","1","01","0","40 06:32.493","","00","76 29:31.001","3","0","0","0","36413","0","0","0","N","0","0","0","3","36413","0","","1","01","N","N","1","","1","0","1","0","0","","1731","1","3","0","0","0","0","0","2","0","3","N","","","","","","","","","","","","03","  ","","N","N"
"1422","1","0","0","0","0","0","0","0","0","7","0","","36","10","2020","2020103788","1","39.7627","-76.1778","1411","08","0","1","0","0","0","0","0","0","","0","0","0","14","1","1","00","0","39 45:45.623","","00","76 10:40.223","3","0","0","0","36219","0","0","0","N","0","0","0","1","68J01","0","","4","09","N","N","0","","1","0","0","0","0","","1409","1","1","0","0","0","0","0","1","0","1","N","","","","","","","","","","","","07","07","","N","N"
"1014","1","0","0","0","0","0","0","0","0","7","0","","36","11","2020","2020104014","3","39.985","-76.3136","1014","08","0","0","0","0","0","0","0","0","","0","0","0","03","6","1","00","0","39 59:05.983","","00","76 18:49.007","3","0","0","0","36228","0","0","0","Y","0","0","0","1","36228","0","","4","01","N","N","0","","1","0","0","0","0","","0330","1","1","0","0","0","0","0","1","0","1","N","","","","","","","","","","","","03","  ","","N","N"
"1710","1","0","0","0","0","0","0","0","0","4","0","","36","11","2020","2020103754","2","40.1027","-76.4328","1705","08","0","0","0","0","0","2","1","0","","0","0","0","16","4","0","01","1","40 06:09.698","6","00","76 25:58.025","0","0","0","0","36239","0","0","0","N","0","0","0","4","36239","0","","1","09","N","N","1","","0","0","1","3","3","Y","1659","0","3","0","0","0","0","0","3","0","3","N","","","","","","","","","","","1751","04","  ","","N",""
"2024","1","0","0","1","0","0","0","0","0","4","0","","36","11","2020","2020103899","2","40.038","-76.3128","2011","08","0","0","0","0","0","0","0","0","","0","0","0","20","3","2","01","0","40 02:16.821","","00","76 18:46.155","8","0","0","0","36301","2","0","0","N","0","0","0","3","36301","0","","1","01","N","N","0","","0","0","0","3","3","","2011","2","2","0","0","0","2","0","3","0","1","N","","","","","","","","","","","","03","03","","N","N"
"1740","0","0","0","0","0","0","0","0","0","7","0","","36","11","2020","2020103962","6","40.0593","-76.3124","1730","08","0","0","0","0","0","0","0","0","","0","0","0","17","3","0","00","1","40 03:33.469","1","00","76 18:44.526","0","0","0","0","36101","0","0","0","N","0","0","0","1","36101","0","","4","01","N","N","0","","0","0","1","0","0","N","1728","0","1","0","0","0","0","0","3","0","1","N","","","","","","","","","","","1821","03","03","","N","N"
"1132","2","0","0","0","0","0","0","0","0","4","0","","36","12","2020","2020103963","4","40.0778","-76.2957","1129","08","0","0","0","0","0","0","0","1","","0","0","0","11","1","0","02","0","40 04:40.027","","00","76 17:44.549","0","0","0","0","36101","0","0","0","N","0","0","0","2","36101","0","","1","01","N","N","0","","0","0","0","3","2","","1128","0","2","0","0","0","0","0","3","0","2","N","","","","","","","","","","","","04","03","","N",""
"0320","0","0","0","0","0","0","0","0","0","5","0","","36","11","2020","2020103965","7","40.0942","-76.4073","0320","08","0","0","0","0","0","0","0","0","","0","0","0","00","3","0","00","0","40 05:39.293","","00","76 24:26.459","0","0","0","0","36214","0","0","0","N","0","0","0","1","36214","0","","2","01","N","N","1","","0","0","1","0","0","","0000","0","2","0","0","0","0","0","3","0","2","N","","","","","","","","","","","","03","  ","","N","N"
"1858","1","0","0","0","0","0","0","0","0","7","0","","36","11","2020","2020103966","1","40.0314","-76.4023","1853","08","0","0","0","0","0","0","1","0","","0","0","0","18","2","1","02","1","40 01:52.898","2","00","76 24:08.296","3","0","0","0","36223","0","0","0","N","0","0","0","1","36223","0","","5","01","N","N","0","","1","0","0","3","3","N","1850","1","1","0","0","0","0","0","1","0","1","N","","","","","","","","","","","1945","03","03","","N",""
"0953","3","0","0","0","0","0","0","0","0","4","0","","36","11","2020","2020103995","2","40.036","-76.3082","0953","08","0","0","0","0","0","2","0","0","","0","0","0","09","1","2","01","0","40 02:09.771","","00","76 18:29.474","8","0","0","0","36301","0","0","0","N","0","0","0","5","36301","0","","1","09","N","N","0","","0","0","0","3","3","","0953","2","3","0","0","1","2","2","3","0","3","N","","","","","","","","","","","","07","  ","","N",""
"1225","0","0","0","1","0","0","0","0","0","4","0","","36","12","2020","2020103964","4","40.0861","-76.3323","1219","08","0","0","0","0","0","0","0","0","","0","0","0","12","1","1","01","0","40 05:09.823","","00","76 19:56.380","3","0","0","0","36101","1","0","0","N","0","0","0","2","36101","0","","1","01","N","N","0","","1","0","1","3","3","","1218","1","2","0","0","0","0","0","3","0","1","N","","","","","","","","","","","","03","03","","N",""
"0931","0","0","0","0","0","0","0","0","0","7","0","","36","11","2020","2020104092","2","40.2304","-76.3462","0850","08","0","0","0","0","0","0","0","0","","0","0","0","08","1","0","00","1","40 13:49.526","4","00","76 20:46.456","0","0","0","0","36217","0","0","0","N","0","0","0","1","68T06","0","","5","09","N","N","0","","0","0","1","0","0","N","0849","0","1","0","0","0","0","0","1","0","1","N","","","","","","","","","","","0929","07","  ","","N","N"
"0825","1","0","0","0","0","0","0","0","0","4","0","","36","12","2020","2020104153","4","40.0626","-76.542","0822","08","0","0","0","0","0","0","0","0","","0","0","0","08","1","1","01","2","40 03:45.412","7","00","76 32:31.057","8","0","0","0","36211","0","0","0","N","0","0","0","3","36504","0","","1","01","N","N","0","","0","0","1","3","2","Y","0821","1","2","0","0","2","1","1","1","0","2","N","","","","","","","","","","","0913","03","03","","N","N"
"1845","0","0","0","0","0","0","0","0","0","7","0","","36","10","2020","2020104206","7","39.854","-76.3072","1831","08","0","0","0","0","0","1","0","0","","0","0","0","18","4","0","00","0","39 51:14.440","","00","76 18:25.790","0","0","0","0","36224","0","0","0","N","0","0","0","1","68J01","0","","5","01","N","N","1","","0","0","0","0","0","","1830","0","1","0","0","0","0","0","1","0","1","N","","","","","","","","","","","","03","03","","N","N"
"1646","0","0","0","0","0","0","0","0","0","4","0","","36","11","2020","2020104536","4","40.0403","-76.2444","1643","08","0","0","0","0","0","0","0","0","","0","0","0","16","3","0","03","0","40 02:25.155","","02","76 14:39.697","0","0","0","0","36215","0","0","0","N","0","0","0","2","36215","0","","1","09","N","N","0","","0","0","2","0","0","","1641","0","2","0","0","0","0","0","1","0","2","N","","","","","","","","","","","","07","  ","","N",""
"0607","0","0","0","0","0","0","0","0","0","4","0","","36","11","2020","2020104420","4","40.2261","-76.3024","0554","08","0","0","0","0","0","0","2","0","","0","0","0","05","5","0","00","1","40 13:34.106","2","00","76 18:08.716","0","0","0","0","36217","0","0","0","N","0","0","0","2","68J01","0","","1","01","N","N","1","","0","0","1","3","2","N","0547","0","2","0","0","0","0","0","1","0","2","N","","","","","","","","","","","0015","03","03","","N","Y"
"1840","1","0","0","0","0","0","0","0","0","1","0","","36","11","2020","2020104537","5","40.087","-76.1933","1830","08","0","0","0","0","0","0","0","0","","0","0","0","18","2","0","00","1","40 05:13.030","4","00","76 11:35.981","0","0","0","0","36234","0","0","0","N","0","0","0","2","36215","0","","1","01","N","N","1","","0","0","0","0","0","Y","1826","0","2","0","0","0","0","0","1","0","2","N","","","","","","","","","","","1915","03","03","","N","N"
"1237","0","0","0","0","0","0","0","0","0","2","0","","36","11","2020","2020104538","6","40.0843","-76.2239","1222","08","0","0","0","0","0","0","1","0","","0","0","0","12","1","2","01","1","40 05:03.562","6","00","76 13:25.981","3","0","0","0","36234","0","0","0","N","0","0","0","2","36215","0","","1","01","N","N","0","","2","0","2","3","2","N","1222","2","2","0","0","0","0","0","1","0","2","N","","","","","","","","","","","0100","03","03","","N",""
"1720","1","0","0","0","0","0","0","0","0","7","0","","36","11","2020","2020104428","7","39.9037","-76.2419","1656","08","0","0","0","1","0","0","0","0","","0","0","0","16","2","0","02","1","39 54:13.186","3","00","76 14:30.682","0","0","0","0","36229","0","0","0","N","0","0","0","1","68J01","0","","4","01","N","N","0","","0","0","0","0","0","N","1636","0","1","0","0","0","0","0","1","0","1","N","","","","","","","","","","","1741","03","03","","N","N"