"ARRIVAL_TM","AUTOMOBILE_COUNT","BELTED_DEATH_COUNT","BELTED_SUSP_SERIOUS_INJ_COUNT","BICYCLE_COUNT","BICYCLE_DEATH_COUNT","BICYCLE_SUSP_SERIOUS_INJ_COUNT","BUS_COUNT","CHLDPAS_DEATH_COUNT","CHLDPAS_SUSP_SERIOUS_INJ_COUNT","COLLISION_TYPE","COMM_VEH_COUNT","CONS_ZONE_SPD_LIM","COUNTY","CRASH_MONTH","CRASH_YEAR","CRN","DAY_OF_WEEK","DEC_LAT","DEC_LONG","DISPATCH_TM","DISTRICT","DRIVER_COUNT_16YR","DRIVER_COUNT_17YR","DRIVER_COUNT_18YR","DRIVER_COUNT_19YR","DRIVER_COUNT_20YR","DRIVER_COUNT_50_64YR","DRIVER_COUNT_65_74YR","DRIVER_COUNT_75PLUS","EST_HRS_CLOSED","FATAL_COUNT","HEAVY_TRUCK_COUNT","HORSE_BUGGY_COUNT","HOUR_OF_DAY","ILLUMINATION","INJURY_COUNT","INTERSECT_TYPE","LANE_CLOSED","LATITUDE","LN_CLOSE_DIR","LOCATION_TYPE","LONGITUDE","MAX_SEVERITY_LEVEL","MCYCLE_DEATH_COUNT","MCYCLE_SUSP_SERIOUS_INJ_COUNT","MOTORCYCLE_COUNT","MUNICIPALITY","NONMOTR_COUNT","NONMOTR_DEATH_COUNT","NONMOTR_SUSP_SERIOUS_INJ_COUNT","NTFY_HIWY_MAINT","PED_COUNT","PED_DEATH_COUNT","PED_SUSP_SERIOUS_INJ_COUNT","PERSON_COUNT","POLICE_AGCY","POSSIBLE_INJ_COUNT","RDWY_SURF_TYPE_CD","RELATION_TO_ROAD","ROAD_CONDITION","SCH_BUS_IND","SCH_ZONE_IND","SMALL_TRUCK_COUNT","SPEC_JURIS_CD","SUSP_MINOR_INJ_COUNT","SUSP_SERIOUS_INJ_COUNT","SUV_COUNT","TCD_FUNC_CD","TCD_TYPE","TFC_DETOUR_IND","TIME_OF_DAY","TOT_INJ_COUNT","TOTAL_UNITS","UNB_DEATH_COUNT","UNB_SUSP_SERIOUS_INJ_COUNT","UNBELTED_OCC_COUNT","UNK_INJ_DEG_COUNT","UNK_INJ_PER_COUNT","URBAN_RURAL","VAN_COUNT","VEHICLE_COUNT","WORK_ZONE_IND","WORK_ZONE_LOC","WORK_ZONE_TYPE","WORKERS_PRES","WZ_CLOSE_DETOUR","WZ_FLAGGER","WZ_LAW_OFFCR_IND","WZ_LN_CLOSURE","WZ_MOVING","WZ_OTHER","WZ_SHLDER_MDN","ROADWAY_CLEARED","WEATHER1","WEATHER2","WZ_WORKERS_INJ_KILLED","SECONDARY_CRASH","INTERSECTION_RELATED"
"1530","0","0","0","0","0","0","0","0","0","7","0","","36","11","2020","2020104429","1","39.8826","-76.2612","1513","08","0","0","0","0","0","1","0","0","","0","0","0","15","1","0","00","1","39 52:57.313","4","00","76 15:40.162","0","0","0","0","36229","0","0","0","N","0","0","0","1","68J01","0","","4","01","N","N","0","","0","0","1","0","0","N","1511","0","1","0","0","0","0","0","1","0","1","N","","","","","","","","","","","1605","03","04","","N","N"
"1945","0","0","0","0","0","0","0","0","0","8","0","","36","10","2020","2020104535","2","40.0195","-76.1777","1938","08","0","0","0","0","0","0","0","0","","0","0","0","19","2","1","00","0","40 01:10.158","","00","76 10:39.890","3","0","0","0","36215","1","0","0","N","1","0","0","1","36215","0","","1","01","N","N","0","","1","0","0","0","0","","1937","1","2","0","0","0","0","0","1","0","1","N","","","","","","","","","","","","03","03","","N","N"
"1543","3","0","0","0","0","0","0","0","0","1","0","","36","11","2020","2020104539","2","40.0402","-76.2398","1543","08","0","0","0","0","0","0","0","0","","0","0","0","15","1","0","00","1","40 02:24.786","3","00","76 14:23.364","0","0","0","0","36215","0","0","0","N","0","0","0","6","36215","0","","1","01","N","N","0","","0","0","0","0","0","N","1542","0","3","0","0","0","0","0","1","0","3","N","","","","","","","","","","","1623","04","  ","","N","N"
"1503","0","0","0","0","0","0","0","0","0","4","0","","36","11","2020","2020104540","3","40.0393","-76.1994","1500","08","0","0","0","0","0","0","0","1","","0","1","0","14","1","0","02","0","40 02:21.602","","00","76 11:57.689","0","0","0","0","36215","0","0","0","N","0","0","0","2","36215","0","","1","01","N","N","1","","0","0","0","3","2","","1457","0","2","0","0","0","0","0","1","0","2","N","","","","","","","","","","","","03","03","","N",""
"1512","1","0","0","0","0","0","0","0","0","4","0","","36","11","2020","2020104542","4","40.0761","-76.2059","1507","08","0","0","0","0","1","0","0","0","","0","0","0","14","1","0","01","1","40 04:34.113","3","00","76 12:21.249","0","0","0","0","36234","0","0","0","N","0","0","0","2","36215","0","","1","01","N","N","0","","0","0","1","3","3","N","1443","0","2","0","0","0","0","0","1","0","2","N","","","","","","","","","","","1544","03","03","","N",""
"1741","1","0","0","0","0","0","0","0","0","1","0","","36","11","2020","2020104543","4","40.028","-76.2236","1733","08","0","0","1","0","0","0","0","0","","0","0","0","17","3","3","00","0","40 01:40.655","","00","76 13:24.783","3","0","0","0","36215","0","0","0","N","0","0","0","3","36215","0","","1","01","N","N","0","","3","0","1","0","0","","1733","3","2","0","0","0","0","0","1","0","2","N","","","","","","","","","","","","03","03","","N","N"
"1038","1","0","0","0","0","0","0","0","0","1","0","","36","11","2020","2020104545","6","40.0903","-76.1731","1034","08","0","0","0","1","0","0","0","1","","0","0","0","10","1","1","00","2","40 05:25.018","3","00","76 10:22.986","8","0","0","0","36234","0","0","0","N","0","0","0","3","36215","0","","1","01","N","N","0","","0","0","1","0","0","N","1033","1","2","0","0","0","1","0","1","0","2","N","","","","","","","","","","","1129","03","  ","","N","N"
"1457","0","0","0","0","0","0","0","0","0","0","0","","36","11","2020","2020104546","2","39.9868","-76.4533","1445","08","0","0","0","0","0","1","0","0","","0","0","0","14","1","0","00","2","39 59:12.600","6","00","76 27:11.770","0","0","0","0","36223","0","0","0","N","0","0","0","1","36223","0","","1","09","N","N","0","","0","0","1","0","0","Y","1445","0","1","0","0","0","0","0","1","0","1","N","","","","","","","","","","","1545","04","  ","","N","N"
"1705","0","0","0","0","0","0","0","0","0","1","0","","36","11","2020","2020104541","3","40.0845","-76.2222","1701","08","0","0","0","0","0","0","0","0","","0","0","0","17","4","1","00","0","40 05:04.110","","00","76 13:20.077","3","0","0","0","36234","0","0","0","N","0","0","0","3","36215","0","","1","01","N","N","1","","1","0","1","0","0","","1700","1","2","0","0","0","0","0","1","0","2","N","","","","","","","","","","","","03","  ","","N","N"
"1355","1","0","0","0","0","0","0","0","0","4","0","","36","11","2020","2020104547","3","40.1378","-76.562","1352","08","0","0","0","0","0","1","1","0","","0","0","0","13","1","1","01","0","40 08:15.923","","00","76 33:43.088","8","0","0","0","36225","0","0","0","N","0","0","0","2","36505","0","","1","01","N","N","0","","0","0","1","3","2","","1352","1","2","0","0","0","1","0","2","0","2","N","","","","","","","","","","","","03","03","","N",""
"1340","0","0","0","0","0","0","0","0","0","1","0","","36","11","2020","2020104733","7","40.0775","-76.3378","1332","08","0","0","0","0","0","0","0","0","","0","0","0","13","1","0","06","0","40 04:39.201","","02","76 20:16.161","0","0","0","0","36101","0","0","0","N","0","0","0","4","36101","0","","1","01","N","N","0","","0","0","2","3","4","","1332","0","2","0","0","0","0","0","3","0","2","N","","","","","","","","","","","","04","  ","","N",""
"1420","1","0","0","0","0","0","0","0","0","7","0","","36","11","2020","2020104734","7","40.0771","-76.3336","1420","08","0","0","0","0","0","0","0","1","","0","0","0","13","1","0","00","0","40 04:37.420","","00","76 20:00.990","0","0","0","0","36101","0","0","0","N","0","0","0","1","36101","0","","4","01","N","N","0","","0","0","0","0","0","","1320","0","1","0","0","0","0","0","3","0","1","N","","","","","","","","","","","","04","04","","N","N"
"1931","1","0","0","0","0","0","0","0","0","7","0","","36","12","2020","2020104735","6","40.0692","-76.3023","1929","08","0","0","0","0","0","0","0","0","","0","0","0","19","3","0","06","0","40 04:09.010","","02","76 18:08.160","0","0","0","0","36101","0","0","0","N","0","0","0","1","36101","0","","7","09","N","N","0","","0","0","0","0","0","","1925","0","1","0","0","0","0","0","3","0","1","N","","","","","","","","","","","","07","07","","N",""
"1531","0","0","0","0","0","0","0","0","0","4","1","","36","12","2020","2020104736","6","40.0942","-76.3777","1527","08","0","0","0","0","0","1","0","0","","0","1","0","15","1","0","01","1","40 05:38.962","2","00","76 22:39.699","0","0","0","0","36214","0","0","0","N","0","0","0","3","36214","0","","1","09","N","N","0","","0","0","1","0","0","N","1525","0","2","0","0","0","0","0","3","0","2","N","","","","","","","","","","","1600","07","04","","N",""
"0910","0","0","0","0","0","0","0","0","0","7","0","","36","12","2020","2020104888","4","40.1771","-76.1402","0902","08","0","0","0","0","0","0","0","0","","0","0","0","08","1","0","00","0","40 10:37.474","","00","76 08:24.667","0","0","0","0","36218","0","0","0","N","0","0","0","1","36408","0","","1","01","N","N","0","","0","0","1","0","0","","0855","0","1","0","0","0","0","0","1","0","1","N","","","","","","","","","","","","03","  ","","N","N"
"1021","1","0","0","0","0","0","0","0","0","7","0","","36","12","2020","2020104811","7","39.9786","-76.2762","1014","08","0","0","0","0","0","0","0","0","","0","0","0","10","1","0","11","0","39 58:43.024","","00","76 16:34.428","0","0","0","0","36240","0","0","0","N","0","0","0","1","36240","0","","5","01","N","N","0","","0","0","0","3","3","","1012","0","1","0","0","0","0","0","1","0","1","N","","","","","","","","","","","","03","03","","N",""
"2039","0","0","0","0","0","0","0","0","0","7","0","","36","10","2020","2020104821","2","39.928","-76.253","2039","08","0","0","0","0","0","0","0","0","","1","0","0","20","3","0","00","2","39 55:40.888","2","00","76 15:10.970","1","0","0","0","36229","0","0","0","Y","0","0","0","1","68J01","0","2","4","01","N","N","1","0","0","0","0","0","0","Y","2037","0","1","1","0","1","0","0","1","0","1","N","","","","","","","","","","","0022","03","03","","N","N"
"1319","1","0","0","0","0","0","0","0","0","4","0","","36","11","2020","2020105037","6","40.0308","-76.114","1259","08","0","0","0","0","0","0","1","0","","0","0","0","12","1","1","00","0","40 01:51.000","","07","76 06:50.500","4","0","0","0","36221","0","0","0","N","0","0","0","3","68J01","1","","1","01","N","N","1","","0","0","0","0","0","","1238","1","2","0","0","0","0","0","1","0","2","N","","","","","","","","","","","","03","03","","N","N"
"0927","2","0","0","0","0","0","0","0","0","4","0","","36","12","2020","2020104876","3","40.0358","-76.3142","0916","08","0","0","0","0","0","0","0","0","","0","0","0","09","1","0","01","2","40 02:08.740","3","00","76 18:51.097","9","0","0","0","36301","0","0","0","N","0","0","0","2","36301","0","","1","09","N","N","0","","0","0","0","3","3","N","0916","0","2","0","0","0","0","1","3","0","2","N","","","","","","","","","","","1000","07","04","","N","N"
"0332","1","0","0","0","0","0","0","0","0","7","0","","36","12","2020","2020104893","7","40.0666","-76.3071","0328","08","0","0","0","0","0","0","0","0","","0","0","0","03","3","0","00","0","40 03:59.842","","00","76 18:25.675","0","0","0","0","36101","0","0","0","N","0","0","0","1","36101","0","","2","09","N","N","0","","0","0","0","0","0","","0326","0","1","0","0","0","0","0","3","0","1","N","","","","","","","","","","","","07","07","","N","N"
"1229","1","0","0","0","0","0","0","0","0","7","0","","36","11","2020","2020104920","2","39.8842","-76.1356","1203","08","0","0","0","0","0","0","0","0","","0","0","0","11","1","4","00","0","39 53:03.284","","00","76 08:08.251","3","0","0","0","36205","0","0","0","N","0","0","0","4","68J02","0","","4","08","N","N","0","","4","0","0","0","0","","1156","4","1","0","0","0","0","0","1","0","1","N","","","","","","","","","","","","07","  ","","N","N"
"1416","2","0","1","0","0","0","0","0","0","1","0","99","36","11","2020","2020104824","2","40.2417","-76.04","1335","08","0","0","0","1","0","0","0","1","","0","0","0","13","1","3","00","2","40 14:30.295","2","00","76 02:23.922","2","0","0","0","36202","0","0","0","N","0","0","0","4","68J01","0","","1","01","N","N","1","","2","1","1","0","0","N","1333","3","4","0","0","0","0","0","1","0","4","Y","4","1","U","","","U","","","","","1445","03","  ","N","N","N"
"2330","1","0","0","0","0","0","0","0","0","7","0","","36","11","2020","2020104975","7","40.0815","-76.3402","2328","08","0","0","0","0","1","0","0","0","","0","0","0","23","3","0","00","0","40 04:53.345","","00","76 20:24.747","0","0","0","0","36101","0","0","0","N","0","0","0","1","36101","0","","2","01","N","N","0","","0","0","0","0","0","","2326","0","1","0","0","0","0","0","3","0","1","N","","","","","","","","","","","","03","  ","","N","N"
"1505","4","0","0","0","0","0","0","0","0","4","0","","36","11","2020","2020104994","5","40.0418","-76.3224","1500","08","0","0","1","0","0","1","0","0","","0","0","0","15","1","1","01","2","40 02:30.638","4","00","76 19:20.776","3","0","0","0","36301","0","0","0","N","0","0","0","2","36301","0","","1","01","N","N","0","","1","0","0","3","2","Y","1500","1","4","0","0","0","0","0","3","0","4","N","","","","","","","","","","","1530","03","03","","N","N"
"1202","1","0","0","0","0","0","0","0","0","6","0","","36","09","2020","2020105005","2","40.1216","-76.06","1155","08","0","1","0","0","0","1","0","0","","0","0","0","11","1","1","01","1","40 07:17.847","3","00","76 03:36.087","8","0","0","0","36213","0","0","0","N","0","0","0","2","36213","0","","1","01","N","N","1","","0","0","0","3","2","N","1150","1","2","0","0","0","1","0","1","0","2","N","","","","","","","","","","","1235","03","03","","N",""
"1628","1","0","0","0","0","0","0","0","0","1","0","","36","12","2020","2020105000","3","40.1953","-76.1714","1623","08","0","0","0","0","0","2","0","0","","0","0","0","16","1","0","00","0","40 11:43.065","","00","76 10:17.099","0","0","0","0","36218","0","0","0","N","0","0","0","2","36408","0","","1","01","N","N","0","","0","0","1","0","0","","1620","0","2","0","0","0","0","0","1","0","2","N","","","","","","","","","","","","03","03","","N","Y"
"1648","0","0","0","0","0","0","0","0","0","7","0","","36","11","2020","2020105038","6","40.2304","-76.3133","1632","08","0","0","0","0","0","2","0","0","","0","0","0","16","4","0","00","0","40 13:49.309","","00","76 18:48.010","0","0","0","0","36217","0","0","0","N","0","0","0","2","68J01","0","","4","01","N","N","0","","0","0","1","0","0","","1623","0","2","0","0","0","0","0","1","0","2","N","","","","","","","","","","","","03","03","","N","N"
"1030","0","0","0","0","0","0","0","0","0","7","0","","36","12","2020","2020105067","5","40.0442","-75.9543","1000","08","0","0","0","0","0","0","1","0","","0","0","0","09","1","1","00","2","40 02:39.120","5","00","75 57:15.500","3","0","0","0","36232","0","0","0","N","0","0","0","1","68J01","0","","4","01","N","N","1","","1","0","0","0","0","Y","0959","1","1","0","0","0","0","0","1","0","1","N","","","","","","","","","","","1102","03","  ","","N","N"
"0720","2","0","0","0","0","0","1","0","0","1","1","","36","10","2020","2020105082","3","40.1239","-76.0658","0713","08","0","1","0","0","0","0","0","0","","0","0","0","07","5","0","00","2","40 07:26.029","3","00","76 03:56.991","0","0","0","0","36213","0","0","0","N","0","0","0","12","36213","0","","1","01","Y","N","0","","0","0","0","0","0","N","0710","0","3","0","0","0","0","0","1","0","3","N","","","","","","","","","","","0800","04","04","","N","N"
"1306","1","0","0","0","0","0","0","0","0","1","0","","36","12","2020","2020105128","6","40.0301","-76.3335","1300","08","0","0","1","0","0","0","0","0","","0","0","0","12","1","1","00","0","40 01:48.200","","00","76 20:00.700","8","0","0","0","36220","0","0","0","N","0","0","0","2","36101","0","","1","09","N","N","0","","0","0","1","0","0","","1259","1","2","0","0","0","1","0","3","0","2","N","","","","","","","","","","","","07","  ","","N","N"
"1140","0","0","0","0","0","0","0","0","0","1","0","","36","12","2020","2020105247","7","40.0807","-76.4593","1134","08","0","0","0","1","0","0","0","0","","0","0","0","11","1","2","03","2","40 04:50.495","5","00","76 27:33.402","4","0","0","0","36239","0","0","0","N","0","0","0","3","36239","2","","1","01","N","N","0","","0","0","2","0","0","Y","1134","2","2","0","0","0","0","0","3","0","2","N","","","","","","","","","","","1245","03","  ","","N",""
"0723","3","0","0","0","0","0","0","0","0","4","0","","36","11","2020","2020105299","3","40.0501","-76.2961","0718","08","0","0","0","0","0","2","0","0","","0","0","0","05","3","1","01","0","40 03:00.327","","00","76 17:45.949","4","0","0","0","36301","0","0","0","N","0","0","0","2","36301","1","","1","01","N","N","0","","0","0","0","3","3","","0556","1","3","0","0","0","0","0","3","0","3","N","","","","","","","","","","","","03","03","","Y",""
"1459","0","0","0","1","0","0","0","0","0","1","0","","36","11","2020","2020105435","6","40.1085","-76.0702","1459","08","0","0","0","0","0","0","0","1","","0","0","0","14","1","1","01","0","40 06:30.660","","00","76 04:12.804","3","0","0","0","36415","1","0","0","N","0","0","0","2","36415","0","","1","01","N","N","0","","1","0","1","0","0","","1458","1","2","0","0","0","0","0","1","0","1","N","","","","","","","","","","","","04","  ","","N",""
"0925","0","0","0","0","0","0","0","0","0","4","0","","36","12","2020","2020105427","6","40.0635","-76.3589","0917","08","0","0","0","0","0","0","0","1","","0","0","0","09","1","0","01","0","40 03:48.686","","00","76 21:32.100","0","0","0","0","36214","0","0","0","N","0","0","0","3","36214","0","","1","01","N","N","0","","0","0","2","3","2","","0915","0","2","0","0","0","0","0","3","0","2","N","","","","","","","","","","","","04","04","","N",""
"1704","1","0","0","0","0","0","0","0","0","7","0","","36","11","2020","2020105430","2","40.0745","-76.2373","1659","08","0","1","0","0","0","0","0","0","","0","0","0","16","2","0","00","2","40 04:28.040","6","00","76 14:14.200","0","0","0","0","36215","0","0","0","N","0","0","0","1","36215","0","","4","09","N","N","0","","0","0","0","0","0","N","1659","0","1","0","0","0","0","0","1","0","1","N","","","","","","","","","","","1754","07","  ","","N","N"
"0847","0","0","0","0","0","0","0","0","0","4","1","","36","12","2020","2020105431","6","40.0499","-76.2435","0840","08","0","0","0","0","0","0","2","0","","0","1","0","08","1","1","01","1","40 02:59.726","4","00","76 14:36.434","8","0","0","0","36215","0","0","0","N","0","0","0","2","36215","0","","1","01","N","N","0","","0","0","1","3","3","N","0837","1","2","0","0","0","1","0","1","0","2","N","","","","","","","","","","","1014","04","04","","N",""
"0543","1","0","0","0","0","0","0","0","0","2","0","","36","12","2020","2020105433","5","39.9951","-76.4103","0535","08","0","0","0","0","0","1","0","0","","0","0","0","05","2","1","02","0","39 59:42.268","","00","76 24:37.080","4","0","0","0","36223","0","0","0","N","0","0","0","2","36223","1","","1","01","N","N","1","","0","0","0","3","3","","0530","1","2","0","0","0","0","0","1","0","2","N","","","","","","","","","","","","03","  ","","N",""
"1830","0","0","0","0","0","0","0","0","0","1","0","","36","11","2020","2020105428","1","40.0322","-76.2409","1830","08","0","0","0","0","0","0","0","0","","0","0","0","18","3","1","00","2","40 01:55.839","3","00","76 14:27.405","3","0","0","0","36215","0","0","0","N","0","0","0","3","36215","0","","1","01","N","N","0","","1","0","2","0","0","N","1826","1","2","0","0","0","0","0","1","0","2","N","","","","","","","","","","","1930","03","  ","","N","N"
"1700","1","0","0","0","0","0","0","0","0","1","0","","36","11","2020","2020105429","2","40.0308","-76.2357","1656","08","0","0","1","0","1","0","0","0","","0","0","0","16","3","0","00","1","40 01:50.901","3","00","76 14:08.421","0","0","0","0","36215","0","0","0","N","0","0","0","4","36215","0","","1","09","N","N","0","","0","0","1","0","0","N","1654","0","2","0","0","0","0","0","1","0","2","N","","","","","","","","","","","1756","07","  ","","N","N"
"1052","2","0","0","0","0","0","0","0","0","1","0","","36","12","2020","2020105434","7","40.04","-76.4553","1051","08","0","0","0","0","0","0","0","0","","0","0","0","10","1","1","00","1","40 02:24.025","1","00","76 27:19.132","3","0","0","0","36239","0","0","0","N","0","0","0","2","36239","0","","1","01","N","N","0","","1","0","0","3","2","Y","1049","1","2","0","0","0","0","0","3","0","2","N","","","","","","","","","","","1133","03","03","","N","N"
"1005","1","0","0","0","0","0","0","0","0","5","1","","36","12","2020","2020105461","2","40.1237","-76.2295","0946","08","0","0","0","0","0","0","0","1","","0","1","0","09","1","0","00","0","40 07:25.393","","00","76 13:46.202","0","0","0","0","36235","0","0","0","N","0","0","0","1","36238","0","","2","01","N","N","0","","0","0","0","0","0","","0946","0","2","0","0","0","0","0","1","0","2","N","","","","","","","","","","","","03","  ","","N","N"
"1627","1","0","0","0","0","0","0","0","0","1","0","","36","12","2020","2020105690","5","40.0762","-76.3477","1618","08","0","0","0","0","0","0","0","1","","0","0","0","16","4","0","02","0","40 04:34.187","","00","76 20:51.755","0","0","0","0","36101","0","0","0","N","0","0","0","2","36101","0","","1","01","N","N","0","","0","0","1","3","3","","1615","0","2","0","0","0","0","0","3","0","2","N","","","","","","","","","","","","03","03","","N",""
"1540","2","0","0","0","0","0","0","0","0","1","0","","36","11","2020","2020105628","2","40.0315","-76.48","1536","08","0","0","0","0","0","1","0","0","","0","0","0","15","1","1","00","2","40 01:53.454","3","00","76 28:48.147","3","0","0","0","36239","0","0","0","N","0","0","0","3","36404","0","","1","01","N","N","0","","1","0","0","0","0","N","1534","1","2","0","0","0","0","0","3","0","2","N","","","","","","","","","","","1600","03","  ","","N","N"
"0457","1","0","0","0","0","0","0","0","0","7","0","","36","11","2020","2020105907","1","40.1053","-76.4307","0457","08","0","0","1","0","0","0","0","0","","0","0","0","04","2","0","10","1","40 06:19.139","5","00","76 25:50.679","9","0","0","0","36214","0","0","0","N","0","0","0","2","36214","0","","4","01","N","N","0","","0","0","0","0","0","N","0450","0","1","0","0","0","0","2","3","0","1","N","","","","","","","","","","","0600","03","  ","","N",""
"0926","1","0","0","0","0","0","0","0","0","4","1","","36","12","2020","2020105909","5","40.0405","-76.2483","0923","08","0","0","0","0","0","0","0","1","","0","1","0","09","1","0","02","0","40 02:25.815","","00","76 14:53.859","0","0","0","0","36215","0","0","0","N","0","0","0","2","36215","0","","1","01","N","N","0","","0","0","0","0","0","","0922","0","2","0","0","0","0","0","1","0","2","N","","","","","","","","","","","","03","03","","N",""
"2005","1","0","0","0","0","0","0","0","0","4","0","","36","11","2020","2020105911","2","40.1283","-76.4522","1954","08","0","1","0","0","0","0","0","0","","0","0","0","19","2","0","01","1","40 07:41.862","3","00","76 27:08.026","0","0","0","0","36230","0","0","0","N","0","0","0","2","36410","0","","1","01","N","N","1","","0","0","0","3","1","N","1952","0","2","0","0","0","0","0","1","0","2","N","","","","","","","","","","","2034","03","  ","","N",""
"1256","0","0","0","0","0","0","0","0","0","0","0","","36","11","2020","2020105912","3","40.1302","-76.4414","1234","08","0","0","0","0","0","0","0","0","","0","0","0","12","1","1","00","0","40 07:48.756","","00","76 26:28.938","3","0","0","1","36230","0","0","0","N","0","0","0","1","36410","0","","5","01","N","N","0","","1","0","0","0","0","","1234","1","1","0","0","0","0","0","1","0","1","N","","","","","","","","","","","","03","  ","","N","N"
"2345","0","0","0","0","0","0","0","0","0","7","0","","36","11","2020","2020105908","4","40.0153","-76.1565","2340","08","0","0","0","0","0","0","0","0","","0","0","0","23","3","1","00","1","40 00:55.047","3","00","76 09:23.522","3","0","0","0","36215","0","0","0","N","0","0","0","1","36215","0","","4","01","N","N","0","","1","0","1","0","0","N","2339","1","1","0","0","1","0","0","1","0","1","N","","","","","","","","","","","0040","03","03","","N","N"
"1238","2","0","0","0","0","0","0","0","0","5","0","","36","12","2020","2020105914","4","40.2216","-76.4323","1228","08","0","0","0","0","0","1","1","0","","0","0","0","12","1","1","00","0","40 13:17.850","","00","76 25:56.210","4","0","0","0","36230","0","0","0","N","0","0","0","2","36410","1","","1","01","N","N","0","","0","0","0","0","0","","1226","1","2","0","0","0","0","1","1","0","2","N","","","","","","","","","","","","03","03","","N","N"
"1759","0","0","0","0","0","0","0","0","0","98","0","","36","11","2020","2020105957","5","40.1947","-76.3048","1719","08","0","0","0","0","0","1","0","0","","0","0","0","17","3","0","03","0","40 11:41.009","","00","76 18:17.360","0","0","0","0","36217","0","0","0","N","0","0","0","1","68J01","0","","2","01","N","N","0","","0","0","1","0","0","","1716","0","1","0","0","0","0","0","1","0","1","N","","","","","","","","","","","","03","  ","","N","N"
"1832","0","0","0","0","0","0","0","0","0","98","0","","36","11","2020","2020105962","7","40.2494","-76.3058","1801","08","0","0","0","0","0","0","0","0","","0","0","0","17","2","0","00","0","40 14:57.831","","00","76 18:21.051","0","0","0","0","36217","0","0","0","N","0","0","0","1","68J01","0","","4","01","N","N","0","","0","0","1","0","0","","1710","0","1","0","0","0","0","0","1","0","1","N","","","","","","","","","","","","03","03","","N","N"
"1504","2","0","0","0","0","0","0","0","0","5","0","","36","11","2020","2020106006","1","39.9293","-76.1992","1443","08","0","0","0","0","0","1","0","0","","0","0","0","14","1","0","00","0","39 55:45.650","","00","76 11:56.976","0","0","0","0","36233","0","0","0","N","0","0","0","1","68J01","0","","1","01","N","N","0","","0","0","0","0","0","","1425","0","2","0","0","0","0","0","1","0","2","N","","","","","","","","","","","","03","  ","","N","N"
"2212","1","0","0","0","0","0","0","0","0","7","0","","36","12","2020","2020106098","3","40.2773","-76.2075","2143","08","0","0","1","0","0","0","0","0","","0","0","0","21","2","0","00","2","40 16:38.256","6","00","76 12:27.107","0","0","0","0","36236","0","0","0","N","0","0","0","1","36408","0","","2","01","N","N","0","","0","0","0","0","0","N","2140","0","1","0","0","0","0","0","1","0","1","N","","","","","","","","","","","2258","03","03","","N","N"
"1723","1","0","0","0","0","0","0","0","0","4","0","","36","12","2020","2020106114","4","40.0695","-76.3311","1712","08","0","1","0","0","0","0","0","1","","0","0","0","17","3","0","01","2","40 04:09.893","2","00","76 19:52.423","0","0","0","0","36101","0","0","0","N","0","0","0","2","36101","0","","1","01","N","N","0","","0","0","1","3","2","N","1710","0","2","0","0","0","0","0","3","0","2","N","","","","","","","","","","","1820","03","03","","N",""
"1736","1","0","0","0","0","0","0","0","0","1","0","","36","12","2020","2020106115","3","40.0764","-76.3378","1723","08","0","0","0","0","0","0","0","0","","0","0","0","17","3","0","06","1","40 04:35.008","2","02","76 20:16.120","0","0","0","0","36101","0","0","0","N","0","0","0","3","36101","0","","1","01","N","N","0","","0","0","1","3","4","N","1720","0","2","0","0","0","0","0","3","0","2","N","","","","","","","","","","","1813","03","03","","N",""
"0833","4","0","0","0","0","0","0","0","0","2","0","","36","11","2020","2020106151","5","40.0486","-76.3011","0817","08","0","0","0","0","0","0","0","0","","0","0","0","08","1","0","00","1","40 02:54.985","2","00","76 18:03.979","9","0","0","0","36301","0","0","0","N","0","0","0","1","36301","0","","6","01","N","N","0","","0","0","0","0","0","N","0815","0","4","0","0","0","0","1","3","0","4","N","","","","","","","","","","","0912","03","03","","Y","N"
"1356","1","0","0","0","0","0","0","0","0","4","0","","36","12","2020","2020106291","5","40.0646","-76.2735","1352","08","0","0","0","0","0","0","0","0","","0","0","0","13","1","2","00","2","40 03:52.556","3","00","76 16:24.701","3","0","0","0","36101","0","0","0","N","0","0","0","3","36101","0","","1","01","N","N","1","","2","0","0","0","0","N","1350","2","2","0","0","1","0","0","3","0","2","N","","","","","","","","","","","1434","03","03","","N","N"
"1817","0","0","0","0","0","0","0","0","0","7","0","","36","12","2020","2020106451","7","40.0795","-76.3388","1812","08","0","0","0","0","0","0","0","0","","0","0","0","20","3","0","00","0","40 04:46.036","","00","76 20:19.856","0","0","0","0","36101","0","0","0","N","0","0","0","1","36101","0","","4","01","N","N","0","","0","0","1","0","0","","2030","0","1","0","0","0","0","0","3","0","1","N","","","","","","","","","","","","03","03","","N","N"
"0757","0","0","0","0","0","0","0","0","0","4","1","","36","12","2020","2020106496","5","40.0312","-76.4889","0757","08","0","0","0","0","0","1","0","0","","0","1","0","07","1","0","02","2","40 01:52.300","7","00","76 29:20.100","0","0","0","0","36404","0","0","0","N","0","0","0","2","36404","0","","1","01","N","N","0","","0","0","1","3","3","N","0757","0","2","0","0","0","0","0","3","0","2","N","","","","","","","","","","","0834","03","  ","","N","N"