"ARRIVAL_TM","AUTOMOBILE_COUNT","BELTED_DEATH_COUNT","BELTED_SUSP_SERIOUS_INJ_COUNT","BICYCLE_COUNT","BICYCLE_DEATH_COUNT","BICYCLE_SUSP_SERIOUS_INJ_COUNT","BUS_COUNT","CHLDPAS_DEATH_COUNT","CHLDPAS_SUSP_SERIOUS_INJ_COUNT","COLLISION_TYPE","COMM_VEH_COUNT","CONS_ZONE_SPD_LIM","COUNTY","CRASH_MONTH","CRASH_YEAR","CRN","DAY_OF_WEEK","DEC_LAT","DEC_LONG","DISPATCH_TM","DISTRICT","DRIVER_COUNT_16YR","DRIVER_COUNT_17YR","DRIVER_COUNT_18YR","DRIVER_COUNT_19YR","DRIVER_COUNT_20YR","DRIVER_COUNT_50_64YR","DRIVER_COUNT_65_74YR","DRIVER_COUNT_75PLUS","EST_HRS_CLOSED","FATAL_COUNT","HEAVY_TRUCK_COUNT","HORSE_BUGGY_COUNT","HOUR_OF_DAY","ILLUMINATION","INJURY_COUNT","INTERSECT_TYPE","LANE_CLOSED","LATITUDE","LN_CLOSE_DIR","LOCATION_TYPE","LONGITUDE","MAX_SEVERITY_LEVEL","MCYCLE_DEATH_COUNT","MCYCLE_SUSP_SERIOUS_INJ_COUNT","MOTORCYCLE_COUNT","MUNICIPALITY","NONMOTR_COUNT","NONMOTR_DEATH_COUNT","NONMOTR_SUSP_SERIOUS_INJ_COUNT","NTFY_HIWY_MAINT","PED_COUNT","PED_DEATH_COUNT","PED_SUSP_SERIOUS_INJ_COUNT","PERSON_COUNT","POLICE_AGCY","POSSIBLE_INJ_COUNT","RDWY_SURF_TYPE_CD","RELATION_TO_ROAD","ROAD_CONDITION","SCH_BUS_IND","SCH_ZONE_IND","SMALL_TRUCK_COUNT","SPEC_JURIS_CD","SUSP_MINOR_INJ_COUNT","SUSP_SERIOUS_INJ_COUNT","SUV_COUNT","TCD_FUNC_CD","TCD_TYPE","TFC_DETOUR_IND","TIME_OF_DAY","TOT_INJ_COUNT","TOTAL_UNITS","UNB_DEATH_COUNT","UNB_SUSP_SERIOUS_INJ_COUNT","UNBELTED_OCC_COUNT","UNK_INJ_DEG_COUNT","UNK_INJ_PER_COUNT","URBAN_RURAL","VAN_COUNT","VEHICLE_COUNT","WORK_ZONE_IND","WORK_ZONE_LOC","WORK_ZONE_TYPE","WORKERS_PRES","WZ_CLOSE_DETOUR","WZ_FLAGGER","WZ_LAW_OFFCR_IND","WZ_LN_CLOSURE","WZ_MOVING","WZ_OTHER","WZ_SHLDER_MDN","ROADWAY_CLEARED","WEATHER1","WEATHER2","WZ_WORKERS_INJ_KILLED","SECONDARY_CRASH","INTERSECTION_RELATED"
"1522","1","0","0","0","0","0","0","0","0","1","0","","36","11","2020","2020106912","7","39.9986","-76.1837","1519","08","0","0","0","1","0","0","0","0","","0","0","0","15","1","1","00","1","39 59:55.121","1","00","76 11:01.220","4","0","0","0","36233","0","0","0","N","0","0","0","8","68J01","1","","1","01","N","N","0","","0","0","3","0","0","Y","1511","1","4","0","0","0","0","0","1","0","4","N","","","","","","","","","","","1615","03","  ","","N","N"
"1620","1","0","0","0","0","0","0","0","0","7","0","","36","11","2020","2020106673","6","40.0609","-76.212","1616","08","0","0","1","0","0","0","0","0","","0","0","0","16","1","0","00","1","40 03:39.141","1","00","76 12:43.186","0","0","0","0","36234","0","0","0","N","0","0","0","1","36215","0","","5","01","N","N","0","","0","0","0","0","0","N","1611","0","1","0","0","0","0","0","1","0","1","N","","","","","","","","","","","1642","03","  ","","N","N"
"1854","1","0","0","0","0","0","0","0","0","2","0","","36","12","2020","2020106675","4","40.0925","-76.1418","1839","08","0","0","0","0","0","0","1","0","","0","0","0","18","3","0","00","0","40 05:33.072","","00","76 08:30.581","9","0","0","0","36234","0","0","0","N","0","0","0","2","36215","0","","1","01","N","N","0","","0","0","0","0","0","","1837","0","2","0","0","0","0","1","1","0","2","N","","","","","","","","","","","","03","03","","N","N"
"1320","1","0","0","0","0","0","0","0","0","4","0","","36","12","2020","2020106689","5","40.0915","-76.5197","1316","08","0","0","0","0","0","0","1","0","","0","0","0","13","1","0","01","1","40 05:29.310","2","00","76 31:11.085","0","0","0","0","36211","0","0","0","N","0","0","0","2","36504","0","","1","01","N","N","1","","0","0","0","3","2","Y","1313","0","2","0","0","0","0","0","1","0","2","N","","","","","","","","","","","1429","03","  ","","N","N"
"1853","1","0","0","0","0","0","0","0","0","5","0","","36","12","2020","2020106793","3","40.0433","-76.3046","1851","08","0","0","0","0","0","0","0","0","","0","0","0","18","3","0","00","1","40 02:35.977","2","00","76 18:16.588","0","0","0","0","36301","0","0","0","N","0","0","0","1","36301","0","","4","01","N","N","0","","0","0","1","0","0","N","1850","0","2","0","0","1","0","0","3","0","2","N","","","","","","","","","","","1918","03","03","","N","N"
"2303","3","0","0","0","0","0","0","0","0","4","0","","36","12","2020","2020106803","1","40.0343","-76.3206","2300","08","0","0","0","0","0","0","0","0","","0","0","0","22","3","1","00","2","40 02:03.601","5","00","76 19:14.185","4","0","0","0","36301","0","0","0","N","0","0","0","1","36301","1","","4","01","N","N","0","","0","0","2","0","0","Y","2258","1","5","0","0","0","0","0","3","0","5","N","","","","","","","","","","","2359","03","03","","N","N"
"1632","2","0","0","0","0","0","0","0","0","5","0","","36","11","2020","2020106878","2","40.0377","-76.3081","1628","08","0","0","0","0","0","0","0","0","","0","0","0","16","3","0","00","1","40 02:15.730","3","00","76 18:29.091","0","0","0","0","36301","0","0","0","N","0","0","0","2","36301","0","","2","01","N","N","0","","0","0","1","0","0","N","1626","0","3","0","0","2","0","0","3","0","3","N","","","","","","","","","","","1755","03","  ","","N","N"
"1933","1","0","0","0","0","0","0","0","0","7","0","","36","11","2020","2020106671","1","40.0201","-76.181","1930","08","0","0","0","0","0","0","0","0","","0","0","0","19","3","2","00","0","40 01:12.447","","00","76 10:51.496","2","0","0","0","36215","0","0","0","N","0","0","0","2","36215","0","","5","09","N","N","0","","1","1","0","0","0","","1928","2","1","0","1","2","0","0","1","0","1","N","","","","","","","","","","","","07","04","","N","N"
"1740","1","0","0","0","0","0","0","0","0","4","0","","36","12","2020","2020106987","4","40.0559","-76.3296","1720","08","0","0","0","0","0","0","0","0","","0","0","0","16","2","0","02","0","40 03:21.360","","00","76 19:46.703","0","0","0","0","36101","0","0","0","N","0","0","0","3","36101","0","","1","01","N","N","1","","0","0","0","0","0","","1644","0","2","0","0","0","0","0","3","0","2","N","","","","","","","","","","","","03","03","","N",""
"1820","1","0","0","0","0","0","0","0","0","2","0","","36","12","2020","2020106988","5","40.1139","-76.2604","1815","08","0","0","1","0","0","0","1","0","","1","0","0","18","3","1","00","2","40 06:50.087","6","00","76 15:37.265","1","0","0","0","36101","0","0","0","N","0","0","0","2","36101","0","2","1","01","N","N","0","0","0","1","1","0","0","Y","1813","1","2","0","1","1","0","0","3","0","2","N","","","","","","","","","","","2200","03","  ","","N","N"
"1628","1","0","2","0","0","0","0","0","0","4","0","","36","12","2020","2020106989","3","40.038","-76.3448","1626","08","0","0","0","0","0","2","0","0","","0","0","0","16","4","3","00","2","40 02:16.792","6","00","76 20:41.325","2","0","0","0","36214","0","0","0","N","0","0","0","3","36214","0","","1","01","N","N","0","","1","2","1","0","0","Y","1625","3","2","0","0","0","0","0","3","0","2","N","","","","","","","","","","","0045","03","03","","N","N"
"1651","1","0","0","0","0","0","0","0","0","4","0","","36","12","2020","2020106990","6","40.0324","-76.2339","1648","08","0","0","0","0","0","0","0","0","","0","0","0","16","3","1","02","1","40 01:56.498","1","00","76 14:01.976","8","0","0","0","36215","0","0","0","N","0","0","0","2","36215","0","","1","09","N","N","1","","0","0","0","0","0","N","1647","1","2","0","0","0","1","0","1","0","2","N","","","","","","","","","","","1749","07","  ","","N",""
"0748","0","0","0","0","0","0","0","0","0","4","1","","36","12","2020","2020106992","4","40.0877","-76.187","0746","08","0","0","0","0","0","1","0","0","","0","1","0","07","1","0","02","1","40 05:15.689","5","00","76 11:13.208","0","0","0","0","36234","0","0","0","N","0","0","0","3","36215","0","","1","01","N","N","0","","0","0","1","3","3","N","0744","0","2","0","0","0","0","0","1","0","2","N","","","","","","","","","","","0837","04","  ","","N",""
"2213","0","0","0","0","0","0","0","0","0","7","0","","36","09","2020","2020106993","5","40.0392","-76.4291","2211","08","0","0","0","0","0","0","0","0","","1","0","0","22","3","0","00","2","40 02:21.018","6","00","76 25:44.888","1","1","0","1","36414","0","0","0","N","0","0","0","1","36239","0","2","4","01","N","N","0","0","0","0","0","0","0","Y","2210","0","1","0","0","0","0","0","3","0","1","N","","","","","","","","","","","0045","03","  ","","Y","N"
"1332","1","0","0","0","0","0","0","0","0","4","0","","36","12","2020","2020106994","3","40.1004","-76.4506","1325","08","0","0","0","1","0","0","0","0","","0","1","0","13","1","0","03","1","40 06:01.303","2","00","76 27:02.260","0","0","0","0","36239","0","0","0","N","0","0","0","2","36239","0","","1","01","N","N","0","","0","0","0","3","3","N","1319","0","2","0","0","0","0","0","3","0","2","N","","","","","","","","","","","1400","03","  ","","N",""
"1808","1","0","0","0","0","0","0","0","0","2","0","","36","12","2020","2020107016","6","40.0218","-76.2694","1803","08","0","0","0","0","0","1","0","0","","0","0","0","18","3","1","00","2","40 01:18.330","6","00","76 16:09.709","4","0","0","0","36240","0","0","0","N","0","0","0","3","36240","1","","1","01","N","N","0","","0","0","1","0","0","Y","1803","1","2","0","0","0","0","0","1","0","2","N","","","","","","","","","","","1855","03","  ","","N","N"
"1058","0","0","0","0","0","0","0","0","0","2","0","","36","10","2020","2020107019","6","40.0561","-76.0682","1053","08","0","0","0","0","0","1","0","0","","0","0","0","10","1","3","00","2","40 03:22.080","5","00","76 04:05.472","4","0","0","0","36221","0","0","0","N","0","0","0","5","68J01","3","","1","01","N","N","2","","0","0","0","0","0","Y","1048","3","2","0","0","0","0","0","1","0","2","N","","","","","","","","","","","1200","03","  ","","N","N"
"1744","0","0","0","0","0","0","0","0","0","8","0","","36","12","2020","2020106885","5","40.0387","-76.2993","1735","08","0","0","0","0","0","0","0","0","","0","0","0","17","3","1","01","0","40 02:19.148","","00","76 17:57.346","3","0","0","0","36301","1","0","0","N","1","0","0","2","36301","0","","1","01","N","N","0","","1","0","1","0","0","","1734","1","2","0","0","0","0","0","3","0","1","N","","","","","","","","","","","","03","  ","","N","N"
"1358","2","0","0","0","0","0","0","0","0","4","0","","36","11","2020","2020106672","6","40.0275","-76.2235","1353","08","0","0","0","0","0","0","0","0","","0","0","0","13","1","0","00","0","40 01:39.000","","07","76 13:24.700","0","0","0","0","36215","0","0","0","N","0","0","0","3","36215","0","","1","01","N","N","0","","0","0","0","0","0","","1349","0","2","0","0","0","0","0","1","0","2","N","","","","","","","","","","","","04","  ","","N","N"
"2353","0","0","0","0","0","0","0","0","0","7","0","","36","12","2020","2020107104","6","40.0437","-76.4915","2349","08","0","0","0","0","0","0","0","0","","0","0","0","23","3","0","00","2","40 02:37.402","6","00","76 29:29.446","0","0","0","0","36404","0","0","0","N","0","0","0","2","36404","0","","5","01","N","N","1","","0","0","0","0","0","Y","2346","0","1","0","0","0","0","0","3","0","1","N","","","","","","","","","","","0109","03","  ","","N","N"
"0445","3","0","0","0","0","0","0","0","0","1","0","","36","12","2020","2020107106","4","40.024","-76.3158","0440","08","0","0","0","0","0","1","0","1","","0","0","0","04","3","0","00","0","40 01:26.277","","00","76 18:56.787","0","0","0","0","36301","0","0","0","N","0","0","0","3","36301","0","","1","01","N","N","0","","0","0","0","0","0","","0437","0","3","0","0","0","0","0","3","0","3","N","","","","","","","","","","","","03","03","","Y","N"
"1741","0","0","0","0","0","0","0","0","0","7","0","","36","11","2020","2020107518","1","39.8861","-76.1619","1729","08","0","0","0","0","0","1","0","0","","0","0","0","17","3","1","00","2","39 53:09.940","5","00","76 09:42.824","8","0","0","0","36212","0","0","0","N","0","0","0","1","68J01","0","","4","01","N","N","0","","0","0","1","0","0","Y","1725","1","1","0","0","0","1","0","1","0","1","N","","","","","","","","","","","1813","03","  ","","N","N"
"0839","0","0","0","0","0","0","0","0","0","1","2","","36","12","2020","2020107194","2","40.2458","-76.2024","0831","08","0","0","0","0","0","2","0","0","","0","2","0","08","1","0","00","0","40 14:44.791","","00","76 12:08.553","0","0","0","0","36236","0","0","0","N","0","0","0","2","68T06","0","","1","01","N","N","0","","0","0","0","0","0","","0831","0","2","0","0","0","0","0","1","0","2","N","","","","","","","","","","","","03","03","","N","N"
"1049","0","0","0","0","0","0","0","0","0","4","0","","36","11","2020","2020107414","6","40.1844","-76.1699","1034","08","0","0","0","0","0","0","1","0","","0","0","0","10","1","0","01","0","40 11:03.836","","00","76 10:11.478","0","0","0","0","36408","0","0","0","N","0","0","0","6","36408","0","","1","01","N","N","0","","0","0","2","3","3","","1034","0","2","0","0","0","0","0","2","0","2","N","","","","","","","","","","","","03","  ","","N","N"
"0354","1","0","0","0","0","0","0","0","0","4","0","","36","11","2020","2020107594","6","40.2185","-76.1504","0350","08","0","0","0","1","0","0","0","0","","0","0","0","03","2","1","00","2","40 13:06.509","5","00","76 09:01.472","3","0","0","0","36210","0","0","0","N","0","0","0","1","36210","0","","5","09","N","N","0","","1","0","0","0","0","Y","0350","1","1","0","0","0","0","0","1","0","1","N","","","","","","","","","","","0518","07","  ","","N","N"
"1120","1","0","0","0","0","0","0","0","0","4","0","","36","12","2020","2020107213","6","40.1814","-76.1826","1116","08","0","0","0","0","0","0","0","2","","0","0","0","11","1","0","00","1","40 10:53.107","3","00","76 10:57.512","0","0","0","0","36408","0","0","0","N","0","0","0","4","36408","0","","1","01","N","N","0","","0","0","3","0","0","N","1116","0","4","0","0","0","0","0","2","0","4","N","","","","","","","","","","","1207","03","03","","N","N"
"1550","2","0","0","0","0","0","0","0","0","4","0","","36","12","2020","2020107486","1","40.1546","-76.607","1550","08","0","0","0","0","0","1","0","0","","0","0","0","15","1","0","01","2","40 09:16.624","7","00","76 36:25.326","0","0","0","0","36407","0","0","0","N","0","0","0","2","36407","0","","1","01","N","N","0","","0","0","0","3","3","Y","1550","0","2","0","0","0","0","0","2","0","2","N","","","","","","","","","","","1630","03","03","","N",""
"1639","2","0","0","0","0","0","0","0","0","4","0","","36","12","2020","2020107390","7","39.9911","-76.2603","1634","08","0","0","0","0","0","1","1","0","","0","0","0","16","4","0","02","0","39 59:28.076","","00","76 15:37.017","0","0","0","0","36240","0","0","0","N","0","0","0","3","36240","0","","1","01","N","N","0","","0","0","0","3","3","","1630","0","2","0","0","1","0","0","1","0","2","N","","","","","","","","","","","","03","  ","","N",""
"1352","0","0","1","0","0","0","0","0","0","2","1","","36","11","2020","2020107416","4","40.1772","-76.1963","1348","08","0","0","0","0","0","1","0","0","","0","1","0","13","1","1","00","1","40 10:37.892","1","00","76 11:46.779","2","0","0","0","36408","0","0","0","N","0","0","0","2","36408","0","","1","09","N","N","1","","0","1","0","0","0","Y","1348","1","2","0","0","0","0","0","2","0","2","N","","","","","","","","","","","1445","07","  ","","N","N"
"1358","2","0","0","0","0","0","0","0","0","4","0","","36","11","2020","2020107460","7","40.1797","-76.1755","1355","08","0","0","0","0","0","0","0","0","","0","0","0","13","1","1","01","1","40 10:46.812","2","01","76 10:31.684","3","0","0","0","36408","0","0","0","N","0","0","0","3","36408","0","","1","01","N","N","1","","1","0","0","3","2","Y","1355","1","3","0","0","0","0","0","2","0","3","N","","","","","","","","","","","1420","03","  ","","N","N"
"1545","2","0","0","0","0","0","0","0","0","5","0","","36","12","2020","2020107494","2","40.0942","-76.3921","1542","08","0","0","0","0","0","0","0","0","","0","0","0","15","1","2","00","1","40 05:39.165","3","00","76 23:31.436","8","0","0","0","36214","0","0","0","N","0","0","0","2","36214","0","","1","01","N","N","0","","0","0","0","0","0","N","1542","2","2","0","0","0","2","0","3","0","2","N","","","","","","","","","","","1900","03","  ","","N","N"
"0440","2","0","0","0","0","0","0","0","0","1","0","","36","12","2020","2020107597","1","40.0453","-76.2923","0437","08","0","0","0","0","0","0","0","0","","0","0","0","04","3","0","00","1","40 02:42.979","2","00","76 17:32.370","0","0","0","0","36301","0","0","0","N","0","0","0","1","36301","0","","4","01","N","N","0","","0","0","0","0","0","N","0434","0","2","0","0","0","0","0","3","0","2","N","","","","","","","","","","","0517","03","03","","N","N"
"1900","3","0","0","0","0","0","0","0","0","4","0","","36","12","2020","2020107620","1","40.0404","-76.3779","1858","08","0","0","0","0","0","0","0","0","","0","0","0","18","2","1","00","0","40 02:25.554","","07","76 22:40.381","4","0","0","0","36214","0","0","0","N","0","0","0","2","36214","1","","4","01","N","N","1","","0","0","1","0","0","","1855","1","5","0","0","0","0","0","3","0","5","N","","","","","","","","","","","","03","03","","N","N"
"1446","0","0","0","0","0","0","0","0","0","7","1","","36","12","2020","2020107666","5","40.123","-76.231","1439","08","0","0","0","0","0","1","0","0","","0","1","0","14","1","0","00","0","40 07:22.834","","00","76 13:51.759","0","0","0","0","36238","0","0","0","N","0","0","0","1","36238","0","","4","01","N","N","0","","0","0","0","0","0","","1439","0","1","0","0","0","0","0","3","0","1","N","","","","","","","","","","","","03","  ","","N","N"
"1340","1","0","0","0","0","0","0","0","0","1","0","","36","10","2020","2020107665","5","40.1445","-76.21","1334","08","0","0","0","0","0","0","2","0","","0","0","0","13","1","2","01","0","40 08:40.211","","00","76 12:36.127","3","0","0","0","36238","0","0","0","N","0","0","0","2","36238","1","","1","01","N","N","0","","1","0","1","0","0","","1334","2","2","0","0","0","0","0","3","0","2","N","","","","","","","","","","","","03","  ","","N",""
"1130","2","0","0","0","0","0","0","0","0","4","0","","36","12","2020","2020107691","2","40.0435","-76.298","1124","08","0","0","0","0","0","0","0","0","","0","0","0","11","1","0","01","2","40 02:36.541","5","00","76 17:52.639","0","0","0","0","36301","0","0","0","N","0","0","0","2","36301","0","","1","09","N","N","0","","0","0","0","3","2","Y","1121","0","2","0","0","0","0","0","3","0","2","N","","","","","","","","","","","1215","07","10","","N",""
"1056","2","0","0","0","0","0","0","0","0","1","0","","36","12","2020","2020107697","2","40.1436","-76.5973","1053","08","0","0","0","0","0","0","0","0","","0","0","0","10","1","1","00","0","40 08:37.093","","00","76 35:50.262","4","0","0","0","36407","0","0","0","N","0","0","0","2","36407","1","","1","06","N","N","0","","0","0","0","0","0","","1049","1","2","0","0","0","0","0","2","0","2","N","","","","","","","","","","","","10","  ","","N","N"
"1330","1","0","0","0","0","0","0","0","0","1","1","","36","11","2020","2020107779","4","40.2159","-76.0902","1325","08","0","0","0","0","0","0","1","0","","0","1","0","13","1","1","01","1","40 12:57.811","4","00","76 05:24.253","3","0","0","0","36210","0","0","0","N","0","0","0","2","36210","0","","1","01","N","N","0","","1","0","0","3","2","N","1325","1","2","0","0","1","0","0","1","0","2","N","","","","","","","","","","","1407","03","  ","","N","N"
"1540","0","0","0","0","0","0","0","0","0","4","0","","36","10","2020","2020107889","7","39.9425","-76.0566","1522","08","0","0","0","0","0","0","0","1","","0","0","0","15","1","2","01","1","39 56:33.146","6","00","76 03:23.678","4","0","0","0","36231","0","0","0","N","0","0","0","2","68J01","2","","1","01","N","N","0","","0","0","2","3","3","N","1516","2","2","0","0","0","0","0","1","0","2","N","","","","","","","","","","","1700","04","  ","","N","N"
"1547","2","0","0","0","0","0","0","0","0","1","0","","36","12","2020","2020107846","5","40.0843","-76.3526","1545","08","0","0","0","0","0","1","0","1","","0","0","0","15","1","2","01","2","40 05:03.490","2","00","76 21:09.233","4","0","0","0","36214","0","0","0","N","0","0","0","3","36214","2","","1","01","N","N","0","","0","0","1","3","2","N","1542","2","3","0","0","0","0","0","3","0","3","N","","","","","","","","","","","1623","03","  ","","N",""
"1520","1","0","0","0","0","0","0","0","0","7","0","","36","12","2020","2020107849","6","40.0541","-76.2189","1515","08","0","0","0","0","0","0","0","0","","0","0","0","15","1","0","02","2","40 03:14.737","7","00","76 13:08.083","0","0","0","0","36215","0","0","0","N","0","0","0","1","36215","0","","4","01","N","N","0","","0","0","0","0","0","Y","1514","0","1","0","0","0","0","0","1","0","1","N","","","","","","","","","","","1900","03","03","","N",""
"0657","0","0","0","0","0","0","0","0","0","7","0","","36","12","2020","2020107851","1","40.0821","-76.1916","0650","08","0","0","0","0","0","0","0","0","","0","0","0","06","1","0","00","0","40 04:55.576","","00","76 11:29.922","0","0","0","0","36234","0","0","0","N","0","0","0","1","36215","0","","5","01","N","N","0","","0","0","1","0","0","","0645","0","1","0","0","0","0","0","1","0","1","N","","","","","","","","","","","","03","03","","N","N"
"0542","0","0","0","0","0","0","0","0","0","98","0","","36","10","2020","2020107852","4","40.1628","-76.5813","0530","08","0","0","0","0","0","1","0","0","","0","0","0","05","2","0","00","0","40 09:46.152","","00","76 34:52.821","0","0","0","0","36225","0","0","0","N","0","0","0","1","36505","0","","1","01","N","N","1","","0","0","0","0","0","","0530","0","1","0","0","0","0","0","2","0","1","N","","","","","","","","","","","","03","  ","","N","N"
"2009","0","0","0","0","0","0","0","0","0","7","0","","36","12","2020","2020107855","4","40.1257","-76.6505","2005","08","0","0","0","0","0","1","0","0","","0","0","0","20","2","0","00","0","40 07:32.660","","00","76 39:01.660","0","0","0","0","36237","0","0","0","N","0","0","0","1","36505","0","","5","01","N","N","1","","0","0","0","0","0","","2005","0","1","0","0","0","0","0","1","0","1","N","","","","","","","","","","","","03","03","","N","N"
"0248","1","0","0","0","0","0","0","0","0","7","0","","36","12","2020","2020107856","6","40.1358","-76.563","0245","08","0","0","0","0","0","0","0","0","","0","0","0","02","2","1","00","1","40 08:08.760","2","00","76 33:46.821","3","0","0","0","36225","0","0","0","N","0","0","0","1","36505","0","","2","01","N","N","0","","1","0","0","0","0","Y","0245","1","1","0","0","0","0","0","2","0","1","N","","","","","","","","","","","0310","03","03","","N","N"
"2105","1","0","0","0","0","0","0","0","0","0","0","","36","11","2020","2020107894","7","40.1455","-76.1888","2049","08","0","0","0","0","0","0","0","0","","0","0","0","20","2","0","00","0","40 08:43.963","","00","76 11:19.576","0","0","0","0","36238","0","0","0","N","0","0","0","2","68J01","0","","5","01","N","N","0","","0","0","0","0","0","","2045","0","1","0","0","2","0","0","3","0","1","N","","","","","","","","","","","","03","  ","","N","N"
"1432","2","0","0","0","0","0","0","0","0","1","0","","36","11","2020","2020107899","5","39.9882","-75.9794","1416","08","0","0","0","0","0","0","0","0","","0","0","0","14","1","0","00","0","39 59:17.400","","00","75 58:45.860","0","0","0","0","36232","0","0","0","N","0","0","0","2","68J01","0","","1","01","N","N","0","","0","0","0","0","0","","1414","0","2","0","0","0","0","0","1","0","2","N","","","","","","","","","","","","03","  ","","N","N"
"1956","0","0","0","0","0","0","0","0","0","7","0","","36","11","2020","2020107910","7","39.94","-76.0208","1941","08","0","0","1","0","0","0","0","0","","0","0","0","19","2","1","00","2","39 56:24.060","6","00","76 01:14.940","3","0","0","0","36231","0","0","0","N","0","0","0","1","68J01","0","","4","01","N","N","1","","1","0","0","0","0","Y","1938","1","1","0","0","0","0","0","1","0","1","N","","","","","","","","","","","2330","03","  ","","N","N"
"1324","0","0","0","0","0","0","0","0","0","7","0","","36","12","2020","2020107928","5","39.7867","-76.1683","1251","08","0","0","0","0","0","0","0","0","","0","0","0","10","1","0","00","0","39 47:12.003","","00","76 10:05.750","0","0","0","0","36219","0","0","0","Y","0","0","0","1","68J01","0","","2","01","N","N","0","","0","0","1","0","0","","1012","0","1","0","0","0","0","0","1","0","1","N","","","","","","","","","","","","03","  ","","N","N"
"1926","2","0","0","0","0","0","0","0","0","2","0","","36","12","2020","2020107982","7","39.8117","-76.1879","1906","08","0","0","0","0","0","0","1","0","","0","0","0","09","1","3","00","2","39 48:42.026","5","00","76 11:16.532","3","0","0","0","36208","0","0","0","N","0","0","0","4","68J01","0","","1","09","N","N","0","","3","0","1","0","0","Y","0902","3","3","0","0","0","0","0","1","0","3","N","","","","","","","","","","","1020","05","  ","","N","N"
"1510","4","0","0","0","0","0","0","0","0","1","0","","36","11","2020","2020107853","4","40.1587","-76.6418","1503","08","0","0","0","0","0","0","0","0","","0","0","0","15","1","1","00","1","40 09:31.400","5","00","76 38:30.500","4","0","0","0","36237","0","0","0","N","0","0","0","6","36505","1","","1","01","N","N","0","","0","0","0","0","0","Y","1501","1","5","0","0","0","0","0","1","1","5","N","","","","","","","","","","","1535","03","03","","N","N"
"1548","0","0","0","0","0","0","0","0","0","4","0","","36","11","2020","2020107909","7","40.0342","-76.0013","1527","08","0","0","0","0","0","1","0","0","","0","0","0","15","1","2","01","1","40 02:02.942","3","00","76 00:04.667","3","0","0","0","36232","0","0","0","N","0","0","0","4","68J01","0","","1","01","N","N","0","","2","0","2","3","3","Y","1524","2","2","0","0","0","0","0","1","0","2","N","","","","","","","","","","","1630","03","03","","N",""
"0521","2","0","0","0","0","0","0","0","0","2","0","","36","12","2020","2020108045","6","40.0411","-76.3063","0518","08","0","0","0","0","0","1","0","0","","0","0","0","05","5","0","01","1","40 02:27.991","1","00","76 18:22.594","0","0","0","0","36301","0","0","0","N","0","0","0","3","36301","0","","1","01","N","N","0","","0","0","0","3","2","N","0518","0","2","0","0","0","0","0","3","0","2","N","","","","","","","","","","","0625","03","  ","","N",""
"1615","1","0","0","0","0","0","0","0","0","1","0","","36","12","2020","2020108070","4","40.1055","-76.3054","1607","08","0","1","0","0","0","0","0","0","","0","0","0","16","1","0","00","1","40 06:19.637","1","00","76 18:19.584","0","0","0","0","36101","0","0","0","N","0","0","0","2","36101","0","","1","01","N","N","0","","0","0","1","0","0","N","1605","0","2","0","0","0","0","0","3","0","2","N","","","","","","","","","","","1652","03","  ","","N","N"
"1550","0","0","0","0","0","0","0","0","0","98","0","","36","12","2020","2020108073","6","40.0406","-76.4792","1547","08","0","0","0","0","0","0","1","0","","0","0","0","15","1","0","00","0","40 02:26.164","","00","76 28:45.074","0","0","0","0","36239","0","0","0","N","0","0","0","2","36239","0","","1","01","N","N","0","","0","0","1","0","0","","1544","0","1","0","0","0","0","0","3","0","1","N","","","","","","","","","","","","03","03","","N","N"
"1114","0","0","0","0","0","0","0","0","0","0","0","","36","12","2020","2020108074","7","40.027","-76.4548","1111","08","0","0","0","0","0","0","0","0","","0","0","0","11","1","1","00","1","40 01:37.270","1","01","76 27:17.200","2","0","1","1","36239","0","0","0","N","0","0","0","1","36239","0","","1","09","N","N","0","","0","1","0","0","0","Y","1106","1","1","0","0","0","0","0","3","0","1","N","","","","","","","","","","","1216","05","04","","N","N"
"1620","0","0","0","0","0","0","0","0","0","4","0","","36","12","2020","2020108072","4","40.0437","-76.513","1615","08","0","0","0","0","0","0","0","0","","0","0","0","16","1","2","01","1","40 02:37.343","5","00","76 30:46.650","3","0","0","0","36239","0","0","0","N","0","0","0","3","36239","1","","1","01","N","N","0","","1","0","2","3","3","N","1615","2","2","0","0","0","0","0","3","0","2","N","","","","","","","","","","","1635","03","03","","N",""
"1624","2","0","0","0","0","0","0","0","0","4","0","","36","12","2020","2020108098","2","40.1444","-76.6091","1620","08","0","0","0","0","0","1","0","0","","0","0","0","16","4","0","01","0","40 08:39.913","","00","76 36:32.706","0","0","0","0","36407","0","0","0","N","0","0","0","2","36407","0","","1","09","N","N","0","","0","0","0","3","3","","1620","0","2","0","0","0","0","0","2","0","2","N","","","","","","","","","","","","04","07","","N",""
"0632","1","0","0","0","0","0","0","0","0","7","0","","36","12","2020","2020108161","1","40.0274","-76.3035","0627","08","0","0","0","1","0","0","0","0","","0","0","0","06","3","1","00","1","40 01:38.698","4","00","76 18:12.723","2","0","0","0","36301","0","0","0","N","0","0","0","1","36301","0","","5","01","N","N","0","","0","1","0","0","0","N","0627","1","1","0","1","1","0","0","3","0","1","N","","","","","","","","","","","0710","03","  ","","N","Y"
"1256","1","0","0","0","0","0","0","0","0","0","0","","36","12","2020","2020108163","1","40.2142","-76.097","1251","08","0","0","0","0","0","1","0","0","","0","0","0","12","1","0","00","0","40 12:50.969","","00","76 05:49.249","0","0","0","0","36210","0","0","0","N","0","0","0","1","36210","0","","1","01","N","N","0","","0","0","0","0","0","","1251","0","1","0","0","0","0","0","1","0","1","N","","","","","","","","","","","","03","  ","","N","N"