"ARRIVAL_TM","AUTOMOBILE_COUNT","BELTED_DEATH_COUNT","BELTED_SUSP_SERIOUS_INJ_COUNT","BICYCLE_COUNT","BICYCLE_DEATH_COUNT","BICYCLE_SUSP_SERIOUS_INJ_COUNT","BUS_COUNT","CHLDPAS_DEATH_COUNT","CHLDPAS_SUSP_SERIOUS_INJ_COUNT","COLLISION_TYPE","COMM_VEH_COUNT","CONS_ZONE_SPD_LIM","COUNTY","CRASH_MONTH","CRASH_YEAR","CRN","DAY_OF_WEEK","DEC_LAT","DEC_LONG","DISPATCH_TM","DISTRICT","DRIVER_COUNT_16YR","DRIVER_COUNT_17YR","DRIVER_COUNT_18YR","DRIVER_COUNT_19YR","DRIVER_COUNT_20YR","DRIVER_COUNT_50_64YR","DRIVER_COUNT_65_74YR","DRIVER_COUNT_75PLUS","EST_HRS_CLOSED","FATAL_COUNT","HEAVY_TRUCK_COUNT","HORSE_BUGGY_COUNT","HOUR_OF_DAY","ILLUMINATION","INJURY_COUNT","INTERSECT_TYPE","LANE_CLOSED","LATITUDE","LN_CLOSE_DIR","LOCATION_TYPE","LONGITUDE","MAX_SEVERITY_LEVEL","MCYCLE_DEATH_COUNT","MCYCLE_SUSP_SERIOUS_INJ_COUNT","MOTORCYCLE_COUNT","MUNICIPALITY","NONMOTR_COUNT","NONMOTR_DEATH_COUNT","NONMOTR_SUSP_SERIOUS_INJ_COUNT","NTFY_HIWY_MAINT","PED_COUNT","PED_DEATH_COUNT","PED_SUSP_SERIOUS_INJ_COUNT","PERSON_COUNT","POLICE_AGCY","POSSIBLE_INJ_COUNT","RDWY_SURF_TYPE_CD","RELATION_TO_ROAD","ROAD_CONDITION","SCH_BUS_IND","SCH_ZONE_IND","SMALL_TRUCK_COUNT","SPEC_JURIS_CD","SUSP_MINOR_INJ_COUNT","SUSP_SERIOUS_INJ_COUNT","SUV_COUNT","TCD_FUNC_CD","TCD_TYPE","TFC_DETOUR_IND","TIME_OF_DAY","TOT_INJ_COUNT","TOTAL_UNITS","UNB_DEATH_COUNT","UNB_SUSP_SERIOUS_INJ_COUNT","UNBELTED_OCC_COUNT","UNK_INJ_DEG_COUNT","UNK_INJ_PER_COUNT","URBAN_RURAL","VAN_COUNT","VEHICLE_COUNT","WORK_ZONE_IND","WORK_ZONE_LOC","WORK_ZONE_TYPE","WORKERS_PRES","WZ_CLOSE_DETOUR","WZ_FLAGGER","WZ_LAW_OFFCR_IND","WZ_LN_CLOSURE","WZ_MOVING","WZ_OTHER","WZ_SHLDER_MDN","ROADWAY_CLEARED","WEATHER1","WEATHER2","WZ_WORKERS_INJ_KILLED","SECONDARY_CRASH","INTERSECTION_RELATED"
"1317","0","0","0","0","0","0","0","0","0","1","0","","36","12","2020","2020108165","1","40.214","-76.0969","1315","08","0","0","0","0","0","0","0","0","","0","0","0","13","1","0","00","0","40 12:50.229","","00","76 05:48.735","0","0","0","0","36210","0","0","0","N","0","0","0","6","36210","0","","1","01","N","N","1","","0","0","1","0","0","","1315","0","2","0","0","0","0","0","1","0","2","N","","","","","","","","","","","","03","  ","","Y","N"
"0600","1","0","0","0","0","0","0","0","0","7","0","","36","12","2020","2020108166","5","40.2433","-76.1028","0554","08","0","0","0","0","1","0","0","0","","0","0","0","05","2","0","00","0","40 14:35.804","","00","76 06:10.123","0","0","0","0","36210","0","0","0","N","0","0","0","1","36210","0","","5","01","N","N","0","","0","0","0","0","0","","0554","0","1","0","0","0","0","0","1","0","1","N","","","","","","","","","","","","03","  ","","N","N"
"1453","1","0","0","0","0","0","0","0","0","4","0","","36","12","2020","2020108287","2","40.0798","-76.307","1450","08","0","0","0","0","0","1","1","0","","0","0","0","14","1","0","01","0","40 04:47.391","","00","76 18:25.275","0","0","0","0","36101","0","0","0","N","0","0","0","3","36101","0","","1","01","N","N","1","","0","0","0","3","3","","1448","0","2","0","0","0","0","0","3","0","2","N","","","","","","","","","","","","03","  ","","N",""
"1042","1","0","0","0","0","0","0","0","0","7","1","","36","12","2020","2020108288","2","40.084","-76.3523","1036","08","0","0","0","0","0","1","0","0","","0","2","0","10","1","1","00","0","40 05:02.520","","00","76 21:08.170","8","0","0","0","36214","0","0","0","N","0","0","0","1","36214","0","","5","09","N","N","0","","0","0","0","0","0","","1032","1","3","0","0","0","1","0","3","0","3","N","","","","","","","","","","","","07","04","","N","N"
"0735","0","0","0","0","0","0","0","0","0","1","0","","36","12","2020","2020108290","3","40.0819","-76.351","0720","08","0","0","0","0","0","1","0","0","","0","0","0","07","1","0","06","1","40 04:54.975","4","02","76 21:03.454","0","0","0","0","36214","0","0","0","N","0","0","0","2","36214","0","","1","01","N","N","0","","0","0","2","0","0","N","0718","0","2","0","0","0","0","0","3","0","2","N","","","","","","","","","","","0045","03","03","","N",""
"1235","1","0","0","0","0","0","0","0","0","4","0","","36","12","2020","2020108289","2","40.0996","-76.426","1230","08","0","0","0","0","0","0","0","0","","0","0","0","12","1","0","01","1","40 05:58.682","6","00","76 25:33.499","0","0","0","0","36214","0","0","0","N","0","0","0","2","36214","0","","1","06","N","N","0","","0","0","1","3","3","N","1225","0","2","0","0","0","0","0","3","0","2","N","","","","","","","","","","","1320","10","04","","N",""
"1417","0","0","2","0","0","0","0","0","0","4","1","","36","11","2020","2020108329","7","39.7739","-76.1791","1401","08","0","0","0","0","0","1","0","0","","0","1","0","13","1","2","01","1","39 46:25.988","2","00","76 10:44.934","2","0","0","0","36219","0","0","0","Y","0","0","0","3","68J01","0","","1","01","N","N","1","","0","2","0","3","3","Y","1342","2","2","0","0","0","0","0","1","0","2","N","","","","","","","","","","","2000","03","03","","N","N"
"0607","1","0","0","0","0","0","0","0","0","7","0","","36","11","2020","2020108342","1","39.9467","-76.2613","0557","08","0","1","0","0","0","0","0","0","","0","0","0","05","2","1","00","0","39 56:47.998","","00","76 15:40.726","3","0","0","0","36228","0","0","0","Y","0","0","0","1","68J01","0","","4","01","N","N","0","","1","0","0","0","0","","0554","1","1","0","0","0","0","0","1","0","1","N","","","","","","","","","","","","03","  ","","N","N"
"0735","1","0","0","0","0","0","0","0","0","7","0","","36","11","2020","2020108328","7","39.8868","-76.1622","0707","08","0","0","0","0","0","0","0","0","","0","0","0","07","1","1","00","2","39 53:12.500","5","00","76 09:43.837","4","0","0","0","36212","0","0","0","Y","0","0","0","1","68J01","1","","4","01","N","N","0","","0","0","0","0","0","Y","0707","1","1","0","0","1","0","0","1","0","1","N","","","","","","","","","","","1430","03","03","","N","N"
"1652","1","0","0","0","0","0","0","0","0","4","0","","36","12","2020","2020108390","2","40.0105","-76.1324","1651","08","0","1","0","0","0","1","0","0","","0","0","0","16","4","2","01","2","40 00:37.874","4","00","76 07:56.531","3","0","0","0","36226","0","0","0","N","0","0","0","2","68J01","0","","1","01","N","N","0","","2","0","1","3","3","N","1648","2","2","0","0","0","0","0","1","0","2","N","","","","","","","","","","","0100","03","  ","","N","N"
"0435","2","0","0","0","0","0","0","0","0","5","0","","36","12","2020","2020108403","4","39.9981","-76.0588","0425","08","0","0","0","0","0","1","0","0","","0","0","0","04","2","2","00","2","39 59:53.239","6","00","76 03:31.673","3","0","0","0","36226","0","0","0","N","0","0","0","2","68J01","0","","4","01","N","N","0","","2","0","0","0","0","Y","0422","2","2","0","0","0","0","0","1","0","2","N","","","","","","","","","","","0545","03","  ","","N","N"
"2111","1","0","0","0","0","0","0","0","0","4","0","","36","11","2020","2020108356","1","40.037","-76.1021","2054","08","0","0","0","0","0","0","0","1","","0","0","0","20","2","1","03","2","40 02:13.145","6","00","76 06:07.481","4","0","0","0","36221","0","0","0","N","0","0","0","3","68J01","1","","1","01","N","N","0","","0","0","0","3","3","Y","2050","1","2","0","0","0","0","0","1","1","2","N","","","","","","","","","","","2116","03","  ","","N","N"
"0537","1","0","0","0","0","0","0","0","0","1","1","","36","12","2020","2020108417","7","40.2275","-76.3774","0455","08","0","0","0","0","0","0","0","0","","0","1","0","04","2","1","00","1","40 13:38.939","3","00","76 22:38.464","8","0","0","0","36217","0","0","0","N","0","0","0","2","68T06","0","","1","01","N","N","0","","0","0","0","0","0","N","0455","1","2","0","0","1","1","1","1","0","2","N","","","","","","","","","","","0100","03","  ","","N","N"
"1015","2","0","0","0","0","0","0","0","0","4","0","","36","11","2020","2020108358","2","39.889","-76.1385","0922","08","0","0","0","0","0","0","0","0","","0","0","0","07","1","1","01","1","39 53:20.254","2","00","76 08:18.744","3","0","0","0","36216","0","0","0","N","0","0","0","2","68J01","0","","1","09","N","N","0","","1","0","0","0","0","Y","0752","1","2","0","0","1","0","0","1","0","2","N","","","","","","","","","","","1005","07","  ","","N",""
"1318","1","0","0","0","0","0","0","0","0","4","0","","36","12","2020","2020108422","7","39.8517","-76.3057","1305","08","0","0","0","1","0","0","0","0","","0","0","0","12","1","1","01","1","39 51:06.178","3","00","76 18:20.426","3","0","0","0","36224","0","0","0","N","0","0","0","2","68J01","0","","1","09","N","N","0","","1","0","1","3","3","Y","1259","1","2","0","0","0","0","0","1","0","2","N","","","","","","","","","","","1355","03","  ","","N","N"
"0949","1","0","0","0","0","0","0","0","0","7","0","","36","12","2020","2020108429","1","39.9972","-76.0513","0945","08","0","0","0","0","0","1","0","0","","0","0","0","08","1","0","00","0","39 59:49.827","","00","76 03:04.541","0","0","0","0","36232","0","0","0","N","0","0","0","1","68J01","0","","4","09","N","N","0","","0","0","0","0","0","","0845","0","1","0","0","0","0","0","1","0","1","N","","","","","","","","","","","","03","  ","","N","N"
"0948","1","0","0","0","0","0","0","0","0","7","0","","36","12","2020","2020108435","2","40.2301","-76.3481","0936","08","0","0","0","0","0","0","0","0","","0","0","0","09","1","0","00","0","40 13:48.438","","00","76 20:53.079","0","0","0","0","36217","0","0","0","N","0","0","0","1","68T06","0","","5","09","N","N","0","","0","0","0","0","0","","0935","0","1","0","0","0","0","0","1","0","1","N","","","","","","","","","","","","10","  ","","N","N"
"0116","2","0","0","0","0","0","0","0","0","4","0","","36","12","2020","2020108470","3","40.0157","-76.3496","0116","08","0","0","1","0","0","0","0","0","","0","0","0","01","3","0","01","2","40 00:56.470","1","00","76 20:58.524","0","0","0","0","36412","0","0","0","N","0","0","0","3","36412","0","","1","01","N","N","0","","0","0","0","3","2","Y","0116","0","2","0","0","0","0","0","3","0","2","N","","","","","","","","","","","0209","03","  ","","N","N"
"1706","1","0","0","0","0","0","0","0","0","1","0","","36","12","2020","2020108511","3","40.1131","-76.3932","1659","08","0","0","0","0","1","1","0","0","","0","0","0","16","4","3","00","2","40 06:47.160","6","00","76 23:35.630","3","0","0","0","36214","0","0","0","N","0","0","0","3","36214","0","","1","01","N","N","0","","3","0","1","0","0","Y","1655","3","2","0","0","0","0","0","3","0","2","N","","","","","","","","","","","1800","03","  ","","N","N"
"1806","3","0","0","0","0","0","0","0","0","1","0","","36","12","2020","2020108526","5","40.0555","-76.3225","1759","08","0","0","0","0","0","1","0","0","","0","0","0","17","2","0","00","2","40 03:19.865","2","03","76 19:20.897","0","0","0","0","36301","0","0","0","N","0","0","0","3","36301","0","","1","01","N","N","0","","0","0","0","0","0","Y","1759","0","3","0","0","0","0","0","3","0","3","N","","","","","","","","","","","1855","03","03","","N","N"
"1306","1","0","0","0","0","0","0","0","0","98","0","","36","12","2020","2020108726","7","40.1257","-76.2977","1254","08","0","0","0","0","0","0","1","0","","0","0","0","12","1","0","00","0","40 07:32.630","","00","76 17:51.670","0","0","0","0","36101","0","0","0","N","0","0","0","1","36101","0","","1","09","N","N","0","","0","0","0","0","0","","1250","0","1","0","0","0","0","0","3","0","1","N","","","","","","","","","","","","04","  ","","N","N"
"1219","0","0","0","0","0","0","0","0","0","7","1","","36","12","2020","2020108729","4","40.0713","-76.3246","1219","08","0","0","0","0","0","1","0","0","","0","1","0","12","1","1","00","1","40 04:16.696","4","03","76 19:28.632","3","0","0","0","36101","0","0","0","N","0","0","0","2","36101","0","","5","07","N","N","0","","1","0","1","0","0","N","1215","1","2","0","0","0","0","0","3","0","2","N","","","","","","","","","","","1300","10","10","","N","N"
"0636","1","0","0","0","0","0","0","0","0","7","0","","36","12","2020","2020108731","4","40.0515","-76.3982","0633","08","0","0","0","0","0","0","0","0","","0","0","0","06","3","1","00","1","40 03:05.426","4","00","76 23:53.499","3","0","0","0","36214","0","0","0","N","0","0","0","2","36214","0","","3","01","N","N","0","","1","0","0","0","0","N","0630","1","1","0","0","1","0","0","3","0","1","N","","","","","","","","","","","0030","04","  ","","N","N"
"1214","1","0","0","0","0","0","0","0","0","7","0","","36","12","2020","2020108732","4","40.0564","-76.3903","1208","08","0","0","0","0","1","0","0","0","","0","0","0","12","1","1","00","1","40 03:23.016","3","00","76 23:25.208","4","0","0","0","36214","0","0","0","N","0","0","0","1","36214","1","","4","07","N","N","0","","0","0","0","0","0","N","1208","1","1","0","0","0","0","0","3","0","1","N","","","","","","","","","","","1300","10","05","","N","N"
"1548","1","0","0","0","0","0","0","0","0","7","0","","36","12","2020","2020108767","2","40.2273","-76.1171","1545","08","0","1","0","0","0","0","0","0","","0","0","0","15","1","0","00","0","40 13:38.232","","00","76 07:01.579","0","0","0","0","36210","0","0","0","N","0","0","0","1","36210","0","","4","09","N","N","0","","0","0","0","0","0","","1545","0","1","0","0","0","0","0","1","0","1","N","","","","","","","","","","","","07","  ","","N","N"
"1517","1","0","0","0","0","0","1","0","0","4","1","","36","11","2020","2020108770","3","40.2139","-76.1261","1512","08","0","0","0","0","0","0","0","0","","0","0","0","15","1","1","00","1","40 12:50.056","5","07","76 07:33.862","3","0","0","0","36210","0","0","0","N","0","0","0","2","36210","0","","1","01","Y","N","0","","1","0","0","0","0","N","1512","1","2","0","0","0","0","0","1","0","2","N","","","","","","","","","","","1530","03","  ","","N","N"
"1400","0","0","0","0","0","0","0","0","0","7","0","","36","12","2020","2020108955","4","40.1277","-76.0748","1356","08","0","0","0","0","0","0","0","0","","0","0","0","13","1","0","00","0","40 07:39.684","","00","76 04:29.221","0","0","0","0","36209","0","0","0","N","0","0","0","3","36415","0","","4","07","N","N","0","","0","0","1","0","0","","1356","0","1","0","0","0","0","0","1","0","1","N","","","","","","","","","","","","10","  ","","N","N"
"1331","2","0","0","0","0","0","0","0","0","4","0","","36","12","2020","2020108966","1","40.0087","-76.343","1326","08","0","0","0","0","0","1","0","0","","0","0","0","13","1","0","01","0","40 00:31.485","","00","76 20:34.745","0","0","0","0","36412","0","0","0","N","0","0","0","2","36412","0","","1","01","N","N","0","","0","0","0","3","2","","1326","0","2","0","0","0","0","0","3","0","2","N","","","","","","","","","","","","03","  ","","N","N"
"1705","2","0","0","0","0","0","0","0","0","2","0","","36","11","2020","2020108890","7","40.2087","-76.1265","1700","08","0","0","0","0","0","0","0","0","","0","0","0","17","4","1","00","2","40 12:31.300","5","00","76 07:35.400","3","0","0","0","36210","0","0","0","N","0","0","0","5","36210","0","","1","01","N","N","0","","1","0","0","0","0","Y","1700","1","2","0","0","1","0","0","1","0","2","N","","","","","","","","","","","1725","03","  ","","N","N"
"1049","2","0","0","0","0","0","0","0","0","4","0","","36","11","2020","2020109010","1","40.0564","-76.3029","1042","08","0","0","0","1","0","0","0","0","","0","0","0","10","1","0","00","0","40 03:23.093","","00","76 18:10.611","0","0","0","0","36301","0","0","0","N","0","0","0","3","36301","0","","1","01","N","N","0","","0","0","0","0","0","","1039","0","2","0","0","0","0","0","3","0","2","N","","","","","","","","","","","","03","  ","","N","N"
"1254","0","0","0","0","0","0","0","0","0","7","0","","36","12","2020","2020109241","4","40.1134","-76.2427","1238","08","0","0","0","0","0","1","0","0","","0","0","0","12","1","0","00","0","40 06:48.414","","00","76 14:33.769","0","0","0","0","36101","0","0","0","N","0","0","0","1","36101","0","","4","07","N","N","0","","0","0","1","0","0","","1238","0","1","0","0","0","0","0","3","0","1","N","","","","","","","","","","","","10","02","","N","N"
"1341","1","0","0","0","0","0","0","0","0","7","0","","36","12","2020","2020109242","4","40.1109","-76.3279","1335","08","0","0","0","0","0","0","0","0","","0","0","0","13","1","1","00","0","40 06:39.070","","03","76 19:40.600","4","0","0","0","36101","0","0","0","N","0","0","0","1","36101","1","","4","07","N","N","0","","0","0","0","0","0","","1333","1","1","0","0","0","0","0","3","0","1","N","","","","","","","","","","","","10","10","","N","N"
"1432","0","0","0","0","0","0","0","0","0","7","0","","36","12","2020","2020109245","4","40.0589","-76.4038","1425","08","0","0","0","0","0","0","0","0","","0","1","0","14","1","0","00","0","40 03:32.169","","00","76 24:13.806","0","0","0","0","36214","0","0","0","N","0","0","0","1","36214","0","","2","07","N","N","0","","0","0","0","3","2","","1425","0","1","0","0","0","0","0","3","0","1","N","","","","","","","","","","","","10","  ","","N","N"
"1504","0","0","0","0","0","0","0","0","0","7","0","","36","12","2020","2020109246","4","40.0575","-76.3983","1459","08","0","0","0","1","0","0","0","0","","0","0","0","14","1","0","01","1","40 03:26.961","4","00","76 23:53.826","0","0","0","0","36214","0","0","0","N","0","0","0","2","36214","0","","2","07","N","N","0","","0","0","1","0","0","N","1457","0","1","0","0","0","0","0","3","0","1","N","","","","","","","","","","","1545","10","  ","","N",""
"1531","1","0","0","0","0","0","0","0","0","4","0","","36","12","2020","2020109247","4","40.0528","-76.3812","1520","08","0","0","0","0","0","0","1","0","","0","0","0","15","1","0","00","1","40 03:09.948","4","00","76 22:52.369","0","0","0","0","36214","0","0","0","N","0","0","0","3","36214","0","","6","07","N","N","0","","0","0","2","0","0","N","1520","0","3","0","0","0","0","0","3","0","3","N","","","","","","","","","","","1630","10","05","","N","N"
"1233","1","0","0","0","0","0","0","0","0","4","0","","36","12","2020","2020109248","4","40.0228","-76.3671","1233","08","0","0","1","1","0","0","0","0","","0","0","0","12","1","0","02","1","40 01:21.946","7","00","76 22:01.509","0","0","0","0","36223","0","0","0","N","0","0","0","3","36223","0","","1","07","N","N","0","","0","0","1","3","3","N","1233","0","2","0","0","0","0","0","1","0","2","N","","","","","","","","","","","1310","10","  ","","N",""
"0954","1","0","0","0","0","0","0","0","0","4","0","","36","12","2020","2020109475","6","40.0638","-76.3405","0951","08","0","0","0","0","0","0","1","1","","0","0","0","09","1","0","01","1","40 03:49.546","3","00","76 20:25.898","0","0","0","0","36101","0","0","0","N","0","0","0","2","36101","0","","1","01","N","N","0","","0","0","1","3","2","N","0950","0","2","0","0","0","0","0","3","0","2","N","","","","","","","","","","","1050","03","03","","N",""
"2206","1","0","0","0","0","0","0","0","0","7","0","","36","12","2020","2020109477","7","40.0583","-76.2957","2203","08","0","0","1","0","0","0","0","0","","0","0","0","22","2","0","00","2","40 03:29.710","6","00","76 17:44.380","0","0","0","0","36101","0","0","0","N","0","0","0","1","36101","0","","5","01","N","N","0","","0","0","0","0","0","Y","2202","0","1","0","0","0","0","0","3","0","1","N","","","","","","","","","","","2259","03","  ","","N","N"
"0709","3","0","0","0","0","0","0","0","0","1","0","","36","12","2020","2020109480","4","40.0533","-76.3903","0704","08","0","0","0","0","0","0","0","0","","0","0","0","06","5","0","00","1","40 03:11.741","4","00","76 23:24.906","0","0","0","0","36214","0","0","0","N","0","0","0","3","36214","0","","1","01","N","N","0","","0","0","0","0","0","N","0657","0","3","0","0","0","0","0","3","0","3","N","","","","","","","","","","","0743","03","03","","N","N"
"1213","0","0","0","0","0","0","0","0","0","4","1","","36","12","2020","2020109481","5","40.073","-76.3511","1211","08","0","0","0","0","0","0","0","0","","0","1","0","12","1","2","02","2","40 04:22.932","5","00","76 21:03.988","4","0","0","0","36214","0","0","0","N","0","0","0","3","36214","2","","1","07","N","N","0","","0","0","1","3","3","Y","1210","2","2","0","0","0","0","0","3","0","2","N","","","","","","","","","","","1300","03","  ","","N",""
"0405","1","0","0","0","0","0","0","0","0","1","0","","36","12","2020","2020109803","7","40.0334","-76.3048","0400","08","0","0","0","0","0","0","0","0","","0","0","0","03","3","0","03","1","40 02:00.640","1","00","76 18:17.426","0","0","0","0","36301","0","0","0","N","0","0","0","1","36301","0","","2","09","N","N","0","","0","0","2","0","0","N","0359","0","3","0","0","0","0","0","3","0","3","N","","","","","","","","","","","0435","07","  ","","N","N"
"0812","1","0","0","0","0","0","0","0","0","1","0","","36","11","2020","2020109822","2","40.053","-76.3239","0804","08","0","0","1","0","0","0","0","0","","0","0","0","07","5","0","00","1","40 03:10.770","4","00","76 19:25.937","9","0","0","0","36101","0","0","0","N","0","0","0","2","36101","0","","1","09","N","N","0","","0","0","0","0","0","N","0758","0","2","0","0","0","0","1","3","0","2","N","","","","","","","","","","","0035","07","04","","N","N"
"1445","2","0","0","0","0","0","0","0","0","4","0","","36","12","2020","2020109824","6","40.0685","-76.3074","1445","08","0","0","0","0","0","1","1","0","","0","0","0","14","1","0","01","1","40 04:06.605","2","00","76 18:27.559","0","0","0","0","36101","0","0","0","N","0","0","0","2","36101","0","","1","09","N","N","0","","0","0","0","3","2","N","1439","0","2","0","0","0","0","0","3","0","2","N","","","","","","","","","","","1520","03","  ","","N",""
"2135","1","0","0","0","0","0","0","0","0","5","0","","36","12","2020","2020109925","4","40.2311","-76.1244","2053","08","0","0","0","0","0","0","0","0","","0","0","0","20","2","1","00","0","40 13:51.827","","00","76 07:28.000","3","0","0","0","36210","0","0","0","N","0","0","0","1","68T06","0","","4","02","N","N","0","","1","0","0","0","0","","2052","1","1","0","0","0","0","0","1","0","1","N","","","","","","","","","","","","09","10","","N","N"
"0820","1","0","0","0","0","0","0","0","0","7","0","","36","11","2020","2020109975","2","40.032","-76.4816","0812","08","0","0","0","0","0","0","0","0","","0","0","0","08","1","0","00","1","40 01:55.265","1","00","76 28:53.857","0","0","0","0","36404","0","0","0","N","0","0","0","1","36404","0","","2","09","N","N","0","","0","0","0","0","0","N","0812","0","1","0","0","0","0","0","3","0","1","N","","","","","","","","","","","0855","07","  ","","N","N"
"1410","1","0","0","0","0","0","0","0","0","1","0","","36","12","2020","2020110053","4","40.1099","-76.5034","1407","08","0","0","0","0","0","0","0","0","","0","0","0","14","1","1","00","0","40 06:35.587","","00","76 30:12.138","4","0","0","0","36413","0","0","0","N","0","0","0","4","36413","1","","1","01","N","N","0","","0","0","1","0","0","","1407","1","2","0","0","0","0","0","2","0","2","N","","","","","","","","","","","","03","  ","","N","Y"
"0250","2","0","0","0","0","0","0","0","0","1","0","","36","12","2020","2020110064","1","40.037","-76.3147","0248","08","0","0","0","0","0","0","0","0","","0","0","0","02","3","1","00","2","40 02:13.183","3","00","76 18:53.043","8","0","0","0","36301","0","0","0","N","0","0","0","2","36301","0","","2","08","N","N","0","","0","0","0","0","0","Y","0248","1","2","0","0","0","1","0","3","0","2","N","","","","","","","","","","","0320","03","03","","N","N"
"1250","0","0","0","0","0","0","0","0","0","4","1","","36","12","2020","2020110071","4","40.1436","-76.3048","1247","08","0","0","0","0","0","0","0","0","","0","1","0","12","1","0","01","0","40 08:36.966","","00","76 18:17.243","9","0","0","0","36409","0","0","0","N","0","0","0","2","36409","0","","1","07","N","N","0","","0","0","1","3","2","","1234","0","2","0","0","0","0","1","3","0","2","N","","","","","","","","","","","","10","  ","","N",""
"1732","1","0","0","0","0","0","0","0","0","4","0","","36","12","2020","2020110090","6","40.0442","-76.3079","1728","08","0","0","0","1","0","0","0","0","","0","0","0","17","3","0","01","1","40 02:39.080","3","00","76 18:28.454","0","0","0","0","36301","0","0","0","N","0","0","0","2","36301","0","","1","06","N","N","0","","0","0","1","3","3","N","1728","0","2","0","0","0","0","0","3","0","2","N","","","","","","","","","","","1800","03","03","","N","N"
"1615","2","0","0","0","0","0","0","0","0","1","0","","36","12","2020","2020110170","6","40.0839","-76.4203","1610","08","0","0","0","0","0","1","0","0","","0","0","0","16","4","0","00","1","40 05:02.040","1","00","76 25:12.960","0","0","0","0","36214","0","0","0","N","0","0","0","2","36214","0","","1","01","N","N","0","","0","0","0","0","0","N","1605","0","2","0","0","0","0","0","3","0","2","N","","","","","","","","","","","1700","03","03","","N","N"
"0544","1","0","0","0","0","0","0","0","0","7","0","","36","12","2020","2020110171","7","40.0534","-76.3892","0534","08","0","0","0","0","0","0","0","0","","0","0","0","05","2","0","00","1","40 03:12.262","4","00","76 23:21.120","0","0","0","0","36214","0","0","0","N","0","0","0","1","36214","0","","2","01","N","N","0","","0","0","0","0","0","N","0530","0","1","0","0","0","0","0","3","0","1","N","","","","","","","","","","","0630","03","03","","N","N"
"1210","1","0","0","0","0","0","0","0","0","7","0","","36","12","2020","2020110173","4","40.0482","-76.4092","1159","08","0","0","0","0","0","0","0","0","","0","0","0","11","1","0","00","0","40 02:53.353","","00","76 24:33.054","0","0","0","0","36239","0","0","0","N","0","0","0","1","36239","0","","4","07","N","N","0","","0","0","0","0","0","","1159","0","1","0","0","0","0","0","3","0","1","N","","","","","","","","","","","","10","06","","N","N"
"1456","0","0","0","0","0","0","0","0","0","7","0","","36","12","2020","2020110174","4","40.0307","-76.4434","1442","08","0","0","1","0","0","0","0","0","","0","0","0","14","1","0","00","1","40 01:50.380","3","00","76 26:36.060","0","0","0","0","36239","0","0","0","N","0","0","0","1","36239","0","","2","07","N","N","1","","0","0","0","0","0","N","1427","0","1","0","0","0","0","0","3","0","1","N","","","","","","","","","","","1547","10","  ","","N","N"
"1733","1","0","0","0","0","0","0","0","0","7","0","","36","12","2020","2020110259","6","40.187","-76.1264","1723","08","0","0","0","0","0","0","0","0","","0","0","0","17","2","0","00","0","40 11:13.275","","00","76 07:35.023","0","0","0","0","36210","0","0","0","N","0","0","0","1","36210","0","","2","09","N","N","0","","0","0","0","0","0","","1706","0","1","0","0","0","0","0","1","0","1","N","","","","","","","","","","","","03","  ","","N","N"
"1706","3","0","0","0","0","0","0","0","0","1","0","","36","12","2020","2020110275","6","40.0065","-76.2965","1702","08","0","0","0","0","0","0","0","1","","0","0","0","17","3","0","02","1","40 00:23.242","1","00","76 17:47.551","0","0","0","0","36240","0","0","0","N","0","0","0","3","36240","0","","1","01","N","N","0","","0","0","0","3","3","Y","1700","0","3","0","0","1","0","0","1","0","3","N","","","","","","","","","","","1801","03","  ","","N","N"
"1838","0","0","0","0","0","0","0","0","0","8","0","","36","11","2020","2020110520","4","40.037","-76.2608","1834","08","0","0","0","0","0","0","0","0","","0","0","0","18","2","1","00","0","40 02:13.064","","07","76 15:38.807","2","0","0","0","36301","1","0","1","N","1","0","1","2","36215","0","","1","01","N","N","0","","0","1","0","0","0","","1830","1","2","0","0","0","0","1","3","0","1","N","","","","","","","","","","","","03","03","","N","N"
"1011","0","0","0","0","0","0","0","0","0","4","0","","36","12","2020","2020110522","3","40.0885","-76.1379","1008","08","0","0","0","0","0","1","1","0","","0","1","0","10","1","0","00","1","40 05:18.500","6","07","76 08:16.400","0","0","0","0","36234","0","0","0","N","0","0","0","2","36215","0","","1","01","N","N","1","","0","0","0","0","0","N","1008","0","2","0","0","1","0","0","1","0","2","N","","","","","","","","","","","1040","03","03","","N","N"
"1712","1","0","0","0","0","0","0","0","0","8","0","","36","12","2020","2020110523","3","40.0554","-76.2513","1707","08","0","0","0","0","0","0","0","0","","0","0","0","17","3","2","01","0","40 03:19.468","","00","76 15:04.770","3","0","0","0","36215","2","0","0","N","2","0","0","3","36215","0","","1","01","N","N","0","","1","0","0","3","2","","1707","2","3","0","0","0","1","0","1","0","1","N","","","","","","","","","","","","03","  ","","N",""
"1715","0","0","0","0","0","0","0","0","0","2","0","","36","12","2020","2020110524","3","40.0319","-76.2398","1712","08","0","0","0","0","0","1","0","0","","0","0","0","17","3","3","02","1","40 01:54.765","4","00","76 14:23.331","3","0","0","0","36215","0","0","0","N","0","0","0","6","36215","0","","1","01","N","N","0","","3","0","2","3","2","Y","1712","3","2","0","0","0","0","0","1","0","2","N","","","","","","","","","","","1805","03","03","","N",""