"ARRIVAL_TM","AUTOMOBILE_COUNT","BELTED_DEATH_COUNT","BELTED_SUSP_SERIOUS_INJ_COUNT","BICYCLE_COUNT","BICYCLE_DEATH_COUNT","BICYCLE_SUSP_SERIOUS_INJ_COUNT","BUS_COUNT","CHLDPAS_DEATH_COUNT","CHLDPAS_SUSP_SERIOUS_INJ_COUNT","COLLISION_TYPE","COMM_VEH_COUNT","CONS_ZONE_SPD_LIM","COUNTY","CRASH_MONTH","CRASH_YEAR","CRN","DAY_OF_WEEK","DEC_LAT","DEC_LONG","DISPATCH_TM","DISTRICT","DRIVER_COUNT_16YR","DRIVER_COUNT_17YR","DRIVER_COUNT_18YR","DRIVER_COUNT_19YR","DRIVER_COUNT_20YR","DRIVER_COUNT_50_64YR","DRIVER_COUNT_65_74YR","DRIVER_COUNT_75PLUS","EST_HRS_CLOSED","FATAL_COUNT","HEAVY_TRUCK_COUNT","HORSE_BUGGY_COUNT","HOUR_OF_DAY","ILLUMINATION","INJURY_COUNT","INTERSECT_TYPE","LANE_CLOSED","LATITUDE","LN_CLOSE_DIR","LOCATION_TYPE","LONGITUDE","MAX_SEVERITY_LEVEL","MCYCLE_DEATH_COUNT","MCYCLE_SUSP_SERIOUS_INJ_COUNT","MOTORCYCLE_COUNT","MUNICIPALITY","NONMOTR_COUNT","NONMOTR_DEATH_COUNT","NONMOTR_SUSP_SERIOUS_INJ_COUNT","NTFY_HIWY_MAINT","PED_COUNT","PED_DEATH_COUNT","PED_SUSP_SERIOUS_INJ_COUNT","PERSON_COUNT","POLICE_AGCY","POSSIBLE_INJ_COUNT","RDWY_SURF_TYPE_CD","RELATION_TO_ROAD","ROAD_CONDITION","SCH_BUS_IND","SCH_ZONE_IND","SMALL_TRUCK_COUNT","SPEC_JURIS_CD","SUSP_MINOR_INJ_COUNT","SUSP_SERIOUS_INJ_COUNT","SUV_COUNT","TCD_FUNC_CD","TCD_TYPE","TFC_DETOUR_IND","TIME_OF_DAY","TOT_INJ_COUNT","TOTAL_UNITS","UNB_DEATH_COUNT","UNB_SUSP_SERIOUS_INJ_COUNT","UNBELTED_OCC_COUNT","UNK_INJ_DEG_COUNT","UNK_INJ_PER_COUNT","URBAN_RURAL","VAN_COUNT","VEHICLE_COUNT","WORK_ZONE_IND","WORK_ZONE_LOC","WORK_ZONE_TYPE","WORKERS_PRES","WZ_CLOSE_DETOUR","WZ_FLAGGER","WZ_LAW_OFFCR_IND","WZ_LN_CLOSURE","WZ_MOVING","WZ_OTHER","WZ_SHLDER_MDN","ROADWAY_CLEARED","WEATHER1","WEATHER2","WZ_WORKERS_INJ_KILLED","SECONDARY_CRASH","INTERSECTION_RELATED"
"1033","1","0","0","0","0","0","0","0","0","4","0","","36","12","2020","2020110526","6","40.0315","-76.2382","1026","08","0","0","0","0","0","1","0","0","","0","0","0","10","1","0","01","1","40 01:50.123","4","00","76 14:03.641","0","0","0","0","36215","0","0","0","N","0","0","0","3","36215","0","","1","01","N","N","0","","0","0","1","3","2","N","1023","0","2","0","0","0","0","0","1","0","2","N","","","","","","","","","","","1115","03","  ","","N",""
"1212","1","0","0","0","0","0","0","0","0","6","0","","36","12","2020","2020110528","3","40.0251","-76.4546","1205","08","0","0","0","0","0","0","0","1","","0","0","0","12","1","2","00","2","40 01:30.260","5","00","76 27:16.550","3","0","0","0","36239","0","0","0","N","0","0","0","2","36239","1","","1","01","N","N","0","","1","0","1","0","0","Y","1205","2","2","0","0","0","0","0","3","0","2","N","","","","","","","","","","","1300","03","03","","N","N"
"0024","1","0","0","0","0","0","0","0","0","7","0","","36","12","2020","2020110529","3","40.1714","-76.2983","0022","08","0","0","0","0","1","0","0","0","","0","0","0","00","2","0","00","1","40 10:17.100","1","00","76 17:53.960","0","0","0","0","36235","0","0","0","N","0","0","0","1","36506","0","","4","01","N","N","0","","0","0","0","0","0","N","0019","0","1","0","0","0","0","0","1","0","1","N","","","","","","","","","","","0138","03","  ","","N","N"
"1224","0","0","0","0","0","0","0","0","0","7","0","","36","12","2020","2020110530","3","40.1535","-76.3372","1215","08","0","0","0","0","0","1","0","0","","0","0","0","12","1","0","00","1","40 09:12.534","6","00","76 20:13.754","0","0","0","1","36227","0","0","0","N","0","0","0","1","36506","0","","4","01","N","N","0","","0","0","0","0","0","Y","1215","0","1","0","0","0","0","0","1","0","1","N","","","","","","","","","","","0100","03","  ","","N","N"
"1225","2","0","0","0","0","0","0","0","0","4","0","","36","12","2020","2020110531","4","40.0912","-76.3472","1210","08","0","0","0","0","0","0","0","0","","0","0","0","12","1","2","00","1","40 05:28.310","2","00","76 20:49.827","3","0","0","0","36406","0","0","0","N","0","0","0","3","36506","0","","1","07","N","N","0","","2","0","0","0","0","N","1207","2","2","0","0","0","0","0","3","0","2","N","","","","","","","","","","","1230","10","  ","","N","N"
"1229","0","0","0","0","0","0","0","0","0","7","0","","36","12","2020","2020110330","4","40.0556","-76.2691","1219","08","0","0","1","0","0","0","0","0","","0","0","0","12","1","0","00","0","40 03:20.207","","00","76 16:08.606","0","0","0","0","36215","0","0","0","N","0","0","0","1","36301","0","","3","06","N","N","1","","0","0","0","0","0","","1217","0","1","0","0","0","0","0","1","0","1","N","","","","","","","","","","","","10","  ","","N","N"
"1133","1","0","0","0","0","0","0","0","0","5","1","","36","12","2020","2020110736","4","40.0146","-76.3747","1130","08","0","0","0","0","0","1","0","0","","0","1","0","11","1","1","00","0","40 00:52.600","","00","76 22:29.000","4","0","0","0","36223","0","0","0","N","0","0","0","2","36223","1","","1","01","N","N","0","","0","0","0","0","0","","1128","1","2","0","0","0","0","0","1","0","2","N","","","","","","","","","","","","10","  ","","N","N"
"1524","1","0","0","0","0","0","0","0","0","7","0","","36","12","2020","2020110737","4","40.0135","-76.3764","1521","08","0","0","0","0","0","0","0","0","","0","0","0","15","8","0","00","2","40 00:48.600","5","00","76 22:34.960","0","0","0","0","36223","0","0","0","N","0","0","0","1","36223","0","","6","07","N","N","0","","0","0","0","0","0","Y","1519","0","1","0","0","0","0","0","1","0","1","N","","","","","","","","","","","0100","10","09","","N","N"
"1938","0","0","0","0","0","0","0","0","0","4","0","","36","11","2020","2020111046","4","39.9945","-76.0291","1934","08","0","0","0","0","0","0","1","0","","0","0","0","19","2","1","01","2","39 59:40.359","2","00","76 01:44.728","3","0","0","0","36232","0","0","0","N","0","0","0","3","68J01","0","","1","01","N","N","0","","1","0","2","3","2","N","1933","1","2","0","0","0","0","0","1","0","2","N","","","","","","","","","","","0005","03","  ","","N",""
"1628","2","0","0","0","0","0","0","0","0","4","0","","36","12","2020","2020110795","2","40.2137","-76.1264","1625","08","0","0","0","0","0","1","0","0","","0","0","0","16","1","3","01","1","40 12:49.356","1","00","76 07:35.127","3","0","0","0","36210","0","0","0","N","0","0","0","3","36210","0","","1","09","N","N","0","","2","0","0","3","2","N","1622","3","2","0","0","0","1","0","1","0","2","N","","","","","","","","","","","1736","05","  ","","N","N"
"1551","0","0","0","0","0","0","0","0","0","1","1","","36","12","2020","2020110800","6","40.2101","-76.107","1543","08","0","0","0","0","0","1","0","0","","0","1","0","15","1","0","00","0","40 12:36.231","","00","76 06:25.248","0","0","0","0","36210","0","0","0","N","0","0","0","2","36210","0","","1","01","N","N","1","","0","0","0","0","0","","1540","0","2","0","0","0","0","0","1","0","2","N","","","","","","","","","","","","03","  ","","N","N"
"1025","1","0","0","0","0","0","0","0","0","7","0","","36","12","2020","2020110997","2","40.0087","-76.3034","1017","08","0","0","0","0","0","0","0","0","","0","0","0","10","1","1","00","1","40 00:31.264","2","00","76 18:12.268","3","0","0","0","36220","0","0","0","N","0","0","0","1","36101","0","","5","06","N","N","0","","1","0","0","0","0","N","1016","1","1","0","0","0","0","0","3","0","1","N","","","","","","","","","","","0030","03","03","","N","N"
"1308","1","0","0","0","0","0","0","0","0","4","0","","36","10","2020","2020110999","7","40.0728","-76.1055","1304","08","0","0","0","0","0","0","0","0","","0","0","0","13","1","0","01","0","40 04:22.118","","00","76 06:19.973","0","0","0","0","36221","0","0","0","N","0","0","0","2","36215","0","","1","01","N","N","1","","0","0","0","3","3","","1300","0","2","0","0","0","0","0","1","0","2","N","","","","","","","","","","","","03","03","","N",""
"1237","0","0","0","0","0","0","0","0","0","8","0","","36","12","2020","2020111002","4","40.1601","-76.308","1234","08","0","0","0","0","0","0","0","0","","0","0","0","12","1","1","00","1","40 09:36.503","3","00","76 18:28.703","3","0","0","0","36409","1","0","0","N","1","0","0","2","36409","0","","5","07","N","N","0","","1","0","1","0","0","N","1233","1","2","0","0","0","0","0","3","0","1","N","","","","","","","","","","","1307","10","04","","N","N"
"1528","0","0","1","0","0","0","0","0","0","1","2","","36","12","2020","2020111005","5","40.1512","-76.5658","1522","08","0","0","0","0","0","0","0","0","","0","2","0","15","1","2","00","2","40 09:04.245","4","00","76 33:56.917","2","0","0","0","36225","1","0","0","N","0","0","0","3","36505","0","","2","01","N","N","1","","1","1","0","0","0","Y","1515","2","3","0","0","0","0","0","2","0","3","N","","","","","","","","","","","1705","03","03","","N","N"
"0944","0","0","0","0","0","0","0","0","0","7","0","","36","12","2020","2020111006","2","40.1294","-76.558","0943","08","0","0","0","0","0","0","0","0","","0","0","0","09","1","1","00","0","40 07:45.681","","00","76 33:28.650","3","0","0","0","36225","0","0","0","N","0","0","0","1","36505","0","","2","09","N","N","0","","1","0","1","9","9","","0943","1","1","0","0","0","0","0","2","0","1","N","","","","","","","","","","","","10","07","","N","N"
"1128","1","0","0","0","0","0","0","0","0","7","0","","36","12","2020","2020111007","2","40.1564","-76.6597","1123","08","0","0","0","0","0","0","0","0","","0","0","0","11","1","0","00","2","40 09:22.900","5","00","76 39:34.860","0","0","0","0","36237","0","0","0","N","0","0","0","1","36505","0","","2","06","N","N","0","","0","0","0","0","0","N","1120","0","1","0","0","0","0","0","1","0","1","N","","","","","","","","","","","1200","10","07","","N","N"
"0959","1","0","1","0","0","0","0","0","0","4","0","","36","11","2020","2020111052","2","39.8692","-76.2276","0945","08","0","0","0","0","0","0","1","0","","0","0","0","09","1","1","01","1","39 52:09.173","7","00","76 13:39.324","2","0","0","0","36208","0","0","0","Y","0","0","0","2","68J01","0","","1","01","N","N","0","","0","1","1","3","2","N","0943","1","2","0","0","0","0","0","1","0","2","N","","","","","","","","","","","1033","03","03","","N","N"
"2035","0","0","0","0","0","0","0","0","0","4","0","","36","11","2020","2020111051","5","39.8414","-76.0613","2001","08","0","0","0","0","0","0","1","0","","0","0","0","19","2","1","01","2","39 50:29.050","7","00","76 03:40.665","3","0","0","0","36205","0","0","0","N","0","0","0","3","68J01","0","","1","01","N","N","0","","1","0","1","3","3","Y","1956","1","2","0","0","0","0","0","1","1","2","N","","","","","","","","","","","2110","03","03","","N","N"
"1445","0","0","0","1","0","1","0","0","0","4","0","","36","12","2020","2020110735","5","40.0399","-76.3659","1438","08","0","0","1","0","0","0","0","0","","0","0","0","14","1","1","02","2","40 02:23.570","5","00","76 21:57.088","2","0","0","0","36223","1","0","1","N","0","0","0","4","36223","0","","1","01","N","N","1","","0","1","0","0","0","N","1438","1","2","0","0","0","0","0","1","0","1","N","","","","","","","","","","","1544","04","  ","","N",""
"1424","1","1","0","0","0","0","0","0","0","4","0","","36","12","2020","2020111193","3","40.1713","-76.1238","1417","08","0","0","0","0","0","0","0","1","","1","0","0","14","1","0","01","2","40 10:16.685","5","00","76 07:25.353","1","0","0","0","36218","0","0","0","N","0","0","0","2","36408","0","2","1","01","N","N","1","0","0","0","0","3","3","N","1415","0","2","0","0","0","0","0","1","0","2","N","","","","","","","","","","","1628","03","03","","N",""
"2023","3","0","0","0","0","0","0","0","0","2","0","","36","12","2020","2020111213","3","40.1655","-76.1596","2019","08","0","0","0","0","0","0","0","0","","0","0","0","20","3","0","01","1","40 09:55.667","4","00","76 09:34.569","0","0","0","0","36218","0","0","0","N","0","0","0","4","36408","0","","1","01","N","N","0","","0","0","0","3","2","Y","2015","0","3","0","0","0","0","0","1","0","3","N","","","","","","","","","","","2116","03","03","","N",""
"1723","1","0","0","0","0","0","0","0","0","1","0","","36","12","2020","2020111223","2","40.1059","-76.3291","1713","08","0","0","0","0","0","1","0","0","","0","0","0","17","2","0","00","1","40 06:21.300","4","00","76 19:44.931","0","0","0","0","36101","0","0","0","N","0","0","0","2","36101","0","","1","09","N","N","0","","0","0","1","0","0","N","1712","0","2","0","0","0","0","0","3","0","2","N","","","","","","","","","","","1800","03","03","","N","Y"
"1925","2","0","0","0","0","0","0","0","0","4","0","","36","12","2020","2020111224","2","40.088","-76.329","1911","08","0","0","0","0","0","0","0","0","","0","0","0","19","2","1","01","1","40 05:16.970","6","00","76 19:44.246","3","0","0","0","36101","0","0","0","N","0","0","0","2","36101","0","","1","08","N","N","0","","1","0","0","3","3","N","1909","1","2","0","0","0","0","0","3","0","2","N","","","","","","","","","","","2007","03","03","","N",""
"1759","0","0","0","0","0","0","0","0","0","1","0","","36","12","2020","2020111225","3","40.0865","-76.3286","1752","08","0","0","0","1","0","0","0","0","","0","0","0","17","2","2","00","1","40 05:11.229","1","00","76 19:42.841","3","0","0","0","36101","0","0","0","N","0","0","0","3","36101","0","","1","09","N","N","0","","2","0","3","0","0","N","1750","2","3","0","0","0","0","0","3","0","3","N","","","","","","","","","","","0045","04","04","","N","N"
"1733","1","1","0","0","0","0","0","0","0","2","0","","36","11","2020","2020111299","4","40.0056","-76.1087","1730","08","0","0","0","0","0","0","0","0","","1","0","0","17","2","1","00","2","40 00:20.080","6","00","76 06:31.185","1","0","0","0","36226","0","0","0","N","0","0","0","2","68J01","0","2","1","09","N","N","0","0","0","0","0","0","0","Y","1726","1","2","0","0","0","1","0","1","1","2","N","","","","","","","","","","","1950","07","  ","","N","N"
"0249","1","0","0","0","0","0","0","0","0","7","0","","36","11","2020","2020111301","1","39.7703","-76.1792","0249","08","0","0","0","0","0","0","0","0","","0","0","0","02","2","1","00","0","39 46:12.946","","00","76 10:45.124","3","0","0","0","36219","0","0","0","N","0","0","0","1","68J01","0","","4","01","N","N","0","","1","0","0","0","0","","0249","1","1","0","0","1","0","0","1","0","1","N","","","","","","","","","","","","03","03","","N","N"
"2142","1","0","0","0","0","0","0","0","0","7","0","","36","11","2020","2020111300","4","39.9954","-76.0427","2121","08","0","0","0","0","0","0","0","0","","0","0","0","21","2","0","00","0","39 59:43.407","","00","76 02:33.698","0","0","0","0","36232","0","0","0","Y","0","0","0","1","68J01","0","","4","01","N","N","0","","0","0","0","3","2","","2113","0","1","0","0","0","0","0","1","0","1","N","","","","","","","","","","","","03","03","","N","N"
"1528","1","0","0","0","0","0","0","0","0","1","0","","36","12","2020","2020111313","3","39.9979","-76.1025","1521","08","0","0","1","0","0","1","0","0","","0","0","0","15","1","0","00","0","39 59:52.604","","00","76 06:09.046","0","0","0","0","36226","0","0","0","N","0","0","0","3","68J01","0","","1","01","N","N","1","","0","0","0","0","0","","1510","0","2","0","0","0","0","0","1","0","2","N","","","","","","","","","","","","03","  ","","N","N"
"0356","4","0","0","0","0","0","0","0","0","1","0","","36","11","2020","2020111210","4","40.0314","-76.315","0349","08","0","0","0","0","0","0","0","0","","0","0","0","03","3","1","01","2","40 01:52.900","1","00","76 18:54.000","4","0","0","0","36301","0","0","0","N","0","0","0","3","36301","1","","1","01","N","N","0","","0","0","0","0","0","Y","0347","1","4","0","0","0","0","2","3","0","4","N","","","","","","","","","","","0446","03","03","","N",""
"0812","2","0","0","0","0","0","0","0","0","4","0","","36","12","2020","2020111377","1","40.0399","-76.3029","0811","08","0","0","0","0","0","1","0","0","","0","0","0","08","1","0","01","1","40 02:23.504","4","00","76 18:10.551","0","0","0","0","36301","0","0","0","N","0","0","0","2","36301","0","","1","01","N","N","0","","0","0","0","3","3","N","0811","0","2","0","0","0","0","0","3","0","2","N","","","","","","","","","","","0840","03","03","","N",""
"1733","0","0","0","0","0","0","0","0","0","4","0","","36","12","2020","2020111433","2","40.0415","-76.2463","1726","08","0","0","0","0","0","0","0","0","","0","0","0","17","3","0","00","0","40 02:29.447","","00","76 14:46.817","0","0","0","0","36215","0","0","0","N","0","0","0","2","36215","0","","1","01","N","N","1","","0","0","1","0","0","","1723","0","2","0","0","0","0","0","1","0","2","N","","","","","","","","","","","","03","  ","","N","N"
"1851","0","0","0","0","0","0","0","0","0","1","0","","36","11","2020","2020111462","2","40.0439","-76.4462","1841","08","0","0","0","0","0","1","0","0","","0","0","0","18","2","0","00","2","40 02:38.110","6","00","76 26:46.140","0","0","0","0","36414","0","0","0","N","0","0","0","1","68J01","0","","1","01","N","N","1","","0","0","1","0","0","Y","1840","0","2","0","0","0","0","0","3","0","2","N","","","","","","","","","","","2027","03","03","","N","N"
"0746","0","0","0","0","0","0","0","0","0","7","0","","36","11","2020","2020111463","4","39.9363","-76.1773","0731","08","0","0","0","0","0","0","0","0","","0","0","0","07","5","1","00","0","39 56:10.750","","00","76 10:38.360","3","0","0","0","36233","0","0","0","N","0","0","0","1","68J01","0","","4","01","N","N","1","","1","0","0","0","0","","0725","1","1","0","0","1","0","0","1","0","1","N","","","","","","","","","","","","05","05","","N","N"
"2106","1","0","0","0","0","0","0","0","0","7","0","","36","11","2020","2020111465","4","40.0968","-75.9462","2051","08","0","0","0","0","0","0","0","0","","0","0","0","20","3","0","00","0","40 05:48.590","","00","75 56:46.490","0","0","0","0","36232","0","0","0","N","0","0","0","1","68J01","0","","4","01","N","N","0","","0","0","0","0","0","","2028","0","1","0","0","0","0","0","1","0","1","N","","","","","","","","","","","","03","03","","N","N"
"2056","1","0","0","0","0","0","0","0","0","7","0","","36","11","2020","2020111469","1","39.9256","-76.1998","2037","08","0","0","0","0","0","1","0","0","","0","0","0","20","2","0","00","2","39 55:32.048","6","01","76 11:59.240","0","0","0","0","36229","0","0","0","N","0","0","0","1","68J01","0","","4","01","N","N","0","","0","0","0","0","0","Y","2030","0","1","0","0","0","0","0","1","0","1","N","","","","","","","","","","","2200","03","03","","N","N"
"2215","2","0","0","0","0","0","0","0","0","4","0","","36","12","2020","2020111575","4","40.0302","-76.293","2210","08","0","0","0","0","0","0","0","0","","0","0","0","22","3","1","01","1","40 01:48.665","3","00","76 17:34.864","3","0","0","0","36301","0","0","0","N","0","0","0","2","36301","0","","1","01","N","N","0","","1","0","0","3","3","N","2207","1","2","0","0","0","0","0","3","0","2","N","","","","","","","","","","","2252","03","  ","","N","N"
"1100","0","0","0","0","0","0","0","0","0","7","1","","36","12","2020","2020111606","6","40.272","-76.1313","1055","08","0","0","0","0","0","0","0","0","","0","1","0","10","1","0","00","1","40 16:19.312","3","00","76 07:52.664","0","0","0","0","36236","0","0","0","Y","0","0","0","1","36408","0","","2","06","N","N","0","","0","0","0","0","0","Y","1055","0","1","0","0","0","0","0","1","0","1","N","","","","","","","","","","","1200","10","  ","","N","N"
"0736","1","0","0","0","0","0","0","0","0","7","0","","36","12","2020","2020111609","4","40.2694","-76.1868","0732","08","0","0","0","0","0","0","0","0","","0","0","0","07","1","0","00","1","40 16:09.987","2","00","76 11:12.555","0","0","0","0","36236","0","0","0","N","0","0","0","1","36408","0","","2","02","N","N","0","","0","0","0","0","0","N","0730","0","1","0","0","0","0","0","1","0","1","N","","","","","","","","","","","0815","03","03","","N","N"
"1607","2","0","0","0","0","0","0","0","0","4","0","","36","12","2020","2020111667","4","40.0251","-76.3177","1604","08","0","0","0","0","0","2","0","0","","0","0","0","16","4","2","01","0","40 01:30.485","","00","76 19:03.655","8","0","0","0","36301","0","0","0","N","0","0","0","3","36301","0","","1","01","N","N","0","","0","0","0","3","3","","1600","2","3","0","0","0","2","0","3","1","3","N","","","","","","","","","","","","04","  ","","Y",""
"2236","0","0","0","0","0","0","0","0","0","1","0","","36","12","2020","2020111787","1","39.9597","-76.3202","2217","08","0","0","0","0","0","0","0","0","","0","0","0","22","2","0","00","2","39 57:34.990","6","00","76 19:12.780","0","0","0","0","36228","0","0","0","N","0","0","0","2","68J01","0","","1","01","N","N","0","","0","0","2","0","0","N","2208","0","2","0","0","0","0","0","1","0","2","N","","","","","","","","","","","2332","03","  ","","N","N"
"1302","1","0","0","0","0","0","0","0","0","7","0","","36","12","2020","2020111799","4","40.2149","-76.2743","1302","08","0","0","0","0","0","1","0","0","","0","0","0","12","1","1","01","1","40 12:53.809","6","00","76 16:27.631","4","0","0","0","36217","0","0","0","N","0","0","0","1","68J01","1","","4","07","N","N","0","","0","0","0","0","0","N","1259","1","1","0","0","0","0","0","1","0","1","N","","","","","","","","","","","1325","10","02","","N","N"
"0237","0","0","0","0","0","0","0","0","0","7","0","","36","11","2020","2020111960","4","39.8773","-76.1895","0206","08","0","0","0","0","0","0","0","0","","0","0","0","01","2","1","00","0","39 52:38.340","","00","76 11:22.280","3","0","0","0","36212","0","0","0","N","0","0","0","1","68J01","0","","4","01","N","N","0","","1","0","1","0","0","","0146","1","1","0","0","1","0","0","1","0","1","N","","","","","","","","","","","","03","  ","","N","N"
"1825","1","0","0","0","0","0","0","0","0","5","0","","36","12","2020","2020111890","5","40.098","-76.2592","1811","08","0","0","0","0","0","0","0","0","","0","0","0","18","3","0","00","0","40 05:52.802","","00","76 15:33.026","0","0","0","0","36101","0","0","0","N","0","0","0","2","36101","0","","1","09","N","N","1","","0","0","0","0","0","","1811","0","2","0","0","0","0","0","3","0","2","N","","","","","","","","","","","","07","07","","N","N"
"1132","1","0","0","0","0","0","0","0","0","7","0","","36","11","2020","2020111958","5","39.8902","-76.238","1127","08","0","0","0","0","0","0","0","0","","0","0","0","11","1","0","01","0","39 53:24.827","","00","76 14:16.772","0","0","0","0","36229","0","0","0","N","0","0","0","1","68J01","0","","5","01","N","N","0","","0","0","0","0","0","","1126","0","1","0","0","0","0","0","1","0","1","N","","","","","","","","","","","","03","  ","","N","N"
"0055","1","0","0","0","0","0","0","0","0","7","0","","36","11","2020","2020111959","7","39.8801","-76.2098","0042","08","0","0","0","0","0","0","0","0","","0","0","0","00","2","0","00","0","39 52:48.492","","00","76 12:35.240","0","0","0","0","36212","0","0","0","N","0","0","0","1","68J01","0","","4","01","N","N","0","","0","0","0","0","0","","0020","0","1","0","0","0","0","0","1","0","1","N","","","","","","","","","","","","03","  ","","N","N"
"0043","0","0","0","0","0","0","0","0","0","7","0","","36","12","2020","2020111967","4","40.0213","-76.1448","0038","08","0","0","0","0","0","0","0","0","","0","0","0","00","2","0","00","2","40 01:16.720","6","00","76 08:41.130","0","0","0","0","36221","0","0","0","N","0","0","0","1","68J01","0","","4","01","N","N","1","","0","0","0","0","0","Y","0035","0","1","0","0","0","0","0","1","0","1","N","","","","","","","","","","","0230","03","  ","","N","N"
"1208","1","0","0","0","0","0","0","0","0","0","0","","36","12","2020","2020112009","6","40.0677","-76.2898","1203","08","0","0","0","0","0","0","0","0","","0","0","0","12","1","0","06","0","40 04:02.587","","00","76 17:19.151","0","0","0","0","36101","0","0","0","N","0","0","0","1","36101","0","","4","09","N","N","0","","0","0","0","0","0","","1202","0","1","0","0","0","0","0","3","0","1","N","","","","","","","","","","","","06","  ","","N",""
"1930","2","0","0","0","0","0","0","0","0","1","0","","36","08","2020","2020112066","6","40.0626","-76.5496","1924","08","1","0","0","0","0","0","0","0","","0","0","0","19","1","0","01","0","40 03:45.336","","00","76 32:58.470","0","0","0","0","36211","0","0","0","N","0","0","0","2","36504","0","","1","01","N","N","0","","0","0","0","0","0","N","1920","0","2","0","0","0","0","0","1","0","2","N","","","","","","","","","","","","03","  ","","N","N"
"0916","1","0","0","0","0","0","0","0","0","4","0","","36","12","2020","2020112179","3","40.1629","-76.6027","0912","08","0","0","0","0","0","0","1","0","","0","0","0","09","1","0","01","2","40 09:46.616","7","00","76 36:09.540","0","0","0","0","36407","0","0","0","N","0","0","0","2","36407","0","","1","09","N","N","0","","0","0","1","3","3","Y","0910","0","2","0","0","0","0","0","2","0","2","N","","","","","","","","","","","0948","04","  ","","N",""
"0754","1","0","0","0","0","0","0","0","0","7","0","","36","12","2020","2020112371","1","39.9872","-76.2841","0751","08","0","0","0","0","0","0","0","0","","0","0","0","07","1","0","00","2","39 59:13.994","2","00","76 17:02.724","0","0","0","0","36240","0","0","0","N","0","0","0","2","36240","0","","2","01","N","N","0","","0","0","0","0","0","Y","0747","0","1","0","0","0","0","0","1","0","1","N","","","","","","","","","","","0822","03","  ","","N","N"
"0839","2","0","0","0","0","0","0","0","0","4","0","","36","12","2020","2020112475","1","40.0698","-76.3168","0838","08","0","0","0","1","0","0","0","0","","0","0","0","08","1","0","01","2","40 04:11.321","3","00","76 19:00.454","0","0","0","0","36101","0","0","0","N","0","0","0","2","36101","0","","1","01","N","N","0","","0","0","0","3","2","Y","0836","0","2","0","0","0","0","0","3","0","2","N","","","","","","","","","","","0915","03","03","","N",""
"1442","1","0","0","0","0","0","0","0","0","7","0","","36","12","2020","2020112476","7","40.0533","-76.3868","1440","08","0","0","0","0","0","0","0","0","","0","0","0","14","1","0","00","1","40 03:11.701","3","00","76 23:12.398","0","0","0","0","36214","0","0","0","Y","0","0","0","1","36214","0","","2","01","N","N","0","","0","0","0","0","0","N","1439","0","1","0","0","0","0","0","3","0","1","N","","","","","","","","","","","1513","03","03","","N","N"
"1339","0","0","0","0","0","0","0","0","0","1","0","","36","12","2020","2020112211","7","40.0436","-76.2972","1339","08","0","0","0","0","0","0","0","0","","0","0","0","13","1","0","00","2","40 02:37.074","4","00","76 17:49.814","0","0","0","0","36301","0","0","0","N","0","0","0","5","36301","0","","1","01","N","N","0","","0","0","2","0","0","N","1337","0","2","0","0","0","0","0","3","0","2","N","","","","","","","","","","","1440","04","04","","Y","N"
"0419","2","0","0","0","0","0","0","0","0","5","0","","36","12","2020","2020112560","1","40.0326","-76.3123","0411","08","0","0","0","0","0","0","0","0","","0","0","0","03","3","0","01","2","40 01:57.478","2","00","76 18:44.412","0","0","0","0","36301","0","0","0","N","0","0","0","1","36301","0","","2","01","N","N","0","","0","0","1","0","0","Y","0358","0","3","0","0","0","0","0","3","0","3","N","","","","","","","","","","","0453","03","  ","","N",""
"1152","1","0","0","0","0","0","0","0","0","7","0","","36","12","2020","2020112578","6","40.0095","-76.4812","1148","08","0","0","0","0","0","0","0","0","","0","0","0","11","1","0","00","0","40 00:34.035","","00","76 28:52.415","9","0","0","0","36223","0","0","0","N","0","0","0","2","36223","0","","5","09","N","N","0","","0","0","0","0","0","","1145","0","1","0","0","0","0","1","1","0","1","N","","","","","","","","","","","","04","  ","","N","N"
"1414","0","0","0","0","0","0","0","0","0","8","0","","36","12","2020","2020112596","4","40.043","-76.2879","1413","08","0","0","0","0","0","0","0","0","","0","0","0","14","1","1","01","0","40 02:34.960","","00","76 17:16.322","3","0","0","0","36301","1","0","0","N","1","0","0","2","36301","0","","1","01","N","N","1","","1","0","0","3","2","","1413","1","2","0","0","0","0","0","3","0","1","N","","","","","","","","","","","","03","03","","N",""
"0630","1","0","0","0","0","0","0","0","0","1","0","","36","12","2020","2020112704","4","40.1582","-76.3074","0627","08","0","0","0","0","1","0","0","0","","0","0","0","06","3","0","00","0","40 09:29.631","","00","76 18:26.614","0","0","0","0","36409","0","0","0","N","0","0","0","2","36409","0","","1","02","N","N","0","","0","0","1","0","0","","0625","0","2","0","0","0","0","0","3","0","2","N","","","","","","","","","","","","03","  ","","N","N"
"1411","0","0","0","0","0","0","0","0","0","1","1","","36","12","2020","2020112707","4","40.182","-76.6058","1358","08","0","0","0","0","0","0","0","0","","0","1","0","13","1","0","00","0","40 10:55.087","","00","76 36:20.740","0","0","0","0","36225","0","0","0","N","0","0","0","2","36505","0","","1","07","N","N","1","","0","0","0","0","0","","1355","0","2","0","0","0","0","0","2","0","2","N","","","","","","","","","","","","10","10","","N","N"