"ARRIVAL_TM","AUTOMOBILE_COUNT","BELTED_DEATH_COUNT","BELTED_SUSP_SERIOUS_INJ_COUNT","BICYCLE_COUNT","BICYCLE_DEATH_COUNT","BICYCLE_SUSP_SERIOUS_INJ_COUNT","BUS_COUNT","CHLDPAS_DEATH_COUNT","CHLDPAS_SUSP_SERIOUS_INJ_COUNT","COLLISION_TYPE","COMM_VEH_COUNT","CONS_ZONE_SPD_LIM","COUNTY","CRASH_MONTH","CRASH_YEAR","CRN","DAY_OF_WEEK","DEC_LAT","DEC_LONG","DISPATCH_TM","DISTRICT","DRIVER_COUNT_16YR","DRIVER_COUNT_17YR","DRIVER_COUNT_18YR","DRIVER_COUNT_19YR","DRIVER_COUNT_20YR","DRIVER_COUNT_50_64YR","DRIVER_COUNT_65_74YR","DRIVER_COUNT_75PLUS","EST_HRS_CLOSED","FATAL_COUNT","HEAVY_TRUCK_COUNT","HORSE_BUGGY_COUNT","HOUR_OF_DAY","ILLUMINATION","INJURY_COUNT","INTERSECT_TYPE","LANE_CLOSED","LATITUDE","LN_CLOSE_DIR","LOCATION_TYPE","LONGITUDE","MAX_SEVERITY_LEVEL","MCYCLE_DEATH_COUNT","MCYCLE_SUSP_SERIOUS_INJ_COUNT","MOTORCYCLE_COUNT","MUNICIPALITY","NONMOTR_COUNT","NONMOTR_DEATH_COUNT","NONMOTR_SUSP_SERIOUS_INJ_COUNT","NTFY_HIWY_MAINT","PED_COUNT","PED_DEATH_COUNT","PED_SUSP_SERIOUS_INJ_COUNT","PERSON_COUNT","POLICE_AGCY","POSSIBLE_INJ_COUNT","RDWY_SURF_TYPE_CD","RELATION_TO_ROAD","ROAD_CONDITION","SCH_BUS_IND","SCH_ZONE_IND","SMALL_TRUCK_COUNT","SPEC_JURIS_CD","SUSP_MINOR_INJ_COUNT","SUSP_SERIOUS_INJ_COUNT","SUV_COUNT","TCD_FUNC_CD","TCD_TYPE","TFC_DETOUR_IND","TIME_OF_DAY","TOT_INJ_COUNT","TOTAL_UNITS","UNB_DEATH_COUNT","UNB_SUSP_SERIOUS_INJ_COUNT","UNBELTED_OCC_COUNT","UNK_INJ_DEG_COUNT","UNK_INJ_PER_COUNT","URBAN_RURAL","VAN_COUNT","VEHICLE_COUNT","WORK_ZONE_IND","WORK_ZONE_LOC","WORK_ZONE_TYPE","WORKERS_PRES","WZ_CLOSE_DETOUR","WZ_FLAGGER","WZ_LAW_OFFCR_IND","WZ_LN_CLOSURE","WZ_MOVING","WZ_OTHER","WZ_SHLDER_MDN","ROADWAY_CLEARED","WEATHER1","WEATHER2","WZ_WORKERS_INJ_KILLED","SECONDARY_CRASH","INTERSECTION_RELATED"
"2310","0","0","0","0","0","0","0","0","0","5","1","","36","12","2020","2020112708","3","40.1277","-76.5154","2307","08","0","0","0","0","0","2","0","0","","0","1","0","23","2","0","00","1","40 07:39.851","3","00","76 30:55.432","0","0","0","0","36225","0","0","0","N","0","0","0","4","36505","0","","1","01","N","N","0","","0","0","1","0","0","Y","2307","0","2","0","0","0","0","0","2","0","2","N","","","","","","","","","","","2358","03","03","","N","N"
"1952","1","0","0","0","0","0","0","0","0","7","0","","36","11","2020","2020112735","5","40.2228","-76.3038","1949","08","0","0","0","1","0","0","0","0","","0","0","0","19","3","1","00","1","40 13:22.185","1","00","76 18:13.620","3","0","0","0","36217","0","0","0","Y","0","0","0","1","68J01","0","","2","01","N","N","0","","1","0","0","0","0","N","1944","1","1","0","0","0","0","0","1","0","1","N","","","","","","","","","","","2030","03","  ","","N","N"
"1331","0","0","0","0","0","0","0","0","0","7","0","","36","11","2020","2020112739","6","39.8594","-76.1974","1312","08","0","0","1","0","0","0","0","0","","0","0","0","13","1","1","00","2","39 51:33.680","6","00","76 11:50.560","3","0","0","1","36212","0","0","0","N","0","0","0","1","68J01","0","","5","01","Y","N","0","","1","0","0","0","0","Y","1310","1","1","0","0","0","0","0","1","0","1","N","","","","","","","","","","","1350","04","  ","","N","N"
"1522","0","0","0","0","0","0","0","0","0","1","0","","36","12","2020","2020112743","3","40.1486","-75.9042","1514","08","0","0","0","0","0","2","0","0","","0","0","0","14","1","0","11","0","40 08:54.976","","00","75 54:14.945","0","0","0","0","36203","0","0","0","N","0","0","0","2","68J01","0","","1","01","N","N","1","","0","0","1","0","0","","1447","0","2","0","0","0","0","0","1","0","2","N","","","","","","","","","","","","03","  ","","N","N"
"1012","0","0","0","0","0","0","0","0","0","4","0","","36","12","2020","2020112745","4","39.9593","-76.0996","1003","08","0","0","0","0","0","1","0","0","","0","0","0","10","1","1","01","1","39 57:33.444","2","00","76 05:58.443","3","0","0","0","36226","0","0","0","Y","0","0","0","4","68J01","0","","1","01","N","N","1","","1","0","1","0","0","N","1001","1","2","0","0","1","0","0","1","0","2","N","","","","","","","","","","","1100","03","  ","","N","N"
"1400","1","0","0","0","0","0","0","0","0","4","0","","36","12","2020","2020112746","4","40.04","-76.1229","1359","08","0","0","0","0","0","1","0","1","","0","0","0","13","1","0","00","0","40 02:23.947","","00","76 07:22.471","0","0","0","0","36221","0","0","0","N","0","0","0","2","68J01","0","","1","01","N","N","0","","0","0","0","0","0","","1357","0","2","0","0","0","0","0","1","1","2","N","","","","","","","","","","","","03","  ","","N","N"
"1455","1","0","0","0","0","0","0","0","0","7","0","","36","12","2020","2020112760","4","40.0097","-76.1285","1436","08","0","0","0","0","0","0","0","0","","0","0","0","14","1","1","02","0","40 00:35.089","","00","76 07:42.688","3","0","0","0","36226","1","0","0","N","0","0","0","3","68J01","0","","4","07","N","N","0","","1","0","1","0","0","","1429","1","2","0","0","0","0","0","1","0","2","N","","","","","","","","","","","","10","10","","N","N"
"0735","0","0","0","0","0","0","0","0","0","4","0","","36","12","2020","2020112754","3","39.8902","-76.238","0705","08","0","0","0","0","0","0","0","0","","0","0","0","07","1","0","01","0","39 53:24.827","","00","76 14:16.772","0","0","0","0","36229","0","0","0","N","0","0","0","2","68J01","0","","1","01","N","N","2","","0","0","0","3","2","","0702","0","2","0","0","0","0","0","1","0","2","N","","","","","","","","","","","","03","03","","N","N"
"1609","2","0","0","0","0","0","0","0","0","4","0","","36","12","2020","2020112755","3","40.0392","-76.0644","1549","08","0","0","0","0","0","0","1","0","","0","0","0","15","1","1","01","2","40 02:21.008","6","00","76 03:51.801","4","0","0","0","36221","0","0","0","N","0","0","0","2","68J01","1","","1","01","N","N","0","","0","0","0","3","3","Y","1547","1","2","0","0","0","0","0","1","0","2","N","","","","","","","","","","","1620","04","  ","","N","N"
"1748","1","0","0","0","0","0","0","0","0","4","0","","36","12","2020","2020112752","7","39.8837","-76.319","1720","08","0","0","0","0","0","1","0","0","","0","0","0","17","2","0","01","0","39 53:01.264","","00","76 19:08.397","0","0","0","0","36224","0","0","0","N","0","0","0","2","68J01","0","","1","01","N","N","1","","0","0","0","3","3","","1716","0","2","0","0","0","0","0","1","0","2","N","","","","","","","","","","","","03","  ","","N","N"
"1151","1","0","0","0","0","0","0","0","0","7","0","","36","12","2020","2020112765","6","39.883","-76.1269","1400","08","0","0","0","1","0","0","0","0","","0","0","0","11","1","0","00","0","39 52:58.720","","00","76 07:36.690","0","0","0","0","36205","0","0","0","N","0","0","0","1","68J01","0","","4","09","N","N","0","","0","0","0","0","0","","1135","0","1","0","0","0","0","0","1","0","1","N","","","","","","","","","","","","03","  ","","N","N"
"1430","1","0","0","0","0","0","0","0","0","7","0","","36","12","2020","2020113182","3","40.0761","-76.461","1421","08","0","0","0","0","0","0","0","0","","0","0","0","14","1","1","00","1","40 04:33.833","2","00","76 27:39.451","8","0","0","0","36239","0","0","0","N","0","0","0","1","36239","0","","4","01","N","N","0","","0","0","0","0","0","N","1421","1","1","0","0","0","1","0","3","0","1","N","","","","","","","","","","","1520","03","03","","N","N"
"1532","0","0","0","0","0","0","0","0","0","7","0","","36","12","2020","2020112792","5","39.9813","-76.0251","1508","08","0","0","0","0","0","0","0","0","","0","0","0","14","1","0","00","1","39 58:52.630","3","00","76 01:30.280","0","0","0","0","36232","0","0","0","N","0","0","0","1","68J01","0","","4","09","N","N","0","","0","0","1","0","0","Y","1456","0","1","0","0","0","0","0","1","0","1","N","","","","","","","","","","","1600","07","  ","","N","N"
"0625","1","0","0","0","0","0","0","0","0","7","0","","36","12","2020","2020112830","2","39.8658","-76.11","0609","08","0","0","0","0","1","0","0","0","","0","0","0","05","2","0","00","0","39 51:56.781","","00","76 06:35.858","0","0","0","0","36205","0","0","0","N","0","0","0","1","68J01","0","","4","02","N","N","0","","0","0","0","0","0","","0559","0","1","0","0","0","0","0","1","0","1","N","","","","","","","","","","","","02","  ","","N","N"
"1510","1","0","0","0","0","0","0","0","0","4","0","","36","12","2020","2020112914","2","40.0241","-76.316","1506","08","0","0","0","0","0","0","1","0","","0","0","0","15","1","0","01","0","40 01:26.922","","00","76 18:57.776","9","0","0","0","36301","0","0","0","N","0","0","0","2","36301","0","","1","01","N","N","0","","0","0","1","3","2","N","1506","0","2","0","0","0","0","1","3","0","2","N","","","","","","","","","","","","03","  ","","N","N"
"2200","1","0","0","0","0","0","0","0","0","7","0","","36","11","2020","2020112736","6","39.8189","-76.1962","2158","08","0","0","0","0","0","0","0","0","","0","0","0","21","2","1","00","1","39 49:07.970","1","00","76 11:46.143","3","0","0","0","36212","0","0","0","N","0","0","0","1","68J01","0","","1","01","N","N","0","","1","0","0","0","0","N","2151","1","1","0","0","0","0","0","1","0","1","N","","","","","","","","","","","2309","03","03","","N","N"
"0719","1","0","0","0","0","0","0","0","0","7","0","","36","12","2020","2020112997","3","40.241","-76.1529","0711","08","0","0","0","0","0","0","0","0","","0","0","0","07","1","0","00","1","40 14:27.718","6","00","76 09:10.293","9","0","0","0","36236","0","0","0","Y","0","0","0","1","36408","0","","5","01","N","N","0","","0","0","0","0","0","N","0700","0","1","0","0","0","0","1","1","0","1","N","","","","","","","","","","","0800","03","03","","N","N"
"1047","0","0","0","0","0","0","0","0","0","4","0","","36","12","2020","2020113104","1","40.2143","-76.0647","1037","08","0","0","0","0","0","1","0","0","","0","0","0","10","1","0","00","0","40 12:51.530","","00","76 03:52.979","0","0","0","0","36202","0","0","0","N","0","0","0","3","68T06","0","","1","01","N","N","1","","0","0","1","0","0","","1037","0","2","0","0","0","0","0","1","0","2","N","","","","","","","","","","","","03","  ","","N","N"
"1700","1","0","0","0","0","0","0","0","0","1","0","","36","12","2020","2020113181","2","40.0434","-76.4325","1653","08","0","0","0","0","0","1","0","0","","0","0","0","16","4","0","00","1","40 02:36.204","4","00","76 25:56.916","0","0","0","0","36239","0","0","0","N","0","0","0","2","36239","0","","1","01","N","N","0","","0","0","1","0","0","Y","1653","0","2","0","0","0","0","0","3","0","2","N","","","","","","","","","","","1800","04","04","","Y","N"
"0613","1","0","0","0","0","0","0","0","0","4","0","","36","12","2020","2020113237","3","39.8902","-76.238","0606","08","0","0","0","1","0","1","0","0","","0","0","0","05","2","0","01","1","39 53:24.827","4","00","76 14:16.772","0","0","0","0","36229","0","0","0","N","0","0","0","2","68J01","0","","1","01","N","N","0","","0","0","1","3","2","N","0554","0","2","0","0","0","0","0","1","0","2","N","","","","","","","","","","","0030","03","  ","","N","N"
"2342","0","0","0","0","0","0","0","0","0","7","0","","36","10","2020","2020113648","5","40.0019","-75.9803","2323","08","0","0","0","0","0","0","0","0","","0","0","0","23","2","0","00","2","40 00:06.800","5","00","75 58:49.000","0","0","0","0","36232","0","0","0","N","0","0","0","1","68J01","0","","4","01","N","N","1","","0","0","0","0","0","Y","2320","0","1","0","0","1","0","0","1","0","1","N","","","","","","","","","","","0206","03","  ","","N","Y"
"1110","0","0","0","0","0","0","0","0","0","4","1","","36","12","2020","2020113290","2","39.8022","-76.1857","1104","08","0","0","0","0","0","1","0","0","","0","1","1","11","1","1","00","2","39 48:07.993","5","07","76 11:08.694","3","0","0","0","36212","3","0","0","N","0","0","0","4","68J01","0","","1","01","N","N","0","","1","0","0","0","0","Y","1103","1","2","0","0","0","0","0","1","0","1","N","","","","","","","","","","","1156","05","  ","","N","N"
"1930","0","0","0","0","0","0","0","0","0","7","0","","36","12","2020","2020113307","5","39.9839","-76.1149","1918","08","0","0","0","0","0","0","0","0","","0","0","0","19","2","0","02","0","39 59:01.931","","00","76 06:53.718","0","0","0","0","36226","0","0","0","N","0","0","0","1","68J01","0","","4","09","N","N","1","","0","0","0","0","0","","1912","0","1","0","0","0","0","0","1","0","1","N","","","","","","","","","","","","07","  ","","N","N"
"2156","1","0","0","0","0","0","0","0","0","7","0","","36","12","2020","2020113393","2","40.0956","-76.305","2150","08","0","0","0","0","0","0","0","0","","0","0","0","21","2","1","00","0","40 05:44.119","","00","76 18:17.842","3","0","0","0","36101","0","0","0","N","0","0","0","1","36101","0","","5","01","N","N","0","","1","0","0","0","0","","2148","1","1","0","0","0","0","0","3","0","1","N","","","","","","","","","","","","03","03","","N","N"
"1753","0","0","0","0","0","0","1","0","0","0","1","","36","12","2020","2020113394","3","40.0144","-76.3257","1749","08","0","0","0","0","0","0","0","0","","0","0","0","17","2","0","00","2","40 00:51.710","7","00","76 19:32.590","0","0","0","0","36220","0","0","0","N","0","0","0","1","36101","0","","1","01","N","N","0","","0","0","0","0","0","Y","1747","0","1","0","0","0","0","0","3","0","1","N","","","","","","","","","","","1925","03","03","","N","N"
"1252","1","0","0","0","0","0","0","0","0","4","0","","36","12","2020","2020113395","3","40.0475","-76.3629","1248","08","0","0","0","0","0","0","0","1","","0","0","0","12","1","1","01","1","40 02:50.996","4","00","76 21:46.341","4","0","0","0","36214","0","0","0","N","0","0","0","2","36214","1","","1","01","N","N","0","","0","0","1","3","3","N","1245","1","2","0","0","0","0","0","3","0","2","N","","","","","","","","","","","1335","03","  ","","N",""
"1520","0","0","0","0","0","0","0","0","0","7","0","","36","12","2020","2020113396","5","40.0965","-76.4214","1514","08","0","0","0","0","0","1","0","0","","0","0","0","15","1","0","00","0","40 05:47.400","","00","76 25:16.890","9","0","0","0","36214","0","0","0","N","0","0","0","1","36214","0","","4","01","N","N","0","","0","0","1","0","0","","1510","0","1","0","0","0","0","1","3","0","1","N","","","","","","","","","","","","03","  ","","N","N"
"1054","0","0","0","0","0","0","0","0","0","1","1","","36","12","2020","2020113469","4","39.9901","-76.2399","1053","08","0","0","0","0","0","0","0","0","","0","1","0","10","1","0","01","1","39 59:24.433","1","00","76 14:23.626","0","0","0","0","36240","0","0","0","N","0","0","0","2","36240","0","","1","01","N","N","1","","0","0","0","3","2","N","1052","0","2","0","0","0","0","0","1","0","2","N","","","","","","","","","","","1058","03","03","","N",""
"0024","1","0","0","0","0","0","0","0","0","7","0","","36","12","2020","2020113619","7","39.993","-76.4651","0016","08","0","0","0","0","0","0","0","0","","0","0","0","00","3","1","00","2","39 59:34.826","6","00","76 27:54.484","3","0","0","0","36223","0","0","0","N","0","0","0","2","36223","0","","4","01","N","N","0","","1","0","0","0","0","Y","0014","1","1","0","0","0","0","0","1","0","1","N","","","","","","","","","","","0125","03","03","","N","N"
"2241","1","0","0","0","0","0","0","0","0","7","0","","36","12","2020","2020113620","3","40.1559","-76.4439","2241","08","0","0","1","0","0","0","0","0","","0","0","0","22","2","1","00","2","40 09:21.240","5","00","76 26:38.200","3","0","0","0","36230","0","0","0","N","0","0","0","1","36410","0","","2","01","N","N","0","","1","0","0","0","0","Y","2240","1","1","0","0","0","0","0","1","0","1","N","","","","","","","","","","","2306","03","03","","N","N"
"0838","1","0","0","0","0","0","0","0","0","7","0","","36","12","2020","2020113621","6","40.1008","-76.451","0826","08","0","0","0","0","1","0","0","0","","0","0","0","08","1","0","00","1","40 06:03.020","2","03","76 27:03.740","0","0","0","0","36230","0","0","0","N","0","0","0","1","36410","0","","2","01","N","N","0","","0","0","0","0","0","N","0823","0","1","0","0","0","0","0","1","0","1","N","","","","","","","","","","","0915","05","  ","","N","N"
"1539","0","0","0","0","0","0","0","0","0","4","0","","36","12","2020","2020113622","6","40.1818","-76.4945","1531","08","0","0","0","0","0","0","1","0","","0","0","0","15","1","1","01","2","40 10:54.338","7","00","76 29:40.023","8","0","0","0","36230","0","0","0","N","0","0","0","2","36410","0","","1","01","N","N","0","","0","0","2","3","3","Y","1530","1","2","0","0","0","1","0","1","0","2","N","","","","","","","","","","","1900","03","  ","","N",""
"2351","1","0","0","0","0","0","0","0","0","7","0","","36","12","2020","2020113623","6","40.2221","-76.4478","2341","08","0","0","0","0","0","1","0","0","","0","0","0","23","2","2","00","2","40 13:19.649","6","00","76 26:51.906","8","0","0","0","36230","0","0","0","N","0","0","0","2","36410","0","","4","01","N","N","0","","0","0","0","0","0","Y","2340","2","1","0","0","1","2","0","1","0","1","N","","","","","","","","","","","0100","03","03","","N","N"
"1327","0","0","0","0","0","0","0","0","0","7","0","","36","12","2020","2020113625","4","40.1113","-76.4552","1316","08","0","0","0","0","0","0","0","0","","0","0","0","13","1","0","02","0","40 06:41.402","","00","76 27:18.663","0","0","0","0","36230","0","0","0","N","0","0","0","1","36410","0","","5","07","N","N","1","","0","0","0","0","0","","1315","0","1","0","0","0","0","0","1","0","1","N","","","","","","","","","","","","10","  ","","N",""
"1800","1","0","0","0","0","0","0","0","0","1","0","","36","12","2020","2020113626","3","40.2359","-76.4358","1753","08","0","0","0","0","0","0","0","0","","0","0","0","17","2","1","00","0","40 14:09.193","","00","76 26:08.831","4","0","0","0","36230","0","0","0","N","0","0","0","6","36410","1","","1","01","N","N","0","","0","0","1","0","0","","1751","1","2","0","0","0","0","0","1","0","2","N","","","","","","","","","","","","04","  ","","N","N"
"0223","2","0","0","0","0","0","0","0","0","1","0","","36","12","2020","2020113627","4","40.1657","-76.3972","0222","08","0","0","0","0","0","0","0","0","","0","0","0","02","3","1","01","0","40 09:56.653","","00","76 23:50.032","8","0","0","0","36410","0","0","0","N","0","0","0","3","36410","0","","1","01","N","N","0","","0","0","0","3","3","","0200","1","2","0","0","0","1","0","2","0","2","N","","","","","","","","","","","","03","03","","N",""
"2045","1","0","0","0","0","0","0","0","0","7","0","","36","12","2020","2020113630","6","40.2365","-76.436","2034","08","0","0","0","0","1","0","0","0","","0","0","0","20","3","0","00","0","40 14:11.250","","00","76 26:09.698","0","0","0","0","36230","0","0","0","N","0","0","0","2","36410","0","","2","02","N","N","0","","0","0","0","0","0","","2034","0","1","0","0","0","0","0","1","0","1","N","","","","","","","","","","","","10","06","","N","N"
"1247","1","0","0","0","0","0","0","0","0","4","0","","36","12","2020","2020113631","1","40.1638","-76.3951","1244","08","0","0","0","0","0","1","0","0","","0","0","0","12","1","1","01","0","40 09:49.597","","00","76 23:42.519","8","0","0","0","36410","0","0","0","N","0","0","0","2","36410","0","","1","01","N","N","0","","0","0","1","3","3","","1242","1","2","0","0","0","1","0","2","0","2","N","","","","","","","","","","","","03","03","","N",""
"1048","2","0","0","0","0","0","0","0","0","4","0","","36","12","2020","2020113647","3","40.0062","-76.248","1036","08","0","0","0","0","0","0","1","0","","0","0","0","10","1","1","02","1","40 00:22.236","2","00","76 14:52.792","8","0","0","0","36240","0","0","0","N","0","0","0","2","36240","0","","1","01","N","N","0","","0","0","0","3","3","N","1034","1","2","0","0","0","1","0","1","0","2","N","","","","","","","","","","","1152","03","03","","N",""
"1121","2","0","0","0","0","0","0","0","0","4","0","","36","12","2020","2020113646","6","39.9858","-76.2836","1119","08","0","0","1","0","0","0","0","0","","0","0","0","11","1","0","01","0","39 59:08.888","","00","76 17:01.092","0","0","0","0","36240","0","0","0","N","0","0","0","3","36240","0","","1","01","N","N","0","","0","0","0","3","2","","1117","0","2","0","0","0","0","0","1","0","2","N","","","","","","","","","","","","03","  ","","N",""
"0331","1","0","0","0","0","0","0","0","0","98","0","","36","12","2020","2020113654","4","39.9114","-76.1235","0315","08","0","0","0","0","0","1","0","0","","0","0","0","03","2","0","00","1","39 54:41.020","4","00","76 07:24.562","0","0","0","0","36216","0","0","0","N","0","0","0","1","68J01","0","","1","01","N","N","0","","0","0","0","0","0","N","0311","0","1","0","0","0","0","0","1","0","1","N","","","","","","","","","","","0400","03","  ","","N","N"
"1916","1","0","0","0","0","0","0","0","0","4","0","","36","12","2020","2020113695","6","40.1344","-76.4324","1858","08","0","1","0","0","0","1","0","0","","0","0","0","18","2","1","00","2","40 08:04.009","6","00","76 25:56.541","3","0","0","0","36230","0","0","0","N","0","0","0","5","68J01","0","","1","02","N","N","2","","1","0","1","0","0","Y","1843","1","4","0","0","0","0","0","1","0","4","N","","","","","","","","","","","2100","10","06","","N","N"
"1749","1","0","0","0","0","0","0","0","0","1","0","","36","12","2020","2020113705","2","39.9853","-76.0177","1735","08","0","0","0","0","0","0","0","0","","0","0","0","17","3","1","00","1","39 59:06.933","1","00","76 01:03.708","4","0","0","0","36232","0","0","0","N","0","0","0","3","68J01","1","","1","01","N","N","0","","0","0","1","0","0","N","1730","1","2","0","0","0","0","0","1","0","2","N","","","","","","","","","","","1830","03","03","","N","N"
"1835","1","0","0","0","0","0","0","0","0","4","0","","36","12","2020","2020113750","4","40.0295","-76.323","1831","08","0","0","0","0","1","0","0","0","","0","0","0","18","3","2","00","1","40 01:46.305","2","07","76 19:22.761","3","0","0","0","36301","0","0","0","N","0","0","0","2","36301","0","","1","01","N","N","0","","2","0","1","0","0","Y","1829","2","2","0","0","0","0","0","3","0","2","N","","","","","","","","","","","1930","03","03","","N","N"
"0350","2","0","0","0","0","0","0","0","0","5","0","","36","12","2020","2020113759","2","40.044","-76.3158","0347","08","0","0","0","0","0","0","0","0","","0","0","0","03","3","0","00","2","40 02:38.302","1","00","76 18:56.739","0","0","0","0","36301","0","0","0","N","0","0","0","1","36301","0","","2","01","N","N","0","","0","0","0","0","0","Y","0347","0","2","0","0","0","0","0","3","0","2","N","","","","","","","","","","","0430","03","03","","N","N"
"2111","0","0","0","0","0","0","0","0","0","7","0","","36","12","2020","2020113789","1","40.2244","-76.2573","2102","08","1","0","0","0","0","0","0","0","","0","0","0","21","2","1","00","1","40 13:27.770","2","00","76 15:26.220","4","0","0","0","36204","0","0","0","N","0","0","0","2","36506","1","","5","02","N","N","0","","0","0","1","0","0","Y","2101","1","1","0","0","0","0","0","1","0","1","N","","","","","","","","","","","0030","98","  ","","N","N"
"0946","1","0","0","0","0","0","0","0","0","4","0","","36","12","2020","2020113818","4","40.0342","-76.316","0939","08","0","0","0","0","0","1","0","0","","0","0","0","09","1","1","02","0","40 02:02.960","","00","76 18:57.653","3","0","0","0","36301","0","0","0","N","0","0","0","3","36301","0","","1","01","N","N","0","","1","0","1","3","3","","0938","1","2","0","0","0","0","0","3","0","2","N","","","","","","","","","","","","03","  ","","N",""
"0525","0","0","0","0","0","0","0","0","0","8","0","","36","12","2020","2020113804","5","40.1079","-76.5605","0520","08","0","0","0","0","0","1","0","0","","1","0","0","05","2","0","00","2","40 06:28.300","5","00","76 33:37.700","1","0","0","0","36211","1","1","0","N","1","1","0","2","36504","0","2","1","09","N","N","0","0","0","0","1","0","0","Y","0519","0","2","0","0","0","0","0","1","0","1","N","","","","","","","","","","","0933","04","  ","","N","N"
"1533","3","0","0","0","0","0","0","0","0","4","0","","36","12","2020","2020113941","4","40.0499","-76.3962","1529","08","0","0","1","0","0","1","0","0","","0","0","0","15","1","0","00","1","40 02:59.580","3","00","76 23:46.410","0","0","0","0","36214","0","0","0","N","0","0","0","3","36214","0","","1","01","N","N","0","","0","0","0","0","0","N","1526","0","3","0","0","0","0","0","3","0","3","N","","","","","","","","","","","1615","04","  ","","N","N"
"1402","1","0","0","0","0","0","0","0","0","7","0","","36","12","2020","2020113968","7","40.1373","-75.8762","1332","08","0","0","0","0","0","0","1","0","","0","0","0","12","1","1","00","1","40 08:14.360","2","00","75 52:34.270","3","0","0","0","36203","0","0","0","N","0","0","0","1","68J01","0","","4","09","N","N","0","","1","0","0","0","0","N","1256","1","1","0","0","0","0","0","1","0","1","N","","","","","","","","","","","1500","03","  ","","N","N"
"1406","0","0","0","0","0","0","0","0","0","4","0","","36","12","2020","2020113973","4","39.9978","-76.0318","1348","08","0","0","0","0","0","1","0","0","","0","0","0","13","1","0","00","1","39 59:51.948","2","00","76 01:54.385","0","0","0","0","36232","0","0","0","N","0","0","0","2","68J01","0","","1","07","N","N","1","","0","0","1","0","0","Y","1343","0","2","0","0","0","0","0","1","0","2","N","","","","","","","","","","","1420","10","10","","N","N"
"0759","1","0","0","0","0","0","0","0","0","7","0","","36","12","2020","2020114001","4","39.7481","-76.1098","0715","08","0","0","0","0","0","1","0","0","","0","0","0","07","5","0","00","0","39 44:53.130","","00","76 06:35.180","0","0","0","0","36222","0","0","0","N","0","0","0","1","68J01","0","","4","02","N","N","0","","0","0","0","0","0","","0707","0","1","0","0","0","0","0","1","0","1","N","","","","","","","","","","","","03","  ","","N","N"
"1401","0","0","0","0","0","0","0","0","0","4","0","","36","12","2020","2020114024","3","39.939","-76.2056","1401","08","0","0","0","0","0","0","0","0","","0","2","0","13","1","2","00","2","39 56:20.488","5","00","76 12:20.016","3","0","0","0","36233","0","0","0","N","0","0","0","3","68J01","0","","1","01","N","N","0","","2","0","0","0","0","N","1344","2","2","0","0","0","0","0","1","0","2","N","","","","","","","","","","","1500","03","  ","","N","N"
"0215","3","0","0","0","0","0","0","0","0","1","0","","36","12","2020","2020114054","4","40.0497","-76.2925","0212","08","0","0","0","0","0","0","0","0","","0","0","0","02","3","1","00","0","40 02:58.766","","00","76 17:32.857","4","0","0","0","36301","0","0","0","N","0","0","0","1","36301","1","","1","01","N","N","0","","0","0","0","0","0","N","0209","1","3","0","0","0","0","0","3","0","3","N","","","","","","","","","","","","03","03","","N","N"
"2249","2","0","0","0","0","0","0","0","0","4","0","","36","12","2020","2021000005","7","40.047","-76.3121","2247","08","0","0","0","0","0","0","0","0","","0","0","0","22","3","0","02","0","40 02:49.253","","00","76 18:43.447","0","0","0","0","36301","0","0","0","N","0","0","0","2","36301","0","","1","01","N","N","0","","0","0","0","3","2","","2247","0","2","0","0","0","0","0","3","0","2","N","","","","","","","","","","","","03","03","","N","N"
"1345","0","0","0","0","0","0","0","0","0","4","0","","36","12","2020","2021000039","5","40.0732","-76.3243","1336","08","0","0","0","0","0","0","1","0","","0","0","0","13","1","0","00","1","40 04:23.530","3","07","76 19:27.600","0","0","0","0","36101","0","0","0","N","0","0","0","2","36101","0","","1","09","N","N","1","","0","0","1","0","0","Y","1332","0","2","0","0","0","0","0","3","0","2","N","","","","","","","","","","","1435","07","07","","N","N"
"1925","1","0","0","0","0","0","0","0","0","7","0","","36","12","2020","2021000040","4","40.0521","-76.3962","1922","08","0","0","0","0","0","1","0","0","","0","0","0","19","3","0","00","1","40 03:07.578","4","00","76 23:46.411","9","0","0","0","36214","0","0","0","N","0","0","0","1","36214","0","","5","01","N","N","0","","0","0","0","0","0","N","1922","0","1","0","0","0","0","1","3","0","1","N","","","","","","","","","","","2005","03","  ","","N","N"
"1804","4","0","0","0","0","0","0","0","0","6","0","","36","12","2020","2021000156","3","40.0372","-76.2975","1759","08","0","0","0","0","0","1","0","0","","0","0","0","17","2","1","00","2","40 02:14.075","2","00","76 17:51.053","4","0","0","0","36301","0","0","0","N","0","0","0","1","36301","1","","2","01","N","N","0","","0","0","0","0","0","Y","1759","1","4","0","0","0","0","0","3","0","4","N","","","","","","","","","","","1915","03","03","","N","N"
"2251","0","0","0","0","0","0","0","0","0","7","0","","36","12","2020","2021000169","1","39.9458","-76.3971","2236","08","0","0","1","0","0","0","0","0","","0","0","0","22","2","1","00","2","39 56:44.740","6","00","76 23:49.690","3","0","0","0","36223","0","0","0","N","0","0","0","2","36223","0","","5","09","N","N","1","","1","0","0","0","0","Y","2230","1","1","0","0","0","0","0","1","0","1","N","","","","","","","","","","","0100","05","04","","N","N"