"ARRIVAL_TM","AUTOMOBILE_COUNT","BELTED_DEATH_COUNT","BELTED_SUSP_SERIOUS_INJ_COUNT","BICYCLE_COUNT","BICYCLE_DEATH_COUNT","BICYCLE_SUSP_SERIOUS_INJ_COUNT","BUS_COUNT","CHLDPAS_DEATH_COUNT","CHLDPAS_SUSP_SERIOUS_INJ_COUNT","COLLISION_TYPE","COMM_VEH_COUNT","CONS_ZONE_SPD_LIM","COUNTY","CRASH_MONTH","CRASH_YEAR","CRN","DAY_OF_WEEK","DEC_LAT","DEC_LONG","DISPATCH_TM","DISTRICT","DRIVER_COUNT_16YR","DRIVER_COUNT_17YR","DRIVER_COUNT_18YR","DRIVER_COUNT_19YR","DRIVER_COUNT_20YR","DRIVER_COUNT_50_64YR","DRIVER_COUNT_65_74YR","DRIVER_COUNT_75PLUS","EST_HRS_CLOSED","FATAL_COUNT","HEAVY_TRUCK_COUNT","HORSE_BUGGY_COUNT","HOUR_OF_DAY","ILLUMINATION","INJURY_COUNT","INTERSECT_TYPE","LANE_CLOSED","LATITUDE","LN_CLOSE_DIR","LOCATION_TYPE","LONGITUDE","MAX_SEVERITY_LEVEL","MCYCLE_DEATH_COUNT","MCYCLE_SUSP_SERIOUS_INJ_COUNT","MOTORCYCLE_COUNT","MUNICIPALITY","NONMOTR_COUNT","NONMOTR_DEATH_COUNT","NONMOTR_SUSP_SERIOUS_INJ_COUNT","NTFY_HIWY_MAINT","PED_COUNT","PED_DEATH_COUNT","PED_SUSP_SERIOUS_INJ_COUNT","PERSON_COUNT","POLICE_AGCY","POSSIBLE_INJ_COUNT","RDWY_SURF_TYPE_CD","RELATION_TO_ROAD","ROAD_CONDITION","SCH_BUS_IND","SCH_ZONE_IND","SMALL_TRUCK_COUNT","SPEC_JURIS_CD","SUSP_MINOR_INJ_COUNT","SUSP_SERIOUS_INJ_COUNT","SUV_COUNT","TCD_FUNC_CD","TCD_TYPE","TFC_DETOUR_IND","TIME_OF_DAY","TOT_INJ_COUNT","TOTAL_UNITS","UNB_DEATH_COUNT","UNB_SUSP_SERIOUS_INJ_COUNT","UNBELTED_OCC_COUNT","UNK_INJ_DEG_COUNT","UNK_INJ_PER_COUNT","URBAN_RURAL","VAN_COUNT","VEHICLE_COUNT","WORK_ZONE_IND","WORK_ZONE_LOC","WORK_ZONE_TYPE","WORKERS_PRES","WZ_CLOSE_DETOUR","WZ_FLAGGER","WZ_LAW_OFFCR_IND","WZ_LN_CLOSURE","WZ_MOVING","WZ_OTHER","WZ_SHLDER_MDN","ROADWAY_CLEARED","WEATHER1","WEATHER2","WZ_WORKERS_INJ_KILLED","SECONDARY_CRASH","INTERSECTION_RELATED"
"0030","2","0","0","0","0","0","0","0","0","4","0","","36","12","2020","2021000260","6","40.0503","-76.2915","0025","08","0","0","0","0","0","0","0","0","","0","0","0","00","3","0","00","1","40 03:01.223","2","00","76 17:29.544","9","0","0","0","36301","0","0","0","N","0","0","0","1","36301","0","","6","09","N","N","1","","0","0","0","0","0","N","0022","0","3","0","0","0","0","1","3","0","3","N","","","","","","","","","","","0103","07","  ","","Y","N"
"1954","1","0","0","0","0","0","0","0","0","7","0","","36","12","2020","2021000391","2","40.0596","-76.444","1949","08","0","0","0","0","0","0","0","1","","0","0","0","19","2","0","00","2","40 03:34.680","5","03","76 26:38.430","0","0","0","0","36239","0","0","0","N","0","0","0","1","36239","0","","5","01","N","N","0","","0","0","0","0","0","Y","1949","0","1","0","0","1","0","0","3","0","1","N","","","","","","","","","","","1945","03","  ","","N","N"
"2008","0","0","0","0","0","0","0","0","0","8","0","","36","12","2020","2021001082","2","40.1042","-76.0641","2002","08","0","0","0","0","0","0","0","0","","1","0","0","20","2","0","00","2","40 06:15.230","5","00","76 03:50.860","1","0","0","0","36209","1","1","0","N","1","1","0","2","36415","0","2","1","01","N","N","1","0","0","0","0","0","0","Y","2001","0","2","0","0","0","0","0","1","0","1","N","","","","","","","","","","","2317","03","  ","","N","N"
"0908","1","0","0","0","0","0","0","0","0","7","0","","36","12","2020","2021001095","1","40.2279","-76.0849","0902","08","0","0","1","0","0","0","0","0","","0","0","0","08","1","1","00","0","40 13:40.548","","00","76 05:05.611","8","0","0","0","36210","0","0","0","N","0","0","0","1","36210","0","","5","01","N","N","0","","0","0","0","3","3","","0859","1","1","0","0","1","1","0","1","0","1","N","","","","","","","","","","","","03","  ","","N","N"
"1827","0","0","0","0","0","0","0","0","0","2","0","","36","12","2020","2021001096","3","40.1937","-76.1265","1818","08","0","0","0","0","0","0","0","0","","0","0","0","18","2","0","00","0","40 11:37.170","","00","76 07:35.270","0","0","0","0","36210","0","0","0","N","0","0","0","1","36210","0","","4","01","N","N","0","","0","0","0","0","0","","1818","0","1","0","0","0","0","0","1","1","1","N","","","","","","","","","","","","03","  ","","N","N"
"1936","0","0","0","0","0","0","0","0","0","5","0","","36","12","2020","2021000815","2","40.0685","-76.3163","1934","08","0","0","0","0","1","1","0","0","","0","0","0","19","3","1","00","2","40 04:06.501","2","00","76 18:58.566","3","0","0","0","36301","0","0","0","N","0","0","0","2","36301","0","","1","01","N","N","0","","1","0","2","0","0","N","1933","1","2","0","0","0","0","0","3","0","2","N","","","","","","","","","","","2059","03","03","","N","N"
"0013","0","0","0","0","0","0","0","0","0","7","0","","36","12","2020","2021001580","7","40.0871","-76.1916","0005","08","0","0","0","0","0","0","0","0","","0","0","0","00","3","1","00","0","40 05:13.659","","00","76 11:29.580","8","0","0","0","36234","0","0","0","N","0","0","0","2","36215","0","","4","09","N","N","0","","0","0","1","0","0","","0005","1","1","0","0","1","1","0","1","0","1","N","","","","","","","","","","","","07","07","","N","N"
"2158","1","0","0","0","0","0","0","0","0","7","0","","36","11","2020","2021001578","1","40.0225","-76.2342","2150","08","0","0","0","0","0","1","0","0","","0","0","0","21","2","0","00","2","40 01:20.890","6","00","76 14:03.240","0","0","0","0","36215","0","0","0","N","0","0","0","1","36215","0","","4","01","N","N","0","","0","0","0","0","0","Y","2147","0","1","0","0","0","0","0","1","0","1","N","","","","","","","","","","","0700","03","03","","N","N"
"2314","1","0","0","0","0","0","0","0","0","8","0","","36","12","2020","2021001299","6","40.1657","-76.1838","2309","08","0","0","0","0","0","0","0","0","","0","0","0","23","2","1","00","0","40 09:56.590","","00","76 11:01.780","2","0","0","0","36218","1","0","1","N","1","0","1","2","36408","0","","1","02","N","N","0","","0","1","0","0","0","","2309","1","2","0","0","0","0","0","1","0","1","N","","","","","","","","","","","","04","  ","","N","N"
"0304","1","0","0","0","0","0","0","0","0","7","0","","36","12","2020","2021001318","2","40.0976","-76.282","0301","08","0","0","0","0","0","0","0","0","","0","0","0","02","2","0","00","0","40 05:51.470","","00","76 16:55.250","0","0","0","0","36101","0","0","0","N","0","0","0","2","36101","0","","2","01","N","N","0","","0","0","0","0","0","","0258","0","1","0","0","0","0","0","3","0","1","N","","","","","","","","","","","","03","03","","N","N"
"2200","1","0","0","0","0","0","0","0","0","7","0","","36","12","2020","2021001321","5","40.1284","-76.3797","2156","08","0","0","0","0","0","0","0","0","","0","0","0","21","2","0","00","0","40 07:42.116","","00","76 22:46.750","0","0","0","0","36227","0","0","0","N","0","0","0","1","36506","0","","4","01","N","N","0","","0","0","0","0","0","","2156","0","1","0","0","0","0","0","1","0","1","N","","","","","","","","","","","","03","  ","","N","N"
"0701","0","0","0","0","0","0","0","0","0","8","0","","36","12","2020","2021001320","6","40.1751","-76.3079","0659","08","0","0","0","0","0","0","0","0","","0","0","0","06","5","1","00","0","40 10:30.400","","00","76 18:28.400","2","0","0","0","36235","1","0","1","N","1","0","1","2","36506","0","","1","01","N","N","1","","0","1","0","0","0","","0658","1","2","0","0","0","0","0","1","0","1","N","","","","","","","","","","","","03","03","","N","N"
"1840","1","0","0","0","0","0","0","0","0","4","0","","36","12","2020","2021001581","3","40.0853","-76.213","1824","08","0","0","0","0","0","0","0","1","","0","0","0","18","3","0","02","1","40 05:06.904","3","00","76 12:46.736","0","0","0","0","36234","0","0","0","N","0","0","0","3","36215","0","","1","01","N","N","0","","0","0","1","3","3","Y","1823","0","2","0","0","0","0","0","1","0","2","N","","","","","","","","","","","1919","03","  ","","N",""
"1837","1","0","0","0","0","0","0","0","0","4","0","","36","12","2020","2021001414","2","39.9735","-76.2855","1828","08","0","0","0","0","0","1","1","0","","0","0","0","18","2","0","00","0","39 58:24.640","","00","76 17:07.820","0","0","0","0","36228","0","0","0","N","0","0","0","2","36228","0","","1","01","N","N","1","","0","0","0","0","0","","1828","0","2","0","0","0","0","0","1","0","2","N","","","","","","","","","","","","03","  ","","N","N"
"1830","1","0","0","0","0","0","0","0","0","7","0","","36","12","2020","2021001575","5","40.0697","-76.3018","1828","08","0","0","0","0","0","0","0","0","","0","0","0","18","3","1","00","0","40 04:10.771","","00","76 18:06.551","3","0","0","0","36101","0","0","0","N","0","0","0","1","36101","0","","2","01","N","N","0","","1","0","0","0","0","","1826","1","1","0","0","0","0","0","3","0","1","N","","","","","","","","","","","","04","04","","N","N"
"0902","0","0","0","0","0","0","0","0","0","1","1","","36","12","2020","2021001439","5","39.8231","-76.2025","0853","08","0","0","0","0","0","0","0","1","","1","1","0","08","1","0","00","2","39 49:23.267","5","00","76 12:08.975","1","0","0","0","36212","0","0","0","N","0","0","0","2","68J01","0","2","1","09","N","N","1","0","0","0","0","0","0","Y","0838","0","2","1","0","1","0","0","1","0","2","N","","","","","","","","","","","1330","98","03","","N","N"
"1813","1","0","0","0","0","0","0","0","0","1","0","","36","12","2020","2021001587","2","40.0868","-76.1953","1806","08","0","0","0","0","0","1","0","0","","0","0","0","18","3","0","00","1","40 05:12.375","4","00","76 11:42.955","9","0","0","0","36234","0","0","0","N","0","0","0","3","36215","0","","1","01","N","N","0","","0","0","1","0","0","N","1802","0","3","0","0","0","0","1","1","0","3","N","","","","","","","","","","","1825","03","03","","N","N"
"2050","1","0","0","0","0","0","0","0","0","4","0","","36","12","2020","2021001272","5","40.0301","-76.294","2048","08","0","0","0","0","0","0","0","0","","0","0","0","20","3","0","02","1","40 01:48.230","6","00","76 17:38.345","0","0","0","0","36301","0","0","0","N","0","0","0","2","36301","0","","1","01","N","N","0","","0","0","0","3","3","Y","2047","0","2","0","0","0","0","0","3","1","2","N","","","","","","","","","","","2120","03","03","","N",""
"1152","0","0","0","0","0","0","0","0","0","6","0","","36","12","2020","2021001579","5","40.0786","-76.2547","1147","08","0","0","0","0","0","1","0","0","","0","0","0","11","1","1","00","0","40 04:42.940","","00","76 15:16.900","3","0","0","0","36215","0","0","0","N","0","0","0","1","36215","0","","5","01","N","N","0","","1","0","2","0","0","","1145","1","2","0","0","0","0","0","1","0","2","N","","","","","","","","","","","","03","  ","","N","N"
"2214","2","0","0","0","0","0","0","0","0","4","0","","36","11","2020","2021001577","7","40.0381","-76.2595","2212","08","0","0","0","0","1","0","0","0","","0","0","0","22","3","0","02","1","40 02:17.233","1","00","76 15:34.366","0","0","0","0","36215","0","0","0","N","0","0","0","3","36215","0","","1","01","N","N","0","","0","0","0","0","0","N","2211","0","2","0","0","0","0","0","1","0","2","N","","","","","","","","","","","2300","03","  ","","N",""
"1953","0","0","0","0","0","0","0","0","0","7","1","","36","12","2020","2021001582","4","40.029","-76.2274","1944","08","0","0","0","0","0","0","0","0","","0","1","0","19","3","0","00","1","40 01:44.409","4","00","76 13:38.631","0","0","0","0","36215","0","0","0","N","0","0","0","1","36215","0","","2","07","N","N","0","","0","0","0","0","0","Y","1942","0","1","0","0","0","0","0","1","0","1","N","","","","","","","","","","","2210","10","06","","N","N"
"0857","2","0","0","0","0","0","0","0","0","4","0","","36","12","2020","2021001583","1","40.0404","-76.2463","0848","08","0","0","0","0","0","0","1","0","","0","0","0","08","1","0","01","1","40 02:25.433","3","02","76 14:46.844","0","0","0","0","36215","0","0","0","N","0","0","0","3","36215","0","","1","01","N","N","0","","0","0","0","3","2","N","0848","0","2","0","0","0","0","0","1","0","2","N","","","","","","","","","","","0945","03","03","","N",""
"1851","1","0","0","0","0","0","0","0","0","4","0","","36","12","2020","2021001586","5","40.0403","-76.245","1845","08","0","0","0","0","0","1","0","0","","0","0","0","18","3","2","07","1","40 02:25.231","4","00","76 14:41.992","3","0","0","0","36215","0","0","0","N","0","0","0","7","36215","0","","1","09","N","N","1","","2","0","0","0","0","N","1844","2","2","0","0","0","0","0","1","0","2","N","","","","","","","","","","","1920","07","  ","","N",""
"1945","0","0","0","0","0","0","0","0","0","4","0","","36","12","2020","2021001584","4","40.0308","-76.2343","1939","08","0","0","0","0","0","0","0","0","","0","0","0","19","3","3","05","2","40 01:50.123","4","00","76 14:03.641","3","0","0","0","36215","0","0","0","N","0","0","0","4","36215","0","","1","01","N","N","1","","2","0","1","3","2","Y","1938","3","2","0","0","0","1","0","1","0","2","N","","","","","","","","","","","2000","04","  ","","N",""
"1648","1","0","0","0","0","0","0","0","0","4","0","","36","12","2020","2021001585","5","40.0403","-76.245","1644","08","0","0","0","0","0","0","0","0","","0","0","0","16","6","3","02","0","40 02:25.223","","02","76 14:41.740","3","0","0","0","36215","0","0","0","N","0","0","0","3","36215","0","","1","09","N","N","0","","3","0","1","0","0","","1642","3","2","0","0","0","0","0","1","0","2","N","","","","","","","","","","","","07","07","","N",""
"0726","2","0","0","0","0","0","0","0","0","4","0","","36","12","2020","2021001767","2","40.0301","-76.5028","0723","08","0","0","0","0","0","1","0","0","","0","0","0","07","1","0","00","0","40 01:48.218","","00","76 30:09.975","0","0","0","1","36404","0","0","0","N","0","0","0","1","36404","0","","1","07","N","N","0","","0","0","1","0","0","","0719","0","4","0","0","0","0","0","3","0","4","N","","","","","","","","","","","","04","04","","N","N"
"1334","1","0","0","0","0","0","0","0","0","1","1","","36","12","2020","2021001802","4","40.1509","-76.2394","1322","08","0","0","0","0","0","0","0","0","","0","1","0","13","1","0","00","1","40 09:03.069","3","00","76 14:21.891","0","0","0","0","36235","0","0","0","N","0","0","0","2","36506","0","","1","07","N","N","0","","0","0","0","0","0","N","1320","0","2","0","0","0","0","0","1","0","2","N","","","","","","","","","","","1431","10","  ","","N","N"
"1553","2","0","0","0","0","0","0","0","0","1","0","","36","12","2020","2021001801","5","40.0508","-76.3528","1550","08","0","0","0","0","0","1","0","0","","0","0","0","15","1","0","02","0","40 03:02.986","","00","76 21:09.991","0","0","0","0","36214","0","0","0","N","0","0","0","2","36214","0","","1","09","N","N","0","","0","0","0","0","0","","1550","0","2","0","0","0","0","0","3","0","2","N","","","","","","","","","","","","04","03","","N",""
"0621","2","0","0","0","0","0","0","0","0","1","0","","36","12","2020","2021001894","3","40.0055","-76.1082","0616","08","0","0","0","0","0","0","1","0","","0","0","0","06","3","1","00","1","40 00:19.713","6","00","76 06:29.399","8","0","0","0","36226","0","0","0","N","0","0","0","2","68J01","0","","1","01","N","N","0","","0","0","0","0","0","N","0608","1","2","0","0","0","1","0","1","0","2","N","","","","","","","","","","","0700","03","03","","N","N"
"0058","1","0","0","0","0","0","0","0","0","7","0","","36","12","2020","2021001924","4","40.0573","-76.144","0030","08","0","0","0","0","0","0","0","0","","0","0","0","00","2","0","02","2","40 03:26.406","2","00","76 08:38.543","9","0","0","0","36221","0","0","0","N","0","0","0","1","68J01","0","","5","01","N","N","0","","0","0","0","0","0","N","0023","0","1","0","0","0","0","1","1","0","1","N","","","","","","","","","","","0145","03","03","","N",""
"0841","0","0","0","0","0","0","0","0","0","1","0","","36","12","2020","2021001946","3","39.9079","-76.1215","0830","08","0","0","0","0","0","0","0","1","","0","0","0","08","1","1","02","2","39 54:28.552","3","00","76 07:17.494","8","0","0","0","36216","0","0","0","N","0","0","0","2","68J01","0","","1","01","N","N","0","","0","0","0","0","0","N","0827","1","2","0","0","0","1","0","1","2","2","N","","","","","","","","","","","0925","03","03","","N","N"
"0257","1","0","0","0","0","0","0","0","0","7","0","","36","12","2020","2021002021","5","40.0244","-76.3262","0253","08","0","0","0","0","0","0","0","0","","0","0","0","02","3","1","02","2","40 01:28.002","7","00","76 19:34.269","3","0","0","0","36220","0","0","0","N","0","0","0","1","36101","0","","4","09","N","N","0","","1","0","0","3","3","Y","0251","1","1","0","0","0","0","0","3","0","1","N","","","","","","","","","","","0200","04","  ","","N",""
"1752","1","0","0","0","0","0","0","0","0","7","0","","36","12","2020","2021002026","1","40.1333","-76.5633","1751","08","0","0","1","0","0","0","0","0","","0","0","0","17","3","1","00","1","40 07:59.792","2","00","76 33:47.949","4","0","0","0","36225","0","0","0","N","0","0","0","1","36505","1","","4","01","N","N","0","","0","0","0","0","0","N","1748","1","1","0","0","0","0","0","2","0","1","N","","","","","","","","","","","1810","03","  ","","N","N"
"0643","1","0","0","0","0","0","0","0","0","98","0","","36","12","2020","2021002025","1","40.1292","-76.502","0630","08","0","0","0","0","0","0","0","0","","0","0","0","06","5","0","00","0","40 07:45.237","","00","76 30:07.378","0","0","0","0","36225","0","0","0","N","0","0","0","1","36505","0","","1","01","N","N","0","","0","0","0","0","0","","0630","0","1","0","0","0","0","0","2","0","1","N","","","","","","","","","","","","03","  ","","N","N"
"1055","1","0","0","0","0","0","0","0","0","4","0","","36","12","2020","2021002207","6","40.0528","-76.3234","1055","08","0","0","0","0","0","1","0","0","","0","0","0","10","1","1","00","1","40 03:09.954","4","00","76 19:24.396","3","0","0","0","36101","0","0","0","N","0","0","0","3","36101","0","","1","09","N","N","0","","1","0","1","0","0","N","1051","1","2","0","0","0","0","0","3","0","2","N","","","","","","","","","","","1150","04","  ","","N","N"
"0601","1","0","0","0","0","0","0","0","0","4","0","","36","12","2020","2021002224","3","39.98","-76.3111","0547","08","0","0","0","0","0","1","1","0","","0","0","0","05","2","1","01","1","39 58:48.043","2","00","76 18:40.056","8","0","0","0","36228","0","0","0","N","0","0","0","2","36228","0","","1","02","N","N","1","","0","0","0","3","2","N","0547","1","2","0","0","0","1","0","1","0","2","N","","","","","","","","","","","0001","03","  ","","N",""
"0914","0","0","0","0","0","0","0","0","0","4","0","","36","12","2020","2021002418","2","40.1954","-76.2201","0906","08","1","0","0","0","0","0","0","1","","0","0","0","09","1","0","01","1","40 11:43.281","2","00","76 13:12.352","0","0","0","0","36204","0","0","0","N","0","0","0","2","36506","0","","1","01","N","N","0","","0","0","1","3","3","N","0902","0","2","0","0","0","0","0","1","1","2","N","","","","","","","","","","","0930","03","  ","","N",""
"1203","0","0","0","0","0","0","0","0","0","7","0","","36","11","2020","2021002445","2","40.0384","-76.083","1201","08","0","0","0","0","0","0","0","0","","0","0","0","11","1","1","00","1","40 02:18.320","3","00","76 04:58.632","3","0","0","0","36221","0","0","0","N","0","0","0","1","68J01","0","","4","09","N","N","0","","1","0","1","0","0","N","1159","1","1","0","0","0","0","0","1","0","1","N","","","","","","","","","","","1400","07","  ","","N","N"
"1305","1","0","0","0","0","0","0","0","0","8","0","","36","12","2020","2021002453","4","39.8233","-76.2027","1305","08","0","0","0","0","0","1","0","0","","0","0","0","13","1","5","00","2","39 49:23.933","5","00","76 12:09.889","2","0","0","0","36208","3","0","2","N","2","0","2","5","68J01","0","","4","02","N","N","1","","3","2","0","0","0","Y","1305","5","5","0","0","0","0","0","1","1","3","N","","","","","","","","","","","1422","02","10","","Y","N"
"2013","0","0","0","0","0","0","0","0","0","7","0","","36","12","2020","2021002459","7","39.772","-76.2352","1940","08","0","0","0","1","0","0","0","0","","0","0","0","19","2","1","00","0","39 46:19.360","","00","76 14:06.740","3","0","0","0","36208","0","0","0","N","0","0","0","1","68J01","0","","4","01","N","N","0","","1","0","1","0","0","","1935","1","1","0","0","1","0","0","1","0","1","N","","","","","","","","","","","","03","  ","","N","N"
"1324","1","0","0","0","0","0","0","0","0","4","0","","36","12","2020","2021002468","4","39.9975","-75.9761","1305","08","0","0","0","0","0","0","2","0","","0","0","0","12","1","0","00","0","39 59:51.100","","00","75 58:34.020","0","0","0","0","36232","0","0","0","N","0","0","0","2","68J01","0","","1","01","N","N","0","","0","0","1","3","3","","1246","0","2","0","0","0","0","0","1","0","2","N","","","","","","","","","","","","03","  ","","N","Y"
"1803","2","0","0","0","0","0","0","0","0","6","0","","36","12","2020","2021002815","4","39.8234","-76.3177","1750","08","0","0","0","0","0","0","0","0","","0","0","0","17","2","0","00","0","39 49:24.105","","00","76 19:03.801","0","0","0","0","36224","0","0","0","N","0","0","0","1","68J01","0","","2","07","N","N","0","","0","0","0","0","0","","1745","0","2","0","0","0","0","0","1","0","2","N","","","","","","","","","","","","02","06","","N","N"
"1600","1","0","0","0","0","0","0","0","0","1","0","","36","12","2020","2021002766","6","40.1298","-76.4427","1600","08","0","0","0","0","0","0","0","0","","0","0","0","15","1","1","00","1","40 07:47.128","4","00","76 26:33.803","3","0","0","0","36230","0","0","0","N","0","0","0","4","36410","0","","1","09","N","N","1","","1","0","1","0","0","N","1558","1","3","0","0","0","0","2","1","0","3","N","","","","","","","","","","","1635","07","  ","","N","Y"
"1503","1","0","0","0","0","0","0","0","0","2","0","","36","12","2020","2021002801","3","40.1498","-75.9069","1437","08","0","0","0","0","0","0","1","1","","0","0","0","14","1","1","02","1","40 08:59.385","4","00","75 54:24.679","3","0","0","0","36203","0","0","0","N","0","0","0","4","68J01","0","","1","01","N","N","0","","1","0","0","0","0","N","1433","1","2","0","0","0","0","0","1","1","2","N","","","","","","","","","","","1515","03","  ","","N",""
"1957","0","0","0","0","0","0","0","0","0","98","0","","36","12","2020","2021002914","4","40.1082","-76.3661","1949","08","0","0","0","0","0","0","0","0","","0","0","0","19","4","2","00","1","40 06:29.676","3","00","76 21:58.095","3","0","0","0","36406","0","0","0","N","0","0","0","2","36506","0","","1","01","N","N","0","","2","0","1","0","0","N","1949","2","1","0","0","0","0","0","3","0","1","N","","","","","","","","","","","2103","03","  ","","N","N"
"1547","0","0","0","0","0","0","0","0","0","7","0","","36","12","2020","2021002812","4","39.8902","-76.238","1539","08","0","0","0","0","0","0","0","0","","0","0","0","15","1","0","01","0","39 53:24.827","","00","76 14:16.772","0","0","0","0","36229","0","0","0","N","0","0","0","1","68J01","0","","4","07","N","N","0","","0","0","1","3","2","","1535","0","1","0","0","0","0","0","1","0","1","N","","","","","","","","","","","","02","06","","N","N"
"1527","0","0","0","0","0","0","0","0","0","0","0","","36","12","2020","2021003154","5","40.0553","-76.2788","1521","08","0","0","0","0","0","0","0","0","","0","0","0","15","1","1","00","2","40 03:19.000","5","00","76 16:43.700","3","0","0","0","36101","0","0","0","N","0","0","0","1","36101","0","","1","09","N","N","0","","1","0","1","0","0","Y","1511","1","1","0","0","0","0","0","3","0","1","N","","","","","","","","","","","1615","07","07","","N","N"
"1701","2","0","0","0","0","0","0","0","0","4","0","","36","12","2020","2021002932","4","40.0435","-76.3147","1659","08","0","0","0","1","0","0","0","0","","0","0","0","16","3","0","01","2","40 02:36.711","6","00","76 18:52.865","0","0","0","0","36301","0","0","0","N","0","0","0","2","36301","0","","1","01","N","N","0","","0","0","0","3","3","Y","1659","0","2","0","0","0","0","0","3","0","2","N","","","","","","","","","","","1745","03","  ","","N",""
"1530","2","0","0","0","0","0","0","0","0","1","0","","36","12","2020","2021002982","5","40.0514","-76.2776","1530","08","0","0","0","0","0","2","0","0","","0","0","0","15","1","1","01","1","40 03:05.090","4","00","76 16:39.432","3","0","0","0","36301","0","0","0","N","0","0","0","3","36301","0","","1","01","N","N","0","","1","0","0","3","2","N","1530","1","2","0","0","0","0","0","3","0","2","N","","","","","","","","","","","1617","03","03","","N",""
"1232","0","0","0","0","0","0","0","0","0","1","0","","36","12","2020","2021003177","5","40.0439","-76.3108","1228","08","0","0","0","0","0","0","0","0","","0","0","0","12","1","0","00","0","40 02:38.173","","00","76 18:38.781","0","0","0","0","36301","0","0","0","N","0","0","0","2","36301","0","","1","09","N","N","1","","0","0","1","0","0","","1225","0","2","0","0","0","0","0","3","0","2","N","","","","","","","","","","","","07","  ","","N","N"
"1140","1","0","0","0","0","0","0","0","0","8","0","","36","12","2020","2021003414","6","40.0388","-76.2979","1129","08","0","0","0","0","1","0","0","0","","0","0","0","11","1","1","00","0","40 02:19.688","","00","76 17:52.500","4","0","0","0","36301","1","0","0","N","1","0","0","3","36301","1","","1","01","N","N","0","","0","0","0","0","0","","1127","1","2","0","0","1","0","0","3","0","1","N","","","","","","","","","","","","03","03","","N","N"
"1749","0","0","0","0","0","0","0","0","0","1","0","","36","12","2020","2021003902","5","40.0086","-76.1873","1741","08","0","0","0","0","0","1","0","1","","0","0","0","17","3","0","00","0","40 00:31.131","","00","76 11:14.430","0","0","0","0","36215","0","0","0","N","0","0","0","2","36215","0","","1","01","N","N","0","","0","0","2","0","0","","1738","0","2","0","0","0","0","0","1","0","2","N","","","","","","","","","","","","04","  ","","N","N"
"2023","0","0","0","0","0","0","0","0","0","7","0","","36","11","2020","2021003928","2","39.9417","-76.2074","2012","08","0","0","0","0","0","0","0","0","","0","0","0","20","2","1","00","2","39 56:30.201","5","00","76 12:26.628","3","0","0","0","36233","0","0","0","N","0","0","0","1","68J01","0","","4","01","N","N","0","","1","0","1","0","0","U","2010","1","1","0","0","0","0","0","1","0","1","N","","","","","","","","","","","2148","03","03","","N","N"
"2047","0","0","0","0","0","0","0","0","0","7","0","","36","12","2020","2021003942","4","39.9389","-76.371","2028","08","0","0","0","0","0","0","0","0","","0","0","0","20","2","0","00","1","39 56:19.877","6","00","76 22:15.429","0","0","0","0","36206","0","0","0","N","0","0","0","1","68J01","0","","4","07","N","N","0","","0","0","1","0","0","N","2026","0","1","0","0","0","0","0","1","0","1","N","","","","","","","","","","","2147","10","  ","","N","N"
"0741","1","0","0","0","0","0","0","0","0","7","0","","36","12","2020","2021004513","6","39.8738","-76.1536","0715","08","0","0","0","0","0","0","0","0","","0","0","0","07","5","0","00","0","39 52:25.548","","00","76 09:12.824","0","0","0","0","36212","0","0","0","Y","0","0","0","1","68J01","0","","4","01","N","N","0","","0","0","0","0","0","","0711","0","1","0","0","0","0","0","1","0","1","N","","","","","","","","","","","","03","03","","N","N"
"1431","1","0","0","0","0","0","0","0","0","5","1","","36","12","2020","2021004570","2","40.0556","-76.5681","1431","08","0","0","0","0","0","0","0","0","","0","0","0","11","1","0","00","0","40 03:20.015","","00","76 34:05.231","0","0","0","0","36411","0","0","0","N","0","0","0","1","36504","0","","6","01","N","N","1","","0","0","1","0","0","","1130","0","3","0","0","0","0","0","1","0","3","N","","","","","","","","","","","","04","  ","","N","N"
"1440","1","0","0","0","0","0","0","0","0","1","0","","36","12","2020","2021004455","4","40.0551","-76.268","1436","08","0","0","0","0","0","0","0","0","","0","0","0","14","1","0","00","0","40 03:18.397","","00","76 16:04.803","9","0","0","0","36301","0","0","0","N","0","0","0","5","36301","0","","1","01","N","N","0","","0","0","1","0","0","","1429","0","3","0","0","0","0","1","3","1","3","N","","","","","","","","","","","","03","03","","N","N"
"2140","1","0","0","0","0","0","0","0","0","7","0","","36","12","2020","2021004468","4","40.0401","-76.5114","2140","08","1","0","0","0","0","0","0","0","","0","0","0","21","3","0","00","0","40 02:26.221","","00","76 30:41.676","0","0","0","0","36239","0","0","0","N","0","0","0","1","36404","0","","5","01","N","N","0","","0","0","0","0","0","","2140","0","1","0","0","0","0","0","3","0","1","N","","","","","","","","","","","","03","  ","","N","N"
"1437","2","0","0","0","0","0","0","0","0","1","0","","36","12","2020","2021004746","4","40.0413","-76.3892","1429","08","0","0","0","0","0","0","0","0","","0","0","0","14","1","0","00","0","40 02:28.694","","00","76 23:21.125","0","0","0","0","36223","0","0","0","N","0","0","0","2","36223","0","","1","01","N","N","0","","0","0","0","0","0","","1425","0","2","0","0","0","0","0","1","0","2","N","","","","","","","","","","","","03","  ","","N","N"