"ARRIVAL_TM","AUTOMOBILE_COUNT","BELTED_DEATH_COUNT","BELTED_SUSP_SERIOUS_INJ_COUNT","BICYCLE_COUNT","BICYCLE_DEATH_COUNT","BICYCLE_SUSP_SERIOUS_INJ_COUNT","BUS_COUNT","CHLDPAS_DEATH_COUNT","CHLDPAS_SUSP_SERIOUS_INJ_COUNT","COLLISION_TYPE","COMM_VEH_COUNT","CONS_ZONE_SPD_LIM","COUNTY","CRASH_MONTH","CRASH_YEAR","CRN","DAY_OF_WEEK","DEC_LAT","DEC_LONG","DISPATCH_TM","DISTRICT","DRIVER_COUNT_16YR","DRIVER_COUNT_17YR","DRIVER_COUNT_18YR","DRIVER_COUNT_19YR","DRIVER_COUNT_20YR","DRIVER_COUNT_50_64YR","DRIVER_COUNT_65_74YR","DRIVER_COUNT_75PLUS","EST_HRS_CLOSED","FATAL_COUNT","HEAVY_TRUCK_COUNT","HORSE_BUGGY_COUNT","HOUR_OF_DAY","ILLUMINATION","INJURY_COUNT","INTERSECT_TYPE","LANE_CLOSED","LATITUDE","LN_CLOSE_DIR","LOCATION_TYPE","LONGITUDE","MAX_SEVERITY_LEVEL","MCYCLE_DEATH_COUNT","MCYCLE_SUSP_SERIOUS_INJ_COUNT","MOTORCYCLE_COUNT","MUNICIPALITY","NONMOTR_COUNT","NONMOTR_DEATH_COUNT","NONMOTR_SUSP_SERIOUS_INJ_COUNT","NTFY_HIWY_MAINT","PED_COUNT","PED_DEATH_COUNT","PED_SUSP_SERIOUS_INJ_COUNT","PERSON_COUNT","POLICE_AGCY","POSSIBLE_INJ_COUNT","RDWY_SURF_TYPE_CD","RELATION_TO_ROAD","ROAD_CONDITION","SCH_BUS_IND","SCH_ZONE_IND","SMALL_TRUCK_COUNT","SPEC_JURIS_CD","SUSP_MINOR_INJ_COUNT","SUSP_SERIOUS_INJ_COUNT","SUV_COUNT","TCD_FUNC_CD","TCD_TYPE","TFC_DETOUR_IND","TIME_OF_DAY","TOT_INJ_COUNT","TOTAL_UNITS","UNB_DEATH_COUNT","UNB_SUSP_SERIOUS_INJ_COUNT","UNBELTED_OCC_COUNT","UNK_INJ_DEG_COUNT","UNK_INJ_PER_COUNT","URBAN_RURAL","VAN_COUNT","VEHICLE_COUNT","WORK_ZONE_IND","WORK_ZONE_LOC","WORK_ZONE_TYPE","WORKERS_PRES","WZ_CLOSE_DETOUR","WZ_FLAGGER","WZ_LAW_OFFCR_IND","WZ_LN_CLOSURE","WZ_MOVING","WZ_OTHER","WZ_SHLDER_MDN","ROADWAY_CLEARED","WEATHER1","WEATHER2","WZ_WORKERS_INJ_KILLED","SECONDARY_CRASH","INTERSECTION_RELATED"
"0955","1","0","0","0","0","0","0","0","0","5","0","","36","12","2020","2021004439","4","40.0433","-76.3004","0950","08","0","0","0","0","0","0","0","0","","0","0","0","09","1","0","00","1","40 02:36.000","4","00","76 18:01.300","0","0","0","0","36301","0","0","0","N","0","0","0","1","36301","0","","1","01","N","N","0","","0","0","1","0","0","N","0947","0","2","0","0","1","0","0","3","0","2","N","","","","","","","","","","","1057","03","03","","N","N"
"1415","0","0","0","0","0","0","0","0","0","4","0","","36","12","2020","2021004950","7","39.8837","-76.2046","1404","08","0","0","0","0","0","0","1","0","","0","0","0","13","1","0","01","0","39 53:01.345","","00","76 12:16.591","0","0","0","0","36212","0","0","0","N","0","0","0","2","68J01","0","","1","01","N","N","1","","0","0","1","3","3","","1355","0","2","0","0","0","0","0","1","0","2","N","","","","","","","","","","","","03","03","","N","N"
"1408","1","0","0","0","0","0","0","0","0","7","0","","36","12","2020","2021005706","5","39.8281","-76.2086","1353","08","0","0","0","0","0","0","0","0","","0","0","0","13","1","0","00","0","39 49:41.160","","00","76 12:31.029","0","0","0","0","36212","0","0","0","N","0","0","0","1","68J01","0","","4","09","N","N","0","","0","0","0","0","0","","1349","0","1","0","0","0","0","0","1","0","1","N","","","","","","","","","","","","07","  ","","N","N"
"1726","0","0","0","0","0","0","0","0","0","7","0","","36","12","2020","2021005711","3","39.8562","-76.2529","1658","08","0","0","0","0","0","1","0","0","","0","0","0","16","4","0","00","2","39 51:22.250","5","00","76 15:10.530","0","0","0","0","36208","0","0","0","N","0","0","0","1","68J01","0","","4","01","N","N","0","","0","0","1","0","0","Y","1651","0","1","0","0","0","0","0","1","0","1","N","","","","","","","","","","","2100","03","  ","","N","N"
"1753","1","0","0","0","0","0","0","0","0","4","1","","36","12","2020","2021005703","2","40.0392","-76.0644","1745","08","0","0","1","0","0","0","0","0","","0","1","0","17","3","0","01","1","40 02:21.008","1","00","76 03:51.801","0","0","0","0","36221","0","0","0","N","0","0","0","2","68J01","0","","1","01","N","N","0","","0","0","0","0","0","N","1743","0","2","0","0","0","0","0","1","0","2","N","","","","","","","","","","","0030","03","  ","","N",""
"1625","0","0","0","0","0","0","0","0","0","7","1","","36","12","2020","2021006261","4","40.1901","-76.0324","1621","08","0","0","0","0","0","1","0","0","","0","1","0","16","4","0","02","1","40 11:24.304","1","00","76 01:56.506","0","0","0","0","36202","0","0","0","N","0","0","0","1","68J01","0","","4","07","N","N","0","","0","0","0","0","0","N","1616","0","1","0","0","0","0","0","1","0","1","N","","","","","","","","","","","1735","10","02","","N","N"
"1114","1","0","0","0","0","0","0","0","0","5","0","","36","09","2020","2021006648","1","40.0394","-76.3015","1113","08","0","0","0","0","0","0","1","0","","0","0","0","11","1","0","00","1","40 02:21.802","1","00","76 18:05.478","0","0","0","0","36301","0","0","0","N","0","0","0","2","36301","0","","1","01","N","N","0","","0","0","1","0","0","N","1113","0","3","0","0","1","0","0","3","1","3","N","","","","","","","","","","","0030","03","03","","N","N"
"1234","0","0","0","0","0","0","0","0","0","7","0","","36","12","2020","2021006695","4","39.8701","-76.2438","1230","08","0","1","0","0","0","0","0","0","","0","0","0","12","1","0","00","2","39 52:12.305","3","00","76 14:37.523","0","0","0","0","36208","0","0","0","N","0","0","0","1","68J01","0","","4","02","N","N","0","","0","0","1","0","0","Y","1227","0","1","0","0","0","0","0","1","0","1","N","","","","","","","","","","","1320","10","10","","N","N"
"1613","1","0","0","0","0","0","0","0","0","7","0","","36","12","2020","2021007320","6","39.9519","-76.0393","1547","08","0","1","0","0","0","0","0","0","","0","0","0","15","1","0","02","0","39 57:06.969","","00","76 02:21.631","0","0","0","0","36231","0","0","0","N","0","0","0","1","68J01","0","","4","07","N","N","0","","0","0","0","0","0","","1541","0","1","0","0","0","0","0","1","0","1","N","","","","","","","","","","","","03","  ","","N","N"
"2113","1","0","0","0","0","0","0","0","0","7","0","","36","11","2020","2021007091","6","40.2434","-76.0443","2057","08","0","0","0","0","0","0","0","0","","1","0","0","20","2","0","00","2","40 14:36.100","5","00","76 02:39.300","1","0","0","0","36202","0","0","0","N","0","0","0","1","68J01","0","2","5","01","N","N","0","0","0","0","0","0","0","Y","2053","0","1","1","0","1","0","0","1","0","1","N","","","","","","","","","","","0030","03","03","","N","N"
"1708","0","0","0","0","0","0","0","0","0","1","0","","36","12","2020","2021007859","1","39.9875","-76.2768","1657","08","0","0","0","0","0","0","1","0","","0","0","0","16","4","1","00","0","39 59:15.032","","00","76 16:36.536","4","0","0","0","36240","0","0","0","N","0","0","0","2","68J01","1","","1","01","N","N","0","","0","0","2","3","2","","1641","1","2","0","0","0","0","0","1","0","2","N","","","","","","","","","","","","03","  ","","N","N"
"2114","1","0","2","0","0","0","0","1","1","2","0","","36","12","2020","2021008152","7","39.8258","-76.3125","2105","08","0","0","0","0","0","0","0","0","","1","0","0","20","2","7","00","2","39 49:32.736","6","00","76 18:45.130","1","0","0","0","36224","0","0","0","N","0","0","0","8","68J01","0","2","2","01","N","N","0","0","1","6","0","0","0","Y","2058","7","2","1","4","5","0","0","1","1","2","N","","","","","","","","","","","0100","03","  ","","N","N"
"1949","2","0","0","0","0","0","0","0","0","4","0","","36","12","2020","2021007166","3","40.0382","-76.3235","1948","08","0","0","0","0","0","1","0","0","","0","0","0","19","3","0","01","2","40 02:17.653","4","00","76 19:24.603","0","0","0","0","36301","0","0","0","N","0","0","0","2","36301","0","","1","01","N","N","0","","0","0","0","3","2","N","1936","0","2","0","0","0","0","0","3","0","2","N","","","","","","","","","","","2044","03","03","","N",""
"2224","0","0","0","0","0","0","0","0","0","6","0","","36","12","2020","2021008795","6","40.2261","-76.3024","2151","08","0","0","0","0","0","0","0","0","","0","0","0","21","3","0","01","0","40 13:34.012","","00","76 18:08.758","0","0","0","0","36217","0","0","0","N","0","0","0","3","68J01","0","","5","02","N","N","0","","0","0","2","3","2","","2146","0","2","0","0","0","0","0","1","0","2","N","","","","","","","","","","","","04","  ","","N","N"
"0809","0","0","0","0","0","0","0","0","0","4","1","","36","12","2020","2021009760","2","39.8185","-76.135","0754","08","0","0","0","0","0","0","0","0","","3","1","1","07","1","4","01","2","39 49:06.379","7","00","76 08:05.746","1","0","0","0","36222","7","3","0","N","0","0","0","8","68J01","0","2","1","09","N","N","0","0","0","0","0","3","3","Y","0753","4","2","0","0","0","4","0","1","0","1","N","","","","","","","","","","","1049","07","  ","","N","N"
"1200","1","0","0","0","0","0","0","0","0","4","0","","36","08","2020","2021011739","4","40.213","-76.2946","","08","0","0","0","0","0","1","0","0","","0","0","0","12","1","2","02","0","40 12:46.942","","00","76 17:40.435","8","0","0","0","36217","0","0","0","N","0","0","0","3","00000","0","","1","01","","","0","","0","0","0","0","0","","1200","2","2","0","0","0","2","0","1","1","2","N","","","","","","","","","","","","03","  ","","N",""
"1508","0","0","0","0","0","0","0","0","0","4","0","","36","12","2020","2021013518","7","39.8414","-76.0932","1448","08","0","0","0","0","0","0","1","0","","1","0","0","14","1","0","01","2","39 50:28.973","1","00","76 05:35.577","1","1","0","1","36205","0","0","0","N","0","0","0","2","68J01","0","2","1","01","N","N","0","0","0","0","1","3","3","Y","1443","0","2","0","0","0","0","0","1","0","2","N","","","","","","","","","","","1530","03","03","","N","N"
"1917","1","1","0","0","0","0","0","0","0","7","0","","36","12","2020","2021013523","5","39.7215","-76.1543","1908","08","0","0","0","1","0","0","0","0","","1","0","0","19","2","0","00","1","39 43:17.493","1","00","76 09:15.522","1","0","0","0","36219","0","0","0","N","0","0","0","1","68J01","0","2","2","09","N","N","0","0","0","0","0","0","0","N","1905","0","1","0","0","0","0","0","1","0","1","N","","","","","","","","","","","2130","07","07","","N","N"
"1520","1","0","0","0","0","0","0","0","0","4","0","","36","10","2020","2021018370","5","40.044","-76.3096","","08","0","0","0","0","0","0","0","0","","0","0","0","15","1","2","01","0","40 02:38.526","","00","76 18:34.563","8","0","0","0","36301","0","0","0","N","0","0","0","3","00000","0","","1","01","","","0","","0","0","1","3","3","","1520","2","2","0","0","0","2","0","3","0","2","N","","","","","","","","","","","","03","  ","","N",""
"1148","2","0","0","0","0","0","0","0","0","1","0","","36","11","2020","2020096223","2","40.1724","-76.6035","1134","08","0","0","0","0","0","0","0","0","","0","0","0","11","1","1","00","0","40 10:20.697","","07","76 36:12.718","3","0","0","0","36225","0","0","0","N","0","0","0","2","36505","0","","1","01","N","N","0","","1","0","0","0","0","","1134","1","2","0","0","0","0","0","2","0","2","N","","","","","","","","","","","","03","03","","N","N"
"1650","2","0","0","0","0","0","0","0","0","4","0","","36","11","2020","2020096224","3","40.1843","-76.6009","1615","08","0","0","0","0","0","1","0","0","","0","0","0","16","1","1","01","2","40 11:03.464","5","00","76 36:03.165","4","0","0","0","36225","0","0","0","N","0","0","0","2","36505","1","","1","01","N","N","0","","0","0","0","3","3","Y","1612","1","2","0","0","0","0","0","2","0","2","N","","","","","","","","","","","1645","03","  ","","N",""
"0549","0","0","0","0","0","0","0","0","0","1","0","","36","11","2020","2020096213","3","40.0182","-76.1713","0549","08","0","0","0","0","0","0","0","0","","0","0","0","05","2","0","00","1","40 01:05.562","3","00","76 10:16.724","0","0","0","0","36215","0","0","0","N","0","0","0","2","36215","0","","1","01","N","N","0","","0","0","2","0","0","N","0548","0","2","0","0","0","0","0","1","0","2","N","","","","","","","","","","","0640","03","03","","N","N"
"2320","0","0","0","0","0","0","0","0","0","7","0","","36","11","2020","2020096670","4","40.2655","-76.1111","2312","08","0","0","0","0","0","0","0","0","","0","0","0","23","3","0","02","0","40 15:55.750","","00","76 06:40.106","0","0","0","0","36236","0","0","0","N","0","0","0","1","36408","0","","4","09","N","N","1","","0","0","0","0","0","","2310","0","1","0","0","0","0","0","1","0","1","N","","","","","","","","","","","","05","07","","N","N"
"1920","1","0","0","0","0","0","0","0","0","5","0","","36","11","2020","2020098266","4","40.0602","-76.5397","1910","08","0","0","0","0","0","0","0","0","","0","0","0","19","2","0","00","2","40 03:36.600","6","00","76 32:22.800","0","0","0","0","36411","0","0","0","N","0","0","0","1","36504","0","","1","01","N","N","0","","0","0","1","0","0","Y","1909","0","2","0","0","0","0","0","1","0","2","N","","","","","","","","","","","2000","03","03","","N","N"
"1753","0","0","0","0","0","0","0","0","0","98","0","","36","11","2020","2020098296","5","40.0922","-76.2629","1744","08","0","0","0","0","0","0","0","0","","0","0","0","17","2","0","00","0","40 05:31.931","","00","76 15:46.593","0","0","0","0","36101","0","0","0","N","0","0","0","1","36101","0","","1","01","N","N","0","","0","0","1","0","0","","1742","0","1","0","0","0","0","0","3","0","1","N","","","","","","","","","","","","03","03","","N","N"
"2049","0","0","0","0","0","0","0","0","0","98","0","","36","11","2020","2020098298","6","40.0614","-76.3532","2044","08","0","0","0","0","0","1","0","0","","0","0","0","20","3","0","00","0","40 03:40.870","","00","76 21:11.479","0","0","0","0","36214","0","0","0","N","0","0","0","2","36214","0","","1","01","N","N","0","","0","0","1","0","0","","2020","0","1","0","0","0","0","0","3","0","1","N","","","","","","","","","","","","03","03","","N","N"
"1142","0","0","0","0","0","0","0","0","0","4","0","","36","11","2020","2020097691","6","40.0686","-76.3451","1138","08","0","0","0","0","0","0","0","0","","0","0","0","11","1","0","00","2","40 04:06.870","5","03","76 20:42.430","0","0","0","0","36214","0","0","0","N","0","0","0","2","36214","0","","5","01","N","N","0","","0","0","1","0","0","Y","1137","0","1","0","0","0","0","0","3","0","1","N","","","","","","","","","","","0100","04","  ","","N","N"
"1633","2","0","0","0","0","0","0","0","0","1","0","","36","11","2020","2020097902","6","40.2314","-76.1354","1621","08","0","1","0","0","0","0","0","0","","0","0","0","16","4","0","02","0","40 13:53.067","","00","76 08:07.494","0","0","0","0","36405","0","0","0","N","0","0","0","2","36210","0","","1","01","N","N","0","","0","0","0","0","0","","1621","0","2","0","0","0","0","0","1","0","2","N","","","","","","","","","","","","03","  ","","N","N"
"2017","1","0","0","0","0","0","0","0","0","4","0","","36","11","2020","2020097928","7","40.131","-76.2171","2013","08","0","0","1","0","0","0","0","0","","0","0","0","20","3","2","01","1","40 07:51.556","7","00","76 13:01.609","4","0","0","0","36238","0","0","0","N","0","0","0","3","36238","2","","1","01","N","N","1","","0","0","0","3","2","N","2013","2","2","0","0","0","0","0","3","0","2","N","","","","","","","","","","","2105","04","  ","","N","N"
"1411","0","0","0","0","0","0","0","0","0","4","0","","36","11","2020","2020097849","7","40.1502","-76.3069","1403","08","0","0","0","0","0","2","0","0","","0","0","0","14","1","0","01","0","40 09:00.621","","00","76 18:24.730","9","0","0","0","36409","0","0","0","N","0","0","0","5","36409","0","","1","01","N","N","0","","0","0","3","3","2","","1401","0","3","0","0","0","0","5","3","0","3","N","","","","","","","","","","","","03","  ","","N",""
"1424","1","0","0","0","0","0","0","0","0","4","0","","36","11","2020","2020097851","1","40.1533","-76.3688","1417","08","0","0","1","0","0","0","1","0","","0","0","0","14","1","1","03","0","40 09:11.989","","00","76 22:07.535","4","0","0","0","36227","0","0","0","N","0","0","0","3","36506","1","","1","01","N","N","0","","0","0","1","3","3","","1417","1","2","0","0","0","0","0","1","0","2","N","","","","","","","","","","","","03","  ","","N",""
"1804","1","0","0","0","0","0","0","0","0","7","0","","36","11","2020","2020097904","1","40.2107","-76.1178","1757","08","0","1","0","0","0","0","0","0","","0","0","0","17","3","0","00","0","40 12:38.600","","00","76 07:04.000","0","0","0","0","36210","0","0","0","N","0","0","0","1","36210","0","","1","09","N","N","0","","0","0","0","0","0","","1757","0","1","0","0","0","0","0","1","0","1","N","","","","","","","","","","","","07","  ","","N","N"
"2110","0","0","0","0","0","0","0","0","0","1","0","","36","11","2020","2020098322","1","39.9822","-76.3172","2059","08","0","0","0","0","0","0","0","0","","0","0","0","20","3","0","00","0","39 58:56.088","","00","76 19:01.960","0","0","0","0","36228","0","0","0","N","0","0","0","1","36228","0","","2","09","N","N","1","","0","0","1","0","0","","2059","0","2","0","0","0","0","0","1","0","2","N","","","","","","","","","","","","07","  ","","N","N"
"0951","1","0","0","0","0","0","0","0","0","4","0","","36","12","2020","2021025032","5","40.1133","-76.4512","0941","08","0","0","0","0","0","2","0","0","","1","0","0","09","1","2","01","2","40 06:47.876","7","00","76 27:04.154","1","0","0","0","36230","0","0","0","N","0","0","0","5","36410","0","1","1","09","N","N","1","0","1","1","0","3","2","Y","0939","2","2","1","1","2","0","2","1","0","2","N","","","","","","","","","","","0045","07","04","","N",""
"1705","4","0","0","0","0","0","0","0","0","1","0","","36","11","2020","2020100579","5","40.1038","-76.3543","1653","08","0","0","0","1","0","0","0","0","","0","0","0","16","3","1","00","2","40 06:13.817","7","00","76 21:15.476","3","0","0","0","36406","0","0","0","N","0","0","0","6","36506","0","","1","01","N","N","0","","1","0","0","0","0","Y","1653","1","4","0","0","0","0","0","3","0","4","N","","","","","","","","","","","1808","03","03","","N","N"
"1544","1","0","0","0","0","0","0","0","0","0","1","","36","11","2020","2020100578","5","40.0649","-76.0871","1538","08","0","0","0","0","0","1","0","0","","0","1","0","15","1","0","02","1","40 03:53.568","4","00","76 05:13.445","0","0","0","0","36209","0","0","0","N","0","0","0","3","36415","0","","1","01","N","N","0","","0","0","0","3","3","N","1536","0","2","0","0","0","0","0","1","0","2","N","","","","","","","","","","","1830","03","  ","","N",""
"0912","0","0","0","0","0","0","0","0","0","1","0","","36","11","2020","2020100109","6","40.1026","-76.3054","0907","08","0","0","0","0","0","0","0","0","","0","0","0","09","1","0","00","0","40 06:09.491","","00","76 18:19.408","0","0","0","0","36101","0","0","0","N","0","0","0","2","36101","0","","1","01","N","N","0","","0","0","1","0","0","","0904","0","2","0","0","0","0","0","3","1","2","N","","","","","","","","","","","","03","03","","N","N"
"1438","2","0","0","0","0","0","0","0","0","1","0","","36","11","2020","2020100407","6","40.0821","-76.3568","1426","08","0","0","0","0","0","0","0","0","","0","0","0","14","1","0","00","2","40 04:55.495","4","00","76 21:24.610","0","0","0","0","36214","0","0","0","N","0","0","0","3","36214","0","","1","01","N","N","0","","0","0","1","0","0","N","1420","0","3","0","0","0","0","0","3","0","3","N","","","","","","","","","","","0050","03","03","","Y","N"
"1438","0","0","0","1","0","1","0","0","0","4","0","","36","11","2020","2020099998","6","40.1421","-76.3042","1438","08","0","0","0","0","0","0","0","1","","0","0","0","14","1","1","00","0","40 08:31.477","","07","76 18:15.225","2","0","0","0","36409","1","0","1","N","0","0","0","2","36409","0","","1","01","N","N","0","","0","1","1","0","0","","1438","1","2","0","0","0","0","0","3","0","1","N","","","","","","","","","","","","03","03","","N","N"
"0448","1","0","0","0","0","0","0","0","0","7","0","","36","11","2020","2020099966","7","40.1893","-76.1727","0436","08","0","0","0","0","0","0","0","0","","0","0","0","02","3","0","00","0","40 11:21.400","","00","76 10:21.800","9","0","0","0","36408","0","0","0","N","0","0","0","1","36408","0","","2","01","N","N","0","","0","0","0","0","0","","0200","0","1","0","0","0","0","1","2","0","1","N","","","","","","","","","","","","03","  ","","N","N"
"1736","0","0","0","0","0","0","0","0","0","4","0","","36","11","2020","2020102235","7","40.1499","-76.5805","1733","08","0","0","0","0","0","0","0","0","","0","0","0","17","2","2","01","1","40 08:59.582","3","00","76 34:49.767","3","0","0","0","36225","0","0","0","N","0","0","0","3","36505","0","","1","01","N","N","1","","2","0","1","3","3","N","1730","2","2","0","0","0","0","0","2","0","2","N","","","","","","","","","","","1830","03","03","","N",""
"1650","0","0","0","0","0","0","0","0","0","4","0","","36","11","2020","2020101758","4","40.0294","-76.3235","1506","08","0","0","0","0","0","0","0","0","","0","0","0","15","1","0","00","1","40 01:45.906","3","07","76 19:24.513","0","0","0","0","36220","0","0","0","N","0","0","0","3","36101","0","","1","01","N","N","0","","0","0","2","0","0","N","1502","0","2","0","0","0","0","0","3","0","2","N","","","","","","","","","","","1510","03","03","","N","N"
"1244","2","0","0","0","0","0","0","0","0","4","0","","36","11","2020","2020101441","4","40.0297","-76.3052","1239","08","0","1","0","0","0","0","0","0","","0","0","0","12","1","0","01","2","40 01:46.793","3","00","76 18:18.770","0","0","0","0","36301","0","0","0","N","0","0","0","3","36301","0","","1","01","N","N","0","","0","0","1","3","3","Y","1237","0","3","0","0","0","0","0","3","0","3","N","","","","","","","","","","","1342","04","  ","","Y","N"
"0625","1","0","0","0","0","0","0","0","0","7","0","","36","11","2020","2020101333","4","40.0458","-76.2976","0610","08","0","0","0","0","0","0","0","0","","0","0","0","06","3","0","00","1","40 02:44.906","4","00","76 17:51.310","0","0","0","0","36301","0","0","0","N","0","0","0","1","36301","0","","4","01","N","N","0","","0","0","0","0","0","Y","0610","0","1","0","0","0","0","0","3","0","1","N","","","","","","","","","","","0644","03","03","","N","N"
"1058","1","0","0","0","0","0","0","0","0","4","0","","36","11","2020","2020101857","5","40.1027","-76.4328","1050","08","0","0","0","0","0","0","0","1","","0","0","0","10","1","0","01","0","40 06:09.698","","00","76 25:58.025","0","0","0","0","36239","0","0","0","N","0","0","0","3","36239","0","","1","01","N","N","0","","0","0","1","3","3","","1048","0","2","0","0","0","0","0","3","0","2","N","","","","","","","","","","","","04","04","","N",""
"0555","1","0","0","0","0","0","0","0","0","7","0","","36","11","2020","2020104544","5","40.0291","-76.2468","0550","08","0","0","0","0","0","0","0","0","","0","0","0","05","3","0","00","0","40 01:44.900","","00","76 14:48.600","0","0","0","0","36215","0","0","0","N","0","0","0","1","36215","0","","2","09","N","N","0","","0","0","0","0","0","","0546","0","1","0","0","0","0","0","1","0","1","N","","","","","","","","","","","","04","  ","","N","N"
"1700","2","0","0","0","0","0","0","0","0","1","0","","36","11","2020","2020104172","5","40.1621","-76.2743","1658","08","0","0","0","0","0","0","0","0","","0","0","0","16","2","2","02","1","40 09:43.419","4","00","76 16:27.573","3","0","0","0","36235","0","0","0","N","0","0","0","5","36506","0","","1","01","N","N","0","","2","0","0","0","0","N","1658","2","2","0","0","0","0","0","1","0","2","N","","","","","","","","","","","1735","03","  ","","N",""
"0950","1","0","0","0","0","0","0","0","0","7","0","","36","11","2020","2020102184","5","40.2435","-76.1548","0938","08","0","0","0","0","0","0","0","0","","0","0","0","09","1","0","00","0","40 14:36.759","","00","76 09:17.420","0","0","0","0","36236","0","0","0","N","0","0","0","3","68T06","0","","3","09","N","N","0","","0","0","0","0","0","","0937","0","1","0","0","0","0","0","1","0","1","N","","","","","","","","","","","","03","03","","N","N"
"2314","1","0","0","0","0","0","0","0","0","7","0","","36","11","2020","2020102489","5","40.0398","-76.5014","2311","08","0","0","0","0","0","0","0","0","","0","0","0","23","3","0","00","1","40 02:23.200","6","00","76 30:05.200","9","0","0","0","36404","0","0","0","N","0","0","0","1","36404","0","","2","01","N","N","0","","0","0","0","0","0","N","2311","0","1","0","0","0","0","1","3","0","1","N","","","","","","","","","","","2359","03","  ","","N","N"
"2151","2","0","0","0","0","0","0","0","0","2","0","","36","11","2020","2020102546","6","40.1077","-76.2517","2148","08","0","0","0","0","0","1","0","1","","0","0","0","21","2","1","00","2","40 06:27.547","5","00","76 15:06.112","3","0","0","0","36101","0","0","0","N","0","0","0","2","36101","0","","1","01","N","N","0","","1","0","0","0","0","Y","2145","1","2","0","0","1","0","0","3","0","2","N","","","","","","","","","","","2238","03","  ","","N","N"
"1725","0","0","0","0","0","0","0","0","0","4","0","","36","11","2020","2020102211","6","40.1075","-76.0209","1720","08","1","0","0","0","0","0","0","0","","0","0","0","17","3","0","02","1","40 06:26.823","3","00","76 01:15.168","0","0","0","0","36213","0","0","0","N","0","0","0","3","36213","0","","1","01","N","N","1","","0","0","1","0","0","N","1715","0","2","0","0","0","0","0","1","0","2","N","","","","","","","","","","","1745","03","03","","N","N"
"0632","0","0","0","0","0","0","0","0","0","7","0","","36","11","2020","2020103197","6","40.0421","-76.4366","0623","08","0","0","0","0","0","0","0","0","","0","0","0","06","2","1","00","2","40 02:31.552","3","01","76 26:11.915","8","0","0","0","36414","0","0","0","N","0","0","0","1","36239","0","","5","01","N","N","1","","0","0","0","0","0","Y","0622","1","1","0","0","0","1","0","3","0","1","N","","","","","","","","","","","0838","03","03","","N","N"
"1525","2","0","0","0","0","0","0","0","0","1","0","","36","11","2020","2020102230","6","40.069","-76.3049","1519","08","0","0","0","0","0","1","0","0","","0","0","0","15","1","0","00","0","40 04:08.343","","00","76 18:17.572","0","0","0","0","36101","0","0","0","N","0","0","0","3","36101","0","","1","01","N","N","0","","0","0","1","0","0","","1517","0","3","0","0","0","0","0","3","0","3","N","","","","","","","","","","","","03","03","","N","N"
"1629","1","0","0","0","0","0","0","0","0","4","0","","36","11","2020","2020102426","7","40.0882","-76.3926","1626","08","0","0","0","0","0","0","1","0","","0","0","0","16","1","0","03","0","40 05:17.697","","00","76 23:33.362","0","0","0","0","36214","0","0","0","N","0","0","0","2","36214","0","","1","01","N","N","0","","0","0","1","3","2","","1625","0","2","0","0","0","0","0","3","0","2","N","","","","","","","","","","","","03","  ","","N",""
"1220","2","0","0","0","0","0","0","0","0","4","0","","36","11","2020","2020102231","7","40.0686","-76.3204","1206","08","0","0","0","0","0","0","0","0","","0","0","0","12","1","0","01","1","40 04:06.898","4","07","76 19:13.583","0","0","0","0","36101","0","0","0","N","0","0","0","2","36101","0","","1","01","N","N","0","","0","0","0","3","3","N","1202","0","2","0","0","0","0","0","3","0","2","N","","","","","","","","","","","1245","03","03","","N",""
"1305","2","0","0","0","0","0","0","0","0","1","0","","36","11","2020","2020104171","1","40.0224","-76.3616","1301","08","0","0","1","0","0","1","0","0","","0","0","0","12","1","0","01","0","40 01:20.679","","00","76 21:41.606","0","0","0","0","36223","0","0","0","N","0","0","0","3","36223","0","","1","01","N","N","0","","0","0","0","3","2","","1257","0","2","0","0","0","0","0","1","0","2","N","","","","","","","","","","","","03","03","","N",""
"1554","1","0","0","0","0","0","0","0","0","7","0","","36","11","2020","2020104457","2","39.7628","-76.178","1520","08","0","0","0","0","1","0","0","0","","0","0","0","15","1","0","00","2","39 45:46.110","5","00","76 10:40.660","0","0","0","0","36219","0","0","0","Y","0","0","0","1","68J01","0","","4","09","N","N","0","","0","0","0","0","0","Y","1516","0","1","0","0","0","0","0","1","0","1","N","","","","","","","","","","","1636","07","04","","N","N"
"1239","0","0","0","0","0","0","0","0","0","7","0","","36","11","2020","2020107190","2","40.2087","-76.0234","1227","08","0","0","0","0","0","0","0","0","","0","0","0","12","1","0","00","0","40 12:31.464","","00","76 01:24.398","0","0","0","0","36202","0","0","0","N","0","0","0","3","68T06","0","","5","09","N","N","0","","0","0","1","0","0","","1226","0","1","0","0","0","0","0","1","0","1","N","","","","","","","","","","","","07","07","","N","N"
"1211","1","0","2","0","0","0","0","0","0","1","0","","36","11","2020","2020103621","2","40.117","-76.0518","1208","08","0","0","0","0","1","2","0","0","","0","0","0","12","1","2","00","2","40 07:01.217","6","00","76 03:06.653","2","0","0","0","36213","0","0","0","N","0","0","0","4","36213","0","","1","09","N","N","1","","0","2","1","0","0","Y","1206","2","3","0","0","0","0","0","1","0","3","N","","","","","","","","","","","1335","07","  ","","N","N"