"ARRIVAL_TM","AUTOMOBILE_COUNT","BELTED_DEATH_COUNT","BELTED_SUSP_SERIOUS_INJ_COUNT","BICYCLE_COUNT","BICYCLE_DEATH_COUNT","BICYCLE_SUSP_SERIOUS_INJ_COUNT","BUS_COUNT","CHLDPAS_DEATH_COUNT","CHLDPAS_SUSP_SERIOUS_INJ_COUNT","COLLISION_TYPE","COMM_VEH_COUNT","CONS_ZONE_SPD_LIM","COUNTY","CRASH_MONTH","CRASH_YEAR","CRN","DAY_OF_WEEK","DEC_LAT","DEC_LONG","DISPATCH_TM","DISTRICT","DRIVER_COUNT_16YR","DRIVER_COUNT_17YR","DRIVER_COUNT_18YR","DRIVER_COUNT_19YR","DRIVER_COUNT_20YR","DRIVER_COUNT_50_64YR","DRIVER_COUNT_65_74YR","DRIVER_COUNT_75PLUS","EST_HRS_CLOSED","FATAL_COUNT","HEAVY_TRUCK_COUNT","HORSE_BUGGY_COUNT","HOUR_OF_DAY","ILLUMINATION","INJURY_COUNT","INTERSECT_TYPE","LANE_CLOSED","LATITUDE","LN_CLOSE_DIR","LOCATION_TYPE","LONGITUDE","MAX_SEVERITY_LEVEL","MCYCLE_DEATH_COUNT","MCYCLE_SUSP_SERIOUS_INJ_COUNT","MOTORCYCLE_COUNT","MUNICIPALITY","NONMOTR_COUNT","NONMOTR_DEATH_COUNT","NONMOTR_SUSP_SERIOUS_INJ_COUNT","NTFY_HIWY_MAINT","PED_COUNT","PED_DEATH_COUNT","PED_SUSP_SERIOUS_INJ_COUNT","PERSON_COUNT","POLICE_AGCY","POSSIBLE_INJ_COUNT","RDWY_SURF_TYPE_CD","RELATION_TO_ROAD","ROAD_CONDITION","SCH_BUS_IND","SCH_ZONE_IND","SMALL_TRUCK_COUNT","SPEC_JURIS_CD","SUSP_MINOR_INJ_COUNT","SUSP_SERIOUS_INJ_COUNT","SUV_COUNT","TCD_FUNC_CD","TCD_TYPE","TFC_DETOUR_IND","TIME_OF_DAY","TOT_INJ_COUNT","TOTAL_UNITS","UNB_DEATH_COUNT","UNB_SUSP_SERIOUS_INJ_COUNT","UNBELTED_OCC_COUNT","UNK_INJ_DEG_COUNT","UNK_INJ_PER_COUNT","URBAN_RURAL","VAN_COUNT","VEHICLE_COUNT","WORK_ZONE_IND","WORK_ZONE_LOC","WORK_ZONE_TYPE","WORKERS_PRES","WZ_CLOSE_DETOUR","WZ_FLAGGER","WZ_LAW_OFFCR_IND","WZ_LN_CLOSURE","WZ_MOVING","WZ_OTHER","WZ_SHLDER_MDN","ROADWAY_CLEARED","WEATHER1","WEATHER2","WZ_WORKERS_INJ_KILLED","SECONDARY_CRASH","INTERSECTION_RELATED"
"1228","0","0","0","0","0","0","0","0","0","7","0","","36","12","2020","2020111010","4","40.1419","-76.5538","1228","08","0","0","0","0","0","0","0","0","","0","0","0","12","1","0","06","0","40 08:30.770","","02","76 33:13.622","0","0","0","0","36225","0","0","0","N","0","0","0","1","36505","0","","3","07","N","N","0","","0","0","1","0","0","","1205","0","1","0","0","0","0","0","2","0","1","N","","","","","","","","","","","","10","  ","","N",""
"1258","0","0","0","0","0","0","0","0","0","7","0","","36","12","2020","2020111009","4","40.17","-76.5902","1227","08","0","0","0","0","0","0","0","0","","0","0","0","12","1","0","00","0","40 10:11.998","","00","76 35:24.763","0","0","0","0","36225","0","0","0","N","0","0","0","1","36505","0","","2","07","N","N","0","","0","0","1","0","0","","1206","0","1","0","0","0","0","0","2","0","1","N","","","","","","","","","","","","10","04","","N","N"
"1244","1","0","0","0","0","0","0","0","0","1","0","","36","12","2020","2020111000","4","40.0776","-76.2587","1230","08","0","0","0","0","1","1","0","0","","0","0","0","12","1","0","02","1","40 04:39.294","4","00","76 15:31.416","0","0","0","0","36215","0","0","0","N","0","0","0","7","36215","0","","1","07","N","N","0","","0","0","3","0","0","N","1226","0","4","0","0","0","0","0","1","0","4","N","","","","","","","","","","","1300","10","10","","N",""
"1523","1","0","0","0","0","0","0","0","0","7","0","","36","12","2020","2020110796","4","40.2132","-76.0876","1517","08","0","0","0","0","0","0","0","0","","0","0","0","15","1","0","00","1","40 12:47.400","3","00","76 05:15.300","0","0","0","0","36210","0","0","0","N","0","0","0","1","36210","0","","4","07","N","N","0","","0","0","0","0","0","N","1517","0","1","0","0","0","0","0","1","0","1","N","","","","","","","","","","","1604","10","  ","","N","N"
"1655","1","0","0","0","0","0","0","0","0","7","0","","36","12","2020","2020109782","4","40.2489","-76.2132","1641","08","0","0","0","0","0","1","0","0","","0","0","0","16","2","0","03","0","40 14:55.939","","00","76 12:47.638","0","0","0","0","36236","0","0","0","N","0","0","0","1","36408","0","","5","07","N","N","0","","0","0","0","0","0","","1631","0","1","0","0","0","0","0","1","0","1","N","","","","","","","","","","","","02","10","","N","N"
"1305","0","0","0","0","0","0","0","0","0","7","0","","36","12","2020","2020109518","4","40.1781","-76.2174","1300","08","0","0","0","0","0","0","0","0","","0","0","0","12","1","0","00","0","40 10:41.214","","03","76 13:02.705","0","0","0","0","36218","0","0","0","Y","0","0","0","1","36408","0","","4","07","N","N","1","","0","0","0","0","0","","1250","0","1","0","0","0","0","0","1","0","1","N","","","","","","","","","","","","10","  ","","N","N"
"1330","0","0","0","0","0","0","0","0","0","7","0","","36","12","2020","2020108954","4","40.1145","-76.0952","1325","08","0","0","0","0","0","0","0","1","","0","0","0","13","1","0","00","0","40 06:52.375","","00","76 05:42.759","0","0","0","0","36209","0","0","0","N","0","0","0","1","36415","0","","4","07","N","N","1","","0","0","0","0","0","","1325","0","1","0","0","0","0","0","1","0","1","N","","","","","","","","","","","","10","  ","","N","N"
"1355","1","0","0","0","0","0","0","0","0","7","0","","36","12","2020","2020108730","4","40.0146","-76.3261","1340","08","0","1","0","0","0","0","0","0","","0","0","0","13","1","1","02","1","40 00:52.712","2","00","76 19:33.907","3","0","0","0","36220","0","0","0","N","0","0","0","1","36101","0","","4","06","N","N","0","","1","0","0","0","0","N","1335","1","1","0","0","0","0","0","3","0","1","N","","","","","","","","","","","1420","10","10","","N",""
"1212","1","0","0","0","0","0","0","0","0","2","0","","36","12","2020","2020112706","4","40.1588","-76.6202","1159","08","0","0","0","0","0","0","0","0","","0","0","0","11","1","0","00","0","40 09:31.794","","00","76 37:12.886","0","0","0","0","36237","0","0","0","N","0","0","0","2","36505","0","","1","07","N","N","0","","0","0","1","0","0","","1159","0","2","0","0","0","0","0","1","0","2","N","","","","","","","","","","","","10","10","","N","N"
"1345","1","0","0","0","0","0","0","0","0","7","0","","36","12","2020","2020112539","4","40.2197","-76.1303","1344","08","0","0","0","0","0","0","0","0","","0","0","0","13","1","0","00","0","40 13:10.908","","00","76 07:49.065","0","0","0","0","36210","0","0","0","N","0","0","0","1","36210","0","","4","07","N","N","0","","0","0","0","0","0","","1344","0","1","0","0","0","0","0","1","0","1","N","","","","","","","","","","","","10","  ","","N","N"
"1125","0","0","0","0","0","0","0","0","0","4","0","","36","12","2020","2020112115","4","39.9813","-76.282","1123","08","0","1","0","0","0","1","0","0","","0","0","0","11","1","0","01","1","39 58:52.515","3","00","76 16:55.238","0","0","0","0","36240","0","0","0","N","0","0","0","5","36240","0","","1","01","N","N","0","","0","0","3","3","3","N","1118","0","3","0","0","0","0","0","1","0","3","N","","","","","","","","","","","1216","04","  ","","Y",""
"0957","0","0","0","0","0","0","0","0","0","7","0","","36","12","2020","2020109478","5","40.0636","-76.2821","0926","08","0","0","0","0","0","0","0","0","","0","0","0","09","1","0","00","0","40 03:48.804","","00","76 16:55.421","0","0","0","0","36101","0","0","0","N","0","0","0","1","36101","0","","3","02","N","N","0","","0","0","1","0","0","","0926","0","1","0","0","0","0","0","3","0","1","N","","","","","","","","","","","","03","03","","N","N"
"2221","1","0","0","0","0","0","0","0","0","4","0","","36","12","2020","2021006224","5","40.1287","-76.5649","2219","08","0","0","0","0","0","0","0","0","","0","0","0","22","3","1","01","0","40 07:43.434","","00","76 33:53.722","3","0","0","0","36237","0","0","0","N","0","0","0","2","36505","0","","1","09","N","N","1","","1","0","0","3","3","","2219","1","2","0","0","0","0","0","1","0","2","N","","","","","","","","","","","","03","03","","N",""
"1742","1","0","0","0","0","0","0","0","0","4","0","","36","12","2020","2020110734","5","40.0382","-76.2761","1732","08","0","0","0","0","0","0","1","0","","0","0","0","17","3","0","02","1","40 02:17.573","3","07","76 16:33.900","0","0","0","0","36220","0","0","0","N","0","0","0","2","36101","0","","1","09","N","N","1","","0","0","0","0","0","N","1730","0","2","0","0","0","0","0","3","0","2","N","","","","","","","","","","","1845","03","03","","N","N"
"1437","1","0","0","0","0","0","0","0","0","7","0","","36","12","2020","2020110272","5","40.023","-76.2752","1428","08","0","0","0","0","0","0","0","0","","0","0","0","14","1","0","00","0","40 01:22.945","","00","76 16:30.568","0","0","0","0","36240","0","0","0","N","0","0","0","1","36240","0","","4","06","N","N","0","","0","0","0","0","0","","1427","0","1","0","0","0","0","0","1","0","1","N","","","","","","","","","","","","03","  ","","N","N"
"1816","1","0","0","0","0","0","0","0","0","1","0","","36","12","2020","2020109825","6","40.1151","-76.3056","1808","08","0","0","0","0","1","0","1","0","","0","0","0","18","2","0","00","1","40 06:54.268","1","00","76 18:20.299","0","0","0","0","36101","0","0","0","N","0","0","0","6","36101","0","","1","01","N","N","0","","0","0","2","0","0","N","1806","0","3","0","0","0","0","0","3","0","3","N","","","","","","","","","","","1856","03","03","","N","N"
"1019","1","0","0","0","0","0","0","0","0","5","0","","36","12","2020","2020111430","6","40.0681","-76.2927","1013","08","0","0","0","0","1","0","0","0","","0","0","0","10","1","0","00","1","40 04:05.125","4","00","76 17:33.877","0","0","0","0","36101","0","0","0","N","0","0","0","2","36101","0","","1","01","N","N","1","","0","0","0","0","0","N","1011","0","2","0","0","0","0","0","3","0","2","N","","","","","","","","","","","1100","04","04","","N","N"
"1042","0","0","0","0","0","0","0","0","0","4","0","","36","12","2020","2020111011","6","40.1557","-76.5749","1038","08","0","0","0","0","0","0","0","1","","0","0","0","10","1","0","02","1","40 09:20.419","1","07","76 34:29.701","0","0","0","0","36225","0","0","0","N","0","0","0","2","36505","0","","1","09","N","N","0","","0","0","1","3","3","N","1035","0","2","0","0","0","0","0","2","1","2","N","","","","","","","","","","","1120","04","  ","","N",""
"0717","1","0","0","0","0","0","0","0","0","7","0","","36","12","2020","2020110739","6","40.1312","-76.4052","0707","08","0","0","0","0","1","0","0","0","","0","0","0","07","1","0","00","1","40 07:52.480","3","00","76 24:18.830","0","0","0","0","36227","0","0","0","N","0","0","0","1","36506","0","","4","02","N","N","0","","0","0","0","0","0","N","0704","0","1","0","0","0","0","0","1","0","1","N","","","","","","","","","","","0745","04","  ","","N","N"
"1141","1","0","0","0","0","0","0","0","0","4","0","","36","12","2020","2020110527","7","40.0248","-76.2048","1132","08","0","0","0","0","0","1","0","0","","0","0","0","11","1","0","03","0","40 01:29.358","","00","76 12:17.190","0","0","0","0","36215","0","0","0","N","0","0","0","5","36215","0","","1","01","N","N","1","","0","0","1","3","2","","1132","0","3","0","0","0","0","0","1","0","3","N","","","","","","","","","","","","03","03","","N",""
"0749","1","0","0","0","0","0","0","0","0","1","0","","36","12","2020","2020112909","7","40.037","-76.3146","0746","08","0","0","0","0","0","0","0","0","","0","0","0","07","1","0","00","0","40 02:13.250","","00","76 18:52.418","0","0","0","0","36301","0","0","0","N","0","0","0","1","36301","0","","6","02","N","N","0","","0","0","1","0","0","N","0746","0","2","0","0","0","0","0","3","0","2","N","","","","","","","","","","","","10","  ","","N","N"
"0915","2","0","0","0","0","0","0","0","0","4","0","","36","12","2020","2020109947","7","40.0396","-76.3231","0911","08","0","0","0","0","0","0","1","0","","0","0","0","09","1","0","02","2","40 02:22.725","2","00","76 19:23.332","0","0","0","0","36301","0","0","0","N","0","0","0","3","36301","0","","1","01","N","N","0","","0","0","0","0","0","Y","0909","0","3","0","0","0","0","0","3","1","3","N","","","","","","","","","","","1000","03","  ","","N","N"
"2018","1","0","0","0","0","0","0","0","0","1","0","","36","12","2020","2021016073","7","40.1579","-76.6119","2011","08","0","0","0","0","0","0","1","0","","0","0","0","20","3","1","00","0","40 09:28.296","","00","76 36:42.698","3","0","0","0","36407","0","0","0","N","0","0","0","2","36505","0","","1","01","N","N","0","","1","0","0","0","0","","2007","1","2","0","0","0","0","0","2","1","2","N","","","","","","","","","","","","03","  ","","N","N"
"1701","2","0","0","0","0","0","0","0","0","7","0","","36","12","2020","2020110095","7","40.0356","-76.3204","1656","08","0","0","0","0","0","0","0","0","","0","0","0","16","2","0","01","2","40 02:08.066","5","00","76 19:13.598","9","0","0","0","36301","0","0","0","N","0","0","0","1","36301","0","","1","01","N","N","0","","0","0","0","3","3","Y","1654","0","2","0","0","0","0","1","3","0","2","N","","","","","","","","","","","1745","03","  ","","N",""
"2157","2","0","0","0","0","0","0","0","0","4","0","","36","12","2020","2020110285","1","40.0384","-76.3013","2156","08","0","0","0","0","1","0","0","0","","0","0","0","21","3","0","01","1","40 02:18.358","3","00","76 18:04.767","0","0","0","0","36301","0","0","0","N","0","0","0","4","36301","0","","1","06","N","N","0","","0","0","0","3","2","N","2153","0","2","0","0","0","0","0","3","0","2","N","","","","","","","","","","","2357","03","  ","","N",""
"0725","1","0","0","0","0","0","0","0","0","8","0","","36","12","2020","2020110738","2","40.1555","-76.3081","0724","08","0","0","0","0","0","1","0","0","","0","0","0","07","1","1","01","1","40 09:19.739","4","00","76 18:29.025","3","0","0","0","36409","1","0","0","N","1","0","0","4","36409","0","","1","01","N","N","0","","1","0","0","0","0","Y","0722","1","2","0","0","0","0","0","3","0","1","N","","","","","","","","","","","0753","03","03","","N",""
"1146","1","0","0","0","0","0","0","0","0","4","0","","36","12","2020","2020110998","2","40.0698","-76.3171","1143","08","0","0","0","0","0","0","1","0","","0","0","0","11","1","0","01","1","40 04:11.407","1","00","76 19:01.471","0","0","0","0","36101","0","0","0","N","0","0","0","2","36101","0","","1","09","N","N","0","","0","0","0","3","2","N","1141","0","2","0","0","0","0","0","3","1","2","N","","","","","","","","","","","1220","03","03","","N",""
"1508","2","0","0","0","0","0","0","0","0","1","0","","36","12","2020","2021000168","3","40.0698","-76.2876","1459","08","0","0","1","1","0","1","0","0","","0","0","0","14","1","0","00","2","40 04:11.315","2","02","76 17:15.231","0","0","0","0","36101","0","0","0","N","0","0","0","6","36101","0","","1","01","N","N","0","","0","0","0","0","0","N","1457","0","3","0","0","0","0","0","3","1","3","N","","","","","","","","","","","1457","03","03","","N","N"
"0445","1","0","0","0","0","0","0","0","0","1","0","","36","12","2020","2021009694","2","40.0496","-76.255","0441","08","0","0","0","0","0","0","0","0","","0","0","0","04","5","1","07","1","40 02:59.865","3","02","76 15:20.667","4","0","0","0","36215","0","0","0","N","0","0","0","3","36301","1","","1","09","N","N","0","","0","0","0","0","0","N","0436","1","2","0","0","0","0","0","1","1","2","N","","","","","","","","","","","0540","03","  ","","N",""
"1923","2","0","0","0","0","0","0","0","0","5","0","","36","12","2020","2020111434","2","40.0308","-76.2343","1920","08","0","0","0","0","0","0","0","0","","0","0","0","19","3","0","05","1","40 01:50.123","4","00","76 14:03.641","0","0","0","0","36215","0","0","0","N","0","0","0","7","36215","0","","1","09","N","N","0","","0","0","0","3","2","N","1917","0","2","0","0","0","0","0","1","0","2","N","","","","","","","","","","","2008","04","  ","","N",""
"2202","1","0","0","0","0","0","0","0","0","4","0","","36","12","2020","2021000003","4","40.04","-76.3016","2157","08","0","0","0","0","0","0","0","0","","0","0","0","21","3","2","01","2","40 02:24.019","1","00","76 18:05.911","4","0","0","0","36301","0","0","0","N","0","0","0","3","36301","2","","1","01","N","N","0","","0","0","1","3","2","Y","2157","2","2","0","0","0","0","0","3","0","2","N","","","","","","","","","","","2242","03","  ","","N",""
"0909","1","0","0","0","0","0","0","0","0","4","0","","36","12","2020","2021000171","5","40.1895","-76.31","0904","08","0","0","0","0","0","1","0","0","","0","0","0","09","1","0","01","1","40 11:22.225","1","00","76 18:36.138","0","0","0","0","36235","0","0","0","N","0","0","0","2","36506","0","","1","09","N","N","0","","0","0","0","3","3","Y","0902","0","2","0","0","0","0","0","1","1","2","N","","","","","","","","","","","1000","07","04","","N",""
"1251","1","0","0","0","0","0","0","0","0","4","0","","36","12","2020","2020112710","1","40.1421","-76.5665","1247","08","0","0","0","0","1","1","0","0","","0","0","0","12","1","0","01","1","40 08:31.700","2","00","76 33:59.551","0","0","0","0","36225","0","0","0","N","0","0","0","2","36505","0","","1","01","N","N","0","","0","0","1","3","3","N","1246","0","2","0","0","0","0","0","2","0","2","N","","","","","","","","","","","1330","03","  ","","N",""
"1752","1","0","0","0","0","0","0","0","0","4","0","","36","12","2020","2020111012","2","40.1315","-76.3059","1748","08","0","0","0","0","0","1","1","0","","0","0","0","17","3","0","01","0","40 07:53.326","","00","76 18:21.227","0","0","0","0","36235","0","0","0","N","0","0","0","3","36506","0","","1","01","N","N","0","","0","0","1","0","0","","1745","0","2","0","0","0","0","0","1","0","2","N","","","","","","","","","","","","03","  ","","N",""
"1224","1","0","0","0","0","0","0","0","0","7","0","","36","12","2020","2020112110","2","39.9899","-76.4082","1218","08","0","0","0","1","0","0","0","0","","0","0","0","12","1","0","00","1","39 59:23.691","5","00","76 24:29.427","0","0","0","0","36223","0","0","0","N","0","0","0","1","36223","0","","4","09","N","N","0","","0","0","0","0","0","Y","1214","0","1","0","0","0","0","0","1","0","1","N","","","","","","","","","","","1400","03","  ","","N","N"
"1635","0","0","0","0","0","0","0","0","0","8","0","","36","12","2020","2020111004","2","40.0703","-76.0978","1629","08","0","0","0","0","0","1","0","0","","0","0","0","16","4","1","00","2","40 04:13.143","6","00","76 05:52.033","2","0","0","0","36221","1","0","1","N","1","0","1","2","36415","0","","2","09","N","N","0","","0","1","0","0","0","N","1621","1","2","0","0","0","0","0","1","1","1","N","","","","","","","","","","","1701","05","  ","","N","N"
"1730","2","0","0","0","0","0","0","0","0","1","0","","36","12","2020","2020111001","2","40.0579","-76.2731","1719","08","0","0","0","0","1","1","0","0","","0","0","0","17","3","0","00","1","40 03:28.335","4","00","76 16:22.999","0","0","0","0","36101","0","0","0","N","0","0","0","2","36215","0","","1","09","N","N","0","","0","0","0","0","0","N","1717","0","2","0","0","0","0","0","3","0","2","N","","","","","","","","","","","1812","04","04","","N","N"
"0806","1","0","0","0","0","0","0","0","0","1","0","","36","12","2020","2020111435","3","40.0393","-76.1975","0756","08","0","0","0","0","0","0","0","0","","0","0","0","07","1","0","00","0","40 02:21.546","","00","76 11:50.959","9","0","0","0","36215","0","0","0","N","0","0","0","2","36215","0","","1","09","N","N","0","","0","0","1","0","0","","0754","0","2","0","0","0","0","1","1","0","2","N","","","","","","","","","","","","04","04","","N","N"
"1911","0","0","0","0","0","0","0","0","0","7","0","","36","12","2020","2020112477","3","40.1475","-76.4055","1852","08","0","0","0","0","0","1","0","0","","0","0","0","18","2","0","03","0","40 08:51.140","","00","76 24:19.764","0","0","0","0","36227","0","0","0","N","0","0","0","1","36506","0","","4","01","N","N","0","","0","0","1","0","0","","1851","0","1","0","0","0","0","0","1","0","1","N","","","","","","","","","","","","03","03","","N",""
"1144","1","0","1","0","0","0","0","0","0","2","0","","36","12","2020","2021000170","3","40.1462","-76.3804","1142","08","0","0","0","0","0","0","0","0","","0","0","0","11","1","1","00","1","40 08:46.345","1","00","76 22:49.421","2","0","0","0","36227","0","0","0","N","0","0","0","2","36506","0","","1","01","N","N","0","","0","1","0","0","0","Y","1141","1","2","0","0","0","0","0","1","1","2","N","","","","","","","","","","","1200","03","03","","N","N"
"1155","3","0","0","0","0","0","0","0","0","1","0","","36","12","2020","2020113467","3","40.0396","-76.321","1146","08","0","0","0","0","0","0","1","0","","0","0","0","11","1","1","05","2","40 02:22.473","2","00","76 19:15.643","8","0","0","0","36301","0","0","0","N","0","0","0","4","36301","0","","1","01","N","N","0","","0","0","0","3","2","Y","1144","1","4","0","0","0","1","0","3","1","4","N","","","","","","","","","","","1210","03","03","","N",""
"0502","1","0","0","0","0","0","0","0","0","7","0","","36","12","2020","2020112356","4","40.0434","-76.2865","0457","08","0","0","0","0","0","0","0","0","","0","0","0","04","2","0","00","1","40 02:36.180","3","00","76 17:11.310","0","0","0","0","36101","0","0","0","N","0","0","0","1","36101","0","","2","02","N","N","0","","0","0","0","0","0","N","0452","0","1","0","0","0","0","0","3","0","1","N","","","","","","","","","","","0600","04","  ","","N","N"
"0749","2","0","0","0","0","0","0","0","0","4","0","","36","12","2020","2020112538","4","40.2123","-76.0821","0745","08","0","0","0","0","0","0","1","0","","0","0","0","07","1","0","02","0","40 12:44.121","","07","76 04:55.604","0","0","0","0","36210","0","0","0","N","0","0","0","2","36210","0","","1","09","N","N","0","","0","0","0","3","3","","0745","0","2","0","0","0","0","0","1","0","2","N","","","","","","","","","","","","03","  ","","N","N"
"1410","1","0","0","0","0","0","0","0","0","4","0","","36","12","2020","2020111766","4","40.1436","-76.3048","1410","08","0","0","0","0","0","1","1","0","","0","0","0","14","1","0","01","0","40 08:36.966","","00","76 18:17.243","0","0","0","0","36409","0","0","0","N","0","0","0","3","36409","0","","1","01","N","N","1","","0","0","0","3","2","","1410","0","2","0","0","0","0","0","3","0","2","N","","","","","","","","","","","","03","03","","N",""
"1152","1","0","0","0","0","0","0","0","0","1","0","","36","12","2020","2020111431","4","40.0682","-76.3008","1148","08","0","0","0","0","0","0","0","1","","0","0","0","11","1","0","00","1","40 04:05.538","4","00","76 18:02.952","0","0","0","0","36101","0","0","0","N","0","0","0","2","36101","0","","1","01","N","N","0","","0","0","1","0","0","N","1146","0","2","0","0","0","0","0","3","0","2","N","","","","","","","","","","","1245","03","03","","N","N"
"1818","1","0","0","0","0","0","0","0","0","1","0","","36","12","2020","2021000389","4","40.071","-76.3361","1809","08","1","0","0","0","0","1","0","0","","0","0","0","18","2","0","00","1","40 04:15.490","1","00","76 20:10.060","0","0","0","0","36101","0","0","0","N","0","0","0","5","36101","0","","1","01","N","N","0","","0","0","3","0","0","N","1805","0","4","0","0","0","0","0","3","0","4","N","","","","","","","","","","","0100","03","  ","","N","N"
"2321","1","0","0","0","0","0","0","0","0","1","0","","36","12","2020","2020111889","4","40.014","-76.3167","2305","08","0","0","0","0","0","0","0","0","","0","0","0","23","3","0","00","0","40 00:50.490","","00","76 19:00.290","0","0","0","0","36220","0","0","0","N","0","0","0","1","36101","0","","1","01","N","N","0","","0","0","1","0","0","","2304","0","2","0","0","0","0","0","3","0","2","N","","","","","","","","","","","","03","03","","N","N"
"2130","1","0","0","0","0","0","0","0","0","1","0","","36","12","2020","2020111891","5","40.0393","-76.3415","2122","08","0","0","0","0","0","0","0","0","","0","0","0","21","3","0","00","0","40 02:21.340","","00","76 20:29.510","0","0","0","0","36220","0","0","0","N","0","0","0","1","36101","0","","1","08","N","N","0","","0","0","0","0","0","","2122","0","2","0","0","0","0","0","3","1","2","N","","","","","","","","","","","","07","07","","N","N"
"1458","2","0","0","0","0","0","0","0","0","4","0","","36","12","2020","2021000279","5","40.0329","-76.3246","1453","08","0","0","0","0","0","1","0","0","","0","0","0","14","1","0","02","2","40 01:58.263","1","00","76 19:28.574","0","0","0","0","36220","0","0","0","N","0","0","0","2","36101","0","","1","09","N","N","0","","0","0","0","3","3","Y","1452","0","2","0","0","0","0","0","3","0","2","N","","","","","","","","","","","1535","07","04","","N",""
"1925","1","0","0","0","0","0","0","0","0","0","0","","36","12","2020","2020113628","5","40.0871","-76.4863","1912","08","0","0","0","0","0","0","0","0","","0","0","0","19","2","1","00","0","40 05:13.698","","00","76 29:10.706","4","0","0","0","36230","0","0","0","N","0","0","0","1","36410","1","","1","09","N","N","0","","0","0","0","0","0","","1912","1","1","0","0","0","0","0","1","0","1","N","","","","","","","","","","","","07","  ","","N","N"
"1015","1","0","0","0","0","0","0","0","0","5","0","","36","12","2020","2020112910","5","40.0299","-76.3063","1011","08","0","0","0","0","0","0","0","0","","0","0","0","10","1","0","00","1","40 01:47.787","2","00","76 18:22.563","0","0","0","0","36301","0","0","0","N","0","0","0","2","36301","0","","1","01","N","N","1","","0","0","1","0","0","N","1011","0","3","0","0","0","0","0","3","0","3","N","","","","","","","","","","","1105","03","  ","","N","N"
"1316","0","0","0","0","0","0","0","0","0","7","0","","36","12","2020","2020112709","5","40.174","-76.5404","1310","08","0","0","0","0","0","0","0","0","","0","0","0","13","1","0","00","0","40 10:26.480","","00","76 32:25.340","0","0","0","0","36225","0","0","0","N","0","0","0","1","36505","0","","5","09","N","N","0","","0","0","1","0","0","","1309","0","1","0","0","0","0","0","2","0","1","N","","","","","","","","","","","","07","07","","N","N"
"0744","0","0","0","0","0","0","0","0","0","7","0","","36","12","2020","2020113629","6","40.1731","-76.4101","0740","08","0","1","0","0","0","0","0","0","","0","0","0","07","5","0","00","0","40 10:23.100","","00","76 24:36.390","0","0","0","0","36230","0","0","0","N","0","0","0","1","36410","0","","5","08","N","N","1","","0","0","0","0","0","","0734","0","1","0","0","0","0","0","1","0","1","N","","","","","","","","","","","","03","  ","","N","N"
"1700","0","0","0","0","0","0","0","0","0","4","0","","36","12","2020","2020113788","7","40.0025","-76.3665","1653","08","0","0","0","0","0","0","0","0","","0","0","0","16","3","1","01","2","40 00:08.978","7","00","76 21:59.511","3","0","0","0","36223","0","0","0","N","0","0","0","3","36223","0","","1","01","N","N","1","","1","0","1","3","3","Y","1650","1","2","0","0","0","0","0","1","0","2","N","","","","","","","","","","","1752","03","  ","","N",""
"0131","1","0","0","0","0","0","0","0","0","7","0","","36","12","2020","2021019742","1","40.1121","-76.652","0126","08","0","0","0","0","0","0","0","0","","0","0","0","01","2","1","00","0","40 06:43.719","","00","76 39:07.350","8","0","0","0","36237","0","0","0","N","0","0","0","1","36504","0","","4","01","N","N","0","","0","0","0","0","0","","0126","1","1","0","0","0","1","0","1","0","1","N","","","","","","","","","","","","04","  ","","N","N"
"0136","0","0","0","0","0","0","0","0","0","0","0","","36","12","2020","2020113632","2","40.1303","-76.4836","0133","08","0","1","0","0","0","0","0","0","","0","0","0","01","2","1","00","0","40 07:49.021","","00","76 29:00.868","3","0","0","0","36230","0","0","0","N","0","0","0","1","36410","0","","4","01","N","N","0","","1","0","1","0","0","","0132","1","1","0","0","0","0","0","1","0","1","N","","","","","","","","","","","","03","03","","N","N"
"0819","0","0","0","0","0","0","0","0","0","4","0","","36","12","2020","2020112705","2","40.1436","-76.3048","0816","08","0","0","0","0","0","0","0","0","","0","0","0","08","1","1","01","2","40 08:36.966","6","00","76 18:17.243","8","0","0","0","36409","0","0","0","N","0","0","0","2","36409","0","","1","01","N","N","0","","0","0","1","3","2","Y","0815","1","2","0","0","0","1","0","3","1","2","N","","","","","","","","","","","0900","03","  ","","N",""
"1322","1","0","0","0","0","0","0","0","0","7","0","","36","12","2020","2020113790","3","40.1417","-76.3566","1318","08","0","0","0","0","0","0","0","1","","0","0","0","13","1","1","00","2","40 08:30.075","5","00","76 21:23.776","3","0","0","0","36227","0","0","0","N","0","0","0","1","36506","0","","5","01","N","N","0","","1","0","0","0","0","Y","1314","1","1","0","0","0","0","0","1","0","1","N","","","","","","","","","","","1403","03","  ","","N","N"
"1719","0","0","0","0","0","0","0","0","0","1","0","","36","12","2020","2021006643","5","40.0308","-76.2343","1709","08","0","0","0","0","0","2","0","0","","0","0","0","17","3","0","05","2","40 01:50.356","3","00","76 14:03.582","0","0","0","0","36215","0","0","0","N","0","0","0","4","36215","0","","1","09","N","N","0","","0","0","2","3","2","N","1707","0","3","0","0","0","0","0","1","1","3","N","","","","","","","","","","","1830","04","  ","","N",""